#,"Date Time, GMT-05:00","Avg: AC Curr, Amps (LGR S/N: 20796169, SEN S/N: 20796169, LBL: 150HP)",ACFM4
4981,2024-05-04 00:00:00,0,0
4982,2024-05-04 00:00:12,0,0
4983,2024-05-04 00:00:24,0,0
4984,2024-05-04 00:00:36,0,0
4985,2024-05-04 00:00:48,0,0
4986,2024-05-04 00:01:00,0,0
4987,2024-05-04 00:01:12,0,0
4988,2024-05-04 00:01:24,0,0
4989,2024-05-04 00:01:36,0,0
4990,2024-05-04 00:01:48,0,0
4991,2024-05-04 00:02:00,0,0
4992,2024-05-04 00:02:12,0,0
4993,2024-05-04 00:02:24,0,0
4994,2024-05-04 00:02:36,0,0
4995,2024-05-04 00:02:48,0,0
4996,2024-05-04 00:03:00,0,0
4997,2024-05-04 00:03:12,0,0
4998,2024-05-04 00:03:24,0,0
4999,2024-05-04 00:03:36,0,0
5000,2024-05-04 00:03:48,0,0
5001,2024-05-04 00:04:00,0,0
5002,2024-05-04 00:04:12,0,0
5003,2024-05-04 00:04:24,0,0
5004,2024-05-04 00:04:36,0,0
5005,2024-05-04 00:04:48,0,0
5006,2024-05-04 00:05:00,0,0
5007,2024-05-04 00:05:12,0,0
5008,2024-05-04 00:05:24,0,0
5009,2024-05-04 00:05:36,0,0
5010,2024-05-04 00:05:48,0,0
5011,2024-05-04 00:06:00,0,0
5012,2024-05-04 00:06:12,0,0
5013,2024-05-04 00:06:24,0,0
5014,2024-05-04 00:06:36,0,0
5015,2024-05-04 00:06:48,0,0
5016,2024-05-04 00:07:00,0,0
5017,2024-05-04 00:07:12,0,0
5018,2024-05-04 00:07:24,0,0
5019,2024-05-04 00:07:36,0,0
5020,2024-05-04 00:07:48,0,0
5021,2024-05-04 00:08:00,0,0
5022,2024-05-04 00:08:12,0,0
5023,2024-05-04 00:08:24,0,0
5024,2024-05-04 00:08:36,0,0
5025,2024-05-04 00:08:48,0,0
5026,2024-05-04 00:09:00,0,0
5027,2024-05-04 00:09:12,0,0
5028,2024-05-04 00:09:24,0,0
5029,2024-05-04 00:09:36,0,0
5030,2024-05-04 00:09:48,0,0
5031,2024-05-04 00:10:00,0,0
5032,2024-05-04 00:10:12,0,0
5033,2024-05-04 00:10:24,0,0
5034,2024-05-04 00:10:36,0,0
5035,2024-05-04 00:10:48,0,0
5036,2024-05-04 00:11:00,0,0
5037,2024-05-04 00:11:12,0,0
5038,2024-05-04 00:11:24,0,0
5039,2024-05-04 00:11:36,0,0
5040,2024-05-04 00:11:48,0,0
5041,2024-05-04 00:12:00,0,0
5042,2024-05-04 00:12:12,0,0
5043,2024-05-04 00:12:24,0,0
5044,2024-05-04 00:12:36,0,0
5045,2024-05-04 00:12:48,0,0
5046,2024-05-04 00:13:00,0,0
5047,2024-05-04 00:13:12,0,0
5048,2024-05-04 00:13:24,0,0
5049,2024-05-04 00:13:36,0,0
5050,2024-05-04 00:13:48,0,0
5051,2024-05-04 00:14:00,0,0
5052,2024-05-04 00:14:12,0,0
5053,2024-05-04 00:14:24,0,0
5054,2024-05-04 00:14:36,0,0
5055,2024-05-04 00:14:48,0,0
5056,2024-05-04 00:15:00,0,0
5057,2024-05-04 00:15:12,0,0
5058,2024-05-04 00:15:24,0,0
5059,2024-05-04 00:15:36,0,0
5060,2024-05-04 00:15:48,0,0
5061,2024-05-04 00:16:00,0,0
5062,2024-05-04 00:16:12,0,0
5063,2024-05-04 00:16:24,0,0
5064,2024-05-04 00:16:36,0,0
5065,2024-05-04 00:16:48,0,0
5066,2024-05-04 00:17:00,0,0
5067,2024-05-04 00:17:12,0,0
5068,2024-05-04 00:17:24,0,0
5069,2024-05-04 00:17:36,0,0
5070,2024-05-04 00:17:48,0,0
5071,2024-05-04 00:18:00,0,0
5072,2024-05-04 00:18:12,0,0
5073,2024-05-04 00:18:24,0,0
5074,2024-05-04 00:18:36,0,0
5075,2024-05-04 00:18:48,0,0
5076,2024-05-04 00:19:00,0,0
5077,2024-05-04 00:19:12,0,0
5078,2024-05-04 00:19:24,0,0
5079,2024-05-04 00:19:36,0,0
5080,2024-05-04 00:19:48,0,0
5081,2024-05-04 00:20:00,0,0
5082,2024-05-04 00:20:12,0,0
5083,2024-05-04 00:20:24,0,0
5084,2024-05-04 00:20:36,0,0
5085,2024-05-04 00:20:48,0,0
5086,2024-05-04 00:21:00,0,0
5087,2024-05-04 00:21:12,0,0
5088,2024-05-04 00:21:24,0,0
5089,2024-05-04 00:21:36,0,0
5090,2024-05-04 00:21:48,0,0
5091,2024-05-04 00:22:00,0,0
5092,2024-05-04 00:22:12,0,0
5093,2024-05-04 00:22:24,0,0
5094,2024-05-04 00:22:36,0,0
5095,2024-05-04 00:22:48,0,0
5096,2024-05-04 00:23:00,0,0
5097,2024-05-04 00:23:12,0,0
5098,2024-05-04 00:23:24,0,0
5099,2024-05-04 00:23:36,0,0
5100,2024-05-04 00:23:48,0,0
5101,2024-05-04 00:24:00,0,0
5102,2024-05-04 00:24:12,0,0
5103,2024-05-04 00:24:24,0,0
5104,2024-05-04 00:24:36,0,0
5105,2024-05-04 00:24:48,0,0
5106,2024-05-04 00:25:00,0,0
5107,2024-05-04 00:25:12,0,0
5108,2024-05-04 00:25:24,0,0
5109,2024-05-04 00:25:36,0,0
5110,2024-05-04 00:25:48,0,0
5111,2024-05-04 00:26:00,0,0
5112,2024-05-04 00:26:12,0,0
5113,2024-05-04 00:26:24,0,0
5114,2024-05-04 00:26:36,0,0
5115,2024-05-04 00:26:48,0,0
5116,2024-05-04 00:27:00,0,0
5117,2024-05-04 00:27:12,0,0
5118,2024-05-04 00:27:24,0,0
5119,2024-05-04 00:27:36,0,0
5120,2024-05-04 00:27:48,0,0
5121,2024-05-04 00:28:00,0,0
5122,2024-05-04 00:28:12,0,0
5123,2024-05-04 00:28:24,0,0
5124,2024-05-04 00:28:36,0,0
5125,2024-05-04 00:28:48,0,0
5126,2024-05-04 00:29:00,0,0
5127,2024-05-04 00:29:12,0,0
5128,2024-05-04 00:29:24,0,0
5129,2024-05-04 00:29:36,0,0
5130,2024-05-04 00:29:48,0,0
5131,2024-05-04 00:30:00,0,0
5132,2024-05-04 00:30:12,0,0
5133,2024-05-04 00:30:24,0,0
5134,2024-05-04 00:30:36,0,0
5135,2024-05-04 00:30:48,0,0
5136,2024-05-04 00:31:00,0,0
5137,2024-05-04 00:31:12,0,0
5138,2024-05-04 00:31:24,0,0
5139,2024-05-04 00:31:36,0,0
5140,2024-05-04 00:31:48,0,0
5141,2024-05-04 00:32:00,0,0
5142,2024-05-04 00:32:12,0,0
5143,2024-05-04 00:32:24,0,0
5144,2024-05-04 00:32:36,0,0
5145,2024-05-04 00:32:48,0,0
5146,2024-05-04 00:33:00,0,0
5147,2024-05-04 00:33:12,0,0
5148,2024-05-04 00:33:24,0,0
5149,2024-05-04 00:33:36,0,0
5150,2024-05-04 00:33:48,0,0
5151,2024-05-04 00:34:00,0,0
5152,2024-05-04 00:34:12,0,0
5153,2024-05-04 00:34:24,0,0
5154,2024-05-04 00:34:36,0,0
5155,2024-05-04 00:34:48,0,0
5156,2024-05-04 00:35:00,0,0
5157,2024-05-04 00:35:12,0,0
5158,2024-05-04 00:35:24,0,0
5159,2024-05-04 00:35:36,0,0
5160,2024-05-04 00:35:48,0,0
5161,2024-05-04 00:36:00,0,0
5162,2024-05-04 00:36:12,0,0
5163,2024-05-04 00:36:24,0,0
5164,2024-05-04 00:36:36,0,0
5165,2024-05-04 00:36:48,0,0
5166,2024-05-04 00:37:00,0,0
5167,2024-05-04 00:37:12,0,0
5168,2024-05-04 00:37:24,0,0
5169,2024-05-04 00:37:36,0,0
5170,2024-05-04 00:37:48,0,0
5171,2024-05-04 00:38:00,0,0
5172,2024-05-04 00:38:12,0,0
5173,2024-05-04 00:38:24,0,0
5174,2024-05-04 00:38:36,0,0
5175,2024-05-04 00:38:48,0,0
5176,2024-05-04 00:39:00,0,0
5177,2024-05-04 00:39:12,0,0
5178,2024-05-04 00:39:24,0,0
5179,2024-05-04 00:39:36,0,0
5180,2024-05-04 00:39:48,0,0
5181,2024-05-04 00:40:00,0,0
5182,2024-05-04 00:40:12,0,0
5183,2024-05-04 00:40:24,0,0
5184,2024-05-04 00:40:36,0,0
5185,2024-05-04 00:40:48,0,0
5186,2024-05-04 00:41:00,0,0
5187,2024-05-04 00:41:12,0,0
5188,2024-05-04 00:41:24,0,0
5189,2024-05-04 00:41:36,0,0
5190,2024-05-04 00:41:48,0,0
5191,2024-05-04 00:42:00,0,0
5192,2024-05-04 00:42:12,0,0
5193,2024-05-04 00:42:24,0,0
5194,2024-05-04 00:42:36,0,0
5195,2024-05-04 00:42:48,0,0
5196,2024-05-04 00:43:00,0,0
5197,2024-05-04 00:43:12,0,0
5198,2024-05-04 00:43:24,0,0
5199,2024-05-04 00:43:36,0,0
5200,2024-05-04 00:43:48,0,0
5201,2024-05-04 00:44:00,0,0
5202,2024-05-04 00:44:12,0,0
5203,2024-05-04 00:44:24,0,0
5204,2024-05-04 00:44:36,0,0
5205,2024-05-04 00:44:48,0,0
5206,2024-05-04 00:45:00,0,0
5207,2024-05-04 00:45:12,0,0
5208,2024-05-04 00:45:24,0,0
5209,2024-05-04 00:45:36,0,0
5210,2024-05-04 00:45:48,0,0
5211,2024-05-04 00:46:00,0,0
5212,2024-05-04 00:46:12,0,0
5213,2024-05-04 00:46:24,0,0
5214,2024-05-04 00:46:36,0,0
5215,2024-05-04 00:46:48,0,0
5216,2024-05-04 00:47:00,0,0
5217,2024-05-04 00:47:12,0,0
5218,2024-05-04 00:47:24,0,0
5219,2024-05-04 00:47:36,0,0
5220,2024-05-04 00:47:48,0,0
5221,2024-05-04 00:48:00,0,0
5222,2024-05-04 00:48:12,0,0
5223,2024-05-04 00:48:24,0,0
5224,2024-05-04 00:48:36,0,0
5225,2024-05-04 00:48:48,0,0
5226,2024-05-04 00:49:00,0,0
5227,2024-05-04 00:49:12,0,0
5228,2024-05-04 00:49:24,0,0
5229,2024-05-04 00:49:36,0,0
5230,2024-05-04 00:49:48,0,0
5231,2024-05-04 00:50:00,0,0
5232,2024-05-04 00:50:12,0,0
5233,2024-05-04 00:50:24,0,0
5234,2024-05-04 00:50:36,0,0
5235,2024-05-04 00:50:48,0,0
5236,2024-05-04 00:51:00,0,0
5237,2024-05-04 00:51:12,0,0
5238,2024-05-04 00:51:24,0,0
5239,2024-05-04 00:51:36,0,0
5240,2024-05-04 00:51:48,0,0
5241,2024-05-04 00:52:00,0,0
5242,2024-05-04 00:52:12,0,0
5243,2024-05-04 00:52:24,0,0
5244,2024-05-04 00:52:36,0,0
5245,2024-05-04 00:52:48,0,0
5246,2024-05-04 00:53:00,0,0
5247,2024-05-04 00:53:12,0,0
5248,2024-05-04 00:53:24,0,0
5249,2024-05-04 00:53:36,0,0
5250,2024-05-04 00:53:48,0,0
5251,2024-05-04 00:54:00,0,0
5252,2024-05-04 00:54:12,0,0
5253,2024-05-04 00:54:24,0,0
5254,2024-05-04 00:54:36,0,0
5255,2024-05-04 00:54:48,0,0
5256,2024-05-04 00:55:00,0,0
5257,2024-05-04 00:55:12,0,0
5258,2024-05-04 00:55:24,0,0
5259,2024-05-04 00:55:36,0,0
5260,2024-05-04 00:55:48,0,0
5261,2024-05-04 00:56:00,0,0
5262,2024-05-04 00:56:12,0,0
5263,2024-05-04 00:56:24,0,0
5264,2024-05-04 00:56:36,0,0
5265,2024-05-04 00:56:48,0,0
5266,2024-05-04 00:57:00,0,0
5267,2024-05-04 00:57:12,0,0
5268,2024-05-04 00:57:24,0,0
5269,2024-05-04 00:57:36,0,0
5270,2024-05-04 00:57:48,0,0
5271,2024-05-04 00:58:00,0,0
5272,2024-05-04 00:58:12,0,0
5273,2024-05-04 00:58:24,0,0
5274,2024-05-04 00:58:36,0,0
5275,2024-05-04 00:58:48,0,0
5276,2024-05-04 00:59:00,0,0
5277,2024-05-04 00:59:12,0,0
5278,2024-05-04 00:59:24,0,0
5279,2024-05-04 00:59:36,0,0
5280,2024-05-04 00:59:48,0,0
5281,2024-05-04 01:00:00,0,0
5282,2024-05-04 01:00:12,0,0
5283,2024-05-04 01:00:24,0,0
5284,2024-05-04 01:00:36,0,0
5285,2024-05-04 01:00:48,0,0
5286,2024-05-04 01:01:00,0,0
5287,2024-05-04 01:01:12,0,0
5288,2024-05-04 01:01:24,0,0
5289,2024-05-04 01:01:36,0,0
5290,2024-05-04 01:01:48,0,0
5291,2024-05-04 01:02:00,0,0
5292,2024-05-04 01:02:12,0,0
5293,2024-05-04 01:02:24,0,0
5294,2024-05-04 01:02:36,0,0
5295,2024-05-04 01:02:48,0,0
5296,2024-05-04 01:03:00,0,0
5297,2024-05-04 01:03:12,0,0
5298,2024-05-04 01:03:24,0,0
5299,2024-05-04 01:03:36,0,0
5300,2024-05-04 01:03:48,0,0
5301,2024-05-04 01:04:00,0,0
5302,2024-05-04 01:04:12,0,0
5303,2024-05-04 01:04:24,0,0
5304,2024-05-04 01:04:36,0,0
5305,2024-05-04 01:04:48,0,0
5306,2024-05-04 01:05:00,0,0
5307,2024-05-04 01:05:12,0,0
5308,2024-05-04 01:05:24,0,0
5309,2024-05-04 01:05:36,0,0
5310,2024-05-04 01:05:48,0,0
5311,2024-05-04 01:06:00,0,0
5312,2024-05-04 01:06:12,0,0
5313,2024-05-04 01:06:24,0,0
5314,2024-05-04 01:06:36,0,0
5315,2024-05-04 01:06:48,0,0
5316,2024-05-04 01:07:00,0,0
5317,2024-05-04 01:07:12,0,0
5318,2024-05-04 01:07:24,0,0
5319,2024-05-04 01:07:36,0,0
5320,2024-05-04 01:07:48,0,0
5321,2024-05-04 01:08:00,0,0
5322,2024-05-04 01:08:12,0,0
5323,2024-05-04 01:08:24,0,0
5324,2024-05-04 01:08:36,0,0
5325,2024-05-04 01:08:48,0,0
5326,2024-05-04 01:09:00,0,0
5327,2024-05-04 01:09:12,0,0
5328,2024-05-04 01:09:24,0,0
5329,2024-05-04 01:09:36,0,0
5330,2024-05-04 01:09:48,0,0
5331,2024-05-04 01:10:00,0,0
5332,2024-05-04 01:10:12,0,0
5333,2024-05-04 01:10:24,0,0
5334,2024-05-04 01:10:36,0,0
5335,2024-05-04 01:10:48,0,0
5336,2024-05-04 01:11:00,0,0
5337,2024-05-04 01:11:12,0,0
5338,2024-05-04 01:11:24,0,0
5339,2024-05-04 01:11:36,0,0
5340,2024-05-04 01:11:48,0,0
5341,2024-05-04 01:12:00,0,0
5342,2024-05-04 01:12:12,0,0
5343,2024-05-04 01:12:24,0,0
5344,2024-05-04 01:12:36,0,0
5345,2024-05-04 01:12:48,0,0
5346,2024-05-04 01:13:00,0,0
5347,2024-05-04 01:13:12,0,0
5348,2024-05-04 01:13:24,0,0
5349,2024-05-04 01:13:36,0,0
5350,2024-05-04 01:13:48,0,0
5351,2024-05-04 01:14:00,0,0
5352,2024-05-04 01:14:12,0,0
5353,2024-05-04 01:14:24,0,0
5354,2024-05-04 01:14:36,0,0
5355,2024-05-04 01:14:48,0,0
5356,2024-05-04 01:15:00,0,0
5357,2024-05-04 01:15:12,0,0
5358,2024-05-04 01:15:24,0,0
5359,2024-05-04 01:15:36,0,0
5360,2024-05-04 01:15:48,0,0
5361,2024-05-04 01:16:00,0,0
5362,2024-05-04 01:16:12,0,0
5363,2024-05-04 01:16:24,0,0
5364,2024-05-04 01:16:36,0,0
5365,2024-05-04 01:16:48,0,0
5366,2024-05-04 01:17:00,0,0
5367,2024-05-04 01:17:12,0,0
5368,2024-05-04 01:17:24,0,0
5369,2024-05-04 01:17:36,0,0
5370,2024-05-04 01:17:48,0,0
5371,2024-05-04 01:18:00,0,0
5372,2024-05-04 01:18:12,0,0
5373,2024-05-04 01:18:24,0,0
5374,2024-05-04 01:18:36,0,0
5375,2024-05-04 01:18:48,0,0
5376,2024-05-04 01:19:00,0,0
5377,2024-05-04 01:19:12,0,0
5378,2024-05-04 01:19:24,0,0
5379,2024-05-04 01:19:36,0,0
5380,2024-05-04 01:19:48,0,0
5381,2024-05-04 01:20:00,0,0
5382,2024-05-04 01:20:12,0,0
5383,2024-05-04 01:20:24,0,0
5384,2024-05-04 01:20:36,0,0
5385,2024-05-04 01:20:48,0,0
5386,2024-05-04 01:21:00,0,0
5387,2024-05-04 01:21:12,0,0
5388,2024-05-04 01:21:24,0,0
5389,2024-05-04 01:21:36,0,0
5390,2024-05-04 01:21:48,0,0
5391,2024-05-04 01:22:00,0,0
5392,2024-05-04 01:22:12,0,0
5393,2024-05-04 01:22:24,0,0
5394,2024-05-04 01:22:36,0,0
5395,2024-05-04 01:22:48,0,0
5396,2024-05-04 01:23:00,0,0
5397,2024-05-04 01:23:12,0,0
5398,2024-05-04 01:23:24,0,0
5399,2024-05-04 01:23:36,0,0
5400,2024-05-04 01:23:48,0,0
5401,2024-05-04 01:24:00,0,0
5402,2024-05-04 01:24:12,0,0
5403,2024-05-04 01:24:24,0,0
5404,2024-05-04 01:24:36,0,0
5405,2024-05-04 01:24:48,0,0
5406,2024-05-04 01:25:00,0,0
5407,2024-05-04 01:25:12,0,0
5408,2024-05-04 01:25:24,0,0
5409,2024-05-04 01:25:36,0,0
5410,2024-05-04 01:25:48,0,0
5411,2024-05-04 01:26:00,0,0
5412,2024-05-04 01:26:12,0,0
5413,2024-05-04 01:26:24,0,0
5414,2024-05-04 01:26:36,0,0
5415,2024-05-04 01:26:48,0,0
5416,2024-05-04 01:27:00,0,0
5417,2024-05-04 01:27:12,0,0
5418,2024-05-04 01:27:24,0,0
5419,2024-05-04 01:27:36,0,0
5420,2024-05-04 01:27:48,0,0
5421,2024-05-04 01:28:00,0,0
5422,2024-05-04 01:28:12,0,0
5423,2024-05-04 01:28:24,0,0
5424,2024-05-04 01:28:36,0,0
5425,2024-05-04 01:28:48,0,0
5426,2024-05-04 01:29:00,0,0
5427,2024-05-04 01:29:12,0,0
5428,2024-05-04 01:29:24,0,0
5429,2024-05-04 01:29:36,0,0
5430,2024-05-04 01:29:48,0,0
5431,2024-05-04 01:30:00,0,0
5432,2024-05-04 01:30:12,0,0
5433,2024-05-04 01:30:24,0,0
5434,2024-05-04 01:30:36,0,0
5435,2024-05-04 01:30:48,0,0
5436,2024-05-04 01:31:00,0,0
5437,2024-05-04 01:31:12,0,0
5438,2024-05-04 01:31:24,0,0
5439,2024-05-04 01:31:36,0,0
5440,2024-05-04 01:31:48,0,0
5441,2024-05-04 01:32:00,0,0
5442,2024-05-04 01:32:12,0,0
5443,2024-05-04 01:32:24,0,0
5444,2024-05-04 01:32:36,0,0
5445,2024-05-04 01:32:48,0,0
5446,2024-05-04 01:33:00,0,0
5447,2024-05-04 01:33:12,0,0
5448,2024-05-04 01:33:24,0,0
5449,2024-05-04 01:33:36,0,0
5450,2024-05-04 01:33:48,0,0
5451,2024-05-04 01:34:00,0,0
5452,2024-05-04 01:34:12,0,0
5453,2024-05-04 01:34:24,0,0
5454,2024-05-04 01:34:36,0,0
5455,2024-05-04 01:34:48,0,0
5456,2024-05-04 01:35:00,0,0
5457,2024-05-04 01:35:12,0,0
5458,2024-05-04 01:35:24,0,0
5459,2024-05-04 01:35:36,0,0
5460,2024-05-04 01:35:48,0,0
5461,2024-05-04 01:36:00,0,0
5462,2024-05-04 01:36:12,0,0
5463,2024-05-04 01:36:24,0,0
5464,2024-05-04 01:36:36,0,0
5465,2024-05-04 01:36:48,0,0
5466,2024-05-04 01:37:00,0,0
5467,2024-05-04 01:37:12,0,0
5468,2024-05-04 01:37:24,0,0
5469,2024-05-04 01:37:36,0,0
5470,2024-05-04 01:37:48,0,0
5471,2024-05-04 01:38:00,0,0
5472,2024-05-04 01:38:12,0,0
5473,2024-05-04 01:38:24,0,0
5474,2024-05-04 01:38:36,0,0
5475,2024-05-04 01:38:48,0,0
5476,2024-05-04 01:39:00,0,0
5477,2024-05-04 01:39:12,0,0
5478,2024-05-04 01:39:24,0,0
5479,2024-05-04 01:39:36,0,0
5480,2024-05-04 01:39:48,0,0
5481,2024-05-04 01:40:00,0,0
5482,2024-05-04 01:40:12,0,0
5483,2024-05-04 01:40:24,0,0
5484,2024-05-04 01:40:36,0,0
5485,2024-05-04 01:40:48,0,0
5486,2024-05-04 01:41:00,0,0
5487,2024-05-04 01:41:12,0,0
5488,2024-05-04 01:41:24,0,0
5489,2024-05-04 01:41:36,0,0
5490,2024-05-04 01:41:48,0,0
5491,2024-05-04 01:42:00,0,0
5492,2024-05-04 01:42:12,0,0
5493,2024-05-04 01:42:24,0,0
5494,2024-05-04 01:42:36,0,0
5495,2024-05-04 01:42:48,0,0
5496,2024-05-04 01:43:00,0,0
5497,2024-05-04 01:43:12,0,0
5498,2024-05-04 01:43:24,0,0
5499,2024-05-04 01:43:36,0,0
5500,2024-05-04 01:43:48,0,0
5501,2024-05-04 01:44:00,0,0
5502,2024-05-04 01:44:12,0,0
5503,2024-05-04 01:44:24,0,0
5504,2024-05-04 01:44:36,0,0
5505,2024-05-04 01:44:48,0,0
5506,2024-05-04 01:45:00,0,0
5507,2024-05-04 01:45:12,0,0
5508,2024-05-04 01:45:24,0,0
5509,2024-05-04 01:45:36,0,0
5510,2024-05-04 01:45:48,0,0
5511,2024-05-04 01:46:00,0,0
5512,2024-05-04 01:46:12,0,0
5513,2024-05-04 01:46:24,0,0
5514,2024-05-04 01:46:36,0,0
5515,2024-05-04 01:46:48,0,0
5516,2024-05-04 01:47:00,0,0
5517,2024-05-04 01:47:12,0,0
5518,2024-05-04 01:47:24,0,0
5519,2024-05-04 01:47:36,0,0
5520,2024-05-04 01:47:48,0,0
5521,2024-05-04 01:48:00,0,0
5522,2024-05-04 01:48:12,0,0
5523,2024-05-04 01:48:24,0,0
5524,2024-05-04 01:48:36,0,0
5525,2024-05-04 01:48:48,0,0
5526,2024-05-04 01:49:00,0,0
5527,2024-05-04 01:49:12,0,0
5528,2024-05-04 01:49:24,0,0
5529,2024-05-04 01:49:36,0,0
5530,2024-05-04 01:49:48,0,0
5531,2024-05-04 01:50:00,0,0
5532,2024-05-04 01:50:12,0,0
5533,2024-05-04 01:50:24,0,0
5534,2024-05-04 01:50:36,0,0
5535,2024-05-04 01:50:48,0,0
5536,2024-05-04 01:51:00,0,0
5537,2024-05-04 01:51:12,0,0
5538,2024-05-04 01:51:24,0,0
5539,2024-05-04 01:51:36,0,0
5540,2024-05-04 01:51:48,0,0
5541,2024-05-04 01:52:00,0,0
5542,2024-05-04 01:52:12,0,0
5543,2024-05-04 01:52:24,0,0
5544,2024-05-04 01:52:36,0,0
5545,2024-05-04 01:52:48,0,0
5546,2024-05-04 01:53:00,0,0
5547,2024-05-04 01:53:12,0,0
5548,2024-05-04 01:53:24,0,0
5549,2024-05-04 01:53:36,0,0
5550,2024-05-04 01:53:48,0,0
5551,2024-05-04 01:54:00,0,0
5552,2024-05-04 01:54:12,0,0
5553,2024-05-04 01:54:24,0,0
5554,2024-05-04 01:54:36,0,0
5555,2024-05-04 01:54:48,0,0
5556,2024-05-04 01:55:00,0,0
5557,2024-05-04 01:55:12,0,0
5558,2024-05-04 01:55:24,0,0
5559,2024-05-04 01:55:36,0,0
5560,2024-05-04 01:55:48,0,0
5561,2024-05-04 01:56:00,0,0
5562,2024-05-04 01:56:12,0,0
5563,2024-05-04 01:56:24,0,0
5564,2024-05-04 01:56:36,0,0
5565,2024-05-04 01:56:48,0,0
5566,2024-05-04 01:57:00,0,0
5567,2024-05-04 01:57:12,0,0
5568,2024-05-04 01:57:24,0,0
5569,2024-05-04 01:57:36,0,0
5570,2024-05-04 01:57:48,0,0
5571,2024-05-04 01:58:00,0,0
5572,2024-05-04 01:58:12,0,0
5573,2024-05-04 01:58:24,0,0
5574,2024-05-04 01:58:36,0,0
5575,2024-05-04 01:58:48,0,0
5576,2024-05-04 01:59:00,0,0
5577,2024-05-04 01:59:12,0,0
5578,2024-05-04 01:59:24,0,0
5579,2024-05-04 01:59:36,0,0
5580,2024-05-04 01:59:48,0,0
5581,2024-05-04 02:00:00,0,0
5582,2024-05-04 02:00:12,0,0
5583,2024-05-04 02:00:24,0,0
5584,2024-05-04 02:00:36,0,0
5585,2024-05-04 02:00:48,0,0
5586,2024-05-04 02:01:00,0,0
5587,2024-05-04 02:01:12,0,0
5588,2024-05-04 02:01:24,0,0
5589,2024-05-04 02:01:36,0,0
5590,2024-05-04 02:01:48,0,0
5591,2024-05-04 02:02:00,0,0
5592,2024-05-04 02:02:12,0,0
5593,2024-05-04 02:02:24,0,0
5594,2024-05-04 02:02:36,0,0
5595,2024-05-04 02:02:48,0,0
5596,2024-05-04 02:03:00,0,0
5597,2024-05-04 02:03:12,0,0
5598,2024-05-04 02:03:24,0,0
5599,2024-05-04 02:03:36,0,0
5600,2024-05-04 02:03:48,0,0
5601,2024-05-04 02:04:00,0,0
5602,2024-05-04 02:04:12,0,0
5603,2024-05-04 02:04:24,0,0
5604,2024-05-04 02:04:36,0,0
5605,2024-05-04 02:04:48,0,0
5606,2024-05-04 02:05:00,0,0
5607,2024-05-04 02:05:12,0,0
5608,2024-05-04 02:05:24,0,0
5609,2024-05-04 02:05:36,0,0
5610,2024-05-04 02:05:48,0,0
5611,2024-05-04 02:06:00,0,0
5612,2024-05-04 02:06:12,0,0
5613,2024-05-04 02:06:24,0,0
5614,2024-05-04 02:06:36,0,0
5615,2024-05-04 02:06:48,0,0
5616,2024-05-04 02:07:00,0,0
5617,2024-05-04 02:07:12,0,0
5618,2024-05-04 02:07:24,0,0
5619,2024-05-04 02:07:36,0,0
5620,2024-05-04 02:07:48,0,0
5621,2024-05-04 02:08:00,0,0
5622,2024-05-04 02:08:12,0,0
5623,2024-05-04 02:08:24,0,0
5624,2024-05-04 02:08:36,0,0
5625,2024-05-04 02:08:48,0,0
5626,2024-05-04 02:09:00,0,0
5627,2024-05-04 02:09:12,0,0
5628,2024-05-04 02:09:24,0,0
5629,2024-05-04 02:09:36,0,0
5630,2024-05-04 02:09:48,0,0
5631,2024-05-04 02:10:00,0,0
5632,2024-05-04 02:10:12,0,0
5633,2024-05-04 02:10:24,0,0
5634,2024-05-04 02:10:36,0,0
5635,2024-05-04 02:10:48,0,0
5636,2024-05-04 02:11:00,0,0
5637,2024-05-04 02:11:12,0,0
5638,2024-05-04 02:11:24,0,0
5639,2024-05-04 02:11:36,0,0
5640,2024-05-04 02:11:48,0,0
5641,2024-05-04 02:12:00,0,0
5642,2024-05-04 02:12:12,0,0
5643,2024-05-04 02:12:24,0,0
5644,2024-05-04 02:12:36,0,0
5645,2024-05-04 02:12:48,0,0
5646,2024-05-04 02:13:00,0,0
5647,2024-05-04 02:13:12,0,0
5648,2024-05-04 02:13:24,0,0
5649,2024-05-04 02:13:36,0,0
5650,2024-05-04 02:13:48,0,0
5651,2024-05-04 02:14:00,0,0
5652,2024-05-04 02:14:12,0,0
5653,2024-05-04 02:14:24,0,0
5654,2024-05-04 02:14:36,0,0
5655,2024-05-04 02:14:48,0,0
5656,2024-05-04 02:15:00,0,0
5657,2024-05-04 02:15:12,0,0
5658,2024-05-04 02:15:24,0,0
5659,2024-05-04 02:15:36,0,0
5660,2024-05-04 02:15:48,0,0
5661,2024-05-04 02:16:00,0,0
5662,2024-05-04 02:16:12,0,0
5663,2024-05-04 02:16:24,0,0
5664,2024-05-04 02:16:36,0,0
5665,2024-05-04 02:16:48,0,0
5666,2024-05-04 02:17:00,0,0
5667,2024-05-04 02:17:12,0,0
5668,2024-05-04 02:17:24,0,0
5669,2024-05-04 02:17:36,0,0
5670,2024-05-04 02:17:48,0,0
5671,2024-05-04 02:18:00,0,0
5672,2024-05-04 02:18:12,0,0
5673,2024-05-04 02:18:24,0,0
5674,2024-05-04 02:18:36,0,0
5675,2024-05-04 02:18:48,0,0
5676,2024-05-04 02:19:00,0,0
5677,2024-05-04 02:19:12,0,0
5678,2024-05-04 02:19:24,0,0
5679,2024-05-04 02:19:36,0,0
5680,2024-05-04 02:19:48,0,0
5681,2024-05-04 02:20:00,0,0
5682,2024-05-04 02:20:12,0,0
5683,2024-05-04 02:20:24,0,0
5684,2024-05-04 02:20:36,0,0
5685,2024-05-04 02:20:48,0,0
5686,2024-05-04 02:21:00,0,0
5687,2024-05-04 02:21:12,0,0
5688,2024-05-04 02:21:24,0,0
5689,2024-05-04 02:21:36,0,0
5690,2024-05-04 02:21:48,0,0
5691,2024-05-04 02:22:00,0,0
5692,2024-05-04 02:22:12,0,0
5693,2024-05-04 02:22:24,0,0
5694,2024-05-04 02:22:36,0,0
5695,2024-05-04 02:22:48,0,0
5696,2024-05-04 02:23:00,0,0
5697,2024-05-04 02:23:12,0,0
5698,2024-05-04 02:23:24,0,0
5699,2024-05-04 02:23:36,0,0
5700,2024-05-04 02:23:48,0,0
5701,2024-05-04 02:24:00,0,0
5702,2024-05-04 02:24:12,0,0
5703,2024-05-04 02:24:24,0,0
5704,2024-05-04 02:24:36,0,0
5705,2024-05-04 02:24:48,0,0
5706,2024-05-04 02:25:00,0,0
5707,2024-05-04 02:25:12,0,0
5708,2024-05-04 02:25:24,0,0
5709,2024-05-04 02:25:36,0,0
5710,2024-05-04 02:25:48,0,0
5711,2024-05-04 02:26:00,0,0
5712,2024-05-04 02:26:12,0,0
5713,2024-05-04 02:26:24,0,0
5714,2024-05-04 02:26:36,0,0
5715,2024-05-04 02:26:48,0,0
5716,2024-05-04 02:27:00,0,0
5717,2024-05-04 02:27:12,0,0
5718,2024-05-04 02:27:24,0,0
5719,2024-05-04 02:27:36,0,0
5720,2024-05-04 02:27:48,0,0
5721,2024-05-04 02:28:00,0,0
5722,2024-05-04 02:28:12,0,0
5723,2024-05-04 02:28:24,0,0
5724,2024-05-04 02:28:36,0,0
5725,2024-05-04 02:28:48,0,0
5726,2024-05-04 02:29:00,0,0
5727,2024-05-04 02:29:12,0,0
5728,2024-05-04 02:29:24,0,0
5729,2024-05-04 02:29:36,0,0
5730,2024-05-04 02:29:48,0,0
5731,2024-05-04 02:30:00,0,0
5732,2024-05-04 02:30:12,0,0
5733,2024-05-04 02:30:24,0,0
5734,2024-05-04 02:30:36,0,0
5735,2024-05-04 02:30:48,0,0
5736,2024-05-04 02:31:00,0,0
5737,2024-05-04 02:31:12,0,0
5738,2024-05-04 02:31:24,0,0
5739,2024-05-04 02:31:36,0,0
5740,2024-05-04 02:31:48,0,0
5741,2024-05-04 02:32:00,0,0
5742,2024-05-04 02:32:12,0,0
5743,2024-05-04 02:32:24,0,0
5744,2024-05-04 02:32:36,0,0
5745,2024-05-04 02:32:48,0,0
5746,2024-05-04 02:33:00,0,0
5747,2024-05-04 02:33:12,0,0
5748,2024-05-04 02:33:24,0,0
5749,2024-05-04 02:33:36,0,0
5750,2024-05-04 02:33:48,0,0
5751,2024-05-04 02:34:00,0,0
5752,2024-05-04 02:34:12,0,0
5753,2024-05-04 02:34:24,0,0
5754,2024-05-04 02:34:36,0,0
5755,2024-05-04 02:34:48,0,0
5756,2024-05-04 02:35:00,0,0
5757,2024-05-04 02:35:12,0,0
5758,2024-05-04 02:35:24,0,0
5759,2024-05-04 02:35:36,0,0
5760,2024-05-04 02:35:48,0,0
5761,2024-05-04 02:36:00,0,0
5762,2024-05-04 02:36:12,0,0
5763,2024-05-04 02:36:24,0,0
5764,2024-05-04 02:36:36,0,0
5765,2024-05-04 02:36:48,0,0
5766,2024-05-04 02:37:00,0,0
5767,2024-05-04 02:37:12,0,0
5768,2024-05-04 02:37:24,0,0
5769,2024-05-04 02:37:36,0,0
5770,2024-05-04 02:37:48,0,0
5771,2024-05-04 02:38:00,0,0
5772,2024-05-04 02:38:12,0,0
5773,2024-05-04 02:38:24,0,0
5774,2024-05-04 02:38:36,0,0
5775,2024-05-04 02:38:48,0,0
5776,2024-05-04 02:39:00,0,0
5777,2024-05-04 02:39:12,0,0
5778,2024-05-04 02:39:24,0,0
5779,2024-05-04 02:39:36,0,0
5780,2024-05-04 02:39:48,0,0
5781,2024-05-04 02:40:00,0,0
5782,2024-05-04 02:40:12,0,0
5783,2024-05-04 02:40:24,0,0
5784,2024-05-04 02:40:36,0,0
5785,2024-05-04 02:40:48,0,0
5786,2024-05-04 02:41:00,0,0
5787,2024-05-04 02:41:12,0,0
5788,2024-05-04 02:41:24,0,0
5789,2024-05-04 02:41:36,0,0
5790,2024-05-04 02:41:48,0,0
5791,2024-05-04 02:42:00,0,0
5792,2024-05-04 02:42:12,0,0
5793,2024-05-04 02:42:24,0,0
5794,2024-05-04 02:42:36,0,0
5795,2024-05-04 02:42:48,0,0
5796,2024-05-04 02:43:00,0,0
5797,2024-05-04 02:43:12,0,0
5798,2024-05-04 02:43:24,0,0
5799,2024-05-04 02:43:36,0,0
5800,2024-05-04 02:43:48,0,0
5801,2024-05-04 02:44:00,0,0
5802,2024-05-04 02:44:12,0,0
5803,2024-05-04 02:44:24,0,0
5804,2024-05-04 02:44:36,0,0
5805,2024-05-04 02:44:48,0,0
5806,2024-05-04 02:45:00,0,0
5807,2024-05-04 02:45:12,0,0
5808,2024-05-04 02:45:24,0,0
5809,2024-05-04 02:45:36,0,0
5810,2024-05-04 02:45:48,0,0
5811,2024-05-04 02:46:00,0,0
5812,2024-05-04 02:46:12,0,0
5813,2024-05-04 02:46:24,0,0
5814,2024-05-04 02:46:36,0,0
5815,2024-05-04 02:46:48,0,0
5816,2024-05-04 02:47:00,0,0
5817,2024-05-04 02:47:12,0,0
5818,2024-05-04 02:47:24,0,0
5819,2024-05-04 02:47:36,0,0
5820,2024-05-04 02:47:48,0,0
5821,2024-05-04 02:48:00,0,0
5822,2024-05-04 02:48:12,0,0
5823,2024-05-04 02:48:24,0,0
5824,2024-05-04 02:48:36,0,0
5825,2024-05-04 02:48:48,0,0
5826,2024-05-04 02:49:00,0,0
5827,2024-05-04 02:49:12,0,0
5828,2024-05-04 02:49:24,0,0
5829,2024-05-04 02:49:36,0,0
5830,2024-05-04 02:49:48,0,0
5831,2024-05-04 02:50:00,0,0
5832,2024-05-04 02:50:12,0,0
5833,2024-05-04 02:50:24,0,0
5834,2024-05-04 02:50:36,0,0
5835,2024-05-04 02:50:48,0,0
5836,2024-05-04 02:51:00,0,0
5837,2024-05-04 02:51:12,0,0
5838,2024-05-04 02:51:24,0,0
5839,2024-05-04 02:51:36,0,0
5840,2024-05-04 02:51:48,0,0
5841,2024-05-04 02:52:00,0,0
5842,2024-05-04 02:52:12,0,0
5843,2024-05-04 02:52:24,0,0
5844,2024-05-04 02:52:36,0,0
5845,2024-05-04 02:52:48,0,0
5846,2024-05-04 02:53:00,0,0
5847,2024-05-04 02:53:12,0,0
5848,2024-05-04 02:53:24,0,0
5849,2024-05-04 02:53:36,0,0
5850,2024-05-04 02:53:48,0,0
5851,2024-05-04 02:54:00,0,0
5852,2024-05-04 02:54:12,0,0
5853,2024-05-04 02:54:24,0,0
5854,2024-05-04 02:54:36,0,0
5855,2024-05-04 02:54:48,0,0
5856,2024-05-04 02:55:00,0,0
5857,2024-05-04 02:55:12,0,0
5858,2024-05-04 02:55:24,0,0
5859,2024-05-04 02:55:36,0,0
5860,2024-05-04 02:55:48,0,0
5861,2024-05-04 02:56:00,0,0
5862,2024-05-04 02:56:12,0,0
5863,2024-05-04 02:56:24,0,0
5864,2024-05-04 02:56:36,0,0
5865,2024-05-04 02:56:48,0,0
5866,2024-05-04 02:57:00,0,0
5867,2024-05-04 02:57:12,0,0
5868,2024-05-04 02:57:24,0,0
5869,2024-05-04 02:57:36,0,0
5870,2024-05-04 02:57:48,0,0
5871,2024-05-04 02:58:00,0,0
5872,2024-05-04 02:58:12,0,0
5873,2024-05-04 02:58:24,0,0
5874,2024-05-04 02:58:36,0,0
5875,2024-05-04 02:58:48,0,0
5876,2024-05-04 02:59:00,0,0
5877,2024-05-04 02:59:12,0,0
5878,2024-05-04 02:59:24,0,0
5879,2024-05-04 02:59:36,0,0
5880,2024-05-04 02:59:48,0,0
5881,2024-05-04 03:00:00,0,0
5882,2024-05-04 03:00:12,0,0
5883,2024-05-04 03:00:24,0,0
5884,2024-05-04 03:00:36,0,0
5885,2024-05-04 03:00:48,0,0
5886,2024-05-04 03:01:00,0,0
5887,2024-05-04 03:01:12,0,0
5888,2024-05-04 03:01:24,0,0
5889,2024-05-04 03:01:36,0,0
5890,2024-05-04 03:01:48,0,0
5891,2024-05-04 03:02:00,0,0
5892,2024-05-04 03:02:12,0,0
5893,2024-05-04 03:02:24,0,0
5894,2024-05-04 03:02:36,0,0
5895,2024-05-04 03:02:48,0,0
5896,2024-05-04 03:03:00,0,0
5897,2024-05-04 03:03:12,0,0
5898,2024-05-04 03:03:24,0,0
5899,2024-05-04 03:03:36,0,0
5900,2024-05-04 03:03:48,0,0
5901,2024-05-04 03:04:00,0,0
5902,2024-05-04 03:04:12,0,0
5903,2024-05-04 03:04:24,0,0
5904,2024-05-04 03:04:36,0,0
5905,2024-05-04 03:04:48,0,0
5906,2024-05-04 03:05:00,0,0
5907,2024-05-04 03:05:12,0,0
5908,2024-05-04 03:05:24,0,0
5909,2024-05-04 03:05:36,0,0
5910,2024-05-04 03:05:48,0,0
5911,2024-05-04 03:06:00,0,0
5912,2024-05-04 03:06:12,0,0
5913,2024-05-04 03:06:24,0,0
5914,2024-05-04 03:06:36,0,0
5915,2024-05-04 03:06:48,0,0
5916,2024-05-04 03:07:00,0,0
5917,2024-05-04 03:07:12,0,0
5918,2024-05-04 03:07:24,0,0
5919,2024-05-04 03:07:36,0,0
5920,2024-05-04 03:07:48,0,0
5921,2024-05-04 03:08:00,0,0
5922,2024-05-04 03:08:12,0,0
5923,2024-05-04 03:08:24,0,0
5924,2024-05-04 03:08:36,0,0
5925,2024-05-04 03:08:48,0,0
5926,2024-05-04 03:09:00,0,0
5927,2024-05-04 03:09:12,0,0
5928,2024-05-04 03:09:24,0,0
5929,2024-05-04 03:09:36,0,0
5930,2024-05-04 03:09:48,0,0
5931,2024-05-04 03:10:00,0,0
5932,2024-05-04 03:10:12,0,0
5933,2024-05-04 03:10:24,0,0
5934,2024-05-04 03:10:36,0,0
5935,2024-05-04 03:10:48,0,0
5936,2024-05-04 03:11:00,0,0
5937,2024-05-04 03:11:12,0,0
5938,2024-05-04 03:11:24,0,0
5939,2024-05-04 03:11:36,0,0
5940,2024-05-04 03:11:48,0,0
5941,2024-05-04 03:12:00,0,0
5942,2024-05-04 03:12:12,0,0
5943,2024-05-04 03:12:24,0,0
5944,2024-05-04 03:12:36,0,0
5945,2024-05-04 03:12:48,0,0
5946,2024-05-04 03:13:00,0,0
5947,2024-05-04 03:13:12,0,0
5948,2024-05-04 03:13:24,0,0
5949,2024-05-04 03:13:36,0,0
5950,2024-05-04 03:13:48,0,0
5951,2024-05-04 03:14:00,0,0
5952,2024-05-04 03:14:12,0,0
5953,2024-05-04 03:14:24,0,0
5954,2024-05-04 03:14:36,0,0
5955,2024-05-04 03:14:48,0,0
5956,2024-05-04 03:15:00,0,0
5957,2024-05-04 03:15:12,0,0
5958,2024-05-04 03:15:24,0,0
5959,2024-05-04 03:15:36,0,0
5960,2024-05-04 03:15:48,0,0
5961,2024-05-04 03:16:00,0,0
5962,2024-05-04 03:16:12,0,0
5963,2024-05-04 03:16:24,0,0
5964,2024-05-04 03:16:36,0,0
5965,2024-05-04 03:16:48,0,0
5966,2024-05-04 03:17:00,0,0
5967,2024-05-04 03:17:12,0,0
5968,2024-05-04 03:17:24,0,0
5969,2024-05-04 03:17:36,0,0
5970,2024-05-04 03:17:48,0,0
5971,2024-05-04 03:18:00,0,0
5972,2024-05-04 03:18:12,0,0
5973,2024-05-04 03:18:24,0,0
5974,2024-05-04 03:18:36,0,0
5975,2024-05-04 03:18:48,0,0
5976,2024-05-04 03:19:00,0,0
5977,2024-05-04 03:19:12,0,0
5978,2024-05-04 03:19:24,0,0
5979,2024-05-04 03:19:36,0,0
5980,2024-05-04 03:19:48,0,0
5981,2024-05-04 03:20:00,0,0
5982,2024-05-04 03:20:12,0,0
5983,2024-05-04 03:20:24,0,0
5984,2024-05-04 03:20:36,0,0
5985,2024-05-04 03:20:48,0,0
5986,2024-05-04 03:21:00,0,0
5987,2024-05-04 03:21:12,0,0
5988,2024-05-04 03:21:24,0,0
5989,2024-05-04 03:21:36,0,0
5990,2024-05-04 03:21:48,0,0
5991,2024-05-04 03:22:00,0,0
5992,2024-05-04 03:22:12,0,0
5993,2024-05-04 03:22:24,0,0
5994,2024-05-04 03:22:36,0,0
5995,2024-05-04 03:22:48,0,0
5996,2024-05-04 03:23:00,0,0
5997,2024-05-04 03:23:12,0,0
5998,2024-05-04 03:23:24,0,0
5999,2024-05-04 03:23:36,0,0
6000,2024-05-04 03:23:48,0,0
6001,2024-05-04 03:24:00,0,0
6002,2024-05-04 03:24:12,0,0
6003,2024-05-04 03:24:24,0,0
6004,2024-05-04 03:24:36,0,0
6005,2024-05-04 03:24:48,0,0
6006,2024-05-04 03:25:00,0,0
6007,2024-05-04 03:25:12,0,0
6008,2024-05-04 03:25:24,0,0
6009,2024-05-04 03:25:36,0,0
6010,2024-05-04 03:25:48,0,0
6011,2024-05-04 03:26:00,0,0
6012,2024-05-04 03:26:12,0,0
6013,2024-05-04 03:26:24,0,0
6014,2024-05-04 03:26:36,0,0
6015,2024-05-04 03:26:48,0,0
6016,2024-05-04 03:27:00,0,0
6017,2024-05-04 03:27:12,0,0
6018,2024-05-04 03:27:24,0,0
6019,2024-05-04 03:27:36,0,0
6020,2024-05-04 03:27:48,0,0
6021,2024-05-04 03:28:00,0,0
6022,2024-05-04 03:28:12,0,0
6023,2024-05-04 03:28:24,0,0
6024,2024-05-04 03:28:36,0,0
6025,2024-05-04 03:28:48,0,0
6026,2024-05-04 03:29:00,0,0
6027,2024-05-04 03:29:12,0,0
6028,2024-05-04 03:29:24,0,0
6029,2024-05-04 03:29:36,0,0
6030,2024-05-04 03:29:48,0,0
6031,2024-05-04 03:30:00,0,0
6032,2024-05-04 03:30:12,0,0
6033,2024-05-04 03:30:24,0,0
6034,2024-05-04 03:30:36,0,0
6035,2024-05-04 03:30:48,0,0
6036,2024-05-04 03:31:00,0,0
6037,2024-05-04 03:31:12,0,0
6038,2024-05-04 03:31:24,0,0
6039,2024-05-04 03:31:36,0,0
6040,2024-05-04 03:31:48,0,0
6041,2024-05-04 03:32:00,0,0
6042,2024-05-04 03:32:12,0,0
6043,2024-05-04 03:32:24,0,0
6044,2024-05-04 03:32:36,0,0
6045,2024-05-04 03:32:48,0,0
6046,2024-05-04 03:33:00,0,0
6047,2024-05-04 03:33:12,0,0
6048,2024-05-04 03:33:24,0,0
6049,2024-05-04 03:33:36,0,0
6050,2024-05-04 03:33:48,0,0
6051,2024-05-04 03:34:00,0,0
6052,2024-05-04 03:34:12,0,0
6053,2024-05-04 03:34:24,0,0
6054,2024-05-04 03:34:36,0,0
6055,2024-05-04 03:34:48,0,0
6056,2024-05-04 03:35:00,0,0
6057,2024-05-04 03:35:12,0,0
6058,2024-05-04 03:35:24,0,0
6059,2024-05-04 03:35:36,0,0
6060,2024-05-04 03:35:48,0,0
6061,2024-05-04 03:36:00,0,0
6062,2024-05-04 03:36:12,0,0
6063,2024-05-04 03:36:24,0,0
6064,2024-05-04 03:36:36,0,0
6065,2024-05-04 03:36:48,0,0
6066,2024-05-04 03:37:00,0,0
6067,2024-05-04 03:37:12,0,0
6068,2024-05-04 03:37:24,0,0
6069,2024-05-04 03:37:36,0,0
6070,2024-05-04 03:37:48,0,0
6071,2024-05-04 03:38:00,0,0
6072,2024-05-04 03:38:12,0,0
6073,2024-05-04 03:38:24,0,0
6074,2024-05-04 03:38:36,0,0
6075,2024-05-04 03:38:48,0,0
6076,2024-05-04 03:39:00,0,0
6077,2024-05-04 03:39:12,0,0
6078,2024-05-04 03:39:24,0,0
6079,2024-05-04 03:39:36,0,0
6080,2024-05-04 03:39:48,0,0
6081,2024-05-04 03:40:00,0,0
6082,2024-05-04 03:40:12,0,0
6083,2024-05-04 03:40:24,0,0
6084,2024-05-04 03:40:36,0,0
6085,2024-05-04 03:40:48,0,0
6086,2024-05-04 03:41:00,0,0
6087,2024-05-04 03:41:12,0,0
6088,2024-05-04 03:41:24,0,0
6089,2024-05-04 03:41:36,0,0
6090,2024-05-04 03:41:48,0,0
6091,2024-05-04 03:42:00,0,0
6092,2024-05-04 03:42:12,0,0
6093,2024-05-04 03:42:24,0,0
6094,2024-05-04 03:42:36,0,0
6095,2024-05-04 03:42:48,0,0
6096,2024-05-04 03:43:00,0,0
6097,2024-05-04 03:43:12,0,0
6098,2024-05-04 03:43:24,0,0
6099,2024-05-04 03:43:36,0,0
6100,2024-05-04 03:43:48,0,0
6101,2024-05-04 03:44:00,0,0
6102,2024-05-04 03:44:12,0,0
6103,2024-05-04 03:44:24,0,0
6104,2024-05-04 03:44:36,0,0
6105,2024-05-04 03:44:48,0,0
6106,2024-05-04 03:45:00,0,0
6107,2024-05-04 03:45:12,0,0
6108,2024-05-04 03:45:24,0,0
6109,2024-05-04 03:45:36,0,0
6110,2024-05-04 03:45:48,0,0
6111,2024-05-04 03:46:00,0,0
6112,2024-05-04 03:46:12,0,0
6113,2024-05-04 03:46:24,0,0
6114,2024-05-04 03:46:36,0,0
6115,2024-05-04 03:46:48,0,0
6116,2024-05-04 03:47:00,0,0
6117,2024-05-04 03:47:12,0,0
6118,2024-05-04 03:47:24,0,0
6119,2024-05-04 03:47:36,0,0
6120,2024-05-04 03:47:48,0,0
6121,2024-05-04 03:48:00,0,0
6122,2024-05-04 03:48:12,0,0
6123,2024-05-04 03:48:24,0,0
6124,2024-05-04 03:48:36,0,0
6125,2024-05-04 03:48:48,0,0
6126,2024-05-04 03:49:00,0,0
6127,2024-05-04 03:49:12,0,0
6128,2024-05-04 03:49:24,0,0
6129,2024-05-04 03:49:36,0,0
6130,2024-05-04 03:49:48,0,0
6131,2024-05-04 03:50:00,0,0
6132,2024-05-04 03:50:12,0,0
6133,2024-05-04 03:50:24,0,0
6134,2024-05-04 03:50:36,0,0
6135,2024-05-04 03:50:48,0,0
6136,2024-05-04 03:51:00,0,0
6137,2024-05-04 03:51:12,0,0
6138,2024-05-04 03:51:24,0,0
6139,2024-05-04 03:51:36,0,0
6140,2024-05-04 03:51:48,0,0
6141,2024-05-04 03:52:00,0,0
6142,2024-05-04 03:52:12,0,0
6143,2024-05-04 03:52:24,0,0
6144,2024-05-04 03:52:36,0,0
6145,2024-05-04 03:52:48,0,0
6146,2024-05-04 03:53:00,0,0
6147,2024-05-04 03:53:12,0,0
6148,2024-05-04 03:53:24,0,0
6149,2024-05-04 03:53:36,0,0
6150,2024-05-04 03:53:48,0,0
6151,2024-05-04 03:54:00,0,0
6152,2024-05-04 03:54:12,0,0
6153,2024-05-04 03:54:24,0,0
6154,2024-05-04 03:54:36,0,0
6155,2024-05-04 03:54:48,0,0
6156,2024-05-04 03:55:00,0,0
6157,2024-05-04 03:55:12,0,0
6158,2024-05-04 03:55:24,0,0
6159,2024-05-04 03:55:36,0,0
6160,2024-05-04 03:55:48,0,0
6161,2024-05-04 03:56:00,0,0
6162,2024-05-04 03:56:12,0,0
6163,2024-05-04 03:56:24,0,0
6164,2024-05-04 03:56:36,0,0
6165,2024-05-04 03:56:48,0,0
6166,2024-05-04 03:57:00,0,0
6167,2024-05-04 03:57:12,0,0
6168,2024-05-04 03:57:24,0,0
6169,2024-05-04 03:57:36,0,0
6170,2024-05-04 03:57:48,0,0
6171,2024-05-04 03:58:00,0,0
6172,2024-05-04 03:58:12,0,0
6173,2024-05-04 03:58:24,0,0
6174,2024-05-04 03:58:36,0,0
6175,2024-05-04 03:58:48,0,0
6176,2024-05-04 03:59:00,0,0
6177,2024-05-04 03:59:12,0,0
6178,2024-05-04 03:59:24,0,0
6179,2024-05-04 03:59:36,0,0
6180,2024-05-04 03:59:48,0,0
6181,2024-05-04 04:00:00,0,0
6182,2024-05-04 04:00:12,0,0
6183,2024-05-04 04:00:24,0,0
6184,2024-05-04 04:00:36,0,0
6185,2024-05-04 04:00:48,0,0
6186,2024-05-04 04:01:00,0,0
6187,2024-05-04 04:01:12,0,0
6188,2024-05-04 04:01:24,0,0
6189,2024-05-04 04:01:36,0,0
6190,2024-05-04 04:01:48,0,0
6191,2024-05-04 04:02:00,0,0
6192,2024-05-04 04:02:12,0,0
6193,2024-05-04 04:02:24,0,0
6194,2024-05-04 04:02:36,0,0
6195,2024-05-04 04:02:48,0,0
6196,2024-05-04 04:03:00,0,0
6197,2024-05-04 04:03:12,0,0
6198,2024-05-04 04:03:24,0,0
6199,2024-05-04 04:03:36,0,0
6200,2024-05-04 04:03:48,0,0
6201,2024-05-04 04:04:00,0,0
6202,2024-05-04 04:04:12,0,0
6203,2024-05-04 04:04:24,0,0
6204,2024-05-04 04:04:36,0,0
6205,2024-05-04 04:04:48,0,0
6206,2024-05-04 04:05:00,0,0
6207,2024-05-04 04:05:12,0,0
6208,2024-05-04 04:05:24,0,0
6209,2024-05-04 04:05:36,0,0
6210,2024-05-04 04:05:48,0,0
6211,2024-05-04 04:06:00,0,0
6212,2024-05-04 04:06:12,0,0
6213,2024-05-04 04:06:24,0,0
6214,2024-05-04 04:06:36,0,0
6215,2024-05-04 04:06:48,0,0
6216,2024-05-04 04:07:00,0,0
6217,2024-05-04 04:07:12,0,0
6218,2024-05-04 04:07:24,0,0
6219,2024-05-04 04:07:36,0,0
6220,2024-05-04 04:07:48,0,0
6221,2024-05-04 04:08:00,0,0
6222,2024-05-04 04:08:12,0,0
6223,2024-05-04 04:08:24,0,0
6224,2024-05-04 04:08:36,0,0
6225,2024-05-04 04:08:48,0,0
6226,2024-05-04 04:09:00,0,0
6227,2024-05-04 04:09:12,0,0
6228,2024-05-04 04:09:24,0,0
6229,2024-05-04 04:09:36,0,0
6230,2024-05-04 04:09:48,0,0
6231,2024-05-04 04:10:00,0,0
6232,2024-05-04 04:10:12,0,0
6233,2024-05-04 04:10:24,0,0
6234,2024-05-04 04:10:36,0,0
6235,2024-05-04 04:10:48,0,0
6236,2024-05-04 04:11:00,0,0
6237,2024-05-04 04:11:12,0,0
6238,2024-05-04 04:11:24,0,0
6239,2024-05-04 04:11:36,0,0
6240,2024-05-04 04:11:48,0,0
6241,2024-05-04 04:12:00,0,0
6242,2024-05-04 04:12:12,0,0
6243,2024-05-04 04:12:24,0,0
6244,2024-05-04 04:12:36,0,0
6245,2024-05-04 04:12:48,0,0
6246,2024-05-04 04:13:00,0,0
6247,2024-05-04 04:13:12,0,0
6248,2024-05-04 04:13:24,0,0
6249,2024-05-04 04:13:36,0,0
6250,2024-05-04 04:13:48,0,0
6251,2024-05-04 04:14:00,0,0
6252,2024-05-04 04:14:12,0,0
6253,2024-05-04 04:14:24,0,0
6254,2024-05-04 04:14:36,0,0
6255,2024-05-04 04:14:48,0,0
6256,2024-05-04 04:15:00,0,0
6257,2024-05-04 04:15:12,0,0
6258,2024-05-04 04:15:24,0,0
6259,2024-05-04 04:15:36,0,0
6260,2024-05-04 04:15:48,0,0
6261,2024-05-04 04:16:00,0,0
6262,2024-05-04 04:16:12,0,0
6263,2024-05-04 04:16:24,0,0
6264,2024-05-04 04:16:36,0,0
6265,2024-05-04 04:16:48,0,0
6266,2024-05-04 04:17:00,0,0
6267,2024-05-04 04:17:12,0,0
6268,2024-05-04 04:17:24,0,0
6269,2024-05-04 04:17:36,0,0
6270,2024-05-04 04:17:48,0,0
6271,2024-05-04 04:18:00,0,0
6272,2024-05-04 04:18:12,0,0
6273,2024-05-04 04:18:24,0,0
6274,2024-05-04 04:18:36,0,0
6275,2024-05-04 04:18:48,0,0
6276,2024-05-04 04:19:00,0,0
6277,2024-05-04 04:19:12,0,0
6278,2024-05-04 04:19:24,0,0
6279,2024-05-04 04:19:36,0,0
6280,2024-05-04 04:19:48,0,0
6281,2024-05-04 04:20:00,0,0
6282,2024-05-04 04:20:12,0,0
6283,2024-05-04 04:20:24,0,0
6284,2024-05-04 04:20:36,0,0
6285,2024-05-04 04:20:48,0,0
6286,2024-05-04 04:21:00,0,0
6287,2024-05-04 04:21:12,0,0
6288,2024-05-04 04:21:24,0,0
6289,2024-05-04 04:21:36,0,0
6290,2024-05-04 04:21:48,0,0
6291,2024-05-04 04:22:00,0,0
6292,2024-05-04 04:22:12,0,0
6293,2024-05-04 04:22:24,0,0
6294,2024-05-04 04:22:36,0,0
6295,2024-05-04 04:22:48,0,0
6296,2024-05-04 04:23:00,0,0
6297,2024-05-04 04:23:12,0,0
6298,2024-05-04 04:23:24,0,0
6299,2024-05-04 04:23:36,0,0
6300,2024-05-04 04:23:48,0,0
6301,2024-05-04 04:24:00,0,0
6302,2024-05-04 04:24:12,0,0
6303,2024-05-04 04:24:24,0,0
6304,2024-05-04 04:24:36,0,0
6305,2024-05-04 04:24:48,0,0
6306,2024-05-04 04:25:00,0,0
6307,2024-05-04 04:25:12,0,0
6308,2024-05-04 04:25:24,0,0
6309,2024-05-04 04:25:36,0,0
6310,2024-05-04 04:25:48,0,0
6311,2024-05-04 04:26:00,0,0
6312,2024-05-04 04:26:12,0,0
6313,2024-05-04 04:26:24,0,0
6314,2024-05-04 04:26:36,0,0
6315,2024-05-04 04:26:48,0,0
6316,2024-05-04 04:27:00,0,0
6317,2024-05-04 04:27:12,0,0
6318,2024-05-04 04:27:24,0,0
6319,2024-05-04 04:27:36,0,0
6320,2024-05-04 04:27:48,0,0
6321,2024-05-04 04:28:00,0,0
6322,2024-05-04 04:28:12,0,0
6323,2024-05-04 04:28:24,0,0
6324,2024-05-04 04:28:36,0,0
6325,2024-05-04 04:28:48,0,0
6326,2024-05-04 04:29:00,0,0
6327,2024-05-04 04:29:12,0,0
6328,2024-05-04 04:29:24,0,0
6329,2024-05-04 04:29:36,0,0
6330,2024-05-04 04:29:48,0,0
6331,2024-05-04 04:30:00,0,0
6332,2024-05-04 04:30:12,0,0
6333,2024-05-04 04:30:24,0,0
6334,2024-05-04 04:30:36,0,0
6335,2024-05-04 04:30:48,0,0
6336,2024-05-04 04:31:00,0,0
6337,2024-05-04 04:31:12,0,0
6338,2024-05-04 04:31:24,0,0
6339,2024-05-04 04:31:36,0,0
6340,2024-05-04 04:31:48,0,0
6341,2024-05-04 04:32:00,0,0
6342,2024-05-04 04:32:12,0,0
6343,2024-05-04 04:32:24,0,0
6344,2024-05-04 04:32:36,0,0
6345,2024-05-04 04:32:48,0,0
6346,2024-05-04 04:33:00,0,0
6347,2024-05-04 04:33:12,0,0
6348,2024-05-04 04:33:24,0,0
6349,2024-05-04 04:33:36,0,0
6350,2024-05-04 04:33:48,0,0
6351,2024-05-04 04:34:00,0,0
6352,2024-05-04 04:34:12,0,0
6353,2024-05-04 04:34:24,0,0
6354,2024-05-04 04:34:36,0,0
6355,2024-05-04 04:34:48,0,0
6356,2024-05-04 04:35:00,0,0
6357,2024-05-04 04:35:12,0,0
6358,2024-05-04 04:35:24,0,0
6359,2024-05-04 04:35:36,0,0
6360,2024-05-04 04:35:48,0,0
6361,2024-05-04 04:36:00,0,0
6362,2024-05-04 04:36:12,0,0
6363,2024-05-04 04:36:24,0,0
6364,2024-05-04 04:36:36,0,0
6365,2024-05-04 04:36:48,0,0
6366,2024-05-04 04:37:00,0,0
6367,2024-05-04 04:37:12,0,0
6368,2024-05-04 04:37:24,0,0
6369,2024-05-04 04:37:36,0,0
6370,2024-05-04 04:37:48,0,0
6371,2024-05-04 04:38:00,0,0
6372,2024-05-04 04:38:12,0,0
6373,2024-05-04 04:38:24,0,0
6374,2024-05-04 04:38:36,0,0
6375,2024-05-04 04:38:48,0,0
6376,2024-05-04 04:39:00,0,0
6377,2024-05-04 04:39:12,0,0
6378,2024-05-04 04:39:24,0,0
6379,2024-05-04 04:39:36,0,0
6380,2024-05-04 04:39:48,0,0
6381,2024-05-04 04:40:00,0,0
6382,2024-05-04 04:40:12,0,0
6383,2024-05-04 04:40:24,0,0
6384,2024-05-04 04:40:36,0,0
6385,2024-05-04 04:40:48,0,0
6386,2024-05-04 04:41:00,0,0
6387,2024-05-04 04:41:12,0,0
6388,2024-05-04 04:41:24,0,0
6389,2024-05-04 04:41:36,0,0
6390,2024-05-04 04:41:48,0,0
6391,2024-05-04 04:42:00,0,0
6392,2024-05-04 04:42:12,0,0
6393,2024-05-04 04:42:24,0,0
6394,2024-05-04 04:42:36,0,0
6395,2024-05-04 04:42:48,0,0
6396,2024-05-04 04:43:00,0,0
6397,2024-05-04 04:43:12,0,0
6398,2024-05-04 04:43:24,0,0
6399,2024-05-04 04:43:36,0,0
6400,2024-05-04 04:43:48,0,0
6401,2024-05-04 04:44:00,0,0
6402,2024-05-04 04:44:12,0,0
6403,2024-05-04 04:44:24,0,0
6404,2024-05-04 04:44:36,0,0
6405,2024-05-04 04:44:48,0,0
6406,2024-05-04 04:45:00,0,0
6407,2024-05-04 04:45:12,0,0
6408,2024-05-04 04:45:24,0,0
6409,2024-05-04 04:45:36,0,0
6410,2024-05-04 04:45:48,0,0
6411,2024-05-04 04:46:00,0,0
6412,2024-05-04 04:46:12,0,0
6413,2024-05-04 04:46:24,0,0
6414,2024-05-04 04:46:36,0,0
6415,2024-05-04 04:46:48,0,0
6416,2024-05-04 04:47:00,0,0
6417,2024-05-04 04:47:12,0,0
6418,2024-05-04 04:47:24,0,0
6419,2024-05-04 04:47:36,0,0
6420,2024-05-04 04:47:48,0,0
6421,2024-05-04 04:48:00,0,0
6422,2024-05-04 04:48:12,0,0
6423,2024-05-04 04:48:24,0,0
6424,2024-05-04 04:48:36,0,0
6425,2024-05-04 04:48:48,0,0
6426,2024-05-04 04:49:00,0,0
6427,2024-05-04 04:49:12,0,0
6428,2024-05-04 04:49:24,0,0
6429,2024-05-04 04:49:36,0,0
6430,2024-05-04 04:49:48,0,0
6431,2024-05-04 04:50:00,0,0
6432,2024-05-04 04:50:12,0,0
6433,2024-05-04 04:50:24,0,0
6434,2024-05-04 04:50:36,0,0
6435,2024-05-04 04:50:48,0,0
6436,2024-05-04 04:51:00,0,0
6437,2024-05-04 04:51:12,0,0
6438,2024-05-04 04:51:24,0,0
6439,2024-05-04 04:51:36,0,0
6440,2024-05-04 04:51:48,0,0
6441,2024-05-04 04:52:00,0,0
6442,2024-05-04 04:52:12,0,0
6443,2024-05-04 04:52:24,0,0
6444,2024-05-04 04:52:36,0,0
6445,2024-05-04 04:52:48,0,0
6446,2024-05-04 04:53:00,0,0
6447,2024-05-04 04:53:12,0,0
6448,2024-05-04 04:53:24,0,0
6449,2024-05-04 04:53:36,0,0
6450,2024-05-04 04:53:48,0,0
6451,2024-05-04 04:54:00,0,0
6452,2024-05-04 04:54:12,0,0
6453,2024-05-04 04:54:24,0,0
6454,2024-05-04 04:54:36,0,0
6455,2024-05-04 04:54:48,0,0
6456,2024-05-04 04:55:00,0,0
6457,2024-05-04 04:55:12,0,0
6458,2024-05-04 04:55:24,0,0
6459,2024-05-04 04:55:36,0,0
6460,2024-05-04 04:55:48,0,0
6461,2024-05-04 04:56:00,0,0
6462,2024-05-04 04:56:12,0,0
6463,2024-05-04 04:56:24,0,0
6464,2024-05-04 04:56:36,0,0
6465,2024-05-04 04:56:48,0,0
6466,2024-05-04 04:57:00,0,0
6467,2024-05-04 04:57:12,0,0
6468,2024-05-04 04:57:24,0,0
6469,2024-05-04 04:57:36,0,0
6470,2024-05-04 04:57:48,0,0
6471,2024-05-04 04:58:00,0,0
6472,2024-05-04 04:58:12,0,0
6473,2024-05-04 04:58:24,0,0
6474,2024-05-04 04:58:36,0,0
6475,2024-05-04 04:58:48,0,0
6476,2024-05-04 04:59:00,0,0
6477,2024-05-04 04:59:12,0,0
6478,2024-05-04 04:59:24,0,0
6479,2024-05-04 04:59:36,0,0
6480,2024-05-04 04:59:48,0,0
6481,2024-05-04 05:00:00,0,0
6482,2024-05-04 05:00:12,0,0
6483,2024-05-04 05:00:24,0,0
6484,2024-05-04 05:00:36,0,0
6485,2024-05-04 05:00:48,0,0
6486,2024-05-04 05:01:00,0,0
6487,2024-05-04 05:01:12,0,0
6488,2024-05-04 05:01:24,0,0
6489,2024-05-04 05:01:36,0,0
6490,2024-05-04 05:01:48,0,0
6491,2024-05-04 05:02:00,0,0
6492,2024-05-04 05:02:12,0,0
6493,2024-05-04 05:02:24,0,0
6494,2024-05-04 05:02:36,0,0
6495,2024-05-04 05:02:48,0,0
6496,2024-05-04 05:03:00,0,0
6497,2024-05-04 05:03:12,0,0
6498,2024-05-04 05:03:24,0,0
6499,2024-05-04 05:03:36,0,0
6500,2024-05-04 05:03:48,0,0
6501,2024-05-04 05:04:00,0,0
6502,2024-05-04 05:04:12,0,0
6503,2024-05-04 05:04:24,0,0
6504,2024-05-04 05:04:36,0,0
6505,2024-05-04 05:04:48,0,0
6506,2024-05-04 05:05:00,0,0
6507,2024-05-04 05:05:12,0,0
6508,2024-05-04 05:05:24,0,0
6509,2024-05-04 05:05:36,0,0
6510,2024-05-04 05:05:48,0,0
6511,2024-05-04 05:06:00,0,0
6512,2024-05-04 05:06:12,0,0
6513,2024-05-04 05:06:24,0,0
6514,2024-05-04 05:06:36,0,0
6515,2024-05-04 05:06:48,0,0
6516,2024-05-04 05:07:00,0,0
6517,2024-05-04 05:07:12,0,0
6518,2024-05-04 05:07:24,0,0
6519,2024-05-04 05:07:36,0,0
6520,2024-05-04 05:07:48,0,0
6521,2024-05-04 05:08:00,0,0
6522,2024-05-04 05:08:12,0,0
6523,2024-05-04 05:08:24,0,0
6524,2024-05-04 05:08:36,0,0
6525,2024-05-04 05:08:48,0,0
6526,2024-05-04 05:09:00,0,0
6527,2024-05-04 05:09:12,0,0
6528,2024-05-04 05:09:24,0,0
6529,2024-05-04 05:09:36,0,0
6530,2024-05-04 05:09:48,0,0
6531,2024-05-04 05:10:00,0,0
6532,2024-05-04 05:10:12,0,0
6533,2024-05-04 05:10:24,0,0
6534,2024-05-04 05:10:36,0,0
6535,2024-05-04 05:10:48,0,0
6536,2024-05-04 05:11:00,0,0
6537,2024-05-04 05:11:12,0,0
6538,2024-05-04 05:11:24,0,0
6539,2024-05-04 05:11:36,0,0
6540,2024-05-04 05:11:48,0,0
6541,2024-05-04 05:12:00,0,0
6542,2024-05-04 05:12:12,0,0
6543,2024-05-04 05:12:24,0,0
6544,2024-05-04 05:12:36,0,0
6545,2024-05-04 05:12:48,0,0
6546,2024-05-04 05:13:00,0,0
6547,2024-05-04 05:13:12,0,0
6548,2024-05-04 05:13:24,0,0
6549,2024-05-04 05:13:36,0,0
6550,2024-05-04 05:13:48,0,0
6551,2024-05-04 05:14:00,0,0
6552,2024-05-04 05:14:12,0,0
6553,2024-05-04 05:14:24,0,0
6554,2024-05-04 05:14:36,0,0
6555,2024-05-04 05:14:48,0,0
6556,2024-05-04 05:15:00,0,0
6557,2024-05-04 05:15:12,0,0
6558,2024-05-04 05:15:24,0,0
6559,2024-05-04 05:15:36,0,0
6560,2024-05-04 05:15:48,0,0
6561,2024-05-04 05:16:00,0,0
6562,2024-05-04 05:16:12,0,0
6563,2024-05-04 05:16:24,0,0
6564,2024-05-04 05:16:36,0,0
6565,2024-05-04 05:16:48,0,0
6566,2024-05-04 05:17:00,0,0
6567,2024-05-04 05:17:12,0,0
6568,2024-05-04 05:17:24,0,0
6569,2024-05-04 05:17:36,0,0
6570,2024-05-04 05:17:48,0,0
6571,2024-05-04 05:18:00,0,0
6572,2024-05-04 05:18:12,0,0
6573,2024-05-04 05:18:24,0,0
6574,2024-05-04 05:18:36,0,0
6575,2024-05-04 05:18:48,0,0
6576,2024-05-04 05:19:00,0,0
6577,2024-05-04 05:19:12,0,0
6578,2024-05-04 05:19:24,0,0
6579,2024-05-04 05:19:36,0,0
6580,2024-05-04 05:19:48,0,0
6581,2024-05-04 05:20:00,0,0
6582,2024-05-04 05:20:12,0,0
6583,2024-05-04 05:20:24,0,0
6584,2024-05-04 05:20:36,0,0
6585,2024-05-04 05:20:48,0,0
6586,2024-05-04 05:21:00,0,0
6587,2024-05-04 05:21:12,0,0
6588,2024-05-04 05:21:24,0,0
6589,2024-05-04 05:21:36,0,0
6590,2024-05-04 05:21:48,0,0
6591,2024-05-04 05:22:00,0,0
6592,2024-05-04 05:22:12,0,0
6593,2024-05-04 05:22:24,0,0
6594,2024-05-04 05:22:36,0,0
6595,2024-05-04 05:22:48,0,0
6596,2024-05-04 05:23:00,0,0
6597,2024-05-04 05:23:12,0,0
6598,2024-05-04 05:23:24,0,0
6599,2024-05-04 05:23:36,0,0
6600,2024-05-04 05:23:48,0,0
6601,2024-05-04 05:24:00,0,0
6602,2024-05-04 05:24:12,0,0
6603,2024-05-04 05:24:24,0,0
6604,2024-05-04 05:24:36,0,0
6605,2024-05-04 05:24:48,0,0
6606,2024-05-04 05:25:00,0,0
6607,2024-05-04 05:25:12,0,0
6608,2024-05-04 05:25:24,0,0
6609,2024-05-04 05:25:36,0,0
6610,2024-05-04 05:25:48,0,0
6611,2024-05-04 05:26:00,0,0
6612,2024-05-04 05:26:12,0,0
6613,2024-05-04 05:26:24,0,0
6614,2024-05-04 05:26:36,0,0
6615,2024-05-04 05:26:48,0,0
6616,2024-05-04 05:27:00,0,0
6617,2024-05-04 05:27:12,0,0
6618,2024-05-04 05:27:24,0,0
6619,2024-05-04 05:27:36,0,0
6620,2024-05-04 05:27:48,0,0
6621,2024-05-04 05:28:00,0,0
6622,2024-05-04 05:28:12,0,0
6623,2024-05-04 05:28:24,0,0
6624,2024-05-04 05:28:36,0,0
6625,2024-05-04 05:28:48,0,0
6626,2024-05-04 05:29:00,0,0
6627,2024-05-04 05:29:12,0,0
6628,2024-05-04 05:29:24,0,0
6629,2024-05-04 05:29:36,0,0
6630,2024-05-04 05:29:48,0,0
6631,2024-05-04 05:30:00,0,0
6632,2024-05-04 05:30:12,0,0
6633,2024-05-04 05:30:24,0,0
6634,2024-05-04 05:30:36,0,0
6635,2024-05-04 05:30:48,0,0
6636,2024-05-04 05:31:00,0,0
6637,2024-05-04 05:31:12,0,0
6638,2024-05-04 05:31:24,0,0
6639,2024-05-04 05:31:36,0,0
6640,2024-05-04 05:31:48,0,0
6641,2024-05-04 05:32:00,0,0
6642,2024-05-04 05:32:12,0,0
6643,2024-05-04 05:32:24,0,0
6644,2024-05-04 05:32:36,0,0
6645,2024-05-04 05:32:48,0,0
6646,2024-05-04 05:33:00,0,0
6647,2024-05-04 05:33:12,0,0
6648,2024-05-04 05:33:24,0,0
6649,2024-05-04 05:33:36,0,0
6650,2024-05-04 05:33:48,0,0
6651,2024-05-04 05:34:00,0,0
6652,2024-05-04 05:34:12,0,0
6653,2024-05-04 05:34:24,0,0
6654,2024-05-04 05:34:36,0,0
6655,2024-05-04 05:34:48,0,0
6656,2024-05-04 05:35:00,0,0
6657,2024-05-04 05:35:12,0,0
6658,2024-05-04 05:35:24,0,0
6659,2024-05-04 05:35:36,0,0
6660,2024-05-04 05:35:48,0,0
6661,2024-05-04 05:36:00,0,0
6662,2024-05-04 05:36:12,0,0
6663,2024-05-04 05:36:24,0,0
6664,2024-05-04 05:36:36,0,0
6665,2024-05-04 05:36:48,0,0
6666,2024-05-04 05:37:00,0,0
6667,2024-05-04 05:37:12,0,0
6668,2024-05-04 05:37:24,0,0
6669,2024-05-04 05:37:36,0,0
6670,2024-05-04 05:37:48,0,0
6671,2024-05-04 05:38:00,0,0
6672,2024-05-04 05:38:12,0,0
6673,2024-05-04 05:38:24,0,0
6674,2024-05-04 05:38:36,0,0
6675,2024-05-04 05:38:48,0,0
6676,2024-05-04 05:39:00,0,0
6677,2024-05-04 05:39:12,0,0
6678,2024-05-04 05:39:24,0,0
6679,2024-05-04 05:39:36,0,0
6680,2024-05-04 05:39:48,0,0
6681,2024-05-04 05:40:00,0,0
6682,2024-05-04 05:40:12,0,0
6683,2024-05-04 05:40:24,0,0
6684,2024-05-04 05:40:36,0,0
6685,2024-05-04 05:40:48,0,0
6686,2024-05-04 05:41:00,0,0
6687,2024-05-04 05:41:12,0,0
6688,2024-05-04 05:41:24,0,0
6689,2024-05-04 05:41:36,0,0
6690,2024-05-04 05:41:48,0,0
6691,2024-05-04 05:42:00,0,0
6692,2024-05-04 05:42:12,0,0
6693,2024-05-04 05:42:24,0,0
6694,2024-05-04 05:42:36,0,0
6695,2024-05-04 05:42:48,0,0
6696,2024-05-04 05:43:00,0,0
6697,2024-05-04 05:43:12,0,0
6698,2024-05-04 05:43:24,0,0
6699,2024-05-04 05:43:36,0,0
6700,2024-05-04 05:43:48,0,0
6701,2024-05-04 05:44:00,0,0
6702,2024-05-04 05:44:12,0,0
6703,2024-05-04 05:44:24,0,0
6704,2024-05-04 05:44:36,0,0
6705,2024-05-04 05:44:48,0,0
6706,2024-05-04 05:45:00,0,0
6707,2024-05-04 05:45:12,0,0
6708,2024-05-04 05:45:24,0,0
6709,2024-05-04 05:45:36,0,0
6710,2024-05-04 05:45:48,0,0
6711,2024-05-04 05:46:00,0,0
6712,2024-05-04 05:46:12,0,0
6713,2024-05-04 05:46:24,0,0
6714,2024-05-04 05:46:36,0,0
6715,2024-05-04 05:46:48,0,0
6716,2024-05-04 05:47:00,0,0
6717,2024-05-04 05:47:12,0,0
6718,2024-05-04 05:47:24,0,0
6719,2024-05-04 05:47:36,0,0
6720,2024-05-04 05:47:48,0,0
6721,2024-05-04 05:48:00,0,0
6722,2024-05-04 05:48:12,0,0
6723,2024-05-04 05:48:24,0,0
6724,2024-05-04 05:48:36,0,0
6725,2024-05-04 05:48:48,0,0
6726,2024-05-04 05:49:00,0,0
6727,2024-05-04 05:49:12,0,0
6728,2024-05-04 05:49:24,0,0
6729,2024-05-04 05:49:36,0,0
6730,2024-05-04 05:49:48,0,0
6731,2024-05-04 05:50:00,0,0
6732,2024-05-04 05:50:12,0,0
6733,2024-05-04 05:50:24,0,0
6734,2024-05-04 05:50:36,0,0
6735,2024-05-04 05:50:48,0,0
6736,2024-05-04 05:51:00,0,0
6737,2024-05-04 05:51:12,0,0
6738,2024-05-04 05:51:24,0,0
6739,2024-05-04 05:51:36,0,0
6740,2024-05-04 05:51:48,0,0
6741,2024-05-04 05:52:00,0,0
6742,2024-05-04 05:52:12,0,0
6743,2024-05-04 05:52:24,0,0
6744,2024-05-04 05:52:36,0,0
6745,2024-05-04 05:52:48,0,0
6746,2024-05-04 05:53:00,0,0
6747,2024-05-04 05:53:12,0,0
6748,2024-05-04 05:53:24,0,0
6749,2024-05-04 05:53:36,0,0
6750,2024-05-04 05:53:48,0,0
6751,2024-05-04 05:54:00,0,0
6752,2024-05-04 05:54:12,0,0
6753,2024-05-04 05:54:24,0,0
6754,2024-05-04 05:54:36,0,0
6755,2024-05-04 05:54:48,0,0
6756,2024-05-04 05:55:00,0,0
6757,2024-05-04 05:55:12,0,0
6758,2024-05-04 05:55:24,0,0
6759,2024-05-04 05:55:36,0,0
6760,2024-05-04 05:55:48,0,0
6761,2024-05-04 05:56:00,0,0
6762,2024-05-04 05:56:12,0,0
6763,2024-05-04 05:56:24,0,0
6764,2024-05-04 05:56:36,0,0
6765,2024-05-04 05:56:48,0,0
6766,2024-05-04 05:57:00,0,0
6767,2024-05-04 05:57:12,0,0
6768,2024-05-04 05:57:24,0,0
6769,2024-05-04 05:57:36,0,0
6770,2024-05-04 05:57:48,0,0
6771,2024-05-04 05:58:00,0,0
6772,2024-05-04 05:58:12,0,0
6773,2024-05-04 05:58:24,0,0
6774,2024-05-04 05:58:36,0,0
6775,2024-05-04 05:58:48,0,0
6776,2024-05-04 05:59:00,0,0
6777,2024-05-04 05:59:12,0,0
6778,2024-05-04 05:59:24,0,0
6779,2024-05-04 05:59:36,0,0
6780,2024-05-04 05:59:48,0,0
6781,2024-05-04 06:00:00,0,0
6782,2024-05-04 06:00:12,0,0
6783,2024-05-04 06:00:24,0,0
6784,2024-05-04 06:00:36,0,0
6785,2024-05-04 06:00:48,0,0
6786,2024-05-04 06:01:00,0,0
6787,2024-05-04 06:01:12,0,0
6788,2024-05-04 06:01:24,0,0
6789,2024-05-04 06:01:36,0,0
6790,2024-05-04 06:01:48,0,0
6791,2024-05-04 06:02:00,0,0
6792,2024-05-04 06:02:12,0,0
6793,2024-05-04 06:02:24,0,0
6794,2024-05-04 06:02:36,0,0
6795,2024-05-04 06:02:48,0,0
6796,2024-05-04 06:03:00,0,0
6797,2024-05-04 06:03:12,0,0
6798,2024-05-04 06:03:24,0,0
6799,2024-05-04 06:03:36,0,0
6800,2024-05-04 06:03:48,0,0
6801,2024-05-04 06:04:00,0,0
6802,2024-05-04 06:04:12,0,0
6803,2024-05-04 06:04:24,0,0
6804,2024-05-04 06:04:36,0,0
6805,2024-05-04 06:04:48,0,0
6806,2024-05-04 06:05:00,0,0
6807,2024-05-04 06:05:12,0,0
6808,2024-05-04 06:05:24,0,0
6809,2024-05-04 06:05:36,0,0
6810,2024-05-04 06:05:48,0,0
6811,2024-05-04 06:06:00,0,0
6812,2024-05-04 06:06:12,0,0
6813,2024-05-04 06:06:24,0,0
6814,2024-05-04 06:06:36,0,0
6815,2024-05-04 06:06:48,0,0
6816,2024-05-04 06:07:00,0,0
6817,2024-05-04 06:07:12,0,0
6818,2024-05-04 06:07:24,0,0
6819,2024-05-04 06:07:36,0,0
6820,2024-05-04 06:07:48,0,0
6821,2024-05-04 06:08:00,0,0
6822,2024-05-04 06:08:12,0,0
6823,2024-05-04 06:08:24,0,0
6824,2024-05-04 06:08:36,0,0
6825,2024-05-04 06:08:48,0,0
6826,2024-05-04 06:09:00,0,0
6827,2024-05-04 06:09:12,0,0
6828,2024-05-04 06:09:24,0,0
6829,2024-05-04 06:09:36,0,0
6830,2024-05-04 06:09:48,0,0
6831,2024-05-04 06:10:00,0,0
6832,2024-05-04 06:10:12,0,0
6833,2024-05-04 06:10:24,0,0
6834,2024-05-04 06:10:36,0,0
6835,2024-05-04 06:10:48,0,0
6836,2024-05-04 06:11:00,0,0
6837,2024-05-04 06:11:12,0,0
6838,2024-05-04 06:11:24,0,0
6839,2024-05-04 06:11:36,0,0
6840,2024-05-04 06:11:48,0,0
6841,2024-05-04 06:12:00,0,0
6842,2024-05-04 06:12:12,0,0
6843,2024-05-04 06:12:24,0,0
6844,2024-05-04 06:12:36,0,0
6845,2024-05-04 06:12:48,0,0
6846,2024-05-04 06:13:00,0,0
6847,2024-05-04 06:13:12,0,0
6848,2024-05-04 06:13:24,0,0
6849,2024-05-04 06:13:36,0,0
6850,2024-05-04 06:13:48,0,0
6851,2024-05-04 06:14:00,0,0
6852,2024-05-04 06:14:12,0,0
6853,2024-05-04 06:14:24,0,0
6854,2024-05-04 06:14:36,0,0
6855,2024-05-04 06:14:48,0,0
6856,2024-05-04 06:15:00,0,0
6857,2024-05-04 06:15:12,0,0
6858,2024-05-04 06:15:24,0,0
6859,2024-05-04 06:15:36,0,0
6860,2024-05-04 06:15:48,0,0
6861,2024-05-04 06:16:00,0,0
6862,2024-05-04 06:16:12,0,0
6863,2024-05-04 06:16:24,0,0
6864,2024-05-04 06:16:36,0,0
6865,2024-05-04 06:16:48,0,0
6866,2024-05-04 06:17:00,0,0
6867,2024-05-04 06:17:12,0,0
6868,2024-05-04 06:17:24,0,0
6869,2024-05-04 06:17:36,0,0
6870,2024-05-04 06:17:48,0,0
6871,2024-05-04 06:18:00,0,0
6872,2024-05-04 06:18:12,0,0
6873,2024-05-04 06:18:24,0,0
6874,2024-05-04 06:18:36,0,0
6875,2024-05-04 06:18:48,0,0
6876,2024-05-04 06:19:00,0,0
6877,2024-05-04 06:19:12,0,0
6878,2024-05-04 06:19:24,0,0
6879,2024-05-04 06:19:36,0,0
6880,2024-05-04 06:19:48,0,0
6881,2024-05-04 06:20:00,0,0
6882,2024-05-04 06:20:12,0,0
6883,2024-05-04 06:20:24,0,0
6884,2024-05-04 06:20:36,0,0
6885,2024-05-04 06:20:48,0,0
6886,2024-05-04 06:21:00,0,0
6887,2024-05-04 06:21:12,0,0
6888,2024-05-04 06:21:24,0,0
6889,2024-05-04 06:21:36,0,0
6890,2024-05-04 06:21:48,0,0
6891,2024-05-04 06:22:00,0,0
6892,2024-05-04 06:22:12,0,0
6893,2024-05-04 06:22:24,0,0
6894,2024-05-04 06:22:36,0,0
6895,2024-05-04 06:22:48,0,0
6896,2024-05-04 06:23:00,0,0
6897,2024-05-04 06:23:12,0,0
6898,2024-05-04 06:23:24,0,0
6899,2024-05-04 06:23:36,0,0
6900,2024-05-04 06:23:48,0,0
6901,2024-05-04 06:24:00,0,0
6902,2024-05-04 06:24:12,0,0
6903,2024-05-04 06:24:24,0,0
6904,2024-05-04 06:24:36,0,0
6905,2024-05-04 06:24:48,0,0
6906,2024-05-04 06:25:00,0,0
6907,2024-05-04 06:25:12,0,0
6908,2024-05-04 06:25:24,0,0
6909,2024-05-04 06:25:36,0,0
6910,2024-05-04 06:25:48,0,0
6911,2024-05-04 06:26:00,0,0
6912,2024-05-04 06:26:12,0,0
6913,2024-05-04 06:26:24,0,0
6914,2024-05-04 06:26:36,0,0
6915,2024-05-04 06:26:48,0,0
6916,2024-05-04 06:27:00,0,0
6917,2024-05-04 06:27:12,0,0
6918,2024-05-04 06:27:24,0,0
6919,2024-05-04 06:27:36,0,0
6920,2024-05-04 06:27:48,0,0
6921,2024-05-04 06:28:00,0,0
6922,2024-05-04 06:28:12,0,0
6923,2024-05-04 06:28:24,0,0
6924,2024-05-04 06:28:36,0,0
6925,2024-05-04 06:28:48,0,0
6926,2024-05-04 06:29:00,0,0
6927,2024-05-04 06:29:12,0,0
6928,2024-05-04 06:29:24,0,0
6929,2024-05-04 06:29:36,0,0
6930,2024-05-04 06:29:48,0,0
6931,2024-05-04 06:30:00,0,0
6932,2024-05-04 06:30:12,0,0
6933,2024-05-04 06:30:24,0,0
6934,2024-05-04 06:30:36,0,0
6935,2024-05-04 06:30:48,0,0
6936,2024-05-04 06:31:00,0,0
6937,2024-05-04 06:31:12,0,0
6938,2024-05-04 06:31:24,0,0
6939,2024-05-04 06:31:36,0,0
6940,2024-05-04 06:31:48,0,0
6941,2024-05-04 06:32:00,0,0
6942,2024-05-04 06:32:12,0,0
6943,2024-05-04 06:32:24,0,0
6944,2024-05-04 06:32:36,0,0
6945,2024-05-04 06:32:48,0,0
6946,2024-05-04 06:33:00,0,0
6947,2024-05-04 06:33:12,0,0
6948,2024-05-04 06:33:24,0,0
6949,2024-05-04 06:33:36,0,0
6950,2024-05-04 06:33:48,0,0
6951,2024-05-04 06:34:00,0,0
6952,2024-05-04 06:34:12,0,0
6953,2024-05-04 06:34:24,0,0
6954,2024-05-04 06:34:36,0,0
6955,2024-05-04 06:34:48,0,0
6956,2024-05-04 06:35:00,0,0
6957,2024-05-04 06:35:12,0,0
6958,2024-05-04 06:35:24,0,0
6959,2024-05-04 06:35:36,0,0
6960,2024-05-04 06:35:48,0,0
6961,2024-05-04 06:36:00,0,0
6962,2024-05-04 06:36:12,0,0
6963,2024-05-04 06:36:24,0,0
6964,2024-05-04 06:36:36,0,0
6965,2024-05-04 06:36:48,0,0
6966,2024-05-04 06:37:00,0,0
6967,2024-05-04 06:37:12,0,0
6968,2024-05-04 06:37:24,0,0
6969,2024-05-04 06:37:36,0,0
6970,2024-05-04 06:37:48,0,0
6971,2024-05-04 06:38:00,0,0
6972,2024-05-04 06:38:12,0,0
6973,2024-05-04 06:38:24,0,0
6974,2024-05-04 06:38:36,0,0
6975,2024-05-04 06:38:48,0,0
6976,2024-05-04 06:39:00,0,0
6977,2024-05-04 06:39:12,0,0
6978,2024-05-04 06:39:24,0,0
6979,2024-05-04 06:39:36,0,0
6980,2024-05-04 06:39:48,0,0
6981,2024-05-04 06:40:00,0,0
6982,2024-05-04 06:40:12,0,0
6983,2024-05-04 06:40:24,0,0
6984,2024-05-04 06:40:36,0,0
6985,2024-05-04 06:40:48,0,0
6986,2024-05-04 06:41:00,0,0
6987,2024-05-04 06:41:12,0,0
6988,2024-05-04 06:41:24,0,0
6989,2024-05-04 06:41:36,0,0
6990,2024-05-04 06:41:48,0,0
6991,2024-05-04 06:42:00,0,0
6992,2024-05-04 06:42:12,0,0
6993,2024-05-04 06:42:24,0,0
6994,2024-05-04 06:42:36,0,0
6995,2024-05-04 06:42:48,0,0
6996,2024-05-04 06:43:00,0,0
6997,2024-05-04 06:43:12,0,0
6998,2024-05-04 06:43:24,0,0
6999,2024-05-04 06:43:36,0,0
7000,2024-05-04 06:43:48,0,0
7001,2024-05-04 06:44:00,0,0
7002,2024-05-04 06:44:12,0,0
7003,2024-05-04 06:44:24,0,0
7004,2024-05-04 06:44:36,0,0
7005,2024-05-04 06:44:48,0,0
7006,2024-05-04 06:45:00,0,0
7007,2024-05-04 06:45:12,0,0
7008,2024-05-04 06:45:24,0,0
7009,2024-05-04 06:45:36,0,0
7010,2024-05-04 06:45:48,0,0
7011,2024-05-04 06:46:00,0,0
7012,2024-05-04 06:46:12,0,0
7013,2024-05-04 06:46:24,0,0
7014,2024-05-04 06:46:36,0,0
7015,2024-05-04 06:46:48,0,0
7016,2024-05-04 06:47:00,0,0
7017,2024-05-04 06:47:12,0,0
7018,2024-05-04 06:47:24,0,0
7019,2024-05-04 06:47:36,0,0
7020,2024-05-04 06:47:48,0,0
7021,2024-05-04 06:48:00,0,0
7022,2024-05-04 06:48:12,0,0
7023,2024-05-04 06:48:24,0,0
7024,2024-05-04 06:48:36,0,0
7025,2024-05-04 06:48:48,0,0
7026,2024-05-04 06:49:00,0,0
7027,2024-05-04 06:49:12,0,0
7028,2024-05-04 06:49:24,0,0
7029,2024-05-04 06:49:36,0,0
7030,2024-05-04 06:49:48,0,0
7031,2024-05-04 06:50:00,0,0
7032,2024-05-04 06:50:12,0,0
7033,2024-05-04 06:50:24,0,0
7034,2024-05-04 06:50:36,0,0
7035,2024-05-04 06:50:48,0,0
7036,2024-05-04 06:51:00,0,0
7037,2024-05-04 06:51:12,0,0
7038,2024-05-04 06:51:24,0,0
7039,2024-05-04 06:51:36,0,0
7040,2024-05-04 06:51:48,0,0
7041,2024-05-04 06:52:00,0,0
7042,2024-05-04 06:52:12,0,0
7043,2024-05-04 06:52:24,0,0
7044,2024-05-04 06:52:36,0,0
7045,2024-05-04 06:52:48,0,0
7046,2024-05-04 06:53:00,0,0
7047,2024-05-04 06:53:12,0,0
7048,2024-05-04 06:53:24,0,0
7049,2024-05-04 06:53:36,0,0
7050,2024-05-04 06:53:48,0,0
7051,2024-05-04 06:54:00,0,0
7052,2024-05-04 06:54:12,0,0
7053,2024-05-04 06:54:24,0,0
7054,2024-05-04 06:54:36,0,0
7055,2024-05-04 06:54:48,0,0
7056,2024-05-04 06:55:00,0,0
7057,2024-05-04 06:55:12,0,0
7058,2024-05-04 06:55:24,0,0
7059,2024-05-04 06:55:36,0,0
7060,2024-05-04 06:55:48,0,0
7061,2024-05-04 06:56:00,0,0
7062,2024-05-04 06:56:12,0,0
7063,2024-05-04 06:56:24,0,0
7064,2024-05-04 06:56:36,0,0
7065,2024-05-04 06:56:48,0,0
7066,2024-05-04 06:57:00,0,0
7067,2024-05-04 06:57:12,0,0
7068,2024-05-04 06:57:24,0,0
7069,2024-05-04 06:57:36,0,0
7070,2024-05-04 06:57:48,0,0
7071,2024-05-04 06:58:00,0,0
7072,2024-05-04 06:58:12,0,0
7073,2024-05-04 06:58:24,0,0
7074,2024-05-04 06:58:36,0,0
7075,2024-05-04 06:58:48,0,0
7076,2024-05-04 06:59:00,0,0
7077,2024-05-04 06:59:12,0,0
7078,2024-05-04 06:59:24,0,0
7079,2024-05-04 06:59:36,0,0
7080,2024-05-04 06:59:48,0,0
7081,2024-05-04 07:00:00,0,0
7082,2024-05-04 07:00:12,0,0
7083,2024-05-04 07:00:24,0,0
7084,2024-05-04 07:00:36,0,0
7085,2024-05-04 07:00:48,0,0
7086,2024-05-04 07:01:00,0,0
7087,2024-05-04 07:01:12,0,0
7088,2024-05-04 07:01:24,0,0
7089,2024-05-04 07:01:36,0,0
7090,2024-05-04 07:01:48,0,0
7091,2024-05-04 07:02:00,0,0
7092,2024-05-04 07:02:12,0,0
7093,2024-05-04 07:02:24,0,0
7094,2024-05-04 07:02:36,0,0
7095,2024-05-04 07:02:48,0,0
7096,2024-05-04 07:03:00,0,0
7097,2024-05-04 07:03:12,0,0
7098,2024-05-04 07:03:24,0,0
7099,2024-05-04 07:03:36,0,0
7100,2024-05-04 07:03:48,0,0
7101,2024-05-04 07:04:00,0,0
7102,2024-05-04 07:04:12,0,0
7103,2024-05-04 07:04:24,0,0
7104,2024-05-04 07:04:36,0,0
7105,2024-05-04 07:04:48,0,0
7106,2024-05-04 07:05:00,0,0
7107,2024-05-04 07:05:12,0,0
7108,2024-05-04 07:05:24,0,0
7109,2024-05-04 07:05:36,0,0
7110,2024-05-04 07:05:48,0,0
7111,2024-05-04 07:06:00,0,0
7112,2024-05-04 07:06:12,0,0
7113,2024-05-04 07:06:24,0,0
7114,2024-05-04 07:06:36,0,0
7115,2024-05-04 07:06:48,0,0
7116,2024-05-04 07:07:00,0,0
7117,2024-05-04 07:07:12,0,0
7118,2024-05-04 07:07:24,0,0
7119,2024-05-04 07:07:36,0,0
7120,2024-05-04 07:07:48,0,0
7121,2024-05-04 07:08:00,0,0
7122,2024-05-04 07:08:12,0,0
7123,2024-05-04 07:08:24,0,0
7124,2024-05-04 07:08:36,0,0
7125,2024-05-04 07:08:48,0,0
7126,2024-05-04 07:09:00,0,0
7127,2024-05-04 07:09:12,0,0
7128,2024-05-04 07:09:24,0,0
7129,2024-05-04 07:09:36,0,0
7130,2024-05-04 07:09:48,0,0
7131,2024-05-04 07:10:00,0,0
7132,2024-05-04 07:10:12,0,0
7133,2024-05-04 07:10:24,0,0
7134,2024-05-04 07:10:36,0,0
7135,2024-05-04 07:10:48,0,0
7136,2024-05-04 07:11:00,0,0
7137,2024-05-04 07:11:12,0,0
7138,2024-05-04 07:11:24,0,0
7139,2024-05-04 07:11:36,0,0
7140,2024-05-04 07:11:48,0,0
7141,2024-05-04 07:12:00,0,0
7142,2024-05-04 07:12:12,0,0
7143,2024-05-04 07:12:24,0,0
7144,2024-05-04 07:12:36,0,0
7145,2024-05-04 07:12:48,0,0
7146,2024-05-04 07:13:00,0,0
7147,2024-05-04 07:13:12,0,0
7148,2024-05-04 07:13:24,0,0
7149,2024-05-04 07:13:36,0,0
7150,2024-05-04 07:13:48,0,0
7151,2024-05-04 07:14:00,0,0
7152,2024-05-04 07:14:12,0,0
7153,2024-05-04 07:14:24,0,0
7154,2024-05-04 07:14:36,0,0
7155,2024-05-04 07:14:48,0,0
7156,2024-05-04 07:15:00,0,0
7157,2024-05-04 07:15:12,0,0
7158,2024-05-04 07:15:24,0,0
7159,2024-05-04 07:15:36,0,0
7160,2024-05-04 07:15:48,0,0
7161,2024-05-04 07:16:00,0,0
7162,2024-05-04 07:16:12,0,0
7163,2024-05-04 07:16:24,0,0
7164,2024-05-04 07:16:36,0,0
7165,2024-05-04 07:16:48,0,0
7166,2024-05-04 07:17:00,0,0
7167,2024-05-04 07:17:12,0,0
7168,2024-05-04 07:17:24,0,0
7169,2024-05-04 07:17:36,0,0
7170,2024-05-04 07:17:48,0,0
7171,2024-05-04 07:18:00,0,0
7172,2024-05-04 07:18:12,0,0
7173,2024-05-04 07:18:24,0,0
7174,2024-05-04 07:18:36,0,0
7175,2024-05-04 07:18:48,0,0
7176,2024-05-04 07:19:00,0,0
7177,2024-05-04 07:19:12,0,0
7178,2024-05-04 07:19:24,0,0
7179,2024-05-04 07:19:36,0,0
7180,2024-05-04 07:19:48,0,0
7181,2024-05-04 07:20:00,0,0
7182,2024-05-04 07:20:12,0,0
7183,2024-05-04 07:20:24,0,0
7184,2024-05-04 07:20:36,0,0
7185,2024-05-04 07:20:48,0,0
7186,2024-05-04 07:21:00,0,0
7187,2024-05-04 07:21:12,0,0
7188,2024-05-04 07:21:24,0,0
7189,2024-05-04 07:21:36,0,0
7190,2024-05-04 07:21:48,0,0
7191,2024-05-04 07:22:00,0,0
7192,2024-05-04 07:22:12,0,0
7193,2024-05-04 07:22:24,0,0
7194,2024-05-04 07:22:36,0,0
7195,2024-05-04 07:22:48,0,0
7196,2024-05-04 07:23:00,0,0
7197,2024-05-04 07:23:12,0,0
7198,2024-05-04 07:23:24,0,0
7199,2024-05-04 07:23:36,0,0
7200,2024-05-04 07:23:48,0,0
7201,2024-05-04 07:24:00,0,0
7202,2024-05-04 07:24:12,0,0
7203,2024-05-04 07:24:24,0,0
7204,2024-05-04 07:24:36,0,0
7205,2024-05-04 07:24:48,0,0
7206,2024-05-04 07:25:00,0,0
7207,2024-05-04 07:25:12,0,0
7208,2024-05-04 07:25:24,0,0
7209,2024-05-04 07:25:36,0,0
7210,2024-05-04 07:25:48,0,0
7211,2024-05-04 07:26:00,0,0
7212,2024-05-04 07:26:12,0,0
7213,2024-05-04 07:26:24,0,0
7214,2024-05-04 07:26:36,0,0
7215,2024-05-04 07:26:48,0,0
7216,2024-05-04 07:27:00,0,0
7217,2024-05-04 07:27:12,0,0
7218,2024-05-04 07:27:24,0,0
7219,2024-05-04 07:27:36,0,0
7220,2024-05-04 07:27:48,0,0
7221,2024-05-04 07:28:00,0,0
7222,2024-05-04 07:28:12,0,0
7223,2024-05-04 07:28:24,0,0
7224,2024-05-04 07:28:36,0,0
7225,2024-05-04 07:28:48,0,0
7226,2024-05-04 07:29:00,0,0
7227,2024-05-04 07:29:12,0,0
7228,2024-05-04 07:29:24,0,0
7229,2024-05-04 07:29:36,0,0
7230,2024-05-04 07:29:48,0,0
7231,2024-05-04 07:30:00,0,0
7232,2024-05-04 07:30:12,0,0
7233,2024-05-04 07:30:24,0,0
7234,2024-05-04 07:30:36,0,0
7235,2024-05-04 07:30:48,0,0
7236,2024-05-04 07:31:00,0,0
7237,2024-05-04 07:31:12,0,0
7238,2024-05-04 07:31:24,0,0
7239,2024-05-04 07:31:36,0,0
7240,2024-05-04 07:31:48,0,0
7241,2024-05-04 07:32:00,0,0
7242,2024-05-04 07:32:12,0,0
7243,2024-05-04 07:32:24,0,0
7244,2024-05-04 07:32:36,0,0
7245,2024-05-04 07:32:48,0,0
7246,2024-05-04 07:33:00,0,0
7247,2024-05-04 07:33:12,0,0
7248,2024-05-04 07:33:24,0,0
7249,2024-05-04 07:33:36,0,0
7250,2024-05-04 07:33:48,0,0
7251,2024-05-04 07:34:00,0,0
7252,2024-05-04 07:34:12,0,0
7253,2024-05-04 07:34:24,0,0
7254,2024-05-04 07:34:36,0,0
7255,2024-05-04 07:34:48,0,0
7256,2024-05-04 07:35:00,0,0
7257,2024-05-04 07:35:12,0,0
7258,2024-05-04 07:35:24,0,0
7259,2024-05-04 07:35:36,0,0
7260,2024-05-04 07:35:48,0,0
7261,2024-05-04 07:36:00,0,0
7262,2024-05-04 07:36:12,0,0
7263,2024-05-04 07:36:24,0,0
7264,2024-05-04 07:36:36,0,0
7265,2024-05-04 07:36:48,0,0
7266,2024-05-04 07:37:00,0,0
7267,2024-05-04 07:37:12,0,0
7268,2024-05-04 07:37:24,0,0
7269,2024-05-04 07:37:36,0,0
7270,2024-05-04 07:37:48,0,0
7271,2024-05-04 07:38:00,0,0
7272,2024-05-04 07:38:12,0,0
7273,2024-05-04 07:38:24,0,0
7274,2024-05-04 07:38:36,0,0
7275,2024-05-04 07:38:48,0,0
7276,2024-05-04 07:39:00,0,0
7277,2024-05-04 07:39:12,0,0
7278,2024-05-04 07:39:24,0,0
7279,2024-05-04 07:39:36,0,0
7280,2024-05-04 07:39:48,0,0
7281,2024-05-04 07:40:00,0,0
7282,2024-05-04 07:40:12,0,0
7283,2024-05-04 07:40:24,0,0
7284,2024-05-04 07:40:36,0,0
7285,2024-05-04 07:40:48,0,0
7286,2024-05-04 07:41:00,0,0
7287,2024-05-04 07:41:12,0,0
7288,2024-05-04 07:41:24,0,0
7289,2024-05-04 07:41:36,0,0
7290,2024-05-04 07:41:48,0,0
7291,2024-05-04 07:42:00,0,0
7292,2024-05-04 07:42:12,0,0
7293,2024-05-04 07:42:24,0,0
7294,2024-05-04 07:42:36,0,0
7295,2024-05-04 07:42:48,0,0
7296,2024-05-04 07:43:00,0,0
7297,2024-05-04 07:43:12,0,0
7298,2024-05-04 07:43:24,0,0
7299,2024-05-04 07:43:36,0,0
7300,2024-05-04 07:43:48,0,0
7301,2024-05-04 07:44:00,0,0
7302,2024-05-04 07:44:12,0,0
7303,2024-05-04 07:44:24,0,0
7304,2024-05-04 07:44:36,0,0
7305,2024-05-04 07:44:48,0,0
7306,2024-05-04 07:45:00,0,0
7307,2024-05-04 07:45:12,0,0
7308,2024-05-04 07:45:24,0,0
7309,2024-05-04 07:45:36,0,0
7310,2024-05-04 07:45:48,0,0
7311,2024-05-04 07:46:00,0,0
7312,2024-05-04 07:46:12,0,0
7313,2024-05-04 07:46:24,0,0
7314,2024-05-04 07:46:36,0,0
7315,2024-05-04 07:46:48,0,0
7316,2024-05-04 07:47:00,0,0
7317,2024-05-04 07:47:12,0,0
7318,2024-05-04 07:47:24,0,0
7319,2024-05-04 07:47:36,0,0
7320,2024-05-04 07:47:48,0,0
7321,2024-05-04 07:48:00,0,0
7322,2024-05-04 07:48:12,0,0
7323,2024-05-04 07:48:24,0,0
7324,2024-05-04 07:48:36,0,0
7325,2024-05-04 07:48:48,0,0
7326,2024-05-04 07:49:00,0,0
7327,2024-05-04 07:49:12,0,0
7328,2024-05-04 07:49:24,0,0
7329,2024-05-04 07:49:36,0,0
7330,2024-05-04 07:49:48,0,0
7331,2024-05-04 07:50:00,0,0
7332,2024-05-04 07:50:12,0,0
7333,2024-05-04 07:50:24,0,0
7334,2024-05-04 07:50:36,0,0
7335,2024-05-04 07:50:48,0,0
7336,2024-05-04 07:51:00,0,0
7337,2024-05-04 07:51:12,0,0
7338,2024-05-04 07:51:24,0,0
7339,2024-05-04 07:51:36,0,0
7340,2024-05-04 07:51:48,0,0
7341,2024-05-04 07:52:00,0,0
7342,2024-05-04 07:52:12,0,0
7343,2024-05-04 07:52:24,0,0
7344,2024-05-04 07:52:36,0,0
7345,2024-05-04 07:52:48,0,0
7346,2024-05-04 07:53:00,0,0
7347,2024-05-04 07:53:12,0,0
7348,2024-05-04 07:53:24,0,0
7349,2024-05-04 07:53:36,0,0
7350,2024-05-04 07:53:48,0,0
7351,2024-05-04 07:54:00,0,0
7352,2024-05-04 07:54:12,0,0
7353,2024-05-04 07:54:24,0,0
7354,2024-05-04 07:54:36,0,0
7355,2024-05-04 07:54:48,0,0
7356,2024-05-04 07:55:00,0,0
7357,2024-05-04 07:55:12,0,0
7358,2024-05-04 07:55:24,0,0
7359,2024-05-04 07:55:36,0,0
7360,2024-05-04 07:55:48,0,0
7361,2024-05-04 07:56:00,0,0
7362,2024-05-04 07:56:12,0,0
7363,2024-05-04 07:56:24,0,0
7364,2024-05-04 07:56:36,0,0
7365,2024-05-04 07:56:48,0,0
7366,2024-05-04 07:57:00,0,0
7367,2024-05-04 07:57:12,0,0
7368,2024-05-04 07:57:24,0,0
7369,2024-05-04 07:57:36,0,0
7370,2024-05-04 07:57:48,0,0
7371,2024-05-04 07:58:00,0,0
7372,2024-05-04 07:58:12,0,0
7373,2024-05-04 07:58:24,0,0
7374,2024-05-04 07:58:36,0,0
7375,2024-05-04 07:58:48,0,0
7376,2024-05-04 07:59:00,0,0
7377,2024-05-04 07:59:12,0,0
7378,2024-05-04 07:59:24,0,0
7379,2024-05-04 07:59:36,0,0
7380,2024-05-04 07:59:48,0,0
7381,2024-05-04 08:00:00,0,0
7382,2024-05-04 08:00:12,0,0
7383,2024-05-04 08:00:24,0,0
7384,2024-05-04 08:00:36,0,0
7385,2024-05-04 08:00:48,0,0
7386,2024-05-04 08:01:00,0,0
7387,2024-05-04 08:01:12,0,0
7388,2024-05-04 08:01:24,0,0
7389,2024-05-04 08:01:36,0,0
7390,2024-05-04 08:01:48,0,0
7391,2024-05-04 08:02:00,0,0
7392,2024-05-04 08:02:12,0,0
7393,2024-05-04 08:02:24,0,0
7394,2024-05-04 08:02:36,0,0
7395,2024-05-04 08:02:48,0,0
7396,2024-05-04 08:03:00,0,0
7397,2024-05-04 08:03:12,0,0
7398,2024-05-04 08:03:24,0,0
7399,2024-05-04 08:03:36,0,0
7400,2024-05-04 08:03:48,0,0
7401,2024-05-04 08:04:00,0,0
7402,2024-05-04 08:04:12,0,0
7403,2024-05-04 08:04:24,0,0
7404,2024-05-04 08:04:36,0,0
7405,2024-05-04 08:04:48,0,0
7406,2024-05-04 08:05:00,0,0
7407,2024-05-04 08:05:12,0,0
7408,2024-05-04 08:05:24,0,0
7409,2024-05-04 08:05:36,0,0
7410,2024-05-04 08:05:48,0,0
7411,2024-05-04 08:06:00,0,0
7412,2024-05-04 08:06:12,0,0
7413,2024-05-04 08:06:24,0,0
7414,2024-05-04 08:06:36,0,0
7415,2024-05-04 08:06:48,0,0
7416,2024-05-04 08:07:00,0,0
7417,2024-05-04 08:07:12,0,0
7418,2024-05-04 08:07:24,0,0
7419,2024-05-04 08:07:36,0,0
7420,2024-05-04 08:07:48,0,0
7421,2024-05-04 08:08:00,0,0
7422,2024-05-04 08:08:12,0,0
7423,2024-05-04 08:08:24,0,0
7424,2024-05-04 08:08:36,0,0
7425,2024-05-04 08:08:48,0,0
7426,2024-05-04 08:09:00,0,0
7427,2024-05-04 08:09:12,0,0
7428,2024-05-04 08:09:24,0,0
7429,2024-05-04 08:09:36,0,0
7430,2024-05-04 08:09:48,0,0
7431,2024-05-04 08:10:00,0,0
7432,2024-05-04 08:10:12,0,0
7433,2024-05-04 08:10:24,0,0
7434,2024-05-04 08:10:36,0,0
7435,2024-05-04 08:10:48,0,0
7436,2024-05-04 08:11:00,0,0
7437,2024-05-04 08:11:12,0,0
7438,2024-05-04 08:11:24,0,0
7439,2024-05-04 08:11:36,0,0
7440,2024-05-04 08:11:48,0,0
7441,2024-05-04 08:12:00,0,0
7442,2024-05-04 08:12:12,0,0
7443,2024-05-04 08:12:24,0,0
7444,2024-05-04 08:12:36,0,0
7445,2024-05-04 08:12:48,0,0
7446,2024-05-04 08:13:00,0,0
7447,2024-05-04 08:13:12,0,0
7448,2024-05-04 08:13:24,0,0
7449,2024-05-04 08:13:36,0,0
7450,2024-05-04 08:13:48,0,0
7451,2024-05-04 08:14:00,0,0
7452,2024-05-04 08:14:12,0,0
7453,2024-05-04 08:14:24,0,0
7454,2024-05-04 08:14:36,0,0
7455,2024-05-04 08:14:48,0,0
7456,2024-05-04 08:15:00,0,0
7457,2024-05-04 08:15:12,0,0
7458,2024-05-04 08:15:24,0,0
7459,2024-05-04 08:15:36,0,0
7460,2024-05-04 08:15:48,0,0
7461,2024-05-04 08:16:00,0,0
7462,2024-05-04 08:16:12,0,0
7463,2024-05-04 08:16:24,0,0
7464,2024-05-04 08:16:36,0,0
7465,2024-05-04 08:16:48,0,0
7466,2024-05-04 08:17:00,0,0
7467,2024-05-04 08:17:12,0,0
7468,2024-05-04 08:17:24,0,0
7469,2024-05-04 08:17:36,0,0
7470,2024-05-04 08:17:48,0,0
7471,2024-05-04 08:18:00,0,0
7472,2024-05-04 08:18:12,0,0
7473,2024-05-04 08:18:24,0,0
7474,2024-05-04 08:18:36,0,0
7475,2024-05-04 08:18:48,0,0
7476,2024-05-04 08:19:00,0,0
7477,2024-05-04 08:19:12,0,0
7478,2024-05-04 08:19:24,0,0
7479,2024-05-04 08:19:36,0,0
7480,2024-05-04 08:19:48,0,0
7481,2024-05-04 08:20:00,0,0
7482,2024-05-04 08:20:12,0,0
7483,2024-05-04 08:20:24,0,0
7484,2024-05-04 08:20:36,0,0
7485,2024-05-04 08:20:48,0,0
7486,2024-05-04 08:21:00,0,0
7487,2024-05-04 08:21:12,0,0
7488,2024-05-04 08:21:24,0,0
7489,2024-05-04 08:21:36,0,0
7490,2024-05-04 08:21:48,0,0
7491,2024-05-04 08:22:00,0,0
7492,2024-05-04 08:22:12,0,0
7493,2024-05-04 08:22:24,0,0
7494,2024-05-04 08:22:36,0,0
7495,2024-05-04 08:22:48,0,0
7496,2024-05-04 08:23:00,0,0
7497,2024-05-04 08:23:12,0,0
7498,2024-05-04 08:23:24,0,0
7499,2024-05-04 08:23:36,0,0
7500,2024-05-04 08:23:48,0,0
7501,2024-05-04 08:24:00,0,0
7502,2024-05-04 08:24:12,0,0
7503,2024-05-04 08:24:24,0,0
7504,2024-05-04 08:24:36,0,0
7505,2024-05-04 08:24:48,0,0
7506,2024-05-04 08:25:00,0,0
7507,2024-05-04 08:25:12,0,0
7508,2024-05-04 08:25:24,0,0
7509,2024-05-04 08:25:36,0,0
7510,2024-05-04 08:25:48,0,0
7511,2024-05-04 08:26:00,0,0
7512,2024-05-04 08:26:12,0,0
7513,2024-05-04 08:26:24,0,0
7514,2024-05-04 08:26:36,0,0
7515,2024-05-04 08:26:48,0,0
7516,2024-05-04 08:27:00,0,0
7517,2024-05-04 08:27:12,0,0
7518,2024-05-04 08:27:24,0,0
7519,2024-05-04 08:27:36,0,0
7520,2024-05-04 08:27:48,0,0
7521,2024-05-04 08:28:00,0,0
7522,2024-05-04 08:28:12,0,0
7523,2024-05-04 08:28:24,0,0
7524,2024-05-04 08:28:36,0,0
7525,2024-05-04 08:28:48,0,0
7526,2024-05-04 08:29:00,0,0
7527,2024-05-04 08:29:12,0,0
7528,2024-05-04 08:29:24,0,0
7529,2024-05-04 08:29:36,0,0
7530,2024-05-04 08:29:48,0,0
7531,2024-05-04 08:30:00,0,0
7532,2024-05-04 08:30:12,0,0
7533,2024-05-04 08:30:24,0,0
7534,2024-05-04 08:30:36,0,0
7535,2024-05-04 08:30:48,0,0
7536,2024-05-04 08:31:00,0,0
7537,2024-05-04 08:31:12,0,0
7538,2024-05-04 08:31:24,0,0
7539,2024-05-04 08:31:36,0,0
7540,2024-05-04 08:31:48,0,0
7541,2024-05-04 08:32:00,0,0
7542,2024-05-04 08:32:12,0,0
7543,2024-05-04 08:32:24,0,0
7544,2024-05-04 08:32:36,0,0
7545,2024-05-04 08:32:48,0,0
7546,2024-05-04 08:33:00,0,0
7547,2024-05-04 08:33:12,0,0
7548,2024-05-04 08:33:24,0,0
7549,2024-05-04 08:33:36,0,0
7550,2024-05-04 08:33:48,0,0
7551,2024-05-04 08:34:00,0,0
7552,2024-05-04 08:34:12,0,0
7553,2024-05-04 08:34:24,0,0
7554,2024-05-04 08:34:36,0,0
7555,2024-05-04 08:34:48,0,0
7556,2024-05-04 08:35:00,0,0
7557,2024-05-04 08:35:12,0,0
7558,2024-05-04 08:35:24,0,0
7559,2024-05-04 08:35:36,0,0
7560,2024-05-04 08:35:48,0,0
7561,2024-05-04 08:36:00,0,0
7562,2024-05-04 08:36:12,0,0
7563,2024-05-04 08:36:24,0,0
7564,2024-05-04 08:36:36,0,0
7565,2024-05-04 08:36:48,0,0
7566,2024-05-04 08:37:00,0,0
7567,2024-05-04 08:37:12,0,0
7568,2024-05-04 08:37:24,0,0
7569,2024-05-04 08:37:36,0,0
7570,2024-05-04 08:37:48,0,0
7571,2024-05-04 08:38:00,0,0
7572,2024-05-04 08:38:12,0,0
7573,2024-05-04 08:38:24,0,0
7574,2024-05-04 08:38:36,0,0
7575,2024-05-04 08:38:48,0,0
7576,2024-05-04 08:39:00,0,0
7577,2024-05-04 08:39:12,0,0
7578,2024-05-04 08:39:24,0,0
7579,2024-05-04 08:39:36,0,0
7580,2024-05-04 08:39:48,0,0
7581,2024-05-04 08:40:00,0,0
7582,2024-05-04 08:40:12,0,0
7583,2024-05-04 08:40:24,0,0
7584,2024-05-04 08:40:36,0,0
7585,2024-05-04 08:40:48,0,0
7586,2024-05-04 08:41:00,0,0
7587,2024-05-04 08:41:12,0,0
7588,2024-05-04 08:41:24,0,0
7589,2024-05-04 08:41:36,0,0
7590,2024-05-04 08:41:48,0,0
7591,2024-05-04 08:42:00,0,0
7592,2024-05-04 08:42:12,0,0
7593,2024-05-04 08:42:24,0,0
7594,2024-05-04 08:42:36,0,0
7595,2024-05-04 08:42:48,0,0
7596,2024-05-04 08:43:00,0,0
7597,2024-05-04 08:43:12,0,0
7598,2024-05-04 08:43:24,0,0
7599,2024-05-04 08:43:36,0,0
7600,2024-05-04 08:43:48,0,0
7601,2024-05-04 08:44:00,0,0
7602,2024-05-04 08:44:12,0,0
7603,2024-05-04 08:44:24,0,0
7604,2024-05-04 08:44:36,0,0
7605,2024-05-04 08:44:48,0,0
7606,2024-05-04 08:45:00,0,0
7607,2024-05-04 08:45:12,0,0
7608,2024-05-04 08:45:24,0,0
7609,2024-05-04 08:45:36,0,0
7610,2024-05-04 08:45:48,0,0
7611,2024-05-04 08:46:00,0,0
7612,2024-05-04 08:46:12,0,0
7613,2024-05-04 08:46:24,0,0
7614,2024-05-04 08:46:36,0,0
7615,2024-05-04 08:46:48,0,0
7616,2024-05-04 08:47:00,0,0
7617,2024-05-04 08:47:12,0,0
7618,2024-05-04 08:47:24,0,0
7619,2024-05-04 08:47:36,0,0
7620,2024-05-04 08:47:48,0,0
7621,2024-05-04 08:48:00,0,0
7622,2024-05-04 08:48:12,0,0
7623,2024-05-04 08:48:24,0,0
7624,2024-05-04 08:48:36,0,0
7625,2024-05-04 08:48:48,0,0
7626,2024-05-04 08:49:00,0,0
7627,2024-05-04 08:49:12,0,0
7628,2024-05-04 08:49:24,0,0
7629,2024-05-04 08:49:36,0,0
7630,2024-05-04 08:49:48,0,0
7631,2024-05-04 08:50:00,0,0
7632,2024-05-04 08:50:12,0,0
7633,2024-05-04 08:50:24,0,0
7634,2024-05-04 08:50:36,0,0
7635,2024-05-04 08:50:48,0,0
7636,2024-05-04 08:51:00,0,0
7637,2024-05-04 08:51:12,0,0
7638,2024-05-04 08:51:24,0,0
7639,2024-05-04 08:51:36,0,0
7640,2024-05-04 08:51:48,0,0
7641,2024-05-04 08:52:00,0,0
7642,2024-05-04 08:52:12,0,0
7643,2024-05-04 08:52:24,0,0
7644,2024-05-04 08:52:36,0,0
7645,2024-05-04 08:52:48,0,0
7646,2024-05-04 08:53:00,0,0
7647,2024-05-04 08:53:12,0,0
7648,2024-05-04 08:53:24,0,0
7649,2024-05-04 08:53:36,0,0
7650,2024-05-04 08:53:48,0,0
7651,2024-05-04 08:54:00,0,0
7652,2024-05-04 08:54:12,0,0
7653,2024-05-04 08:54:24,0,0
7654,2024-05-04 08:54:36,0,0
7655,2024-05-04 08:54:48,0,0
7656,2024-05-04 08:55:00,0,0
7657,2024-05-04 08:55:12,0,0
7658,2024-05-04 08:55:24,0,0
7659,2024-05-04 08:55:36,0,0
7660,2024-05-04 08:55:48,0,0
7661,2024-05-04 08:56:00,0,0
7662,2024-05-04 08:56:12,0,0
7663,2024-05-04 08:56:24,0,0
7664,2024-05-04 08:56:36,0,0
7665,2024-05-04 08:56:48,0,0
7666,2024-05-04 08:57:00,0,0
7667,2024-05-04 08:57:12,0,0
7668,2024-05-04 08:57:24,0,0
7669,2024-05-04 08:57:36,0,0
7670,2024-05-04 08:57:48,0,0
7671,2024-05-04 08:58:00,0,0
7672,2024-05-04 08:58:12,0,0
7673,2024-05-04 08:58:24,0,0
7674,2024-05-04 08:58:36,0,0
7675,2024-05-04 08:58:48,0,0
7676,2024-05-04 08:59:00,0,0
7677,2024-05-04 08:59:12,0,0
7678,2024-05-04 08:59:24,0,0
7679,2024-05-04 08:59:36,0,0
7680,2024-05-04 08:59:48,0,0
7681,2024-05-04 09:00:00,0,0
7682,2024-05-04 09:00:12,0,0
7683,2024-05-04 09:00:24,0,0
7684,2024-05-04 09:00:36,0,0
7685,2024-05-04 09:00:48,0,0
7686,2024-05-04 09:01:00,0,0
7687,2024-05-04 09:01:12,0,0
7688,2024-05-04 09:01:24,0,0
7689,2024-05-04 09:01:36,0,0
7690,2024-05-04 09:01:48,0,0
7691,2024-05-04 09:02:00,0,0
7692,2024-05-04 09:02:12,0,0
7693,2024-05-04 09:02:24,0,0
7694,2024-05-04 09:02:36,0,0
7695,2024-05-04 09:02:48,0,0
7696,2024-05-04 09:03:00,0,0
7697,2024-05-04 09:03:12,0,0
7698,2024-05-04 09:03:24,0,0
7699,2024-05-04 09:03:36,0,0
7700,2024-05-04 09:03:48,0,0
7701,2024-05-04 09:04:00,0,0
7702,2024-05-04 09:04:12,0,0
7703,2024-05-04 09:04:24,0,0
7704,2024-05-04 09:04:36,0,0
7705,2024-05-04 09:04:48,0,0
7706,2024-05-04 09:05:00,0,0
7707,2024-05-04 09:05:12,0,0
7708,2024-05-04 09:05:24,0,0
7709,2024-05-04 09:05:36,0,0
7710,2024-05-04 09:05:48,0,0
7711,2024-05-04 09:06:00,0,0
7712,2024-05-04 09:06:12,0,0
7713,2024-05-04 09:06:24,0,0
7714,2024-05-04 09:06:36,0,0
7715,2024-05-04 09:06:48,0,0
7716,2024-05-04 09:07:00,0,0
7717,2024-05-04 09:07:12,0,0
7718,2024-05-04 09:07:24,0,0
7719,2024-05-04 09:07:36,0,0
7720,2024-05-04 09:07:48,0,0
7721,2024-05-04 09:08:00,0,0
7722,2024-05-04 09:08:12,0,0
7723,2024-05-04 09:08:24,0,0
7724,2024-05-04 09:08:36,0,0
7725,2024-05-04 09:08:48,0,0
7726,2024-05-04 09:09:00,0,0
7727,2024-05-04 09:09:12,0,0
7728,2024-05-04 09:09:24,0,0
7729,2024-05-04 09:09:36,0,0
7730,2024-05-04 09:09:48,0,0
7731,2024-05-04 09:10:00,0,0
7732,2024-05-04 09:10:12,0,0
7733,2024-05-04 09:10:24,0,0
7734,2024-05-04 09:10:36,0,0
7735,2024-05-04 09:10:48,0,0
7736,2024-05-04 09:11:00,0,0
7737,2024-05-04 09:11:12,0,0
7738,2024-05-04 09:11:24,0,0
7739,2024-05-04 09:11:36,0,0
7740,2024-05-04 09:11:48,0,0
7741,2024-05-04 09:12:00,0,0
7742,2024-05-04 09:12:12,0,0
7743,2024-05-04 09:12:24,0,0
7744,2024-05-04 09:12:36,0,0
7745,2024-05-04 09:12:48,0,0
7746,2024-05-04 09:13:00,0,0
7747,2024-05-04 09:13:12,0,0
7748,2024-05-04 09:13:24,0,0
7749,2024-05-04 09:13:36,0,0
7750,2024-05-04 09:13:48,0,0
7751,2024-05-04 09:14:00,0,0
7752,2024-05-04 09:14:12,0,0
7753,2024-05-04 09:14:24,0,0
7754,2024-05-04 09:14:36,0,0
7755,2024-05-04 09:14:48,0,0
7756,2024-05-04 09:15:00,0,0
7757,2024-05-04 09:15:12,0,0
7758,2024-05-04 09:15:24,0,0
7759,2024-05-04 09:15:36,0,0
7760,2024-05-04 09:15:48,0,0
7761,2024-05-04 09:16:00,0,0
7762,2024-05-04 09:16:12,0,0
7763,2024-05-04 09:16:24,0,0
7764,2024-05-04 09:16:36,0,0
7765,2024-05-04 09:16:48,0,0
7766,2024-05-04 09:17:00,0,0
7767,2024-05-04 09:17:12,0,0
7768,2024-05-04 09:17:24,0,0
7769,2024-05-04 09:17:36,0,0
7770,2024-05-04 09:17:48,0,0
7771,2024-05-04 09:18:00,0,0
7772,2024-05-04 09:18:12,0,0
7773,2024-05-04 09:18:24,0,0
7774,2024-05-04 09:18:36,0,0
7775,2024-05-04 09:18:48,0,0
7776,2024-05-04 09:19:00,0,0
7777,2024-05-04 09:19:12,0,0
7778,2024-05-04 09:19:24,0,0
7779,2024-05-04 09:19:36,0,0
7780,2024-05-04 09:19:48,0,0
7781,2024-05-04 09:20:00,0,0
7782,2024-05-04 09:20:12,0,0
7783,2024-05-04 09:20:24,0,0
7784,2024-05-04 09:20:36,0,0
7785,2024-05-04 09:20:48,0,0
7786,2024-05-04 09:21:00,0,0
7787,2024-05-04 09:21:12,0,0
7788,2024-05-04 09:21:24,0,0
7789,2024-05-04 09:21:36,0,0
7790,2024-05-04 09:21:48,0,0
7791,2024-05-04 09:22:00,0,0
7792,2024-05-04 09:22:12,0,0
7793,2024-05-04 09:22:24,0,0
7794,2024-05-04 09:22:36,0,0
7795,2024-05-04 09:22:48,0,0
7796,2024-05-04 09:23:00,0,0
7797,2024-05-04 09:23:12,0,0
7798,2024-05-04 09:23:24,0,0
7799,2024-05-04 09:23:36,0,0
7800,2024-05-04 09:23:48,0,0
7801,2024-05-04 09:24:00,0,0
7802,2024-05-04 09:24:12,0,0
7803,2024-05-04 09:24:24,0,0
7804,2024-05-04 09:24:36,0,0
7805,2024-05-04 09:24:48,0,0
7806,2024-05-04 09:25:00,0,0
7807,2024-05-04 09:25:12,0,0
7808,2024-05-04 09:25:24,0,0
7809,2024-05-04 09:25:36,0,0
7810,2024-05-04 09:25:48,0,0
7811,2024-05-04 09:26:00,0,0
7812,2024-05-04 09:26:12,0,0
7813,2024-05-04 09:26:24,0,0
7814,2024-05-04 09:26:36,0,0
7815,2024-05-04 09:26:48,0,0
7816,2024-05-04 09:27:00,0,0
7817,2024-05-04 09:27:12,0,0
7818,2024-05-04 09:27:24,0,0
7819,2024-05-04 09:27:36,0,0
7820,2024-05-04 09:27:48,0,0
7821,2024-05-04 09:28:00,0,0
7822,2024-05-04 09:28:12,0,0
7823,2024-05-04 09:28:24,0,0
7824,2024-05-04 09:28:36,0,0
7825,2024-05-04 09:28:48,0,0
7826,2024-05-04 09:29:00,0,0
7827,2024-05-04 09:29:12,0,0
7828,2024-05-04 09:29:24,0,0
7829,2024-05-04 09:29:36,0,0
7830,2024-05-04 09:29:48,0,0
7831,2024-05-04 09:30:00,0,0
7832,2024-05-04 09:30:12,0,0
7833,2024-05-04 09:30:24,0,0
7834,2024-05-04 09:30:36,0,0
7835,2024-05-04 09:30:48,0,0
7836,2024-05-04 09:31:00,0,0
7837,2024-05-04 09:31:12,0,0
7838,2024-05-04 09:31:24,0,0
7839,2024-05-04 09:31:36,0,0
7840,2024-05-04 09:31:48,0,0
7841,2024-05-04 09:32:00,0,0
7842,2024-05-04 09:32:12,0,0
7843,2024-05-04 09:32:24,0,0
7844,2024-05-04 09:32:36,0,0
7845,2024-05-04 09:32:48,0,0
7846,2024-05-04 09:33:00,0,0
7847,2024-05-04 09:33:12,0,0
7848,2024-05-04 09:33:24,0,0
7849,2024-05-04 09:33:36,0,0
7850,2024-05-04 09:33:48,0,0
7851,2024-05-04 09:34:00,0,0
7852,2024-05-04 09:34:12,0,0
7853,2024-05-04 09:34:24,0,0
7854,2024-05-04 09:34:36,0,0
7855,2024-05-04 09:34:48,0,0
7856,2024-05-04 09:35:00,0,0
7857,2024-05-04 09:35:12,0,0
7858,2024-05-04 09:35:24,0,0
7859,2024-05-04 09:35:36,0,0
7860,2024-05-04 09:35:48,0,0
7861,2024-05-04 09:36:00,0,0
7862,2024-05-04 09:36:12,0,0
7863,2024-05-04 09:36:24,0,0
7864,2024-05-04 09:36:36,0,0
7865,2024-05-04 09:36:48,0,0
7866,2024-05-04 09:37:00,0,0
7867,2024-05-04 09:37:12,0,0
7868,2024-05-04 09:37:24,0,0
7869,2024-05-04 09:37:36,0,0
7870,2024-05-04 09:37:48,0,0
7871,2024-05-04 09:38:00,0,0
7872,2024-05-04 09:38:12,0,0
7873,2024-05-04 09:38:24,0,0
7874,2024-05-04 09:38:36,0,0
7875,2024-05-04 09:38:48,0,0
7876,2024-05-04 09:39:00,0,0
7877,2024-05-04 09:39:12,0,0
7878,2024-05-04 09:39:24,0,0
7879,2024-05-04 09:39:36,0,0
7880,2024-05-04 09:39:48,0,0
7881,2024-05-04 09:40:00,0,0
7882,2024-05-04 09:40:12,0,0
7883,2024-05-04 09:40:24,0,0
7884,2024-05-04 09:40:36,0,0
7885,2024-05-04 09:40:48,0,0
7886,2024-05-04 09:41:00,0,0
7887,2024-05-04 09:41:12,0,0
7888,2024-05-04 09:41:24,0,0
7889,2024-05-04 09:41:36,0,0
7890,2024-05-04 09:41:48,0,0
7891,2024-05-04 09:42:00,0,0
7892,2024-05-04 09:42:12,0,0
7893,2024-05-04 09:42:24,0,0
7894,2024-05-04 09:42:36,0,0
7895,2024-05-04 09:42:48,0,0
7896,2024-05-04 09:43:00,0,0
7897,2024-05-04 09:43:12,0,0
7898,2024-05-04 09:43:24,0,0
7899,2024-05-04 09:43:36,0,0
7900,2024-05-04 09:43:48,0,0
7901,2024-05-04 09:44:00,0,0
7902,2024-05-04 09:44:12,0,0
7903,2024-05-04 09:44:24,0,0
7904,2024-05-04 09:44:36,0,0
7905,2024-05-04 09:44:48,0,0
7906,2024-05-04 09:45:00,0,0
7907,2024-05-04 09:45:12,0,0
7908,2024-05-04 09:45:24,0,0
7909,2024-05-04 09:45:36,0,0
7910,2024-05-04 09:45:48,0,0
7911,2024-05-04 09:46:00,0,0
7912,2024-05-04 09:46:12,0,0
7913,2024-05-04 09:46:24,0,0
7914,2024-05-04 09:46:36,0,0
7915,2024-05-04 09:46:48,0,0
7916,2024-05-04 09:47:00,0,0
7917,2024-05-04 09:47:12,0,0
7918,2024-05-04 09:47:24,0,0
7919,2024-05-04 09:47:36,0,0
7920,2024-05-04 09:47:48,0,0
7921,2024-05-04 09:48:00,0,0
7922,2024-05-04 09:48:12,0,0
7923,2024-05-04 09:48:24,0,0
7924,2024-05-04 09:48:36,0,0
7925,2024-05-04 09:48:48,0,0
7926,2024-05-04 09:49:00,0,0
7927,2024-05-04 09:49:12,0,0
7928,2024-05-04 09:49:24,0,0
7929,2024-05-04 09:49:36,0,0
7930,2024-05-04 09:49:48,0,0
7931,2024-05-04 09:50:00,0,0
7932,2024-05-04 09:50:12,0,0
7933,2024-05-04 09:50:24,0,0
7934,2024-05-04 09:50:36,0,0
7935,2024-05-04 09:50:48,0,0
7936,2024-05-04 09:51:00,0,0
7937,2024-05-04 09:51:12,0,0
7938,2024-05-04 09:51:24,0,0
7939,2024-05-04 09:51:36,0,0
7940,2024-05-04 09:51:48,0,0
7941,2024-05-04 09:52:00,0,0
7942,2024-05-04 09:52:12,0,0
7943,2024-05-04 09:52:24,0,0
7944,2024-05-04 09:52:36,0,0
7945,2024-05-04 09:52:48,0,0
7946,2024-05-04 09:53:00,0,0
7947,2024-05-04 09:53:12,0,0
7948,2024-05-04 09:53:24,0,0
7949,2024-05-04 09:53:36,0,0
7950,2024-05-04 09:53:48,0,0
7951,2024-05-04 09:54:00,0,0
7952,2024-05-04 09:54:12,0,0
7953,2024-05-04 09:54:24,0,0
7954,2024-05-04 09:54:36,0,0
7955,2024-05-04 09:54:48,0,0
7956,2024-05-04 09:55:00,0,0
7957,2024-05-04 09:55:12,0,0
7958,2024-05-04 09:55:24,0,0
7959,2024-05-04 09:55:36,0,0
7960,2024-05-04 09:55:48,0,0
7961,2024-05-04 09:56:00,0,0
7962,2024-05-04 09:56:12,0,0
7963,2024-05-04 09:56:24,0,0
7964,2024-05-04 09:56:36,0,0
7965,2024-05-04 09:56:48,0,0
7966,2024-05-04 09:57:00,0,0
7967,2024-05-04 09:57:12,0,0
7968,2024-05-04 09:57:24,0,0
7969,2024-05-04 09:57:36,0,0
7970,2024-05-04 09:57:48,0,0
7971,2024-05-04 09:58:00,0,0
7972,2024-05-04 09:58:12,0,0
7973,2024-05-04 09:58:24,0,0
7974,2024-05-04 09:58:36,0,0
7975,2024-05-04 09:58:48,0,0
7976,2024-05-04 09:59:00,0,0
7977,2024-05-04 09:59:12,0,0
7978,2024-05-04 09:59:24,0,0
7979,2024-05-04 09:59:36,0,0
7980,2024-05-04 09:59:48,0,0
7981,2024-05-04 10:00:00,0,0
7982,2024-05-04 10:00:12,0,0
7983,2024-05-04 10:00:24,0,0
7984,2024-05-04 10:00:36,0,0
7985,2024-05-04 10:00:48,0,0
7986,2024-05-04 10:01:00,0,0
7987,2024-05-04 10:01:12,0,0
7988,2024-05-04 10:01:24,0,0
7989,2024-05-04 10:01:36,0,0
7990,2024-05-04 10:01:48,0,0
7991,2024-05-04 10:02:00,0,0
7992,2024-05-04 10:02:12,0,0
7993,2024-05-04 10:02:24,0,0
7994,2024-05-04 10:02:36,0,0
7995,2024-05-04 10:02:48,0,0
7996,2024-05-04 10:03:00,0,0
7997,2024-05-04 10:03:12,0,0
7998,2024-05-04 10:03:24,0,0
7999,2024-05-04 10:03:36,0,0
8000,2024-05-04 10:03:48,0,0
8001,2024-05-04 10:04:00,0,0
8002,2024-05-04 10:04:12,0,0
8003,2024-05-04 10:04:24,0,0
8004,2024-05-04 10:04:36,0,0
8005,2024-05-04 10:04:48,0,0
8006,2024-05-04 10:05:00,0,0
8007,2024-05-04 10:05:12,0,0
8008,2024-05-04 10:05:24,0,0
8009,2024-05-04 10:05:36,0,0
8010,2024-05-04 10:05:48,0,0
8011,2024-05-04 10:06:00,0,0
8012,2024-05-04 10:06:12,0,0
8013,2024-05-04 10:06:24,0,0
8014,2024-05-04 10:06:36,0,0
8015,2024-05-04 10:06:48,0,0
8016,2024-05-04 10:07:00,0,0
8017,2024-05-04 10:07:12,0,0
8018,2024-05-04 10:07:24,0,0
8019,2024-05-04 10:07:36,0,0
8020,2024-05-04 10:07:48,0,0
8021,2024-05-04 10:08:00,0,0
8022,2024-05-04 10:08:12,0,0
8023,2024-05-04 10:08:24,0,0
8024,2024-05-04 10:08:36,0,0
8025,2024-05-04 10:08:48,0,0
8026,2024-05-04 10:09:00,0,0
8027,2024-05-04 10:09:12,0,0
8028,2024-05-04 10:09:24,0,0
8029,2024-05-04 10:09:36,0,0
8030,2024-05-04 10:09:48,0,0
8031,2024-05-04 10:10:00,0,0
8032,2024-05-04 10:10:12,0,0
8033,2024-05-04 10:10:24,0,0
8034,2024-05-04 10:10:36,0,0
8035,2024-05-04 10:10:48,0,0
8036,2024-05-04 10:11:00,0,0
8037,2024-05-04 10:11:12,0,0
8038,2024-05-04 10:11:24,0,0
8039,2024-05-04 10:11:36,0,0
8040,2024-05-04 10:11:48,0,0
8041,2024-05-04 10:12:00,0,0
8042,2024-05-04 10:12:12,0,0
8043,2024-05-04 10:12:24,0,0
8044,2024-05-04 10:12:36,0,0
8045,2024-05-04 10:12:48,0,0
8046,2024-05-04 10:13:00,0,0
8047,2024-05-04 10:13:12,0,0
8048,2024-05-04 10:13:24,0,0
8049,2024-05-04 10:13:36,0,0
8050,2024-05-04 10:13:48,0,0
8051,2024-05-04 10:14:00,0,0
8052,2024-05-04 10:14:12,0,0
8053,2024-05-04 10:14:24,0,0
8054,2024-05-04 10:14:36,0,0
8055,2024-05-04 10:14:48,0,0
8056,2024-05-04 10:15:00,0,0
8057,2024-05-04 10:15:12,0,0
8058,2024-05-04 10:15:24,0,0
8059,2024-05-04 10:15:36,0,0
8060,2024-05-04 10:15:48,0,0
8061,2024-05-04 10:16:00,0,0
8062,2024-05-04 10:16:12,0,0
8063,2024-05-04 10:16:24,0,0
8064,2024-05-04 10:16:36,0,0
8065,2024-05-04 10:16:48,0,0
8066,2024-05-04 10:17:00,0,0
8067,2024-05-04 10:17:12,0,0
8068,2024-05-04 10:17:24,0,0
8069,2024-05-04 10:17:36,0,0
8070,2024-05-04 10:17:48,0,0
8071,2024-05-04 10:18:00,0,0
8072,2024-05-04 10:18:12,0,0
8073,2024-05-04 10:18:24,0,0
8074,2024-05-04 10:18:36,0,0
8075,2024-05-04 10:18:48,0,0
8076,2024-05-04 10:19:00,0,0
8077,2024-05-04 10:19:12,0,0
8078,2024-05-04 10:19:24,0,0
8079,2024-05-04 10:19:36,0,0
8080,2024-05-04 10:19:48,0,0
8081,2024-05-04 10:20:00,0,0
8082,2024-05-04 10:20:12,0,0
8083,2024-05-04 10:20:24,0,0
8084,2024-05-04 10:20:36,0,0
8085,2024-05-04 10:20:48,0,0
8086,2024-05-04 10:21:00,0,0
8087,2024-05-04 10:21:12,0,0
8088,2024-05-04 10:21:24,0,0
8089,2024-05-04 10:21:36,0,0
8090,2024-05-04 10:21:48,0,0
8091,2024-05-04 10:22:00,0,0
8092,2024-05-04 10:22:12,0,0
8093,2024-05-04 10:22:24,0,0
8094,2024-05-04 10:22:36,0,0
8095,2024-05-04 10:22:48,0,0
8096,2024-05-04 10:23:00,0,0
8097,2024-05-04 10:23:12,0,0
8098,2024-05-04 10:23:24,0,0
8099,2024-05-04 10:23:36,0,0
8100,2024-05-04 10:23:48,0,0
8101,2024-05-04 10:24:00,0,0
8102,2024-05-04 10:24:12,0,0
8103,2024-05-04 10:24:24,0,0
8104,2024-05-04 10:24:36,0,0
8105,2024-05-04 10:24:48,0,0
8106,2024-05-04 10:25:00,0,0
8107,2024-05-04 10:25:12,0,0
8108,2024-05-04 10:25:24,0,0
8109,2024-05-04 10:25:36,0,0
8110,2024-05-04 10:25:48,0,0
8111,2024-05-04 10:26:00,0,0
8112,2024-05-04 10:26:12,0,0
8113,2024-05-04 10:26:24,0,0
8114,2024-05-04 10:26:36,0,0
8115,2024-05-04 10:26:48,0,0
8116,2024-05-04 10:27:00,0,0
8117,2024-05-04 10:27:12,0,0
8118,2024-05-04 10:27:24,0,0
8119,2024-05-04 10:27:36,0,0
8120,2024-05-04 10:27:48,0,0
8121,2024-05-04 10:28:00,0,0
8122,2024-05-04 10:28:12,0,0
8123,2024-05-04 10:28:24,0,0
8124,2024-05-04 10:28:36,0,0
8125,2024-05-04 10:28:48,0,0
8126,2024-05-04 10:29:00,0,0
8127,2024-05-04 10:29:12,0,0
8128,2024-05-04 10:29:24,0,0
8129,2024-05-04 10:29:36,0,0
8130,2024-05-04 10:29:48,0,0
8131,2024-05-04 10:30:00,0,0
8132,2024-05-04 10:30:12,0,0
8133,2024-05-04 10:30:24,0,0
8134,2024-05-04 10:30:36,0,0
8135,2024-05-04 10:30:48,0,0
8136,2024-05-04 10:31:00,0,0
8137,2024-05-04 10:31:12,0,0
8138,2024-05-04 10:31:24,0,0
8139,2024-05-04 10:31:36,0,0
8140,2024-05-04 10:31:48,0,0
8141,2024-05-04 10:32:00,0,0
8142,2024-05-04 10:32:12,0,0
8143,2024-05-04 10:32:24,0,0
8144,2024-05-04 10:32:36,0,0
8145,2024-05-04 10:32:48,0,0
8146,2024-05-04 10:33:00,0,0
8147,2024-05-04 10:33:12,0,0
8148,2024-05-04 10:33:24,0,0
8149,2024-05-04 10:33:36,0,0
8150,2024-05-04 10:33:48,0,0
8151,2024-05-04 10:34:00,0,0
8152,2024-05-04 10:34:12,0,0
8153,2024-05-04 10:34:24,0,0
8154,2024-05-04 10:34:36,0,0
8155,2024-05-04 10:34:48,0,0
8156,2024-05-04 10:35:00,0,0
8157,2024-05-04 10:35:12,0,0
8158,2024-05-04 10:35:24,0,0
8159,2024-05-04 10:35:36,0,0
8160,2024-05-04 10:35:48,0,0
8161,2024-05-04 10:36:00,0,0
8162,2024-05-04 10:36:12,0,0
8163,2024-05-04 10:36:24,0,0
8164,2024-05-04 10:36:36,0,0
8165,2024-05-04 10:36:48,0,0
8166,2024-05-04 10:37:00,0,0
8167,2024-05-04 10:37:12,0,0
8168,2024-05-04 10:37:24,0,0
8169,2024-05-04 10:37:36,0,0
8170,2024-05-04 10:37:48,0,0
8171,2024-05-04 10:38:00,0,0
8172,2024-05-04 10:38:12,0,0
8173,2024-05-04 10:38:24,0,0
8174,2024-05-04 10:38:36,0,0
8175,2024-05-04 10:38:48,0,0
8176,2024-05-04 10:39:00,0,0
8177,2024-05-04 10:39:12,0,0
8178,2024-05-04 10:39:24,0,0
8179,2024-05-04 10:39:36,0,0
8180,2024-05-04 10:39:48,0,0
8181,2024-05-04 10:40:00,0,0
8182,2024-05-04 10:40:12,0,0
8183,2024-05-04 10:40:24,0,0
8184,2024-05-04 10:40:36,0,0
8185,2024-05-04 10:40:48,0,0
8186,2024-05-04 10:41:00,0,0
8187,2024-05-04 10:41:12,0,0
8188,2024-05-04 10:41:24,0,0
8189,2024-05-04 10:41:36,0,0
8190,2024-05-04 10:41:48,0,0
8191,2024-05-04 10:42:00,0,0
8192,2024-05-04 10:42:12,0,0
8193,2024-05-04 10:42:24,0,0
8194,2024-05-04 10:42:36,0,0
8195,2024-05-04 10:42:48,0,0
8196,2024-05-04 10:43:00,0,0
8197,2024-05-04 10:43:12,0,0
8198,2024-05-04 10:43:24,0,0
8199,2024-05-04 10:43:36,0,0
8200,2024-05-04 10:43:48,0,0
8201,2024-05-04 10:44:00,0,0
8202,2024-05-04 10:44:12,0,0
8203,2024-05-04 10:44:24,0,0
8204,2024-05-04 10:44:36,0,0
8205,2024-05-04 10:44:48,0,0
8206,2024-05-04 10:45:00,0,0
8207,2024-05-04 10:45:12,0,0
8208,2024-05-04 10:45:24,0,0
8209,2024-05-04 10:45:36,0,0
8210,2024-05-04 10:45:48,0,0
8211,2024-05-04 10:46:00,0,0
8212,2024-05-04 10:46:12,0,0
8213,2024-05-04 10:46:24,0,0
8214,2024-05-04 10:46:36,0,0
8215,2024-05-04 10:46:48,0,0
8216,2024-05-04 10:47:00,0,0
8217,2024-05-04 10:47:12,0,0
8218,2024-05-04 10:47:24,0,0
8219,2024-05-04 10:47:36,0,0
8220,2024-05-04 10:47:48,0,0
8221,2024-05-04 10:48:00,0,0
8222,2024-05-04 10:48:12,0,0
8223,2024-05-04 10:48:24,0,0
8224,2024-05-04 10:48:36,0,0
8225,2024-05-04 10:48:48,0,0
8226,2024-05-04 10:49:00,0,0
8227,2024-05-04 10:49:12,0,0
8228,2024-05-04 10:49:24,0,0
8229,2024-05-04 10:49:36,0,0
8230,2024-05-04 10:49:48,0,0
8231,2024-05-04 10:50:00,0,0
8232,2024-05-04 10:50:12,0,0
8233,2024-05-04 10:50:24,0,0
8234,2024-05-04 10:50:36,0,0
8235,2024-05-04 10:50:48,0,0
8236,2024-05-04 10:51:00,0,0
8237,2024-05-04 10:51:12,0,0
8238,2024-05-04 10:51:24,0,0
8239,2024-05-04 10:51:36,0,0
8240,2024-05-04 10:51:48,0,0
8241,2024-05-04 10:52:00,0,0
8242,2024-05-04 10:52:12,0,0
8243,2024-05-04 10:52:24,0,0
8244,2024-05-04 10:52:36,0,0
8245,2024-05-04 10:52:48,0,0
8246,2024-05-04 10:53:00,0,0
8247,2024-05-04 10:53:12,0,0
8248,2024-05-04 10:53:24,0,0
8249,2024-05-04 10:53:36,0,0
8250,2024-05-04 10:53:48,0,0
8251,2024-05-04 10:54:00,0,0
8252,2024-05-04 10:54:12,0,0
8253,2024-05-04 10:54:24,0,0
8254,2024-05-04 10:54:36,0,0
8255,2024-05-04 10:54:48,0,0
8256,2024-05-04 10:55:00,0,0
8257,2024-05-04 10:55:12,0,0
8258,2024-05-04 10:55:24,0,0
8259,2024-05-04 10:55:36,0,0
8260,2024-05-04 10:55:48,0,0
8261,2024-05-04 10:56:00,0,0
8262,2024-05-04 10:56:12,0,0
8263,2024-05-04 10:56:24,0,0
8264,2024-05-04 10:56:36,0,0
8265,2024-05-04 10:56:48,0,0
8266,2024-05-04 10:57:00,0,0
8267,2024-05-04 10:57:12,0,0
8268,2024-05-04 10:57:24,0,0
8269,2024-05-04 10:57:36,0,0
8270,2024-05-04 10:57:48,0,0
8271,2024-05-04 10:58:00,0,0
8272,2024-05-04 10:58:12,0,0
8273,2024-05-04 10:58:24,0,0
8274,2024-05-04 10:58:36,0,0
8275,2024-05-04 10:58:48,0,0
8276,2024-05-04 10:59:00,0,0
8277,2024-05-04 10:59:12,0,0
8278,2024-05-04 10:59:24,0,0
8279,2024-05-04 10:59:36,0,0
8280,2024-05-04 10:59:48,0,0
8281,2024-05-04 11:00:00,0,0
8282,2024-05-04 11:00:12,0,0
8283,2024-05-04 11:00:24,0,0
8284,2024-05-04 11:00:36,0,0
8285,2024-05-04 11:00:48,0,0
8286,2024-05-04 11:01:00,0,0
8287,2024-05-04 11:01:12,0,0
8288,2024-05-04 11:01:24,0,0
8289,2024-05-04 11:01:36,0,0
8290,2024-05-04 11:01:48,0,0
8291,2024-05-04 11:02:00,0,0
8292,2024-05-04 11:02:12,0,0
8293,2024-05-04 11:02:24,0,0
8294,2024-05-04 11:02:36,0,0
8295,2024-05-04 11:02:48,0,0
8296,2024-05-04 11:03:00,0,0
8297,2024-05-04 11:03:12,0,0
8298,2024-05-04 11:03:24,0,0
8299,2024-05-04 11:03:36,0,0
8300,2024-05-04 11:03:48,0,0
8301,2024-05-04 11:04:00,0,0
8302,2024-05-04 11:04:12,0,0
8303,2024-05-04 11:04:24,0,0
8304,2024-05-04 11:04:36,0,0
8305,2024-05-04 11:04:48,0,0
8306,2024-05-04 11:05:00,0,0
8307,2024-05-04 11:05:12,0,0
8308,2024-05-04 11:05:24,0,0
8309,2024-05-04 11:05:36,0,0
8310,2024-05-04 11:05:48,0,0
8311,2024-05-04 11:06:00,0,0
8312,2024-05-04 11:06:12,0,0
8313,2024-05-04 11:06:24,0,0
8314,2024-05-04 11:06:36,0,0
8315,2024-05-04 11:06:48,0,0
8316,2024-05-04 11:07:00,0,0
8317,2024-05-04 11:07:12,0,0
8318,2024-05-04 11:07:24,0,0
8319,2024-05-04 11:07:36,0,0
8320,2024-05-04 11:07:48,0,0
8321,2024-05-04 11:08:00,0,0
8322,2024-05-04 11:08:12,0,0
8323,2024-05-04 11:08:24,0,0
8324,2024-05-04 11:08:36,0,0
8325,2024-05-04 11:08:48,0,0
8326,2024-05-04 11:09:00,0,0
8327,2024-05-04 11:09:12,0,0
8328,2024-05-04 11:09:24,0,0
8329,2024-05-04 11:09:36,0,0
8330,2024-05-04 11:09:48,0,0
8331,2024-05-04 11:10:00,0,0
8332,2024-05-04 11:10:12,0,0
8333,2024-05-04 11:10:24,0,0
8334,2024-05-04 11:10:36,0,0
8335,2024-05-04 11:10:48,0,0
8336,2024-05-04 11:11:00,0,0
8337,2024-05-04 11:11:12,0,0
8338,2024-05-04 11:11:24,0,0
8339,2024-05-04 11:11:36,0,0
8340,2024-05-04 11:11:48,0,0
8341,2024-05-04 11:12:00,0,0
8342,2024-05-04 11:12:12,0,0
8343,2024-05-04 11:12:24,0,0
8344,2024-05-04 11:12:36,0,0
8345,2024-05-04 11:12:48,0,0
8346,2024-05-04 11:13:00,0,0
8347,2024-05-04 11:13:12,0,0
8348,2024-05-04 11:13:24,0,0
8349,2024-05-04 11:13:36,0,0
8350,2024-05-04 11:13:48,0,0
8351,2024-05-04 11:14:00,0,0
8352,2024-05-04 11:14:12,0,0
8353,2024-05-04 11:14:24,0,0
8354,2024-05-04 11:14:36,0,0
8355,2024-05-04 11:14:48,0,0
8356,2024-05-04 11:15:00,0,0
8357,2024-05-04 11:15:12,0,0
8358,2024-05-04 11:15:24,0,0
8359,2024-05-04 11:15:36,0,0
8360,2024-05-04 11:15:48,0,0
8361,2024-05-04 11:16:00,0,0
8362,2024-05-04 11:16:12,0,0
8363,2024-05-04 11:16:24,0,0
8364,2024-05-04 11:16:36,0,0
8365,2024-05-04 11:16:48,0,0
8366,2024-05-04 11:17:00,0,0
8367,2024-05-04 11:17:12,0,0
8368,2024-05-04 11:17:24,0,0
8369,2024-05-04 11:17:36,0,0
8370,2024-05-04 11:17:48,0,0
8371,2024-05-04 11:18:00,0,0
8372,2024-05-04 11:18:12,0,0
8373,2024-05-04 11:18:24,0,0
8374,2024-05-04 11:18:36,0,0
8375,2024-05-04 11:18:48,0,0
8376,2024-05-04 11:19:00,0,0
8377,2024-05-04 11:19:12,0,0
8378,2024-05-04 11:19:24,0,0
8379,2024-05-04 11:19:36,0,0
8380,2024-05-04 11:19:48,0,0
8381,2024-05-04 11:20:00,0,0
8382,2024-05-04 11:20:12,0,0
8383,2024-05-04 11:20:24,0,0
8384,2024-05-04 11:20:36,0,0
8385,2024-05-04 11:20:48,0,0
8386,2024-05-04 11:21:00,0,0
8387,2024-05-04 11:21:12,0,0
8388,2024-05-04 11:21:24,0,0
8389,2024-05-04 11:21:36,0,0
8390,2024-05-04 11:21:48,0,0
8391,2024-05-04 11:22:00,0,0
8392,2024-05-04 11:22:12,0,0
8393,2024-05-04 11:22:24,0,0
8394,2024-05-04 11:22:36,0,0
8395,2024-05-04 11:22:48,0,0
8396,2024-05-04 11:23:00,0,0
8397,2024-05-04 11:23:12,0,0
8398,2024-05-04 11:23:24,0,0
8399,2024-05-04 11:23:36,0,0
8400,2024-05-04 11:23:48,0,0
8401,2024-05-04 11:24:00,0,0
8402,2024-05-04 11:24:12,0,0
8403,2024-05-04 11:24:24,0,0
8404,2024-05-04 11:24:36,0,0
8405,2024-05-04 11:24:48,0,0
8406,2024-05-04 11:25:00,0,0
8407,2024-05-04 11:25:12,0,0
8408,2024-05-04 11:25:24,0,0
8409,2024-05-04 11:25:36,0,0
8410,2024-05-04 11:25:48,0,0
8411,2024-05-04 11:26:00,0,0
8412,2024-05-04 11:26:12,0,0
8413,2024-05-04 11:26:24,0,0
8414,2024-05-04 11:26:36,0,0
8415,2024-05-04 11:26:48,0,0
8416,2024-05-04 11:27:00,0,0
8417,2024-05-04 11:27:12,0,0
8418,2024-05-04 11:27:24,0,0
8419,2024-05-04 11:27:36,0,0
8420,2024-05-04 11:27:48,0,0
8421,2024-05-04 11:28:00,0,0
8422,2024-05-04 11:28:12,0,0
8423,2024-05-04 11:28:24,0,0
8424,2024-05-04 11:28:36,0,0
8425,2024-05-04 11:28:48,0,0
8426,2024-05-04 11:29:00,0,0
8427,2024-05-04 11:29:12,0,0
8428,2024-05-04 11:29:24,0,0
8429,2024-05-04 11:29:36,0,0
8430,2024-05-04 11:29:48,0,0
8431,2024-05-04 11:30:00,0,0
8432,2024-05-04 11:30:12,0,0
8433,2024-05-04 11:30:24,0,0
8434,2024-05-04 11:30:36,0,0
8435,2024-05-04 11:30:48,0,0
8436,2024-05-04 11:31:00,0,0
8437,2024-05-04 11:31:12,0,0
8438,2024-05-04 11:31:24,0,0
8439,2024-05-04 11:31:36,0,0
8440,2024-05-04 11:31:48,0,0
8441,2024-05-04 11:32:00,0,0
8442,2024-05-04 11:32:12,0,0
8443,2024-05-04 11:32:24,0,0
8444,2024-05-04 11:32:36,0,0
8445,2024-05-04 11:32:48,0,0
8446,2024-05-04 11:33:00,0,0
8447,2024-05-04 11:33:12,0,0
8448,2024-05-04 11:33:24,0,0
8449,2024-05-04 11:33:36,0,0
8450,2024-05-04 11:33:48,0,0
8451,2024-05-04 11:34:00,0,0
8452,2024-05-04 11:34:12,0,0
8453,2024-05-04 11:34:24,0,0
8454,2024-05-04 11:34:36,0,0
8455,2024-05-04 11:34:48,0,0
8456,2024-05-04 11:35:00,0,0
8457,2024-05-04 11:35:12,0,0
8458,2024-05-04 11:35:24,0,0
8459,2024-05-04 11:35:36,0,0
8460,2024-05-04 11:35:48,0,0
8461,2024-05-04 11:36:00,0,0
8462,2024-05-04 11:36:12,0,0
8463,2024-05-04 11:36:24,0,0
8464,2024-05-04 11:36:36,0,0
8465,2024-05-04 11:36:48,0,0
8466,2024-05-04 11:37:00,0,0
8467,2024-05-04 11:37:12,0,0
8468,2024-05-04 11:37:24,0,0
8469,2024-05-04 11:37:36,0,0
8470,2024-05-04 11:37:48,0,0
8471,2024-05-04 11:38:00,0,0
8472,2024-05-04 11:38:12,0,0
8473,2024-05-04 11:38:24,0,0
8474,2024-05-04 11:38:36,0,0
8475,2024-05-04 11:38:48,0,0
8476,2024-05-04 11:39:00,0,0
8477,2024-05-04 11:39:12,0,0
8478,2024-05-04 11:39:24,0,0
8479,2024-05-04 11:39:36,0,0
8480,2024-05-04 11:39:48,0,0
8481,2024-05-04 11:40:00,0,0
8482,2024-05-04 11:40:12,0,0
8483,2024-05-04 11:40:24,0,0
8484,2024-05-04 11:40:36,0,0
8485,2024-05-04 11:40:48,0,0
8486,2024-05-04 11:41:00,0,0
8487,2024-05-04 11:41:12,0,0
8488,2024-05-04 11:41:24,0,0
8489,2024-05-04 11:41:36,0,0
8490,2024-05-04 11:41:48,0,0
8491,2024-05-04 11:42:00,0,0
8492,2024-05-04 11:42:12,0,0
8493,2024-05-04 11:42:24,0,0
8494,2024-05-04 11:42:36,0,0
8495,2024-05-04 11:42:48,0,0
8496,2024-05-04 11:43:00,0,0
8497,2024-05-04 11:43:12,0,0
8498,2024-05-04 11:43:24,0,0
8499,2024-05-04 11:43:36,0,0
8500,2024-05-04 11:43:48,0,0
8501,2024-05-04 11:44:00,0,0
8502,2024-05-04 11:44:12,0,0
8503,2024-05-04 11:44:24,0,0
8504,2024-05-04 11:44:36,0,0
8505,2024-05-04 11:44:48,0,0
8506,2024-05-04 11:45:00,0,0
8507,2024-05-04 11:45:12,0,0
8508,2024-05-04 11:45:24,0,0
8509,2024-05-04 11:45:36,0,0
8510,2024-05-04 11:45:48,0,0
8511,2024-05-04 11:46:00,0,0
8512,2024-05-04 11:46:12,0,0
8513,2024-05-04 11:46:24,0,0
8514,2024-05-04 11:46:36,0,0
8515,2024-05-04 11:46:48,0,0
8516,2024-05-04 11:47:00,0,0
8517,2024-05-04 11:47:12,0,0
8518,2024-05-04 11:47:24,0,0
8519,2024-05-04 11:47:36,0,0
8520,2024-05-04 11:47:48,0,0
8521,2024-05-04 11:48:00,0,0
8522,2024-05-04 11:48:12,0,0
8523,2024-05-04 11:48:24,0,0
8524,2024-05-04 11:48:36,0,0
8525,2024-05-04 11:48:48,0,0
8526,2024-05-04 11:49:00,0,0
8527,2024-05-04 11:49:12,0,0
8528,2024-05-04 11:49:24,0,0
8529,2024-05-04 11:49:36,0,0
8530,2024-05-04 11:49:48,0,0
8531,2024-05-04 11:50:00,0,0
8532,2024-05-04 11:50:12,0,0
8533,2024-05-04 11:50:24,0,0
8534,2024-05-04 11:50:36,0,0
8535,2024-05-04 11:50:48,0,0
8536,2024-05-04 11:51:00,0,0
8537,2024-05-04 11:51:12,0,0
8538,2024-05-04 11:51:24,0,0
8539,2024-05-04 11:51:36,0,0
8540,2024-05-04 11:51:48,0,0
8541,2024-05-04 11:52:00,0,0
8542,2024-05-04 11:52:12,0,0
8543,2024-05-04 11:52:24,0,0
8544,2024-05-04 11:52:36,0,0
8545,2024-05-04 11:52:48,0,0
8546,2024-05-04 11:53:00,0,0
8547,2024-05-04 11:53:12,0,0
8548,2024-05-04 11:53:24,0,0
8549,2024-05-04 11:53:36,0,0
8550,2024-05-04 11:53:48,0,0
8551,2024-05-04 11:54:00,0,0
8552,2024-05-04 11:54:12,0,0
8553,2024-05-04 11:54:24,0,0
8554,2024-05-04 11:54:36,0,0
8555,2024-05-04 11:54:48,0,0
8556,2024-05-04 11:55:00,0,0
8557,2024-05-04 11:55:12,0,0
8558,2024-05-04 11:55:24,0,0
8559,2024-05-04 11:55:36,0,0
8560,2024-05-04 11:55:48,0,0
8561,2024-05-04 11:56:00,0,0
8562,2024-05-04 11:56:12,0,0
8563,2024-05-04 11:56:24,0,0
8564,2024-05-04 11:56:36,0,0
8565,2024-05-04 11:56:48,0,0
8566,2024-05-04 11:57:00,0,0
8567,2024-05-04 11:57:12,0,0
8568,2024-05-04 11:57:24,0,0
8569,2024-05-04 11:57:36,0,0
8570,2024-05-04 11:57:48,0,0
8571,2024-05-04 11:58:00,0,0
8572,2024-05-04 11:58:12,0,0
8573,2024-05-04 11:58:24,0,0
8574,2024-05-04 11:58:36,0,0
8575,2024-05-04 11:58:48,0,0
8576,2024-05-04 11:59:00,0,0
8577,2024-05-04 11:59:12,0,0
8578,2024-05-04 11:59:24,0,0
8579,2024-05-04 11:59:36,0,0
8580,2024-05-04 11:59:48,0,0
8581,2024-05-04 12:00:00,0,0
8582,2024-05-04 12:00:12,0,0
8583,2024-05-04 12:00:24,0,0
8584,2024-05-04 12:00:36,0,0
8585,2024-05-04 12:00:48,0,0
8586,2024-05-04 12:01:00,0,0
8587,2024-05-04 12:01:12,0,0
8588,2024-05-04 12:01:24,0,0
8589,2024-05-04 12:01:36,0,0
8590,2024-05-04 12:01:48,0,0
8591,2024-05-04 12:02:00,0,0
8592,2024-05-04 12:02:12,0,0
8593,2024-05-04 12:02:24,0,0
8594,2024-05-04 12:02:36,0,0
8595,2024-05-04 12:02:48,0,0
8596,2024-05-04 12:03:00,0,0
8597,2024-05-04 12:03:12,0,0
8598,2024-05-04 12:03:24,0,0
8599,2024-05-04 12:03:36,0,0
8600,2024-05-04 12:03:48,0,0
8601,2024-05-04 12:04:00,0,0
8602,2024-05-04 12:04:12,0,0
8603,2024-05-04 12:04:24,0,0
8604,2024-05-04 12:04:36,0,0
8605,2024-05-04 12:04:48,0,0
8606,2024-05-04 12:05:00,0,0
8607,2024-05-04 12:05:12,0,0
8608,2024-05-04 12:05:24,0,0
8609,2024-05-04 12:05:36,0,0
8610,2024-05-04 12:05:48,0,0
8611,2024-05-04 12:06:00,0,0
8612,2024-05-04 12:06:12,0,0
8613,2024-05-04 12:06:24,0,0
8614,2024-05-04 12:06:36,0,0
8615,2024-05-04 12:06:48,0,0
8616,2024-05-04 12:07:00,0,0
8617,2024-05-04 12:07:12,0,0
8618,2024-05-04 12:07:24,0,0
8619,2024-05-04 12:07:36,0,0
8620,2024-05-04 12:07:48,0,0
8621,2024-05-04 12:08:00,0,0
8622,2024-05-04 12:08:12,0,0
8623,2024-05-04 12:08:24,0,0
8624,2024-05-04 12:08:36,0,0
8625,2024-05-04 12:08:48,0,0
8626,2024-05-04 12:09:00,0,0
8627,2024-05-04 12:09:12,0,0
8628,2024-05-04 12:09:24,0,0
8629,2024-05-04 12:09:36,0,0
8630,2024-05-04 12:09:48,0,0
8631,2024-05-04 12:10:00,0,0
8632,2024-05-04 12:10:12,0,0
8633,2024-05-04 12:10:24,0,0
8634,2024-05-04 12:10:36,0,0
8635,2024-05-04 12:10:48,0,0
8636,2024-05-04 12:11:00,0,0
8637,2024-05-04 12:11:12,0,0
8638,2024-05-04 12:11:24,0,0
8639,2024-05-04 12:11:36,0,0
8640,2024-05-04 12:11:48,0,0
8641,2024-05-04 12:12:00,0,0
8642,2024-05-04 12:12:12,0,0
8643,2024-05-04 12:12:24,0,0
8644,2024-05-04 12:12:36,0,0
8645,2024-05-04 12:12:48,0,0
8646,2024-05-04 12:13:00,0,0
8647,2024-05-04 12:13:12,0,0
8648,2024-05-04 12:13:24,0,0
8649,2024-05-04 12:13:36,0,0
8650,2024-05-04 12:13:48,0,0
8651,2024-05-04 12:14:00,0,0
8652,2024-05-04 12:14:12,0,0
8653,2024-05-04 12:14:24,0,0
8654,2024-05-04 12:14:36,0,0
8655,2024-05-04 12:14:48,0,0
8656,2024-05-04 12:15:00,0,0
8657,2024-05-04 12:15:12,0,0
8658,2024-05-04 12:15:24,0,0
8659,2024-05-04 12:15:36,0,0
8660,2024-05-04 12:15:48,0,0
8661,2024-05-04 12:16:00,0,0
8662,2024-05-04 12:16:12,0,0
8663,2024-05-04 12:16:24,0,0
8664,2024-05-04 12:16:36,0,0
8665,2024-05-04 12:16:48,0,0
8666,2024-05-04 12:17:00,0,0
8667,2024-05-04 12:17:12,0,0
8668,2024-05-04 12:17:24,0,0
8669,2024-05-04 12:17:36,0,0
8670,2024-05-04 12:17:48,0,0
8671,2024-05-04 12:18:00,0,0
8672,2024-05-04 12:18:12,0,0
8673,2024-05-04 12:18:24,0,0
8674,2024-05-04 12:18:36,0,0
8675,2024-05-04 12:18:48,0,0
8676,2024-05-04 12:19:00,0,0
8677,2024-05-04 12:19:12,0,0
8678,2024-05-04 12:19:24,0,0
8679,2024-05-04 12:19:36,0,0
8680,2024-05-04 12:19:48,0,0
8681,2024-05-04 12:20:00,0,0
8682,2024-05-04 12:20:12,0,0
8683,2024-05-04 12:20:24,0,0
8684,2024-05-04 12:20:36,0,0
8685,2024-05-04 12:20:48,0,0
8686,2024-05-04 12:21:00,0,0
8687,2024-05-04 12:21:12,0,0
8688,2024-05-04 12:21:24,0,0
8689,2024-05-04 12:21:36,0,0
8690,2024-05-04 12:21:48,0,0
8691,2024-05-04 12:22:00,0,0
8692,2024-05-04 12:22:12,0,0
8693,2024-05-04 12:22:24,0,0
8694,2024-05-04 12:22:36,0,0
8695,2024-05-04 12:22:48,0,0
8696,2024-05-04 12:23:00,0,0
8697,2024-05-04 12:23:12,0,0
8698,2024-05-04 12:23:24,0,0
8699,2024-05-04 12:23:36,0,0
8700,2024-05-04 12:23:48,0,0
8701,2024-05-04 12:24:00,0,0
8702,2024-05-04 12:24:12,0,0
8703,2024-05-04 12:24:24,0,0
8704,2024-05-04 12:24:36,0,0
8705,2024-05-04 12:24:48,0,0
8706,2024-05-04 12:25:00,0,0
8707,2024-05-04 12:25:12,0,0
8708,2024-05-04 12:25:24,0,0
8709,2024-05-04 12:25:36,0,0
8710,2024-05-04 12:25:48,0,0
8711,2024-05-04 12:26:00,0,0
8712,2024-05-04 12:26:12,0,0
8713,2024-05-04 12:26:24,0,0
8714,2024-05-04 12:26:36,0,0
8715,2024-05-04 12:26:48,0,0
8716,2024-05-04 12:27:00,0,0
8717,2024-05-04 12:27:12,0,0
8718,2024-05-04 12:27:24,0,0
8719,2024-05-04 12:27:36,0,0
8720,2024-05-04 12:27:48,0,0
8721,2024-05-04 12:28:00,0,0
8722,2024-05-04 12:28:12,0,0
8723,2024-05-04 12:28:24,0,0
8724,2024-05-04 12:28:36,0,0
8725,2024-05-04 12:28:48,0,0
8726,2024-05-04 12:29:00,0,0
8727,2024-05-04 12:29:12,0,0
8728,2024-05-04 12:29:24,0,0
8729,2024-05-04 12:29:36,0,0
8730,2024-05-04 12:29:48,0,0
8731,2024-05-04 12:30:00,0,0
8732,2024-05-04 12:30:12,0,0
8733,2024-05-04 12:30:24,0,0
8734,2024-05-04 12:30:36,0,0
8735,2024-05-04 12:30:48,0,0
8736,2024-05-04 12:31:00,0,0
8737,2024-05-04 12:31:12,0,0
8738,2024-05-04 12:31:24,0,0
8739,2024-05-04 12:31:36,0,0
8740,2024-05-04 12:31:48,0,0
8741,2024-05-04 12:32:00,0,0
8742,2024-05-04 12:32:12,0,0
8743,2024-05-04 12:32:24,0,0
8744,2024-05-04 12:32:36,0,0
8745,2024-05-04 12:32:48,0,0
8746,2024-05-04 12:33:00,0,0
8747,2024-05-04 12:33:12,0,0
8748,2024-05-04 12:33:24,0,0
8749,2024-05-04 12:33:36,0,0
8750,2024-05-04 12:33:48,0,0
8751,2024-05-04 12:34:00,0,0
8752,2024-05-04 12:34:12,0,0
8753,2024-05-04 12:34:24,0,0
8754,2024-05-04 12:34:36,0,0
8755,2024-05-04 12:34:48,0,0
8756,2024-05-04 12:35:00,0,0
8757,2024-05-04 12:35:12,0,0
8758,2024-05-04 12:35:24,0,0
8759,2024-05-04 12:35:36,0,0
8760,2024-05-04 12:35:48,0,0
8761,2024-05-04 12:36:00,0,0
8762,2024-05-04 12:36:12,0,0
8763,2024-05-04 12:36:24,0,0
8764,2024-05-04 12:36:36,0,0
8765,2024-05-04 12:36:48,0,0
8766,2024-05-04 12:37:00,0,0
8767,2024-05-04 12:37:12,0,0
8768,2024-05-04 12:37:24,0,0
8769,2024-05-04 12:37:36,0,0
8770,2024-05-04 12:37:48,0,0
8771,2024-05-04 12:38:00,0,0
8772,2024-05-04 12:38:12,0,0
8773,2024-05-04 12:38:24,0,0
8774,2024-05-04 12:38:36,0,0
8775,2024-05-04 12:38:48,0,0
8776,2024-05-04 12:39:00,0,0
8777,2024-05-04 12:39:12,0,0
8778,2024-05-04 12:39:24,0,0
8779,2024-05-04 12:39:36,0,0
8780,2024-05-04 12:39:48,0,0
8781,2024-05-04 12:40:00,0,0
8782,2024-05-04 12:40:12,0,0
8783,2024-05-04 12:40:24,0,0
8784,2024-05-04 12:40:36,0,0
8785,2024-05-04 12:40:48,0,0
8786,2024-05-04 12:41:00,0,0
8787,2024-05-04 12:41:12,0,0
8788,2024-05-04 12:41:24,0,0
8789,2024-05-04 12:41:36,0,0
8790,2024-05-04 12:41:48,0,0
8791,2024-05-04 12:42:00,0,0
8792,2024-05-04 12:42:12,0,0
8793,2024-05-04 12:42:24,0,0
8794,2024-05-04 12:42:36,0,0
8795,2024-05-04 12:42:48,0,0
8796,2024-05-04 12:43:00,0,0
8797,2024-05-04 12:43:12,0,0
8798,2024-05-04 12:43:24,0,0
8799,2024-05-04 12:43:36,0,0
8800,2024-05-04 12:43:48,0,0
8801,2024-05-04 12:44:00,0,0
8802,2024-05-04 12:44:12,0,0
8803,2024-05-04 12:44:24,0,0
8804,2024-05-04 12:44:36,0,0
8805,2024-05-04 12:44:48,0,0
8806,2024-05-04 12:45:00,0,0
8807,2024-05-04 12:45:12,0,0
8808,2024-05-04 12:45:24,0,0
8809,2024-05-04 12:45:36,0,0
8810,2024-05-04 12:45:48,0,0
8811,2024-05-04 12:46:00,0,0
8812,2024-05-04 12:46:12,0,0
8813,2024-05-04 12:46:24,0,0
8814,2024-05-04 12:46:36,0,0
8815,2024-05-04 12:46:48,0,0
8816,2024-05-04 12:47:00,0,0
8817,2024-05-04 12:47:12,0,0
8818,2024-05-04 12:47:24,0,0
8819,2024-05-04 12:47:36,0,0
8820,2024-05-04 12:47:48,0,0
8821,2024-05-04 12:48:00,0,0
8822,2024-05-04 12:48:12,0,0
8823,2024-05-04 12:48:24,0,0
8824,2024-05-04 12:48:36,0,0
8825,2024-05-04 12:48:48,0,0
8826,2024-05-04 12:49:00,0,0
8827,2024-05-04 12:49:12,0,0
8828,2024-05-04 12:49:24,0,0
8829,2024-05-04 12:49:36,0,0
8830,2024-05-04 12:49:48,0,0
8831,2024-05-04 12:50:00,0,0
8832,2024-05-04 12:50:12,0,0
8833,2024-05-04 12:50:24,0,0
8834,2024-05-04 12:50:36,0,0
8835,2024-05-04 12:50:48,0,0
8836,2024-05-04 12:51:00,0,0
8837,2024-05-04 12:51:12,0,0
8838,2024-05-04 12:51:24,0,0
8839,2024-05-04 12:51:36,0,0
8840,2024-05-04 12:51:48,0,0
8841,2024-05-04 12:52:00,0,0
8842,2024-05-04 12:52:12,0,0
8843,2024-05-04 12:52:24,0,0
8844,2024-05-04 12:52:36,0,0
8845,2024-05-04 12:52:48,0,0
8846,2024-05-04 12:53:00,0,0
8847,2024-05-04 12:53:12,0,0
8848,2024-05-04 12:53:24,0,0
8849,2024-05-04 12:53:36,0,0
8850,2024-05-04 12:53:48,0,0
8851,2024-05-04 12:54:00,0,0
8852,2024-05-04 12:54:12,0,0
8853,2024-05-04 12:54:24,0,0
8854,2024-05-04 12:54:36,0,0
8855,2024-05-04 12:54:48,0,0
8856,2024-05-04 12:55:00,0,0
8857,2024-05-04 12:55:12,0,0
8858,2024-05-04 12:55:24,0,0
8859,2024-05-04 12:55:36,0,0
8860,2024-05-04 12:55:48,0,0
8861,2024-05-04 12:56:00,0,0
8862,2024-05-04 12:56:12,0,0
8863,2024-05-04 12:56:24,0,0
8864,2024-05-04 12:56:36,0,0
8865,2024-05-04 12:56:48,0,0
8866,2024-05-04 12:57:00,0,0
8867,2024-05-04 12:57:12,0,0
8868,2024-05-04 12:57:24,0,0
8869,2024-05-04 12:57:36,0,0
8870,2024-05-04 12:57:48,0,0
8871,2024-05-04 12:58:00,0,0
8872,2024-05-04 12:58:12,0,0
8873,2024-05-04 12:58:24,0,0
8874,2024-05-04 12:58:36,0,0
8875,2024-05-04 12:58:48,0,0
8876,2024-05-04 12:59:00,0,0
8877,2024-05-04 12:59:12,0,0
8878,2024-05-04 12:59:24,0,0
8879,2024-05-04 12:59:36,0,0
8880,2024-05-04 12:59:48,0,0
8881,2024-05-04 13:00:00,0,0
8882,2024-05-04 13:00:12,0,0
8883,2024-05-04 13:00:24,0,0
8884,2024-05-04 13:00:36,0,0
8885,2024-05-04 13:00:48,0,0
8886,2024-05-04 13:01:00,0,0
8887,2024-05-04 13:01:12,0,0
8888,2024-05-04 13:01:24,0,0
8889,2024-05-04 13:01:36,0,0
8890,2024-05-04 13:01:48,0,0
8891,2024-05-04 13:02:00,0,0
8892,2024-05-04 13:02:12,0,0
8893,2024-05-04 13:02:24,0,0
8894,2024-05-04 13:02:36,0,0
8895,2024-05-04 13:02:48,0,0
8896,2024-05-04 13:03:00,0,0
8897,2024-05-04 13:03:12,0,0
8898,2024-05-04 13:03:24,0,0
8899,2024-05-04 13:03:36,0,0
8900,2024-05-04 13:03:48,0,0
8901,2024-05-04 13:04:00,0,0
8902,2024-05-04 13:04:12,0,0
8903,2024-05-04 13:04:24,0,0
8904,2024-05-04 13:04:36,0,0
8905,2024-05-04 13:04:48,0,0
8906,2024-05-04 13:05:00,0,0
8907,2024-05-04 13:05:12,0,0
8908,2024-05-04 13:05:24,0,0
8909,2024-05-04 13:05:36,0,0
8910,2024-05-04 13:05:48,0,0
8911,2024-05-04 13:06:00,0,0
8912,2024-05-04 13:06:12,0,0
8913,2024-05-04 13:06:24,0,0
8914,2024-05-04 13:06:36,0,0
8915,2024-05-04 13:06:48,0,0
8916,2024-05-04 13:07:00,0,0
8917,2024-05-04 13:07:12,0,0
8918,2024-05-04 13:07:24,0,0
8919,2024-05-04 13:07:36,0,0
8920,2024-05-04 13:07:48,0,0
8921,2024-05-04 13:08:00,0,0
8922,2024-05-04 13:08:12,0,0
8923,2024-05-04 13:08:24,0,0
8924,2024-05-04 13:08:36,0,0
8925,2024-05-04 13:08:48,0,0
8926,2024-05-04 13:09:00,0,0
8927,2024-05-04 13:09:12,0,0
8928,2024-05-04 13:09:24,0,0
8929,2024-05-04 13:09:36,0,0
8930,2024-05-04 13:09:48,0,0
8931,2024-05-04 13:10:00,0,0
8932,2024-05-04 13:10:12,0,0
8933,2024-05-04 13:10:24,0,0
8934,2024-05-04 13:10:36,0,0
8935,2024-05-04 13:10:48,0,0
8936,2024-05-04 13:11:00,0,0
8937,2024-05-04 13:11:12,0,0
8938,2024-05-04 13:11:24,0,0
8939,2024-05-04 13:11:36,0,0
8940,2024-05-04 13:11:48,0,0
8941,2024-05-04 13:12:00,0,0
8942,2024-05-04 13:12:12,0,0
8943,2024-05-04 13:12:24,0,0
8944,2024-05-04 13:12:36,0,0
8945,2024-05-04 13:12:48,0,0
8946,2024-05-04 13:13:00,0,0
8947,2024-05-04 13:13:12,0,0
8948,2024-05-04 13:13:24,0,0
8949,2024-05-04 13:13:36,0,0
8950,2024-05-04 13:13:48,0,0
8951,2024-05-04 13:14:00,0,0
8952,2024-05-04 13:14:12,0,0
8953,2024-05-04 13:14:24,0,0
8954,2024-05-04 13:14:36,0,0
8955,2024-05-04 13:14:48,0,0
8956,2024-05-04 13:15:00,0,0
8957,2024-05-04 13:15:12,0,0
8958,2024-05-04 13:15:24,0,0
8959,2024-05-04 13:15:36,0,0
8960,2024-05-04 13:15:48,0,0
8961,2024-05-04 13:16:00,0,0
8962,2024-05-04 13:16:12,0,0
8963,2024-05-04 13:16:24,0,0
8964,2024-05-04 13:16:36,0,0
8965,2024-05-04 13:16:48,0,0
8966,2024-05-04 13:17:00,0,0
8967,2024-05-04 13:17:12,0,0
8968,2024-05-04 13:17:24,0,0
8969,2024-05-04 13:17:36,0,0
8970,2024-05-04 13:17:48,0,0
8971,2024-05-04 13:18:00,0,0
8972,2024-05-04 13:18:12,0,0
8973,2024-05-04 13:18:24,0,0
8974,2024-05-04 13:18:36,0,0
8975,2024-05-04 13:18:48,0,0
8976,2024-05-04 13:19:00,0,0
8977,2024-05-04 13:19:12,0,0
8978,2024-05-04 13:19:24,0,0
8979,2024-05-04 13:19:36,0,0
8980,2024-05-04 13:19:48,0,0
8981,2024-05-04 13:20:00,0,0
8982,2024-05-04 13:20:12,0,0
8983,2024-05-04 13:20:24,0,0
8984,2024-05-04 13:20:36,0,0
8985,2024-05-04 13:20:48,0,0
8986,2024-05-04 13:21:00,0,0
8987,2024-05-04 13:21:12,0,0
8988,2024-05-04 13:21:24,0,0
8989,2024-05-04 13:21:36,0,0
8990,2024-05-04 13:21:48,0,0
8991,2024-05-04 13:22:00,0,0
8992,2024-05-04 13:22:12,0,0
8993,2024-05-04 13:22:24,0,0
8994,2024-05-04 13:22:36,0,0
8995,2024-05-04 13:22:48,0,0
8996,2024-05-04 13:23:00,0,0
8997,2024-05-04 13:23:12,0,0
8998,2024-05-04 13:23:24,0,0
8999,2024-05-04 13:23:36,0,0
9000,2024-05-04 13:23:48,0,0
9001,2024-05-04 13:24:00,0,0
9002,2024-05-04 13:24:12,0,0
9003,2024-05-04 13:24:24,0,0
9004,2024-05-04 13:24:36,0,0
9005,2024-05-04 13:24:48,0,0
9006,2024-05-04 13:25:00,0,0
9007,2024-05-04 13:25:12,0,0
9008,2024-05-04 13:25:24,0,0
9009,2024-05-04 13:25:36,0,0
9010,2024-05-04 13:25:48,0,0
9011,2024-05-04 13:26:00,0,0
9012,2024-05-04 13:26:12,0,0
9013,2024-05-04 13:26:24,0,0
9014,2024-05-04 13:26:36,0,0
9015,2024-05-04 13:26:48,0,0
9016,2024-05-04 13:27:00,0,0
9017,2024-05-04 13:27:12,0,0
9018,2024-05-04 13:27:24,0,0
9019,2024-05-04 13:27:36,0,0
9020,2024-05-04 13:27:48,0,0
9021,2024-05-04 13:28:00,0,0
9022,2024-05-04 13:28:12,0,0
9023,2024-05-04 13:28:24,0,0
9024,2024-05-04 13:28:36,0,0
9025,2024-05-04 13:28:48,0,0
9026,2024-05-04 13:29:00,0,0
9027,2024-05-04 13:29:12,0,0
9028,2024-05-04 13:29:24,0,0
9029,2024-05-04 13:29:36,0,0
9030,2024-05-04 13:29:48,0,0
9031,2024-05-04 13:30:00,0,0
9032,2024-05-04 13:30:12,0,0
9033,2024-05-04 13:30:24,0,0
9034,2024-05-04 13:30:36,0,0
9035,2024-05-04 13:30:48,0,0
9036,2024-05-04 13:31:00,0,0
9037,2024-05-04 13:31:12,0,0
9038,2024-05-04 13:31:24,0,0
9039,2024-05-04 13:31:36,0,0
9040,2024-05-04 13:31:48,0,0
9041,2024-05-04 13:32:00,0,0
9042,2024-05-04 13:32:12,0,0
9043,2024-05-04 13:32:24,0,0
9044,2024-05-04 13:32:36,0,0
9045,2024-05-04 13:32:48,0,0
9046,2024-05-04 13:33:00,0,0
9047,2024-05-04 13:33:12,0,0
9048,2024-05-04 13:33:24,0,0
9049,2024-05-04 13:33:36,0,0
9050,2024-05-04 13:33:48,0,0
9051,2024-05-04 13:34:00,0,0
9052,2024-05-04 13:34:12,0,0
9053,2024-05-04 13:34:24,0,0
9054,2024-05-04 13:34:36,0,0
9055,2024-05-04 13:34:48,0,0
9056,2024-05-04 13:35:00,0,0
9057,2024-05-04 13:35:12,0,0
9058,2024-05-04 13:35:24,0,0
9059,2024-05-04 13:35:36,0,0
9060,2024-05-04 13:35:48,0,0
9061,2024-05-04 13:36:00,0,0
9062,2024-05-04 13:36:12,0,0
9063,2024-05-04 13:36:24,0,0
9064,2024-05-04 13:36:36,0,0
9065,2024-05-04 13:36:48,0,0
9066,2024-05-04 13:37:00,0,0
9067,2024-05-04 13:37:12,0,0
9068,2024-05-04 13:37:24,0,0
9069,2024-05-04 13:37:36,0,0
9070,2024-05-04 13:37:48,0,0
9071,2024-05-04 13:38:00,0,0
9072,2024-05-04 13:38:12,0,0
9073,2024-05-04 13:38:24,0,0
9074,2024-05-04 13:38:36,0,0
9075,2024-05-04 13:38:48,0,0
9076,2024-05-04 13:39:00,0,0
9077,2024-05-04 13:39:12,0,0
9078,2024-05-04 13:39:24,0,0
9079,2024-05-04 13:39:36,0,0
9080,2024-05-04 13:39:48,0,0
9081,2024-05-04 13:40:00,0,0
9082,2024-05-04 13:40:12,0,0
9083,2024-05-04 13:40:24,0,0
9084,2024-05-04 13:40:36,0,0
9085,2024-05-04 13:40:48,0,0
9086,2024-05-04 13:41:00,0,0
9087,2024-05-04 13:41:12,0,0
9088,2024-05-04 13:41:24,0,0
9089,2024-05-04 13:41:36,0,0
9090,2024-05-04 13:41:48,0,0
9091,2024-05-04 13:42:00,0,0
9092,2024-05-04 13:42:12,0,0
9093,2024-05-04 13:42:24,0,0
9094,2024-05-04 13:42:36,0,0
9095,2024-05-04 13:42:48,0,0
9096,2024-05-04 13:43:00,0,0
9097,2024-05-04 13:43:12,0,0
9098,2024-05-04 13:43:24,0,0
9099,2024-05-04 13:43:36,0,0
9100,2024-05-04 13:43:48,0,0
9101,2024-05-04 13:44:00,0,0
9102,2024-05-04 13:44:12,0,0
9103,2024-05-04 13:44:24,0,0
9104,2024-05-04 13:44:36,0,0
9105,2024-05-04 13:44:48,0,0
9106,2024-05-04 13:45:00,0,0
9107,2024-05-04 13:45:12,0,0
9108,2024-05-04 13:45:24,0,0
9109,2024-05-04 13:45:36,0,0
9110,2024-05-04 13:45:48,0,0
9111,2024-05-04 13:46:00,0,0
9112,2024-05-04 13:46:12,0,0
9113,2024-05-04 13:46:24,0,0
9114,2024-05-04 13:46:36,0,0
9115,2024-05-04 13:46:48,0,0
9116,2024-05-04 13:47:00,0,0
9117,2024-05-04 13:47:12,0,0
9118,2024-05-04 13:47:24,0,0
9119,2024-05-04 13:47:36,0,0
9120,2024-05-04 13:47:48,0,0
9121,2024-05-04 13:48:00,0,0
9122,2024-05-04 13:48:12,0,0
9123,2024-05-04 13:48:24,0,0
9124,2024-05-04 13:48:36,0,0
9125,2024-05-04 13:48:48,0,0
9126,2024-05-04 13:49:00,0,0
9127,2024-05-04 13:49:12,0,0
9128,2024-05-04 13:49:24,0,0
9129,2024-05-04 13:49:36,0,0
9130,2024-05-04 13:49:48,0,0
9131,2024-05-04 13:50:00,0,0
9132,2024-05-04 13:50:12,0,0
9133,2024-05-04 13:50:24,0,0
9134,2024-05-04 13:50:36,0,0
9135,2024-05-04 13:50:48,0,0
9136,2024-05-04 13:51:00,0,0
9137,2024-05-04 13:51:12,0,0
9138,2024-05-04 13:51:24,0,0
9139,2024-05-04 13:51:36,0,0
9140,2024-05-04 13:51:48,0,0
9141,2024-05-04 13:52:00,0,0
9142,2024-05-04 13:52:12,0,0
9143,2024-05-04 13:52:24,0,0
9144,2024-05-04 13:52:36,0,0
9145,2024-05-04 13:52:48,0,0
9146,2024-05-04 13:53:00,0,0
9147,2024-05-04 13:53:12,0,0
9148,2024-05-04 13:53:24,0,0
9149,2024-05-04 13:53:36,0,0
9150,2024-05-04 13:53:48,0,0
9151,2024-05-04 13:54:00,0,0
9152,2024-05-04 13:54:12,0,0
9153,2024-05-04 13:54:24,0,0
9154,2024-05-04 13:54:36,0,0
9155,2024-05-04 13:54:48,0,0
9156,2024-05-04 13:55:00,0,0
9157,2024-05-04 13:55:12,0,0
9158,2024-05-04 13:55:24,0,0
9159,2024-05-04 13:55:36,0,0
9160,2024-05-04 13:55:48,0,0
9161,2024-05-04 13:56:00,0,0
9162,2024-05-04 13:56:12,0,0
9163,2024-05-04 13:56:24,0,0
9164,2024-05-04 13:56:36,0,0
9165,2024-05-04 13:56:48,0,0
9166,2024-05-04 13:57:00,0,0
9167,2024-05-04 13:57:12,0,0
9168,2024-05-04 13:57:24,0,0
9169,2024-05-04 13:57:36,0,0
9170,2024-05-04 13:57:48,0,0
9171,2024-05-04 13:58:00,0,0
9172,2024-05-04 13:58:12,0,0
9173,2024-05-04 13:58:24,0,0
9174,2024-05-04 13:58:36,0,0
9175,2024-05-04 13:58:48,0,0
9176,2024-05-04 13:59:00,0,0
9177,2024-05-04 13:59:12,0,0
9178,2024-05-04 13:59:24,0,0
9179,2024-05-04 13:59:36,0,0
9180,2024-05-04 13:59:48,0,0
9181,2024-05-04 14:00:00,0,0
9182,2024-05-04 14:00:12,0,0
9183,2024-05-04 14:00:24,0,0
9184,2024-05-04 14:00:36,0,0
9185,2024-05-04 14:00:48,0,0
9186,2024-05-04 14:01:00,0,0
9187,2024-05-04 14:01:12,0,0
9188,2024-05-04 14:01:24,0,0
9189,2024-05-04 14:01:36,0,0
9190,2024-05-04 14:01:48,0,0
9191,2024-05-04 14:02:00,0,0
9192,2024-05-04 14:02:12,0,0
9193,2024-05-04 14:02:24,0,0
9194,2024-05-04 14:02:36,0,0
9195,2024-05-04 14:02:48,0,0
9196,2024-05-04 14:03:00,0,0
9197,2024-05-04 14:03:12,0,0
9198,2024-05-04 14:03:24,0,0
9199,2024-05-04 14:03:36,0,0
9200,2024-05-04 14:03:48,0,0
9201,2024-05-04 14:04:00,0,0
9202,2024-05-04 14:04:12,0,0
9203,2024-05-04 14:04:24,0,0
9204,2024-05-04 14:04:36,0,0
9205,2024-05-04 14:04:48,0,0
9206,2024-05-04 14:05:00,0,0
9207,2024-05-04 14:05:12,0,0
9208,2024-05-04 14:05:24,0,0
9209,2024-05-04 14:05:36,0,0
9210,2024-05-04 14:05:48,0,0
9211,2024-05-04 14:06:00,0,0
9212,2024-05-04 14:06:12,0,0
9213,2024-05-04 14:06:24,0,0
9214,2024-05-04 14:06:36,0,0
9215,2024-05-04 14:06:48,0,0
9216,2024-05-04 14:07:00,0,0
9217,2024-05-04 14:07:12,0,0
9218,2024-05-04 14:07:24,0,0
9219,2024-05-04 14:07:36,0,0
9220,2024-05-04 14:07:48,0,0
9221,2024-05-04 14:08:00,0,0
9222,2024-05-04 14:08:12,0,0
9223,2024-05-04 14:08:24,0,0
9224,2024-05-04 14:08:36,0,0
9225,2024-05-04 14:08:48,0,0
9226,2024-05-04 14:09:00,0,0
9227,2024-05-04 14:09:12,0,0
9228,2024-05-04 14:09:24,0,0
9229,2024-05-04 14:09:36,0,0
9230,2024-05-04 14:09:48,0,0
9231,2024-05-04 14:10:00,0,0
9232,2024-05-04 14:10:12,0,0
9233,2024-05-04 14:10:24,0,0
9234,2024-05-04 14:10:36,0,0
9235,2024-05-04 14:10:48,0,0
9236,2024-05-04 14:11:00,0,0
9237,2024-05-04 14:11:12,0,0
9238,2024-05-04 14:11:24,0,0
9239,2024-05-04 14:11:36,0,0
9240,2024-05-04 14:11:48,0,0
9241,2024-05-04 14:12:00,0,0
9242,2024-05-04 14:12:12,0,0
9243,2024-05-04 14:12:24,0,0
9244,2024-05-04 14:12:36,0,0
9245,2024-05-04 14:12:48,0,0
9246,2024-05-04 14:13:00,0,0
9247,2024-05-04 14:13:12,0,0
9248,2024-05-04 14:13:24,0,0
9249,2024-05-04 14:13:36,0,0
9250,2024-05-04 14:13:48,0,0
9251,2024-05-04 14:14:00,0,0
9252,2024-05-04 14:14:12,0,0
9253,2024-05-04 14:14:24,0,0
9254,2024-05-04 14:14:36,0,0
9255,2024-05-04 14:14:48,0,0
9256,2024-05-04 14:15:00,0,0
9257,2024-05-04 14:15:12,0,0
9258,2024-05-04 14:15:24,0,0
9259,2024-05-04 14:15:36,0,0
9260,2024-05-04 14:15:48,0,0
9261,2024-05-04 14:16:00,0,0
9262,2024-05-04 14:16:12,0,0
9263,2024-05-04 14:16:24,0,0
9264,2024-05-04 14:16:36,0,0
9265,2024-05-04 14:16:48,0,0
9266,2024-05-04 14:17:00,0,0
9267,2024-05-04 14:17:12,0,0
9268,2024-05-04 14:17:24,0,0
9269,2024-05-04 14:17:36,0,0
9270,2024-05-04 14:17:48,0,0
9271,2024-05-04 14:18:00,0,0
9272,2024-05-04 14:18:12,0,0
9273,2024-05-04 14:18:24,0,0
9274,2024-05-04 14:18:36,0,0
9275,2024-05-04 14:18:48,0,0
9276,2024-05-04 14:19:00,0,0
9277,2024-05-04 14:19:12,0,0
9278,2024-05-04 14:19:24,0,0
9279,2024-05-04 14:19:36,0,0
9280,2024-05-04 14:19:48,0,0
9281,2024-05-04 14:20:00,0,0
9282,2024-05-04 14:20:12,0,0
9283,2024-05-04 14:20:24,0,0
9284,2024-05-04 14:20:36,0,0
9285,2024-05-04 14:20:48,0,0
9286,2024-05-04 14:21:00,0,0
9287,2024-05-04 14:21:12,0,0
9288,2024-05-04 14:21:24,0,0
9289,2024-05-04 14:21:36,0,0
9290,2024-05-04 14:21:48,0,0
9291,2024-05-04 14:22:00,0,0
9292,2024-05-04 14:22:12,0,0
9293,2024-05-04 14:22:24,0,0
9294,2024-05-04 14:22:36,0,0
9295,2024-05-04 14:22:48,0,0
9296,2024-05-04 14:23:00,0,0
9297,2024-05-04 14:23:12,0,0
9298,2024-05-04 14:23:24,0,0
9299,2024-05-04 14:23:36,0,0
9300,2024-05-04 14:23:48,0,0
9301,2024-05-04 14:24:00,0,0
9302,2024-05-04 14:24:12,0,0
9303,2024-05-04 14:24:24,0,0
9304,2024-05-04 14:24:36,0,0
9305,2024-05-04 14:24:48,0,0
9306,2024-05-04 14:25:00,0,0
9307,2024-05-04 14:25:12,0,0
9308,2024-05-04 14:25:24,0,0
9309,2024-05-04 14:25:36,0,0
9310,2024-05-04 14:25:48,0,0
9311,2024-05-04 14:26:00,0,0
9312,2024-05-04 14:26:12,0,0
9313,2024-05-04 14:26:24,0,0
9314,2024-05-04 14:26:36,0,0
9315,2024-05-04 14:26:48,0,0
9316,2024-05-04 14:27:00,0,0
9317,2024-05-04 14:27:12,0,0
9318,2024-05-04 14:27:24,0,0
9319,2024-05-04 14:27:36,0,0
9320,2024-05-04 14:27:48,0,0
9321,2024-05-04 14:28:00,0,0
9322,2024-05-04 14:28:12,0,0
9323,2024-05-04 14:28:24,0,0
9324,2024-05-04 14:28:36,0,0
9325,2024-05-04 14:28:48,0,0
9326,2024-05-04 14:29:00,0,0
9327,2024-05-04 14:29:12,0,0
9328,2024-05-04 14:29:24,0,0
9329,2024-05-04 14:29:36,0,0
9330,2024-05-04 14:29:48,0,0
9331,2024-05-04 14:30:00,0,0
9332,2024-05-04 14:30:12,0,0
9333,2024-05-04 14:30:24,0,0
9334,2024-05-04 14:30:36,0,0
9335,2024-05-04 14:30:48,0,0
9336,2024-05-04 14:31:00,0,0
9337,2024-05-04 14:31:12,0,0
9338,2024-05-04 14:31:24,0,0
9339,2024-05-04 14:31:36,0,0
9340,2024-05-04 14:31:48,0,0
9341,2024-05-04 14:32:00,0,0
9342,2024-05-04 14:32:12,0,0
9343,2024-05-04 14:32:24,0,0
9344,2024-05-04 14:32:36,0,0
9345,2024-05-04 14:32:48,0,0
9346,2024-05-04 14:33:00,0,0
9347,2024-05-04 14:33:12,0,0
9348,2024-05-04 14:33:24,0,0
9349,2024-05-04 14:33:36,0,0
9350,2024-05-04 14:33:48,0,0
9351,2024-05-04 14:34:00,0,0
9352,2024-05-04 14:34:12,0,0
9353,2024-05-04 14:34:24,0,0
9354,2024-05-04 14:34:36,0,0
9355,2024-05-04 14:34:48,0,0
9356,2024-05-04 14:35:00,0,0
9357,2024-05-04 14:35:12,0,0
9358,2024-05-04 14:35:24,0,0
9359,2024-05-04 14:35:36,0,0
9360,2024-05-04 14:35:48,0,0
9361,2024-05-04 14:36:00,0,0
9362,2024-05-04 14:36:12,0,0
9363,2024-05-04 14:36:24,0,0
9364,2024-05-04 14:36:36,0,0
9365,2024-05-04 14:36:48,0,0
9366,2024-05-04 14:37:00,0,0
9367,2024-05-04 14:37:12,0,0
9368,2024-05-04 14:37:24,0,0
9369,2024-05-04 14:37:36,0,0
9370,2024-05-04 14:37:48,0,0
9371,2024-05-04 14:38:00,0,0
9372,2024-05-04 14:38:12,0,0
9373,2024-05-04 14:38:24,0,0
9374,2024-05-04 14:38:36,0,0
9375,2024-05-04 14:38:48,0,0
9376,2024-05-04 14:39:00,0,0
9377,2024-05-04 14:39:12,0,0
9378,2024-05-04 14:39:24,0,0
9379,2024-05-04 14:39:36,0,0
9380,2024-05-04 14:39:48,0,0
9381,2024-05-04 14:40:00,0,0
9382,2024-05-04 14:40:12,0,0
9383,2024-05-04 14:40:24,0,0
9384,2024-05-04 14:40:36,0,0
9385,2024-05-04 14:40:48,0,0
9386,2024-05-04 14:41:00,0,0
9387,2024-05-04 14:41:12,0,0
9388,2024-05-04 14:41:24,0,0
9389,2024-05-04 14:41:36,0,0
9390,2024-05-04 14:41:48,0,0
9391,2024-05-04 14:42:00,0,0
9392,2024-05-04 14:42:12,0,0
9393,2024-05-04 14:42:24,0,0
9394,2024-05-04 14:42:36,0,0
9395,2024-05-04 14:42:48,0,0
9396,2024-05-04 14:43:00,0,0
9397,2024-05-04 14:43:12,0,0
9398,2024-05-04 14:43:24,0,0
9399,2024-05-04 14:43:36,0,0
9400,2024-05-04 14:43:48,0,0
9401,2024-05-04 14:44:00,0,0
9402,2024-05-04 14:44:12,0,0
9403,2024-05-04 14:44:24,0,0
9404,2024-05-04 14:44:36,0,0
9405,2024-05-04 14:44:48,0,0
9406,2024-05-04 14:45:00,0,0
9407,2024-05-04 14:45:12,0,0
9408,2024-05-04 14:45:24,0,0
9409,2024-05-04 14:45:36,0,0
9410,2024-05-04 14:45:48,0,0
9411,2024-05-04 14:46:00,0,0
9412,2024-05-04 14:46:12,0,0
9413,2024-05-04 14:46:24,0,0
9414,2024-05-04 14:46:36,0,0
9415,2024-05-04 14:46:48,0,0
9416,2024-05-04 14:47:00,0,0
9417,2024-05-04 14:47:12,0,0
9418,2024-05-04 14:47:24,0,0
9419,2024-05-04 14:47:36,0,0
9420,2024-05-04 14:47:48,0,0
9421,2024-05-04 14:48:00,0,0
9422,2024-05-04 14:48:12,0,0
9423,2024-05-04 14:48:24,0,0
9424,2024-05-04 14:48:36,0,0
9425,2024-05-04 14:48:48,0,0
9426,2024-05-04 14:49:00,0,0
9427,2024-05-04 14:49:12,0,0
9428,2024-05-04 14:49:24,0,0
9429,2024-05-04 14:49:36,0,0
9430,2024-05-04 14:49:48,0,0
9431,2024-05-04 14:50:00,0,0
9432,2024-05-04 14:50:12,0,0
9433,2024-05-04 14:50:24,0,0
9434,2024-05-04 14:50:36,0,0
9435,2024-05-04 14:50:48,0,0
9436,2024-05-04 14:51:00,0,0
9437,2024-05-04 14:51:12,0,0
9438,2024-05-04 14:51:24,0,0
9439,2024-05-04 14:51:36,0,0
9440,2024-05-04 14:51:48,0,0
9441,2024-05-04 14:52:00,0,0
9442,2024-05-04 14:52:12,0,0
9443,2024-05-04 14:52:24,0,0
9444,2024-05-04 14:52:36,0,0
9445,2024-05-04 14:52:48,0,0
9446,2024-05-04 14:53:00,0,0
9447,2024-05-04 14:53:12,0,0
9448,2024-05-04 14:53:24,0,0
9449,2024-05-04 14:53:36,0,0
9450,2024-05-04 14:53:48,0,0
9451,2024-05-04 14:54:00,0,0
9452,2024-05-04 14:54:12,0,0
9453,2024-05-04 14:54:24,0,0
9454,2024-05-04 14:54:36,0,0
9455,2024-05-04 14:54:48,0,0
9456,2024-05-04 14:55:00,0,0
9457,2024-05-04 14:55:12,0,0
9458,2024-05-04 14:55:24,0,0
9459,2024-05-04 14:55:36,0,0
9460,2024-05-04 14:55:48,0,0
9461,2024-05-04 14:56:00,0,0
9462,2024-05-04 14:56:12,0,0
9463,2024-05-04 14:56:24,0,0
9464,2024-05-04 14:56:36,0,0
9465,2024-05-04 14:56:48,0,0
9466,2024-05-04 14:57:00,0,0
9467,2024-05-04 14:57:12,0,0
9468,2024-05-04 14:57:24,0,0
9469,2024-05-04 14:57:36,0,0
9470,2024-05-04 14:57:48,0,0
9471,2024-05-04 14:58:00,0,0
9472,2024-05-04 14:58:12,0,0
9473,2024-05-04 14:58:24,0,0
9474,2024-05-04 14:58:36,0,0
9475,2024-05-04 14:58:48,0,0
9476,2024-05-04 14:59:00,0,0
9477,2024-05-04 14:59:12,0,0
9478,2024-05-04 14:59:24,0,0
9479,2024-05-04 14:59:36,0,0
9480,2024-05-04 14:59:48,0,0
9481,2024-05-04 15:00:00,0,0
9482,2024-05-04 15:00:12,0,0
9483,2024-05-04 15:00:24,0,0
9484,2024-05-04 15:00:36,0,0
9485,2024-05-04 15:00:48,0,0
9486,2024-05-04 15:01:00,0,0
9487,2024-05-04 15:01:12,0,0
9488,2024-05-04 15:01:24,0,0
9489,2024-05-04 15:01:36,0,0
9490,2024-05-04 15:01:48,0,0
9491,2024-05-04 15:02:00,0,0
9492,2024-05-04 15:02:12,0,0
9493,2024-05-04 15:02:24,0,0
9494,2024-05-04 15:02:36,0,0
9495,2024-05-04 15:02:48,0,0
9496,2024-05-04 15:03:00,0,0
9497,2024-05-04 15:03:12,0,0
9498,2024-05-04 15:03:24,0,0
9499,2024-05-04 15:03:36,0,0
9500,2024-05-04 15:03:48,0,0
9501,2024-05-04 15:04:00,0,0
9502,2024-05-04 15:04:12,0,0
9503,2024-05-04 15:04:24,0,0
9504,2024-05-04 15:04:36,0,0
9505,2024-05-04 15:04:48,0,0
9506,2024-05-04 15:05:00,0,0
9507,2024-05-04 15:05:12,0,0
9508,2024-05-04 15:05:24,0,0
9509,2024-05-04 15:05:36,0,0
9510,2024-05-04 15:05:48,0,0
9511,2024-05-04 15:06:00,0,0
9512,2024-05-04 15:06:12,0,0
9513,2024-05-04 15:06:24,0,0
9514,2024-05-04 15:06:36,0,0
9515,2024-05-04 15:06:48,0,0
9516,2024-05-04 15:07:00,0,0
9517,2024-05-04 15:07:12,0,0
9518,2024-05-04 15:07:24,0,0
9519,2024-05-04 15:07:36,0,0
9520,2024-05-04 15:07:48,0,0
9521,2024-05-04 15:08:00,0,0
9522,2024-05-04 15:08:12,0,0
9523,2024-05-04 15:08:24,0,0
9524,2024-05-04 15:08:36,0,0
9525,2024-05-04 15:08:48,0,0
9526,2024-05-04 15:09:00,0,0
9527,2024-05-04 15:09:12,0,0
9528,2024-05-04 15:09:24,0,0
9529,2024-05-04 15:09:36,0,0
9530,2024-05-04 15:09:48,0,0
9531,2024-05-04 15:10:00,0,0
9532,2024-05-04 15:10:12,0,0
9533,2024-05-04 15:10:24,0,0
9534,2024-05-04 15:10:36,0,0
9535,2024-05-04 15:10:48,0,0
9536,2024-05-04 15:11:00,0,0
9537,2024-05-04 15:11:12,0,0
9538,2024-05-04 15:11:24,0,0
9539,2024-05-04 15:11:36,0,0
9540,2024-05-04 15:11:48,0,0
9541,2024-05-04 15:12:00,0,0
9542,2024-05-04 15:12:12,0,0
9543,2024-05-04 15:12:24,0,0
9544,2024-05-04 15:12:36,0,0
9545,2024-05-04 15:12:48,0,0
9546,2024-05-04 15:13:00,0,0
9547,2024-05-04 15:13:12,0,0
9548,2024-05-04 15:13:24,0,0
9549,2024-05-04 15:13:36,0,0
9550,2024-05-04 15:13:48,0,0
9551,2024-05-04 15:14:00,0,0
9552,2024-05-04 15:14:12,0,0
9553,2024-05-04 15:14:24,0,0
9554,2024-05-04 15:14:36,0,0
9555,2024-05-04 15:14:48,0,0
9556,2024-05-04 15:15:00,0,0
9557,2024-05-04 15:15:12,0,0
9558,2024-05-04 15:15:24,0,0
9559,2024-05-04 15:15:36,0,0
9560,2024-05-04 15:15:48,0,0
9561,2024-05-04 15:16:00,0,0
9562,2024-05-04 15:16:12,0,0
9563,2024-05-04 15:16:24,0,0
9564,2024-05-04 15:16:36,0,0
9565,2024-05-04 15:16:48,0,0
9566,2024-05-04 15:17:00,0,0
9567,2024-05-04 15:17:12,0,0
9568,2024-05-04 15:17:24,0,0
9569,2024-05-04 15:17:36,0,0
9570,2024-05-04 15:17:48,0,0
9571,2024-05-04 15:18:00,0,0
9572,2024-05-04 15:18:12,0,0
9573,2024-05-04 15:18:24,0,0
9574,2024-05-04 15:18:36,0,0
9575,2024-05-04 15:18:48,0,0
9576,2024-05-04 15:19:00,0,0
9577,2024-05-04 15:19:12,0,0
9578,2024-05-04 15:19:24,0,0
9579,2024-05-04 15:19:36,0,0
9580,2024-05-04 15:19:48,0,0
9581,2024-05-04 15:20:00,0,0
9582,2024-05-04 15:20:12,0,0
9583,2024-05-04 15:20:24,0,0
9584,2024-05-04 15:20:36,0,0
9585,2024-05-04 15:20:48,0,0
9586,2024-05-04 15:21:00,0,0
9587,2024-05-04 15:21:12,0,0
9588,2024-05-04 15:21:24,0,0
9589,2024-05-04 15:21:36,0,0
9590,2024-05-04 15:21:48,0,0
9591,2024-05-04 15:22:00,0,0
9592,2024-05-04 15:22:12,0,0
9593,2024-05-04 15:22:24,0,0
9594,2024-05-04 15:22:36,0,0
9595,2024-05-04 15:22:48,0,0
9596,2024-05-04 15:23:00,0,0
9597,2024-05-04 15:23:12,0,0
9598,2024-05-04 15:23:24,0,0
9599,2024-05-04 15:23:36,0,0
9600,2024-05-04 15:23:48,0,0
9601,2024-05-04 15:24:00,0,0
9602,2024-05-04 15:24:12,0,0
9603,2024-05-04 15:24:24,0,0
9604,2024-05-04 15:24:36,0,0
9605,2024-05-04 15:24:48,0,0
9606,2024-05-04 15:25:00,0,0
9607,2024-05-04 15:25:12,0,0
9608,2024-05-04 15:25:24,0,0
9609,2024-05-04 15:25:36,0,0
9610,2024-05-04 15:25:48,0,0
9611,2024-05-04 15:26:00,0,0
9612,2024-05-04 15:26:12,0,0
9613,2024-05-04 15:26:24,0,0
9614,2024-05-04 15:26:36,0,0
9615,2024-05-04 15:26:48,0,0
9616,2024-05-04 15:27:00,0,0
9617,2024-05-04 15:27:12,0,0
9618,2024-05-04 15:27:24,0,0
9619,2024-05-04 15:27:36,0,0
9620,2024-05-04 15:27:48,0,0
9621,2024-05-04 15:28:00,0,0
9622,2024-05-04 15:28:12,0,0
9623,2024-05-04 15:28:24,0,0
9624,2024-05-04 15:28:36,0,0
9625,2024-05-04 15:28:48,0,0
9626,2024-05-04 15:29:00,0,0
9627,2024-05-04 15:29:12,0,0
9628,2024-05-04 15:29:24,0,0
9629,2024-05-04 15:29:36,0,0
9630,2024-05-04 15:29:48,0,0
9631,2024-05-04 15:30:00,0,0
9632,2024-05-04 15:30:12,0,0
9633,2024-05-04 15:30:24,0,0
9634,2024-05-04 15:30:36,0,0
9635,2024-05-04 15:30:48,0,0
9636,2024-05-04 15:31:00,0,0
9637,2024-05-04 15:31:12,0,0
9638,2024-05-04 15:31:24,0,0
9639,2024-05-04 15:31:36,0,0
9640,2024-05-04 15:31:48,0,0
9641,2024-05-04 15:32:00,0,0
9642,2024-05-04 15:32:12,0,0
9643,2024-05-04 15:32:24,0,0
9644,2024-05-04 15:32:36,0,0
9645,2024-05-04 15:32:48,0,0
9646,2024-05-04 15:33:00,0,0
9647,2024-05-04 15:33:12,0,0
9648,2024-05-04 15:33:24,0,0
9649,2024-05-04 15:33:36,0,0
9650,2024-05-04 15:33:48,0,0
9651,2024-05-04 15:34:00,0,0
9652,2024-05-04 15:34:12,0,0
9653,2024-05-04 15:34:24,0,0
9654,2024-05-04 15:34:36,0,0
9655,2024-05-04 15:34:48,0,0
9656,2024-05-04 15:35:00,0,0
9657,2024-05-04 15:35:12,0,0
9658,2024-05-04 15:35:24,0,0
9659,2024-05-04 15:35:36,0,0
9660,2024-05-04 15:35:48,0,0
9661,2024-05-04 15:36:00,0,0
9662,2024-05-04 15:36:12,0,0
9663,2024-05-04 15:36:24,0,0
9664,2024-05-04 15:36:36,0,0
9665,2024-05-04 15:36:48,0,0
9666,2024-05-04 15:37:00,0,0
9667,2024-05-04 15:37:12,0,0
9668,2024-05-04 15:37:24,0,0
9669,2024-05-04 15:37:36,0,0
9670,2024-05-04 15:37:48,0,0
9671,2024-05-04 15:38:00,0,0
9672,2024-05-04 15:38:12,0,0
9673,2024-05-04 15:38:24,0,0
9674,2024-05-04 15:38:36,0,0
9675,2024-05-04 15:38:48,0,0
9676,2024-05-04 15:39:00,0,0
9677,2024-05-04 15:39:12,0,0
9678,2024-05-04 15:39:24,0,0
9679,2024-05-04 15:39:36,0,0
9680,2024-05-04 15:39:48,0,0
9681,2024-05-04 15:40:00,0,0
9682,2024-05-04 15:40:12,0,0
9683,2024-05-04 15:40:24,0,0
9684,2024-05-04 15:40:36,0,0
9685,2024-05-04 15:40:48,0,0
9686,2024-05-04 15:41:00,0,0
9687,2024-05-04 15:41:12,0,0
9688,2024-05-04 15:41:24,0,0
9689,2024-05-04 15:41:36,0,0
9690,2024-05-04 15:41:48,0,0
9691,2024-05-04 15:42:00,0,0
9692,2024-05-04 15:42:12,0,0
9693,2024-05-04 15:42:24,0,0
9694,2024-05-04 15:42:36,0,0
9695,2024-05-04 15:42:48,0,0
9696,2024-05-04 15:43:00,0,0
9697,2024-05-04 15:43:12,0,0
9698,2024-05-04 15:43:24,0,0
9699,2024-05-04 15:43:36,0,0
9700,2024-05-04 15:43:48,0,0
9701,2024-05-04 15:44:00,0,0
9702,2024-05-04 15:44:12,0,0
9703,2024-05-04 15:44:24,0,0
9704,2024-05-04 15:44:36,0,0
9705,2024-05-04 15:44:48,0,0
9706,2024-05-04 15:45:00,0,0
9707,2024-05-04 15:45:12,0,0
9708,2024-05-04 15:45:24,0,0
9709,2024-05-04 15:45:36,0,0
9710,2024-05-04 15:45:48,0,0
9711,2024-05-04 15:46:00,0,0
9712,2024-05-04 15:46:12,0,0
9713,2024-05-04 15:46:24,0,0
9714,2024-05-04 15:46:36,0,0
9715,2024-05-04 15:46:48,0,0
9716,2024-05-04 15:47:00,0,0
9717,2024-05-04 15:47:12,0,0
9718,2024-05-04 15:47:24,0,0
9719,2024-05-04 15:47:36,0,0
9720,2024-05-04 15:47:48,0,0
9721,2024-05-04 15:48:00,0,0
9722,2024-05-04 15:48:12,0,0
9723,2024-05-04 15:48:24,0,0
9724,2024-05-04 15:48:36,0,0
9725,2024-05-04 15:48:48,0,0
9726,2024-05-04 15:49:00,0,0
9727,2024-05-04 15:49:12,0,0
9728,2024-05-04 15:49:24,0,0
9729,2024-05-04 15:49:36,0,0
9730,2024-05-04 15:49:48,0,0
9731,2024-05-04 15:50:00,0,0
9732,2024-05-04 15:50:12,0,0
9733,2024-05-04 15:50:24,0,0
9734,2024-05-04 15:50:36,0,0
9735,2024-05-04 15:50:48,0,0
9736,2024-05-04 15:51:00,0,0
9737,2024-05-04 15:51:12,0,0
9738,2024-05-04 15:51:24,0,0
9739,2024-05-04 15:51:36,0,0
9740,2024-05-04 15:51:48,0,0
9741,2024-05-04 15:52:00,0,0
9742,2024-05-04 15:52:12,0,0
9743,2024-05-04 15:52:24,0,0
9744,2024-05-04 15:52:36,0,0
9745,2024-05-04 15:52:48,0,0
9746,2024-05-04 15:53:00,0,0
9747,2024-05-04 15:53:12,0,0
9748,2024-05-04 15:53:24,0,0
9749,2024-05-04 15:53:36,0,0
9750,2024-05-04 15:53:48,0,0
9751,2024-05-04 15:54:00,0,0
9752,2024-05-04 15:54:12,0,0
9753,2024-05-04 15:54:24,0,0
9754,2024-05-04 15:54:36,0,0
9755,2024-05-04 15:54:48,0,0
9756,2024-05-04 15:55:00,0,0
9757,2024-05-04 15:55:12,0,0
9758,2024-05-04 15:55:24,0,0
9759,2024-05-04 15:55:36,0,0
9760,2024-05-04 15:55:48,0,0
9761,2024-05-04 15:56:00,0,0
9762,2024-05-04 15:56:12,0,0
9763,2024-05-04 15:56:24,0,0
9764,2024-05-04 15:56:36,0,0
9765,2024-05-04 15:56:48,0,0
9766,2024-05-04 15:57:00,0,0
9767,2024-05-04 15:57:12,0,0
9768,2024-05-04 15:57:24,0,0
9769,2024-05-04 15:57:36,0,0
9770,2024-05-04 15:57:48,0,0
9771,2024-05-04 15:58:00,0,0
9772,2024-05-04 15:58:12,0,0
9773,2024-05-04 15:58:24,0,0
9774,2024-05-04 15:58:36,0,0
9775,2024-05-04 15:58:48,0,0
9776,2024-05-04 15:59:00,0,0
9777,2024-05-04 15:59:12,0,0
9778,2024-05-04 15:59:24,0,0
9779,2024-05-04 15:59:36,0,0
9780,2024-05-04 15:59:48,0,0
9781,2024-05-04 16:00:00,0,0
9782,2024-05-04 16:00:12,0,0
9783,2024-05-04 16:00:24,0,0
9784,2024-05-04 16:00:36,0,0
9785,2024-05-04 16:00:48,0,0
9786,2024-05-04 16:01:00,0,0
9787,2024-05-04 16:01:12,0,0
9788,2024-05-04 16:01:24,0,0
9789,2024-05-04 16:01:36,0,0
9790,2024-05-04 16:01:48,0,0
9791,2024-05-04 16:02:00,0,0
9792,2024-05-04 16:02:12,0,0
9793,2024-05-04 16:02:24,0,0
9794,2024-05-04 16:02:36,0,0
9795,2024-05-04 16:02:48,0,0
9796,2024-05-04 16:03:00,0,0
9797,2024-05-04 16:03:12,0,0
9798,2024-05-04 16:03:24,0,0
9799,2024-05-04 16:03:36,0,0
9800,2024-05-04 16:03:48,0,0
9801,2024-05-04 16:04:00,0,0
9802,2024-05-04 16:04:12,0,0
9803,2024-05-04 16:04:24,0,0
9804,2024-05-04 16:04:36,0,0
9805,2024-05-04 16:04:48,0,0
9806,2024-05-04 16:05:00,0,0
9807,2024-05-04 16:05:12,0,0
9808,2024-05-04 16:05:24,0,0
9809,2024-05-04 16:05:36,0,0
9810,2024-05-04 16:05:48,0,0
9811,2024-05-04 16:06:00,0,0
9812,2024-05-04 16:06:12,0,0
9813,2024-05-04 16:06:24,0,0
9814,2024-05-04 16:06:36,0,0
9815,2024-05-04 16:06:48,0,0
9816,2024-05-04 16:07:00,0,0
9817,2024-05-04 16:07:12,0,0
9818,2024-05-04 16:07:24,0,0
9819,2024-05-04 16:07:36,0,0
9820,2024-05-04 16:07:48,0,0
9821,2024-05-04 16:08:00,0,0
9822,2024-05-04 16:08:12,0,0
9823,2024-05-04 16:08:24,0,0
9824,2024-05-04 16:08:36,0,0
9825,2024-05-04 16:08:48,0,0
9826,2024-05-04 16:09:00,0,0
9827,2024-05-04 16:09:12,0,0
9828,2024-05-04 16:09:24,0,0
9829,2024-05-04 16:09:36,0,0
9830,2024-05-04 16:09:48,0,0
9831,2024-05-04 16:10:00,0,0
9832,2024-05-04 16:10:12,0,0
9833,2024-05-04 16:10:24,0,0
9834,2024-05-04 16:10:36,0,0
9835,2024-05-04 16:10:48,0,0
9836,2024-05-04 16:11:00,0,0
9837,2024-05-04 16:11:12,0,0
9838,2024-05-04 16:11:24,0,0
9839,2024-05-04 16:11:36,0,0
9840,2024-05-04 16:11:48,0,0
9841,2024-05-04 16:12:00,0,0
9842,2024-05-04 16:12:12,0,0
9843,2024-05-04 16:12:24,0,0
9844,2024-05-04 16:12:36,0,0
9845,2024-05-04 16:12:48,0,0
9846,2024-05-04 16:13:00,0,0
9847,2024-05-04 16:13:12,0,0
9848,2024-05-04 16:13:24,0,0
9849,2024-05-04 16:13:36,0,0
9850,2024-05-04 16:13:48,0,0
9851,2024-05-04 16:14:00,0,0
9852,2024-05-04 16:14:12,0,0
9853,2024-05-04 16:14:24,0,0
9854,2024-05-04 16:14:36,0,0
9855,2024-05-04 16:14:48,0,0
9856,2024-05-04 16:15:00,0,0
9857,2024-05-04 16:15:12,0,0
9858,2024-05-04 16:15:24,0,0
9859,2024-05-04 16:15:36,0,0
9860,2024-05-04 16:15:48,0,0
9861,2024-05-04 16:16:00,0,0
9862,2024-05-04 16:16:12,0,0
9863,2024-05-04 16:16:24,0,0
9864,2024-05-04 16:16:36,0,0
9865,2024-05-04 16:16:48,0,0
9866,2024-05-04 16:17:00,0,0
9867,2024-05-04 16:17:12,0,0
9868,2024-05-04 16:17:24,0,0
9869,2024-05-04 16:17:36,0,0
9870,2024-05-04 16:17:48,0,0
9871,2024-05-04 16:18:00,0,0
9872,2024-05-04 16:18:12,0,0
9873,2024-05-04 16:18:24,0,0
9874,2024-05-04 16:18:36,0,0
9875,2024-05-04 16:18:48,0,0
9876,2024-05-04 16:19:00,0,0
9877,2024-05-04 16:19:12,0,0
9878,2024-05-04 16:19:24,0,0
9879,2024-05-04 16:19:36,0,0
9880,2024-05-04 16:19:48,0,0
9881,2024-05-04 16:20:00,0,0
9882,2024-05-04 16:20:12,0,0
9883,2024-05-04 16:20:24,0,0
9884,2024-05-04 16:20:36,0,0
9885,2024-05-04 16:20:48,0,0
9886,2024-05-04 16:21:00,0,0
9887,2024-05-04 16:21:12,0,0
9888,2024-05-04 16:21:24,0,0
9889,2024-05-04 16:21:36,0,0
9890,2024-05-04 16:21:48,0,0
9891,2024-05-04 16:22:00,0,0
9892,2024-05-04 16:22:12,0,0
9893,2024-05-04 16:22:24,0,0
9894,2024-05-04 16:22:36,0,0
9895,2024-05-04 16:22:48,0,0
9896,2024-05-04 16:23:00,0,0
9897,2024-05-04 16:23:12,0,0
9898,2024-05-04 16:23:24,0,0
9899,2024-05-04 16:23:36,0,0
9900,2024-05-04 16:23:48,0,0
9901,2024-05-04 16:24:00,0,0
9902,2024-05-04 16:24:12,0,0
9903,2024-05-04 16:24:24,0,0
9904,2024-05-04 16:24:36,0,0
9905,2024-05-04 16:24:48,0,0
9906,2024-05-04 16:25:00,0,0
9907,2024-05-04 16:25:12,0,0
9908,2024-05-04 16:25:24,0,0
9909,2024-05-04 16:25:36,0,0
9910,2024-05-04 16:25:48,0,0
9911,2024-05-04 16:26:00,0,0
9912,2024-05-04 16:26:12,0,0
9913,2024-05-04 16:26:24,0,0
9914,2024-05-04 16:26:36,0,0
9915,2024-05-04 16:26:48,0,0
9916,2024-05-04 16:27:00,0,0
9917,2024-05-04 16:27:12,0,0
9918,2024-05-04 16:27:24,0,0
9919,2024-05-04 16:27:36,0,0
9920,2024-05-04 16:27:48,0,0
9921,2024-05-04 16:28:00,0,0
9922,2024-05-04 16:28:12,0,0
9923,2024-05-04 16:28:24,0,0
9924,2024-05-04 16:28:36,0,0
9925,2024-05-04 16:28:48,0,0
9926,2024-05-04 16:29:00,0,0
9927,2024-05-04 16:29:12,0,0
9928,2024-05-04 16:29:24,0,0
9929,2024-05-04 16:29:36,0,0
9930,2024-05-04 16:29:48,0,0
9931,2024-05-04 16:30:00,0,0
9932,2024-05-04 16:30:12,0,0
9933,2024-05-04 16:30:24,0,0
9934,2024-05-04 16:30:36,0,0
9935,2024-05-04 16:30:48,0,0
9936,2024-05-04 16:31:00,0,0
9937,2024-05-04 16:31:12,0,0
9938,2024-05-04 16:31:24,0,0
9939,2024-05-04 16:31:36,0,0
9940,2024-05-04 16:31:48,0,0
9941,2024-05-04 16:32:00,0,0
9942,2024-05-04 16:32:12,0,0
9943,2024-05-04 16:32:24,0,0
9944,2024-05-04 16:32:36,0,0
9945,2024-05-04 16:32:48,0,0
9946,2024-05-04 16:33:00,0,0
9947,2024-05-04 16:33:12,0,0
9948,2024-05-04 16:33:24,0,0
9949,2024-05-04 16:33:36,0,0
9950,2024-05-04 16:33:48,0,0
9951,2024-05-04 16:34:00,0,0
9952,2024-05-04 16:34:12,0,0
9953,2024-05-04 16:34:24,0,0
9954,2024-05-04 16:34:36,0,0
9955,2024-05-04 16:34:48,0,0
9956,2024-05-04 16:35:00,0,0
9957,2024-05-04 16:35:12,0,0
9958,2024-05-04 16:35:24,0,0
9959,2024-05-04 16:35:36,0,0
9960,2024-05-04 16:35:48,0,0
9961,2024-05-04 16:36:00,0,0
9962,2024-05-04 16:36:12,0,0
9963,2024-05-04 16:36:24,0,0
9964,2024-05-04 16:36:36,0,0
9965,2024-05-04 16:36:48,0,0
9966,2024-05-04 16:37:00,0,0
9967,2024-05-04 16:37:12,0,0
9968,2024-05-04 16:37:24,0,0
9969,2024-05-04 16:37:36,0,0
9970,2024-05-04 16:37:48,0,0
9971,2024-05-04 16:38:00,0,0
9972,2024-05-04 16:38:12,0,0
9973,2024-05-04 16:38:24,0,0
9974,2024-05-04 16:38:36,0,0
9975,2024-05-04 16:38:48,0,0
9976,2024-05-04 16:39:00,0,0
9977,2024-05-04 16:39:12,0,0
9978,2024-05-04 16:39:24,0,0
9979,2024-05-04 16:39:36,0,0
9980,2024-05-04 16:39:48,0,0
9981,2024-05-04 16:40:00,0,0
9982,2024-05-04 16:40:12,0,0
9983,2024-05-04 16:40:24,0,0
9984,2024-05-04 16:40:36,0,0
9985,2024-05-04 16:40:48,0,0
9986,2024-05-04 16:41:00,0,0
9987,2024-05-04 16:41:12,0,0
9988,2024-05-04 16:41:24,0,0
9989,2024-05-04 16:41:36,0,0
9990,2024-05-04 16:41:48,0,0
9991,2024-05-04 16:42:00,0,0
9992,2024-05-04 16:42:12,0,0
9993,2024-05-04 16:42:24,0,0
9994,2024-05-04 16:42:36,0,0
9995,2024-05-04 16:42:48,0,0
9996,2024-05-04 16:43:00,0,0
9997,2024-05-04 16:43:12,0,0
9998,2024-05-04 16:43:24,0,0
9999,2024-05-04 16:43:36,0,0
10000,2024-05-04 16:43:48,0,0
10001,2024-05-04 16:44:00,0,0
10002,2024-05-04 16:44:12,0,0
10003,2024-05-04 16:44:24,0,0
10004,2024-05-04 16:44:36,0,0
10005,2024-05-04 16:44:48,0,0
10006,2024-05-04 16:45:00,0,0
10007,2024-05-04 16:45:12,0,0
10008,2024-05-04 16:45:24,0,0
10009,2024-05-04 16:45:36,0,0
10010,2024-05-04 16:45:48,0,0
10011,2024-05-04 16:46:00,0,0
10012,2024-05-04 16:46:12,0,0
10013,2024-05-04 16:46:24,0,0
10014,2024-05-04 16:46:36,0,0
10015,2024-05-04 16:46:48,0,0
10016,2024-05-04 16:47:00,0,0
10017,2024-05-04 16:47:12,0,0
10018,2024-05-04 16:47:24,0,0
10019,2024-05-04 16:47:36,0,0
10020,2024-05-04 16:47:48,0,0
10021,2024-05-04 16:48:00,0,0
10022,2024-05-04 16:48:12,0,0
10023,2024-05-04 16:48:24,0,0
10024,2024-05-04 16:48:36,0,0
10025,2024-05-04 16:48:48,0,0
10026,2024-05-04 16:49:00,0,0
10027,2024-05-04 16:49:12,0,0
10028,2024-05-04 16:49:24,0,0
10029,2024-05-04 16:49:36,0,0
10030,2024-05-04 16:49:48,0,0
10031,2024-05-04 16:50:00,0,0
10032,2024-05-04 16:50:12,0,0
10033,2024-05-04 16:50:24,0,0
10034,2024-05-04 16:50:36,0,0
10035,2024-05-04 16:50:48,0,0
10036,2024-05-04 16:51:00,0,0
10037,2024-05-04 16:51:12,0,0
10038,2024-05-04 16:51:24,0,0
10039,2024-05-04 16:51:36,0,0
10040,2024-05-04 16:51:48,0,0
10041,2024-05-04 16:52:00,0,0
10042,2024-05-04 16:52:12,0,0
10043,2024-05-04 16:52:24,0,0
10044,2024-05-04 16:52:36,0,0
10045,2024-05-04 16:52:48,0,0
10046,2024-05-04 16:53:00,0,0
10047,2024-05-04 16:53:12,0,0
10048,2024-05-04 16:53:24,0,0
10049,2024-05-04 16:53:36,0,0
10050,2024-05-04 16:53:48,0,0
10051,2024-05-04 16:54:00,0,0
10052,2024-05-04 16:54:12,0,0
10053,2024-05-04 16:54:24,0,0
10054,2024-05-04 16:54:36,0,0
10055,2024-05-04 16:54:48,0,0
10056,2024-05-04 16:55:00,0,0
10057,2024-05-04 16:55:12,0,0
10058,2024-05-04 16:55:24,0,0
10059,2024-05-04 16:55:36,0,0
10060,2024-05-04 16:55:48,0,0
10061,2024-05-04 16:56:00,0,0
10062,2024-05-04 16:56:12,0,0
10063,2024-05-04 16:56:24,0,0
10064,2024-05-04 16:56:36,0,0
10065,2024-05-04 16:56:48,0,0
10066,2024-05-04 16:57:00,0,0
10067,2024-05-04 16:57:12,0,0
10068,2024-05-04 16:57:24,0,0
10069,2024-05-04 16:57:36,0,0
10070,2024-05-04 16:57:48,0,0
10071,2024-05-04 16:58:00,0,0
10072,2024-05-04 16:58:12,0,0
10073,2024-05-04 16:58:24,0,0
10074,2024-05-04 16:58:36,0,0
10075,2024-05-04 16:58:48,0,0
10076,2024-05-04 16:59:00,0,0
10077,2024-05-04 16:59:12,0,0
10078,2024-05-04 16:59:24,0,0
10079,2024-05-04 16:59:36,0,0
10080,2024-05-04 16:59:48,0,0
10081,2024-05-04 17:00:00,0,0
10082,2024-05-04 17:00:12,0,0
10083,2024-05-04 17:00:24,0,0
10084,2024-05-04 17:00:36,0,0
10085,2024-05-04 17:00:48,0,0
10086,2024-05-04 17:01:00,0,0
10087,2024-05-04 17:01:12,0,0
10088,2024-05-04 17:01:24,0,0
10089,2024-05-04 17:01:36,0,0
10090,2024-05-04 17:01:48,0,0
10091,2024-05-04 17:02:00,0,0
10092,2024-05-04 17:02:12,0,0
10093,2024-05-04 17:02:24,0,0
10094,2024-05-04 17:02:36,0,0
10095,2024-05-04 17:02:48,0,0
10096,2024-05-04 17:03:00,0,0
10097,2024-05-04 17:03:12,0,0
10098,2024-05-04 17:03:24,0,0
10099,2024-05-04 17:03:36,0,0
10100,2024-05-04 17:03:48,0,0
10101,2024-05-04 17:04:00,0,0
10102,2024-05-04 17:04:12,0,0
10103,2024-05-04 17:04:24,0,0
10104,2024-05-04 17:04:36,0,0
10105,2024-05-04 17:04:48,0,0
10106,2024-05-04 17:05:00,0,0
10107,2024-05-04 17:05:12,0,0
10108,2024-05-04 17:05:24,0,0
10109,2024-05-04 17:05:36,0,0
10110,2024-05-04 17:05:48,0,0
10111,2024-05-04 17:06:00,0,0
10112,2024-05-04 17:06:12,0,0
10113,2024-05-04 17:06:24,0,0
10114,2024-05-04 17:06:36,0,0
10115,2024-05-04 17:06:48,0,0
10116,2024-05-04 17:07:00,0,0
10117,2024-05-04 17:07:12,0,0
10118,2024-05-04 17:07:24,0,0
10119,2024-05-04 17:07:36,0,0
10120,2024-05-04 17:07:48,0,0
10121,2024-05-04 17:08:00,0,0
10122,2024-05-04 17:08:12,0,0
10123,2024-05-04 17:08:24,0,0
10124,2024-05-04 17:08:36,0,0
10125,2024-05-04 17:08:48,0,0
10126,2024-05-04 17:09:00,0,0
10127,2024-05-04 17:09:12,0,0
10128,2024-05-04 17:09:24,0,0
10129,2024-05-04 17:09:36,0,0
10130,2024-05-04 17:09:48,0,0
10131,2024-05-04 17:10:00,0,0
10132,2024-05-04 17:10:12,0,0
10133,2024-05-04 17:10:24,0,0
10134,2024-05-04 17:10:36,0,0
10135,2024-05-04 17:10:48,0,0
10136,2024-05-04 17:11:00,0,0
10137,2024-05-04 17:11:12,0,0
10138,2024-05-04 17:11:24,0,0
10139,2024-05-04 17:11:36,0,0
10140,2024-05-04 17:11:48,0,0
10141,2024-05-04 17:12:00,0,0
10142,2024-05-04 17:12:12,0,0
10143,2024-05-04 17:12:24,0,0
10144,2024-05-04 17:12:36,0,0
10145,2024-05-04 17:12:48,0,0
10146,2024-05-04 17:13:00,0,0
10147,2024-05-04 17:13:12,0,0
10148,2024-05-04 17:13:24,0,0
10149,2024-05-04 17:13:36,0,0
10150,2024-05-04 17:13:48,0,0
10151,2024-05-04 17:14:00,0,0
10152,2024-05-04 17:14:12,0,0
10153,2024-05-04 17:14:24,0,0
10154,2024-05-04 17:14:36,0,0
10155,2024-05-04 17:14:48,0,0
10156,2024-05-04 17:15:00,0,0
10157,2024-05-04 17:15:12,0,0
10158,2024-05-04 17:15:24,0,0
10159,2024-05-04 17:15:36,0,0
10160,2024-05-04 17:15:48,0,0
10161,2024-05-04 17:16:00,0,0
10162,2024-05-04 17:16:12,0,0
10163,2024-05-04 17:16:24,0,0
10164,2024-05-04 17:16:36,0,0
10165,2024-05-04 17:16:48,0,0
10166,2024-05-04 17:17:00,0,0
10167,2024-05-04 17:17:12,0,0
10168,2024-05-04 17:17:24,0,0
10169,2024-05-04 17:17:36,0,0
10170,2024-05-04 17:17:48,0,0
10171,2024-05-04 17:18:00,0,0
10172,2024-05-04 17:18:12,0,0
10173,2024-05-04 17:18:24,0,0
10174,2024-05-04 17:18:36,0,0
10175,2024-05-04 17:18:48,0,0
10176,2024-05-04 17:19:00,0,0
10177,2024-05-04 17:19:12,0,0
10178,2024-05-04 17:19:24,0,0
10179,2024-05-04 17:19:36,0,0
10180,2024-05-04 17:19:48,0,0
10181,2024-05-04 17:20:00,0,0
10182,2024-05-04 17:20:12,0,0
10183,2024-05-04 17:20:24,0,0
10184,2024-05-04 17:20:36,0,0
10185,2024-05-04 17:20:48,0,0
10186,2024-05-04 17:21:00,0,0
10187,2024-05-04 17:21:12,0,0
10188,2024-05-04 17:21:24,0,0
10189,2024-05-04 17:21:36,0,0
10190,2024-05-04 17:21:48,0,0
10191,2024-05-04 17:22:00,0,0
10192,2024-05-04 17:22:12,0,0
10193,2024-05-04 17:22:24,0,0
10194,2024-05-04 17:22:36,0,0
10195,2024-05-04 17:22:48,0,0
10196,2024-05-04 17:23:00,0,0
10197,2024-05-04 17:23:12,0,0
10198,2024-05-04 17:23:24,0,0
10199,2024-05-04 17:23:36,0,0
10200,2024-05-04 17:23:48,0,0
10201,2024-05-04 17:24:00,0,0
10202,2024-05-04 17:24:12,0,0
10203,2024-05-04 17:24:24,0,0
10204,2024-05-04 17:24:36,0,0
10205,2024-05-04 17:24:48,0,0
10206,2024-05-04 17:25:00,0,0
10207,2024-05-04 17:25:12,0,0
10208,2024-05-04 17:25:24,0,0
10209,2024-05-04 17:25:36,0,0
10210,2024-05-04 17:25:48,0,0
10211,2024-05-04 17:26:00,0,0
10212,2024-05-04 17:26:12,0,0
10213,2024-05-04 17:26:24,0,0
10214,2024-05-04 17:26:36,0,0
10215,2024-05-04 17:26:48,0,0
10216,2024-05-04 17:27:00,0,0
10217,2024-05-04 17:27:12,0,0
10218,2024-05-04 17:27:24,0,0
10219,2024-05-04 17:27:36,0,0
10220,2024-05-04 17:27:48,0,0
10221,2024-05-04 17:28:00,0,0
10222,2024-05-04 17:28:12,0,0
10223,2024-05-04 17:28:24,0,0
10224,2024-05-04 17:28:36,0,0
10225,2024-05-04 17:28:48,0,0
10226,2024-05-04 17:29:00,0,0
10227,2024-05-04 17:29:12,0,0
10228,2024-05-04 17:29:24,0,0
10229,2024-05-04 17:29:36,0,0
10230,2024-05-04 17:29:48,0,0
10231,2024-05-04 17:30:00,0,0
10232,2024-05-04 17:30:12,0,0
10233,2024-05-04 17:30:24,0,0
10234,2024-05-04 17:30:36,0,0
10235,2024-05-04 17:30:48,0,0
10236,2024-05-04 17:31:00,0,0
10237,2024-05-04 17:31:12,0,0
10238,2024-05-04 17:31:24,0,0
10239,2024-05-04 17:31:36,0,0
10240,2024-05-04 17:31:48,0,0
10241,2024-05-04 17:32:00,0,0
10242,2024-05-04 17:32:12,0,0
10243,2024-05-04 17:32:24,0,0
10244,2024-05-04 17:32:36,0,0
10245,2024-05-04 17:32:48,0,0
10246,2024-05-04 17:33:00,0,0
10247,2024-05-04 17:33:12,0,0
10248,2024-05-04 17:33:24,0,0
10249,2024-05-04 17:33:36,0,0
10250,2024-05-04 17:33:48,0,0
10251,2024-05-04 17:34:00,0,0
10252,2024-05-04 17:34:12,0,0
10253,2024-05-04 17:34:24,0,0
10254,2024-05-04 17:34:36,0,0
10255,2024-05-04 17:34:48,0,0
10256,2024-05-04 17:35:00,0,0
10257,2024-05-04 17:35:12,0,0
10258,2024-05-04 17:35:24,0,0
10259,2024-05-04 17:35:36,0,0
10260,2024-05-04 17:35:48,0,0
10261,2024-05-04 17:36:00,0,0
10262,2024-05-04 17:36:12,0,0
10263,2024-05-04 17:36:24,0,0
10264,2024-05-04 17:36:36,0,0
10265,2024-05-04 17:36:48,0,0
10266,2024-05-04 17:37:00,0,0
10267,2024-05-04 17:37:12,0,0
10268,2024-05-04 17:37:24,0,0
10269,2024-05-04 17:37:36,0,0
10270,2024-05-04 17:37:48,0,0
10271,2024-05-04 17:38:00,0,0
10272,2024-05-04 17:38:12,0,0
10273,2024-05-04 17:38:24,0,0
10274,2024-05-04 17:38:36,0,0
10275,2024-05-04 17:38:48,0,0
10276,2024-05-04 17:39:00,0,0
10277,2024-05-04 17:39:12,0,0
10278,2024-05-04 17:39:24,0,0
10279,2024-05-04 17:39:36,0,0
10280,2024-05-04 17:39:48,0,0
10281,2024-05-04 17:40:00,0,0
10282,2024-05-04 17:40:12,0,0
10283,2024-05-04 17:40:24,0,0
10284,2024-05-04 17:40:36,0,0
10285,2024-05-04 17:40:48,0,0
10286,2024-05-04 17:41:00,0,0
10287,2024-05-04 17:41:12,0,0
10288,2024-05-04 17:41:24,0,0
10289,2024-05-04 17:41:36,0,0
10290,2024-05-04 17:41:48,0,0
10291,2024-05-04 17:42:00,0,0
10292,2024-05-04 17:42:12,0,0
10293,2024-05-04 17:42:24,0,0
10294,2024-05-04 17:42:36,0,0
10295,2024-05-04 17:42:48,0,0
10296,2024-05-04 17:43:00,0,0
10297,2024-05-04 17:43:12,0,0
10298,2024-05-04 17:43:24,0,0
10299,2024-05-04 17:43:36,0,0
10300,2024-05-04 17:43:48,0,0
10301,2024-05-04 17:44:00,0,0
10302,2024-05-04 17:44:12,0,0
10303,2024-05-04 17:44:24,0,0
10304,2024-05-04 17:44:36,0,0
10305,2024-05-04 17:44:48,0,0
10306,2024-05-04 17:45:00,0,0
10307,2024-05-04 17:45:12,0,0
10308,2024-05-04 17:45:24,0,0
10309,2024-05-04 17:45:36,0,0
10310,2024-05-04 17:45:48,0,0
10311,2024-05-04 17:46:00,0,0
10312,2024-05-04 17:46:12,0,0
10313,2024-05-04 17:46:24,0,0
10314,2024-05-04 17:46:36,0,0
10315,2024-05-04 17:46:48,0,0
10316,2024-05-04 17:47:00,0,0
10317,2024-05-04 17:47:12,0,0
10318,2024-05-04 17:47:24,0,0
10319,2024-05-04 17:47:36,0,0
10320,2024-05-04 17:47:48,0,0
10321,2024-05-04 17:48:00,0,0
10322,2024-05-04 17:48:12,0,0
10323,2024-05-04 17:48:24,0,0
10324,2024-05-04 17:48:36,0,0
10325,2024-05-04 17:48:48,0,0
10326,2024-05-04 17:49:00,0,0
10327,2024-05-04 17:49:12,0,0
10328,2024-05-04 17:49:24,0,0
10329,2024-05-04 17:49:36,0,0
10330,2024-05-04 17:49:48,0,0
10331,2024-05-04 17:50:00,0,0
10332,2024-05-04 17:50:12,0,0
10333,2024-05-04 17:50:24,0,0
10334,2024-05-04 17:50:36,0,0
10335,2024-05-04 17:50:48,0,0
10336,2024-05-04 17:51:00,0,0
10337,2024-05-04 17:51:12,0,0
10338,2024-05-04 17:51:24,0,0
10339,2024-05-04 17:51:36,0,0
10340,2024-05-04 17:51:48,0,0
10341,2024-05-04 17:52:00,0,0
10342,2024-05-04 17:52:12,0,0
10343,2024-05-04 17:52:24,0,0
10344,2024-05-04 17:52:36,0,0
10345,2024-05-04 17:52:48,0,0
10346,2024-05-04 17:53:00,0,0
10347,2024-05-04 17:53:12,0,0
10348,2024-05-04 17:53:24,0,0
10349,2024-05-04 17:53:36,0,0
10350,2024-05-04 17:53:48,0,0
10351,2024-05-04 17:54:00,0,0
10352,2024-05-04 17:54:12,0,0
10353,2024-05-04 17:54:24,0,0
10354,2024-05-04 17:54:36,0,0
10355,2024-05-04 17:54:48,0,0
10356,2024-05-04 17:55:00,0,0
10357,2024-05-04 17:55:12,0,0
10358,2024-05-04 17:55:24,0,0
10359,2024-05-04 17:55:36,0,0
10360,2024-05-04 17:55:48,0,0
10361,2024-05-04 17:56:00,0,0
10362,2024-05-04 17:56:12,0,0
10363,2024-05-04 17:56:24,0,0
10364,2024-05-04 17:56:36,0,0
10365,2024-05-04 17:56:48,0,0
10366,2024-05-04 17:57:00,0,0
10367,2024-05-04 17:57:12,0,0
10368,2024-05-04 17:57:24,0,0
10369,2024-05-04 17:57:36,0,0
10370,2024-05-04 17:57:48,0,0
10371,2024-05-04 17:58:00,0,0
10372,2024-05-04 17:58:12,0,0
10373,2024-05-04 17:58:24,0,0
10374,2024-05-04 17:58:36,0,0
10375,2024-05-04 17:58:48,0,0
10376,2024-05-04 17:59:00,0,0
10377,2024-05-04 17:59:12,0,0
10378,2024-05-04 17:59:24,0,0
10379,2024-05-04 17:59:36,0,0
10380,2024-05-04 17:59:48,0,0
10381,2024-05-04 18:00:00,0,0
10382,2024-05-04 18:00:12,0,0
10383,2024-05-04 18:00:24,0,0
10384,2024-05-04 18:00:36,0,0
10385,2024-05-04 18:00:48,0,0
10386,2024-05-04 18:01:00,0,0
10387,2024-05-04 18:01:12,0,0
10388,2024-05-04 18:01:24,0,0
10389,2024-05-04 18:01:36,0,0
10390,2024-05-04 18:01:48,0,0
10391,2024-05-04 18:02:00,0,0
10392,2024-05-04 18:02:12,0,0
10393,2024-05-04 18:02:24,0,0
10394,2024-05-04 18:02:36,0,0
10395,2024-05-04 18:02:48,0,0
10396,2024-05-04 18:03:00,0,0
10397,2024-05-04 18:03:12,0,0
10398,2024-05-04 18:03:24,0,0
10399,2024-05-04 18:03:36,0,0
10400,2024-05-04 18:03:48,0,0
10401,2024-05-04 18:04:00,0,0
10402,2024-05-04 18:04:12,0,0
10403,2024-05-04 18:04:24,0,0
10404,2024-05-04 18:04:36,0,0
10405,2024-05-04 18:04:48,0,0
10406,2024-05-04 18:05:00,0,0
10407,2024-05-04 18:05:12,0,0
10408,2024-05-04 18:05:24,0,0
10409,2024-05-04 18:05:36,0,0
10410,2024-05-04 18:05:48,0,0
10411,2024-05-04 18:06:00,0,0
10412,2024-05-04 18:06:12,0,0
10413,2024-05-04 18:06:24,0,0
10414,2024-05-04 18:06:36,0,0
10415,2024-05-04 18:06:48,0,0
10416,2024-05-04 18:07:00,0,0
10417,2024-05-04 18:07:12,0,0
10418,2024-05-04 18:07:24,0,0
10419,2024-05-04 18:07:36,0,0
10420,2024-05-04 18:07:48,0,0
10421,2024-05-04 18:08:00,0,0
10422,2024-05-04 18:08:12,0,0
10423,2024-05-04 18:08:24,0,0
10424,2024-05-04 18:08:36,0,0
10425,2024-05-04 18:08:48,0,0
10426,2024-05-04 18:09:00,0,0
10427,2024-05-04 18:09:12,0,0
10428,2024-05-04 18:09:24,0,0
10429,2024-05-04 18:09:36,0,0
10430,2024-05-04 18:09:48,0,0
10431,2024-05-04 18:10:00,0,0
10432,2024-05-04 18:10:12,0,0
10433,2024-05-04 18:10:24,0,0
10434,2024-05-04 18:10:36,0,0
10435,2024-05-04 18:10:48,0,0
10436,2024-05-04 18:11:00,0,0
10437,2024-05-04 18:11:12,0,0
10438,2024-05-04 18:11:24,0,0
10439,2024-05-04 18:11:36,0,0
10440,2024-05-04 18:11:48,0,0
10441,2024-05-04 18:12:00,0,0
10442,2024-05-04 18:12:12,0,0
10443,2024-05-04 18:12:24,0,0
10444,2024-05-04 18:12:36,0,0
10445,2024-05-04 18:12:48,0,0
10446,2024-05-04 18:13:00,0,0
10447,2024-05-04 18:13:12,0,0
10448,2024-05-04 18:13:24,0,0
10449,2024-05-04 18:13:36,0,0
10450,2024-05-04 18:13:48,0,0
10451,2024-05-04 18:14:00,0,0
10452,2024-05-04 18:14:12,0,0
10453,2024-05-04 18:14:24,0,0
10454,2024-05-04 18:14:36,0,0
10455,2024-05-04 18:14:48,0,0
10456,2024-05-04 18:15:00,0,0
10457,2024-05-04 18:15:12,0,0
10458,2024-05-04 18:15:24,0,0
10459,2024-05-04 18:15:36,0,0
10460,2024-05-04 18:15:48,0,0
10461,2024-05-04 18:16:00,0,0
10462,2024-05-04 18:16:12,0,0
10463,2024-05-04 18:16:24,0,0
10464,2024-05-04 18:16:36,0,0
10465,2024-05-04 18:16:48,0,0
10466,2024-05-04 18:17:00,0,0
10467,2024-05-04 18:17:12,0,0
10468,2024-05-04 18:17:24,0,0
10469,2024-05-04 18:17:36,0,0
10470,2024-05-04 18:17:48,0,0
10471,2024-05-04 18:18:00,0,0
10472,2024-05-04 18:18:12,0,0
10473,2024-05-04 18:18:24,0,0
10474,2024-05-04 18:18:36,0,0
10475,2024-05-04 18:18:48,0,0
10476,2024-05-04 18:19:00,0,0
10477,2024-05-04 18:19:12,0,0
10478,2024-05-04 18:19:24,0,0
10479,2024-05-04 18:19:36,0,0
10480,2024-05-04 18:19:48,0,0
10481,2024-05-04 18:20:00,0,0
10482,2024-05-04 18:20:12,0,0
10483,2024-05-04 18:20:24,0,0
10484,2024-05-04 18:20:36,0,0
10485,2024-05-04 18:20:48,0,0
10486,2024-05-04 18:21:00,0,0
10487,2024-05-04 18:21:12,0,0
10488,2024-05-04 18:21:24,0,0
10489,2024-05-04 18:21:36,0,0
10490,2024-05-04 18:21:48,0,0
10491,2024-05-04 18:22:00,0,0
10492,2024-05-04 18:22:12,0,0
10493,2024-05-04 18:22:24,0,0
10494,2024-05-04 18:22:36,0,0
10495,2024-05-04 18:22:48,0,0
10496,2024-05-04 18:23:00,0,0
10497,2024-05-04 18:23:12,0,0
10498,2024-05-04 18:23:24,0,0
10499,2024-05-04 18:23:36,0,0
10500,2024-05-04 18:23:48,0,0
10501,2024-05-04 18:24:00,0,0
10502,2024-05-04 18:24:12,0,0
10503,2024-05-04 18:24:24,0,0
10504,2024-05-04 18:24:36,0,0
10505,2024-05-04 18:24:48,0,0
10506,2024-05-04 18:25:00,0,0
10507,2024-05-04 18:25:12,0,0
10508,2024-05-04 18:25:24,0,0
10509,2024-05-04 18:25:36,0,0
10510,2024-05-04 18:25:48,0,0
10511,2024-05-04 18:26:00,0,0
10512,2024-05-04 18:26:12,0,0
10513,2024-05-04 18:26:24,0,0
10514,2024-05-04 18:26:36,0,0
10515,2024-05-04 18:26:48,0,0
10516,2024-05-04 18:27:00,0,0
10517,2024-05-04 18:27:12,0,0
10518,2024-05-04 18:27:24,0,0
10519,2024-05-04 18:27:36,0,0
10520,2024-05-04 18:27:48,0,0
10521,2024-05-04 18:28:00,0,0
10522,2024-05-04 18:28:12,0,0
10523,2024-05-04 18:28:24,0,0
10524,2024-05-04 18:28:36,0,0
10525,2024-05-04 18:28:48,0,0
10526,2024-05-04 18:29:00,0,0
10527,2024-05-04 18:29:12,0,0
10528,2024-05-04 18:29:24,0,0
10529,2024-05-04 18:29:36,0,0
10530,2024-05-04 18:29:48,0,0
10531,2024-05-04 18:30:00,0,0
10532,2024-05-04 18:30:12,0,0
10533,2024-05-04 18:30:24,0,0
10534,2024-05-04 18:30:36,0,0
10535,2024-05-04 18:30:48,0,0
10536,2024-05-04 18:31:00,0,0
10537,2024-05-04 18:31:12,0,0
10538,2024-05-04 18:31:24,0,0
10539,2024-05-04 18:31:36,0,0
10540,2024-05-04 18:31:48,0,0
10541,2024-05-04 18:32:00,0,0
10542,2024-05-04 18:32:12,0,0
10543,2024-05-04 18:32:24,0,0
10544,2024-05-04 18:32:36,0,0
10545,2024-05-04 18:32:48,0,0
10546,2024-05-04 18:33:00,0,0
10547,2024-05-04 18:33:12,0,0
10548,2024-05-04 18:33:24,0,0
10549,2024-05-04 18:33:36,0,0
10550,2024-05-04 18:33:48,0,0
10551,2024-05-04 18:34:00,0,0
10552,2024-05-04 18:34:12,0,0
10553,2024-05-04 18:34:24,0,0
10554,2024-05-04 18:34:36,0,0
10555,2024-05-04 18:34:48,0,0
10556,2024-05-04 18:35:00,0,0
10557,2024-05-04 18:35:12,0,0
10558,2024-05-04 18:35:24,0,0
10559,2024-05-04 18:35:36,0,0
10560,2024-05-04 18:35:48,0,0
10561,2024-05-04 18:36:00,0,0
10562,2024-05-04 18:36:12,0,0
10563,2024-05-04 18:36:24,0,0
10564,2024-05-04 18:36:36,0,0
10565,2024-05-04 18:36:48,0,0
10566,2024-05-04 18:37:00,0,0
10567,2024-05-04 18:37:12,0,0
10568,2024-05-04 18:37:24,0,0
10569,2024-05-04 18:37:36,0,0
10570,2024-05-04 18:37:48,0,0
10571,2024-05-04 18:38:00,0,0
10572,2024-05-04 18:38:12,0,0
10573,2024-05-04 18:38:24,0,0
10574,2024-05-04 18:38:36,0,0
10575,2024-05-04 18:38:48,0,0
10576,2024-05-04 18:39:00,0,0
10577,2024-05-04 18:39:12,0,0
10578,2024-05-04 18:39:24,0,0
10579,2024-05-04 18:39:36,0,0
10580,2024-05-04 18:39:48,0,0
10581,2024-05-04 18:40:00,0,0
10582,2024-05-04 18:40:12,0,0
10583,2024-05-04 18:40:24,0,0
10584,2024-05-04 18:40:36,0,0
10585,2024-05-04 18:40:48,0,0
10586,2024-05-04 18:41:00,0,0
10587,2024-05-04 18:41:12,0,0
10588,2024-05-04 18:41:24,0,0
10589,2024-05-04 18:41:36,0,0
10590,2024-05-04 18:41:48,0,0
10591,2024-05-04 18:42:00,0,0
10592,2024-05-04 18:42:12,0,0
10593,2024-05-04 18:42:24,0,0
10594,2024-05-04 18:42:36,0,0
10595,2024-05-04 18:42:48,0,0
10596,2024-05-04 18:43:00,0,0
10597,2024-05-04 18:43:12,0,0
10598,2024-05-04 18:43:24,0,0
10599,2024-05-04 18:43:36,0,0
10600,2024-05-04 18:43:48,0,0
10601,2024-05-04 18:44:00,0,0
10602,2024-05-04 18:44:12,0,0
10603,2024-05-04 18:44:24,0,0
10604,2024-05-04 18:44:36,0,0
10605,2024-05-04 18:44:48,0,0
10606,2024-05-04 18:45:00,0,0
10607,2024-05-04 18:45:12,0,0
10608,2024-05-04 18:45:24,0,0
10609,2024-05-04 18:45:36,0,0
10610,2024-05-04 18:45:48,0,0
10611,2024-05-04 18:46:00,0,0
10612,2024-05-04 18:46:12,0,0
10613,2024-05-04 18:46:24,0,0
10614,2024-05-04 18:46:36,0,0
10615,2024-05-04 18:46:48,0,0
10616,2024-05-04 18:47:00,0,0
10617,2024-05-04 18:47:12,0,0
10618,2024-05-04 18:47:24,0,0
10619,2024-05-04 18:47:36,0,0
10620,2024-05-04 18:47:48,0,0
10621,2024-05-04 18:48:00,0,0
10622,2024-05-04 18:48:12,0,0
10623,2024-05-04 18:48:24,0,0
10624,2024-05-04 18:48:36,0,0
10625,2024-05-04 18:48:48,0,0
10626,2024-05-04 18:49:00,0,0
10627,2024-05-04 18:49:12,0,0
10628,2024-05-04 18:49:24,0,0
10629,2024-05-04 18:49:36,0,0
10630,2024-05-04 18:49:48,0,0
10631,2024-05-04 18:50:00,0,0
10632,2024-05-04 18:50:12,0,0
10633,2024-05-04 18:50:24,0,0
10634,2024-05-04 18:50:36,0,0
10635,2024-05-04 18:50:48,0,0
10636,2024-05-04 18:51:00,0,0
10637,2024-05-04 18:51:12,0,0
10638,2024-05-04 18:51:24,0,0
10639,2024-05-04 18:51:36,0,0
10640,2024-05-04 18:51:48,0,0
10641,2024-05-04 18:52:00,0,0
10642,2024-05-04 18:52:12,0,0
10643,2024-05-04 18:52:24,0,0
10644,2024-05-04 18:52:36,0,0
10645,2024-05-04 18:52:48,0,0
10646,2024-05-04 18:53:00,0,0
10647,2024-05-04 18:53:12,0,0
10648,2024-05-04 18:53:24,0,0
10649,2024-05-04 18:53:36,0,0
10650,2024-05-04 18:53:48,0,0
10651,2024-05-04 18:54:00,0,0
10652,2024-05-04 18:54:12,0,0
10653,2024-05-04 18:54:24,0,0
10654,2024-05-04 18:54:36,0,0
10655,2024-05-04 18:54:48,0,0
10656,2024-05-04 18:55:00,0,0
10657,2024-05-04 18:55:12,0,0
10658,2024-05-04 18:55:24,0,0
10659,2024-05-04 18:55:36,0,0
10660,2024-05-04 18:55:48,0,0
10661,2024-05-04 18:56:00,0,0
10662,2024-05-04 18:56:12,0,0
10663,2024-05-04 18:56:24,0,0
10664,2024-05-04 18:56:36,0,0
10665,2024-05-04 18:56:48,0,0
10666,2024-05-04 18:57:00,0,0
10667,2024-05-04 18:57:12,0,0
10668,2024-05-04 18:57:24,0,0
10669,2024-05-04 18:57:36,0,0
10670,2024-05-04 18:57:48,0,0
10671,2024-05-04 18:58:00,0,0
10672,2024-05-04 18:58:12,0,0
10673,2024-05-04 18:58:24,0,0
10674,2024-05-04 18:58:36,0,0
10675,2024-05-04 18:58:48,0,0
10676,2024-05-04 18:59:00,0,0
10677,2024-05-04 18:59:12,0,0
10678,2024-05-04 18:59:24,0,0
10679,2024-05-04 18:59:36,0,0
10680,2024-05-04 18:59:48,0,0
10681,2024-05-04 19:00:00,0,0
10682,2024-05-04 19:00:12,0,0
10683,2024-05-04 19:00:24,0,0
10684,2024-05-04 19:00:36,0,0
10685,2024-05-04 19:00:48,0,0
10686,2024-05-04 19:01:00,0,0
10687,2024-05-04 19:01:12,0,0
10688,2024-05-04 19:01:24,0,0
10689,2024-05-04 19:01:36,0,0
10690,2024-05-04 19:01:48,0,0
10691,2024-05-04 19:02:00,0,0
10692,2024-05-04 19:02:12,0,0
10693,2024-05-04 19:02:24,0,0
10694,2024-05-04 19:02:36,0,0
10695,2024-05-04 19:02:48,0,0
10696,2024-05-04 19:03:00,0,0
10697,2024-05-04 19:03:12,0,0
10698,2024-05-04 19:03:24,0,0
10699,2024-05-04 19:03:36,0,0
10700,2024-05-04 19:03:48,0,0
10701,2024-05-04 19:04:00,0,0
10702,2024-05-04 19:04:12,0,0
10703,2024-05-04 19:04:24,0,0
10704,2024-05-04 19:04:36,0,0
10705,2024-05-04 19:04:48,0,0
10706,2024-05-04 19:05:00,0,0
10707,2024-05-04 19:05:12,0,0
10708,2024-05-04 19:05:24,0,0
10709,2024-05-04 19:05:36,0,0
10710,2024-05-04 19:05:48,0,0
10711,2024-05-04 19:06:00,0,0
10712,2024-05-04 19:06:12,0,0
10713,2024-05-04 19:06:24,0,0
10714,2024-05-04 19:06:36,0,0
10715,2024-05-04 19:06:48,0,0
10716,2024-05-04 19:07:00,0,0
10717,2024-05-04 19:07:12,0,0
10718,2024-05-04 19:07:24,0,0
10719,2024-05-04 19:07:36,0,0
10720,2024-05-04 19:07:48,0,0
10721,2024-05-04 19:08:00,0,0
10722,2024-05-04 19:08:12,0,0
10723,2024-05-04 19:08:24,0,0
10724,2024-05-04 19:08:36,0,0
10725,2024-05-04 19:08:48,0,0
10726,2024-05-04 19:09:00,0,0
10727,2024-05-04 19:09:12,0,0
10728,2024-05-04 19:09:24,0,0
10729,2024-05-04 19:09:36,0,0
10730,2024-05-04 19:09:48,0,0
10731,2024-05-04 19:10:00,0,0
10732,2024-05-04 19:10:12,0,0
10733,2024-05-04 19:10:24,0,0
10734,2024-05-04 19:10:36,0,0
10735,2024-05-04 19:10:48,0,0
10736,2024-05-04 19:11:00,0,0
10737,2024-05-04 19:11:12,0,0
10738,2024-05-04 19:11:24,0,0
10739,2024-05-04 19:11:36,0,0
10740,2024-05-04 19:11:48,0,0
10741,2024-05-04 19:12:00,0,0
10742,2024-05-04 19:12:12,0,0
10743,2024-05-04 19:12:24,0,0
10744,2024-05-04 19:12:36,0,0
10745,2024-05-04 19:12:48,0,0
10746,2024-05-04 19:13:00,0,0
10747,2024-05-04 19:13:12,0,0
10748,2024-05-04 19:13:24,0,0
10749,2024-05-04 19:13:36,0,0
10750,2024-05-04 19:13:48,0,0
10751,2024-05-04 19:14:00,0,0
10752,2024-05-04 19:14:12,0,0
10753,2024-05-04 19:14:24,0,0
10754,2024-05-04 19:14:36,0,0
10755,2024-05-04 19:14:48,0,0
10756,2024-05-04 19:15:00,0,0
10757,2024-05-04 19:15:12,0,0
10758,2024-05-04 19:15:24,0,0
10759,2024-05-04 19:15:36,0,0
10760,2024-05-04 19:15:48,0,0
10761,2024-05-04 19:16:00,0,0
10762,2024-05-04 19:16:12,0,0
10763,2024-05-04 19:16:24,0,0
10764,2024-05-04 19:16:36,0,0
10765,2024-05-04 19:16:48,0,0
10766,2024-05-04 19:17:00,0,0
10767,2024-05-04 19:17:12,0,0
10768,2024-05-04 19:17:24,0,0
10769,2024-05-04 19:17:36,0,0
10770,2024-05-04 19:17:48,0,0
10771,2024-05-04 19:18:00,0,0
10772,2024-05-04 19:18:12,0,0
10773,2024-05-04 19:18:24,0,0
10774,2024-05-04 19:18:36,0,0
10775,2024-05-04 19:18:48,0,0
10776,2024-05-04 19:19:00,0,0
10777,2024-05-04 19:19:12,0,0
10778,2024-05-04 19:19:24,0,0
10779,2024-05-04 19:19:36,0,0
10780,2024-05-04 19:19:48,0,0
10781,2024-05-04 19:20:00,0,0
10782,2024-05-04 19:20:12,0,0
10783,2024-05-04 19:20:24,0,0
10784,2024-05-04 19:20:36,0,0
10785,2024-05-04 19:20:48,0,0
10786,2024-05-04 19:21:00,0,0
10787,2024-05-04 19:21:12,0,0
10788,2024-05-04 19:21:24,0,0
10789,2024-05-04 19:21:36,0,0
10790,2024-05-04 19:21:48,0,0
10791,2024-05-04 19:22:00,0,0
10792,2024-05-04 19:22:12,0,0
10793,2024-05-04 19:22:24,0,0
10794,2024-05-04 19:22:36,0,0
10795,2024-05-04 19:22:48,0,0
10796,2024-05-04 19:23:00,0,0
10797,2024-05-04 19:23:12,0,0
10798,2024-05-04 19:23:24,0,0
10799,2024-05-04 19:23:36,0,0
10800,2024-05-04 19:23:48,0,0
10801,2024-05-04 19:24:00,0,0
10802,2024-05-04 19:24:12,0,0
10803,2024-05-04 19:24:24,0,0
10804,2024-05-04 19:24:36,0,0
10805,2024-05-04 19:24:48,0,0
10806,2024-05-04 19:25:00,0,0
10807,2024-05-04 19:25:12,0,0
10808,2024-05-04 19:25:24,0,0
10809,2024-05-04 19:25:36,0,0
10810,2024-05-04 19:25:48,0,0
10811,2024-05-04 19:26:00,0,0
10812,2024-05-04 19:26:12,0,0
10813,2024-05-04 19:26:24,0,0
10814,2024-05-04 19:26:36,0,0
10815,2024-05-04 19:26:48,0,0
10816,2024-05-04 19:27:00,0,0
10817,2024-05-04 19:27:12,0,0
10818,2024-05-04 19:27:24,0,0
10819,2024-05-04 19:27:36,0,0
10820,2024-05-04 19:27:48,0,0
10821,2024-05-04 19:28:00,0,0
10822,2024-05-04 19:28:12,0,0
10823,2024-05-04 19:28:24,0,0
10824,2024-05-04 19:28:36,0,0
10825,2024-05-04 19:28:48,0,0
10826,2024-05-04 19:29:00,0,0
10827,2024-05-04 19:29:12,0,0
10828,2024-05-04 19:29:24,0,0
10829,2024-05-04 19:29:36,0,0
10830,2024-05-04 19:29:48,0,0
10831,2024-05-04 19:30:00,0,0
10832,2024-05-04 19:30:12,0,0
10833,2024-05-04 19:30:24,0,0
10834,2024-05-04 19:30:36,0,0
10835,2024-05-04 19:30:48,0,0
10836,2024-05-04 19:31:00,0,0
10837,2024-05-04 19:31:12,0,0
10838,2024-05-04 19:31:24,0,0
10839,2024-05-04 19:31:36,0,0
10840,2024-05-04 19:31:48,0,0
10841,2024-05-04 19:32:00,0,0
10842,2024-05-04 19:32:12,0,0
10843,2024-05-04 19:32:24,0,0
10844,2024-05-04 19:32:36,0,0
10845,2024-05-04 19:32:48,0,0
10846,2024-05-04 19:33:00,0,0
10847,2024-05-04 19:33:12,0,0
10848,2024-05-04 19:33:24,0,0
10849,2024-05-04 19:33:36,0,0
10850,2024-05-04 19:33:48,0,0
10851,2024-05-04 19:34:00,0,0
10852,2024-05-04 19:34:12,0,0
10853,2024-05-04 19:34:24,0,0
10854,2024-05-04 19:34:36,0,0
10855,2024-05-04 19:34:48,0,0
10856,2024-05-04 19:35:00,0,0
10857,2024-05-04 19:35:12,0,0
10858,2024-05-04 19:35:24,0,0
10859,2024-05-04 19:35:36,0,0
10860,2024-05-04 19:35:48,0,0
10861,2024-05-04 19:36:00,0,0
10862,2024-05-04 19:36:12,0,0
10863,2024-05-04 19:36:24,0,0
10864,2024-05-04 19:36:36,0,0
10865,2024-05-04 19:36:48,0,0
10866,2024-05-04 19:37:00,0,0
10867,2024-05-04 19:37:12,0,0
10868,2024-05-04 19:37:24,0,0
10869,2024-05-04 19:37:36,0,0
10870,2024-05-04 19:37:48,0,0
10871,2024-05-04 19:38:00,0,0
10872,2024-05-04 19:38:12,0,0
10873,2024-05-04 19:38:24,0,0
10874,2024-05-04 19:38:36,0,0
10875,2024-05-04 19:38:48,0,0
10876,2024-05-04 19:39:00,0,0
10877,2024-05-04 19:39:12,0,0
10878,2024-05-04 19:39:24,0,0
10879,2024-05-04 19:39:36,0,0
10880,2024-05-04 19:39:48,0,0
10881,2024-05-04 19:40:00,0,0
10882,2024-05-04 19:40:12,0,0
10883,2024-05-04 19:40:24,0,0
10884,2024-05-04 19:40:36,0,0
10885,2024-05-04 19:40:48,0,0
10886,2024-05-04 19:41:00,0,0
10887,2024-05-04 19:41:12,0,0
10888,2024-05-04 19:41:24,0,0
10889,2024-05-04 19:41:36,0,0
10890,2024-05-04 19:41:48,0,0
10891,2024-05-04 19:42:00,0,0
10892,2024-05-04 19:42:12,0,0
10893,2024-05-04 19:42:24,0,0
10894,2024-05-04 19:42:36,0,0
10895,2024-05-04 19:42:48,0,0
10896,2024-05-04 19:43:00,0,0
10897,2024-05-04 19:43:12,0,0
10898,2024-05-04 19:43:24,0,0
10899,2024-05-04 19:43:36,0,0
10900,2024-05-04 19:43:48,0,0
10901,2024-05-04 19:44:00,0,0
10902,2024-05-04 19:44:12,0,0
10903,2024-05-04 19:44:24,0,0
10904,2024-05-04 19:44:36,0,0
10905,2024-05-04 19:44:48,0,0
10906,2024-05-04 19:45:00,0,0
10907,2024-05-04 19:45:12,0,0
10908,2024-05-04 19:45:24,0,0
10909,2024-05-04 19:45:36,0,0
10910,2024-05-04 19:45:48,0,0
10911,2024-05-04 19:46:00,0,0
10912,2024-05-04 19:46:12,0,0
10913,2024-05-04 19:46:24,0,0
10914,2024-05-04 19:46:36,0,0
10915,2024-05-04 19:46:48,0,0
10916,2024-05-04 19:47:00,0,0
10917,2024-05-04 19:47:12,0,0
10918,2024-05-04 19:47:24,0,0
10919,2024-05-04 19:47:36,0,0
10920,2024-05-04 19:47:48,0,0
10921,2024-05-04 19:48:00,0,0
10922,2024-05-04 19:48:12,0,0
10923,2024-05-04 19:48:24,0,0
10924,2024-05-04 19:48:36,0,0
10925,2024-05-04 19:48:48,0,0
10926,2024-05-04 19:49:00,0,0
10927,2024-05-04 19:49:12,0,0
10928,2024-05-04 19:49:24,0,0
10929,2024-05-04 19:49:36,0,0
10930,2024-05-04 19:49:48,0,0
10931,2024-05-04 19:50:00,0,0
10932,2024-05-04 19:50:12,0,0
10933,2024-05-04 19:50:24,0,0
10934,2024-05-04 19:50:36,0,0
10935,2024-05-04 19:50:48,0,0
10936,2024-05-04 19:51:00,0,0
10937,2024-05-04 19:51:12,0,0
10938,2024-05-04 19:51:24,0,0
10939,2024-05-04 19:51:36,0,0
10940,2024-05-04 19:51:48,0,0
10941,2024-05-04 19:52:00,0,0
10942,2024-05-04 19:52:12,0,0
10943,2024-05-04 19:52:24,0,0
10944,2024-05-04 19:52:36,0,0
10945,2024-05-04 19:52:48,0,0
10946,2024-05-04 19:53:00,0,0
10947,2024-05-04 19:53:12,0,0
10948,2024-05-04 19:53:24,0,0
10949,2024-05-04 19:53:36,0,0
10950,2024-05-04 19:53:48,0,0
10951,2024-05-04 19:54:00,0,0
10952,2024-05-04 19:54:12,0,0
10953,2024-05-04 19:54:24,0,0
10954,2024-05-04 19:54:36,0,0
10955,2024-05-04 19:54:48,0,0
10956,2024-05-04 19:55:00,0,0
10957,2024-05-04 19:55:12,0,0
10958,2024-05-04 19:55:24,0,0
10959,2024-05-04 19:55:36,0,0
10960,2024-05-04 19:55:48,0,0
10961,2024-05-04 19:56:00,0,0
10962,2024-05-04 19:56:12,0,0
10963,2024-05-04 19:56:24,0,0
10964,2024-05-04 19:56:36,0,0
10965,2024-05-04 19:56:48,0,0
10966,2024-05-04 19:57:00,0,0
10967,2024-05-04 19:57:12,0,0
10968,2024-05-04 19:57:24,0,0
10969,2024-05-04 19:57:36,0,0
10970,2024-05-04 19:57:48,0,0
10971,2024-05-04 19:58:00,0,0
10972,2024-05-04 19:58:12,0,0
10973,2024-05-04 19:58:24,0,0
10974,2024-05-04 19:58:36,0,0
10975,2024-05-04 19:58:48,0,0
10976,2024-05-04 19:59:00,0,0
10977,2024-05-04 19:59:12,0,0
10978,2024-05-04 19:59:24,0,0
10979,2024-05-04 19:59:36,0,0
10980,2024-05-04 19:59:48,0,0
10981,2024-05-04 20:00:00,0,0
10982,2024-05-04 20:00:12,0,0
10983,2024-05-04 20:00:24,0,0
10984,2024-05-04 20:00:36,0,0
10985,2024-05-04 20:00:48,0,0
10986,2024-05-04 20:01:00,0,0
10987,2024-05-04 20:01:12,0,0
10988,2024-05-04 20:01:24,0,0
10989,2024-05-04 20:01:36,0,0
10990,2024-05-04 20:01:48,0,0
10991,2024-05-04 20:02:00,0,0
10992,2024-05-04 20:02:12,0,0
10993,2024-05-04 20:02:24,0,0
10994,2024-05-04 20:02:36,0,0
10995,2024-05-04 20:02:48,0,0
10996,2024-05-04 20:03:00,0,0
10997,2024-05-04 20:03:12,0,0
10998,2024-05-04 20:03:24,0,0
10999,2024-05-04 20:03:36,0,0
11000,2024-05-04 20:03:48,0,0
11001,2024-05-04 20:04:00,0,0
11002,2024-05-04 20:04:12,0,0
11003,2024-05-04 20:04:24,0,0
11004,2024-05-04 20:04:36,0,0
11005,2024-05-04 20:04:48,0,0
11006,2024-05-04 20:05:00,0,0
11007,2024-05-04 20:05:12,0,0
11008,2024-05-04 20:05:24,0,0
11009,2024-05-04 20:05:36,0,0
11010,2024-05-04 20:05:48,0,0
11011,2024-05-04 20:06:00,0,0
11012,2024-05-04 20:06:12,0,0
11013,2024-05-04 20:06:24,0,0
11014,2024-05-04 20:06:36,0,0
11015,2024-05-04 20:06:48,0,0
11016,2024-05-04 20:07:00,0,0
11017,2024-05-04 20:07:12,0,0
11018,2024-05-04 20:07:24,0,0
11019,2024-05-04 20:07:36,0,0
11020,2024-05-04 20:07:48,0,0
11021,2024-05-04 20:08:00,0,0
11022,2024-05-04 20:08:12,0,0
11023,2024-05-04 20:08:24,0,0
11024,2024-05-04 20:08:36,0,0
11025,2024-05-04 20:08:48,0,0
11026,2024-05-04 20:09:00,0,0
11027,2024-05-04 20:09:12,0,0
11028,2024-05-04 20:09:24,0,0
11029,2024-05-04 20:09:36,0,0
11030,2024-05-04 20:09:48,0,0
11031,2024-05-04 20:10:00,0,0
11032,2024-05-04 20:10:12,0,0
11033,2024-05-04 20:10:24,0,0
11034,2024-05-04 20:10:36,0,0
11035,2024-05-04 20:10:48,0,0
11036,2024-05-04 20:11:00,0,0
11037,2024-05-04 20:11:12,0,0
11038,2024-05-04 20:11:24,0,0
11039,2024-05-04 20:11:36,0,0
11040,2024-05-04 20:11:48,0,0
11041,2024-05-04 20:12:00,0,0
11042,2024-05-04 20:12:12,0,0
11043,2024-05-04 20:12:24,0,0
11044,2024-05-04 20:12:36,0,0
11045,2024-05-04 20:12:48,0,0
11046,2024-05-04 20:13:00,0,0
11047,2024-05-04 20:13:12,0,0
11048,2024-05-04 20:13:24,0,0
11049,2024-05-04 20:13:36,0,0
11050,2024-05-04 20:13:48,0,0
11051,2024-05-04 20:14:00,0,0
11052,2024-05-04 20:14:12,0,0
11053,2024-05-04 20:14:24,0,0
11054,2024-05-04 20:14:36,0,0
11055,2024-05-04 20:14:48,0,0
11056,2024-05-04 20:15:00,0,0
11057,2024-05-04 20:15:12,0,0
11058,2024-05-04 20:15:24,0,0
11059,2024-05-04 20:15:36,0,0
11060,2024-05-04 20:15:48,0,0
11061,2024-05-04 20:16:00,0,0
11062,2024-05-04 20:16:12,0,0
11063,2024-05-04 20:16:24,0,0
11064,2024-05-04 20:16:36,0,0
11065,2024-05-04 20:16:48,0,0
11066,2024-05-04 20:17:00,0,0
11067,2024-05-04 20:17:12,0,0
11068,2024-05-04 20:17:24,0,0
11069,2024-05-04 20:17:36,0,0
11070,2024-05-04 20:17:48,0,0
11071,2024-05-04 20:18:00,0,0
11072,2024-05-04 20:18:12,0,0
11073,2024-05-04 20:18:24,0,0
11074,2024-05-04 20:18:36,0,0
11075,2024-05-04 20:18:48,0,0
11076,2024-05-04 20:19:00,0,0
11077,2024-05-04 20:19:12,0,0
11078,2024-05-04 20:19:24,0,0
11079,2024-05-04 20:19:36,0,0
11080,2024-05-04 20:19:48,0,0
11081,2024-05-04 20:20:00,0,0
11082,2024-05-04 20:20:12,0,0
11083,2024-05-04 20:20:24,0,0
11084,2024-05-04 20:20:36,0,0
11085,2024-05-04 20:20:48,0,0
11086,2024-05-04 20:21:00,0,0
11087,2024-05-04 20:21:12,0,0
11088,2024-05-04 20:21:24,0,0
11089,2024-05-04 20:21:36,0,0
11090,2024-05-04 20:21:48,0,0
11091,2024-05-04 20:22:00,0,0
11092,2024-05-04 20:22:12,0,0
11093,2024-05-04 20:22:24,0,0
11094,2024-05-04 20:22:36,0,0
11095,2024-05-04 20:22:48,0,0
11096,2024-05-04 20:23:00,0,0
11097,2024-05-04 20:23:12,0,0
11098,2024-05-04 20:23:24,0,0
11099,2024-05-04 20:23:36,0,0
11100,2024-05-04 20:23:48,0,0
11101,2024-05-04 20:24:00,0,0
11102,2024-05-04 20:24:12,0,0
11103,2024-05-04 20:24:24,0,0
11104,2024-05-04 20:24:36,0,0
11105,2024-05-04 20:24:48,0,0
11106,2024-05-04 20:25:00,0,0
11107,2024-05-04 20:25:12,0,0
11108,2024-05-04 20:25:24,0,0
11109,2024-05-04 20:25:36,0,0
11110,2024-05-04 20:25:48,0,0
11111,2024-05-04 20:26:00,0,0
11112,2024-05-04 20:26:12,0,0
11113,2024-05-04 20:26:24,0,0
11114,2024-05-04 20:26:36,0,0
11115,2024-05-04 20:26:48,0,0
11116,2024-05-04 20:27:00,0,0
11117,2024-05-04 20:27:12,0,0
11118,2024-05-04 20:27:24,0,0
11119,2024-05-04 20:27:36,0,0
11120,2024-05-04 20:27:48,0,0
11121,2024-05-04 20:28:00,0,0
11122,2024-05-04 20:28:12,0,0
11123,2024-05-04 20:28:24,0,0
11124,2024-05-04 20:28:36,0,0
11125,2024-05-04 20:28:48,0,0
11126,2024-05-04 20:29:00,0,0
11127,2024-05-04 20:29:12,0,0
11128,2024-05-04 20:29:24,0,0
11129,2024-05-04 20:29:36,0,0
11130,2024-05-04 20:29:48,0,0
11131,2024-05-04 20:30:00,0,0
11132,2024-05-04 20:30:12,0,0
11133,2024-05-04 20:30:24,0,0
11134,2024-05-04 20:30:36,0,0
11135,2024-05-04 20:30:48,0,0
11136,2024-05-04 20:31:00,0,0
11137,2024-05-04 20:31:12,0,0
11138,2024-05-04 20:31:24,0,0
11139,2024-05-04 20:31:36,0,0
11140,2024-05-04 20:31:48,0,0
11141,2024-05-04 20:32:00,0,0
11142,2024-05-04 20:32:12,0,0
11143,2024-05-04 20:32:24,0,0
11144,2024-05-04 20:32:36,0,0
11145,2024-05-04 20:32:48,0,0
11146,2024-05-04 20:33:00,0,0
11147,2024-05-04 20:33:12,0,0
11148,2024-05-04 20:33:24,0,0
11149,2024-05-04 20:33:36,0,0
11150,2024-05-04 20:33:48,0,0
11151,2024-05-04 20:34:00,0,0
11152,2024-05-04 20:34:12,0,0
11153,2024-05-04 20:34:24,0,0
11154,2024-05-04 20:34:36,0,0
11155,2024-05-04 20:34:48,0,0
11156,2024-05-04 20:35:00,0,0
11157,2024-05-04 20:35:12,0,0
11158,2024-05-04 20:35:24,0,0
11159,2024-05-04 20:35:36,0,0
11160,2024-05-04 20:35:48,0,0
11161,2024-05-04 20:36:00,0,0
11162,2024-05-04 20:36:12,0,0
11163,2024-05-04 20:36:24,0,0
11164,2024-05-04 20:36:36,0,0
11165,2024-05-04 20:36:48,0,0
11166,2024-05-04 20:37:00,0,0
11167,2024-05-04 20:37:12,0,0
11168,2024-05-04 20:37:24,0,0
11169,2024-05-04 20:37:36,0,0
11170,2024-05-04 20:37:48,0,0
11171,2024-05-04 20:38:00,0,0
11172,2024-05-04 20:38:12,0,0
11173,2024-05-04 20:38:24,0,0
11174,2024-05-04 20:38:36,0,0
11175,2024-05-04 20:38:48,0,0
11176,2024-05-04 20:39:00,0,0
11177,2024-05-04 20:39:12,0,0
11178,2024-05-04 20:39:24,0,0
11179,2024-05-04 20:39:36,0,0
11180,2024-05-04 20:39:48,0,0
11181,2024-05-04 20:40:00,0,0
11182,2024-05-04 20:40:12,0,0
11183,2024-05-04 20:40:24,0,0
11184,2024-05-04 20:40:36,0,0
11185,2024-05-04 20:40:48,0,0
11186,2024-05-04 20:41:00,0,0
11187,2024-05-04 20:41:12,0,0
11188,2024-05-04 20:41:24,0,0
11189,2024-05-04 20:41:36,0,0
11190,2024-05-04 20:41:48,0,0
11191,2024-05-04 20:42:00,0,0
11192,2024-05-04 20:42:12,0,0
11193,2024-05-04 20:42:24,0,0
11194,2024-05-04 20:42:36,0,0
11195,2024-05-04 20:42:48,0,0
11196,2024-05-04 20:43:00,0,0
11197,2024-05-04 20:43:12,0,0
11198,2024-05-04 20:43:24,0,0
11199,2024-05-04 20:43:36,0,0
11200,2024-05-04 20:43:48,0,0
11201,2024-05-04 20:44:00,0,0
11202,2024-05-04 20:44:12,0,0
11203,2024-05-04 20:44:24,0,0
11204,2024-05-04 20:44:36,0,0
11205,2024-05-04 20:44:48,0,0
11206,2024-05-04 20:45:00,0,0
11207,2024-05-04 20:45:12,0,0
11208,2024-05-04 20:45:24,0,0
11209,2024-05-04 20:45:36,0,0
11210,2024-05-04 20:45:48,0,0
11211,2024-05-04 20:46:00,0,0
11212,2024-05-04 20:46:12,0,0
11213,2024-05-04 20:46:24,0,0
11214,2024-05-04 20:46:36,0,0
11215,2024-05-04 20:46:48,0,0
11216,2024-05-04 20:47:00,0,0
11217,2024-05-04 20:47:12,0,0
11218,2024-05-04 20:47:24,0,0
11219,2024-05-04 20:47:36,0,0
11220,2024-05-04 20:47:48,0,0
11221,2024-05-04 20:48:00,0,0
11222,2024-05-04 20:48:12,0,0
11223,2024-05-04 20:48:24,0,0
11224,2024-05-04 20:48:36,0,0
11225,2024-05-04 20:48:48,0,0
11226,2024-05-04 20:49:00,0,0
11227,2024-05-04 20:49:12,0,0
11228,2024-05-04 20:49:24,0,0
11229,2024-05-04 20:49:36,0,0
11230,2024-05-04 20:49:48,0,0
11231,2024-05-04 20:50:00,0,0
11232,2024-05-04 20:50:12,0,0
11233,2024-05-04 20:50:24,0,0
11234,2024-05-04 20:50:36,0,0
11235,2024-05-04 20:50:48,0,0
11236,2024-05-04 20:51:00,0,0
11237,2024-05-04 20:51:12,0,0
11238,2024-05-04 20:51:24,0,0
11239,2024-05-04 20:51:36,0,0
11240,2024-05-04 20:51:48,0,0
11241,2024-05-04 20:52:00,0,0
11242,2024-05-04 20:52:12,0,0
11243,2024-05-04 20:52:24,0,0
11244,2024-05-04 20:52:36,0,0
11245,2024-05-04 20:52:48,0,0
11246,2024-05-04 20:53:00,0,0
11247,2024-05-04 20:53:12,0,0
11248,2024-05-04 20:53:24,0,0
11249,2024-05-04 20:53:36,0,0
11250,2024-05-04 20:53:48,0,0
11251,2024-05-04 20:54:00,0,0
11252,2024-05-04 20:54:12,0,0
11253,2024-05-04 20:54:24,0,0
11254,2024-05-04 20:54:36,0,0
11255,2024-05-04 20:54:48,0,0
11256,2024-05-04 20:55:00,0,0
11257,2024-05-04 20:55:12,0,0
11258,2024-05-04 20:55:24,0,0
11259,2024-05-04 20:55:36,0,0
11260,2024-05-04 20:55:48,0,0
11261,2024-05-04 20:56:00,0,0
11262,2024-05-04 20:56:12,0,0
11263,2024-05-04 20:56:24,0,0
11264,2024-05-04 20:56:36,0,0
11265,2024-05-04 20:56:48,0,0
11266,2024-05-04 20:57:00,0,0
11267,2024-05-04 20:57:12,0,0
11268,2024-05-04 20:57:24,0,0
11269,2024-05-04 20:57:36,0,0
11270,2024-05-04 20:57:48,0,0
11271,2024-05-04 20:58:00,0,0
11272,2024-05-04 20:58:12,0,0
11273,2024-05-04 20:58:24,0,0
11274,2024-05-04 20:58:36,0,0
11275,2024-05-04 20:58:48,0,0
11276,2024-05-04 20:59:00,0,0
11277,2024-05-04 20:59:12,0,0
11278,2024-05-04 20:59:24,0,0
11279,2024-05-04 20:59:36,0,0
11280,2024-05-04 20:59:48,0,0
11281,2024-05-04 21:00:00,0,0
11282,2024-05-04 21:00:12,0,0
11283,2024-05-04 21:00:24,0,0
11284,2024-05-04 21:00:36,0,0
11285,2024-05-04 21:00:48,0,0
11286,2024-05-04 21:01:00,0,0
11287,2024-05-04 21:01:12,0,0
11288,2024-05-04 21:01:24,0,0
11289,2024-05-04 21:01:36,0,0
11290,2024-05-04 21:01:48,0,0
11291,2024-05-04 21:02:00,0,0
11292,2024-05-04 21:02:12,0,0
11293,2024-05-04 21:02:24,0,0
11294,2024-05-04 21:02:36,0,0
11295,2024-05-04 21:02:48,0,0
11296,2024-05-04 21:03:00,0,0
11297,2024-05-04 21:03:12,0,0
11298,2024-05-04 21:03:24,0,0
11299,2024-05-04 21:03:36,0,0
11300,2024-05-04 21:03:48,0,0
11301,2024-05-04 21:04:00,0,0
11302,2024-05-04 21:04:12,0,0
11303,2024-05-04 21:04:24,0,0
11304,2024-05-04 21:04:36,0,0
11305,2024-05-04 21:04:48,0,0
11306,2024-05-04 21:05:00,0,0
11307,2024-05-04 21:05:12,0,0
11308,2024-05-04 21:05:24,0,0
11309,2024-05-04 21:05:36,0,0
11310,2024-05-04 21:05:48,0,0
11311,2024-05-04 21:06:00,0,0
11312,2024-05-04 21:06:12,0,0
11313,2024-05-04 21:06:24,0,0
11314,2024-05-04 21:06:36,0,0
11315,2024-05-04 21:06:48,0,0
11316,2024-05-04 21:07:00,0,0
11317,2024-05-04 21:07:12,0,0
11318,2024-05-04 21:07:24,0,0
11319,2024-05-04 21:07:36,0,0
11320,2024-05-04 21:07:48,0,0
11321,2024-05-04 21:08:00,0,0
11322,2024-05-04 21:08:12,0,0
11323,2024-05-04 21:08:24,0,0
11324,2024-05-04 21:08:36,0,0
11325,2024-05-04 21:08:48,0,0
11326,2024-05-04 21:09:00,0,0
11327,2024-05-04 21:09:12,0,0
11328,2024-05-04 21:09:24,0,0
11329,2024-05-04 21:09:36,0,0
11330,2024-05-04 21:09:48,0,0
11331,2024-05-04 21:10:00,0,0
11332,2024-05-04 21:10:12,0,0
11333,2024-05-04 21:10:24,0,0
11334,2024-05-04 21:10:36,0,0
11335,2024-05-04 21:10:48,0,0
11336,2024-05-04 21:11:00,0,0
11337,2024-05-04 21:11:12,0,0
11338,2024-05-04 21:11:24,0,0
11339,2024-05-04 21:11:36,0,0
11340,2024-05-04 21:11:48,0,0
11341,2024-05-04 21:12:00,0,0
11342,2024-05-04 21:12:12,0,0
11343,2024-05-04 21:12:24,0,0
11344,2024-05-04 21:12:36,0,0
11345,2024-05-04 21:12:48,0,0
11346,2024-05-04 21:13:00,0,0
11347,2024-05-04 21:13:12,0,0
11348,2024-05-04 21:13:24,0,0
11349,2024-05-04 21:13:36,0,0
11350,2024-05-04 21:13:48,0,0
11351,2024-05-04 21:14:00,0,0
11352,2024-05-04 21:14:12,0,0
11353,2024-05-04 21:14:24,0,0
11354,2024-05-04 21:14:36,0,0
11355,2024-05-04 21:14:48,0,0
11356,2024-05-04 21:15:00,0,0
11357,2024-05-04 21:15:12,0,0
11358,2024-05-04 21:15:24,0,0
11359,2024-05-04 21:15:36,0,0
11360,2024-05-04 21:15:48,0,0
11361,2024-05-04 21:16:00,0,0
11362,2024-05-04 21:16:12,0,0
11363,2024-05-04 21:16:24,0,0
11364,2024-05-04 21:16:36,0,0
11365,2024-05-04 21:16:48,0,0
11366,2024-05-04 21:17:00,0,0
11367,2024-05-04 21:17:12,0,0
11368,2024-05-04 21:17:24,0,0
11369,2024-05-04 21:17:36,0,0
11370,2024-05-04 21:17:48,0,0
11371,2024-05-04 21:18:00,0,0
11372,2024-05-04 21:18:12,0,0
11373,2024-05-04 21:18:24,0,0
11374,2024-05-04 21:18:36,0,0
11375,2024-05-04 21:18:48,0,0
11376,2024-05-04 21:19:00,0,0
11377,2024-05-04 21:19:12,0,0
11378,2024-05-04 21:19:24,0,0
11379,2024-05-04 21:19:36,0,0
11380,2024-05-04 21:19:48,0,0
11381,2024-05-04 21:20:00,0,0
11382,2024-05-04 21:20:12,0,0
11383,2024-05-04 21:20:24,0,0
11384,2024-05-04 21:20:36,0,0
11385,2024-05-04 21:20:48,0,0
11386,2024-05-04 21:21:00,0,0
11387,2024-05-04 21:21:12,0,0
11388,2024-05-04 21:21:24,0,0
11389,2024-05-04 21:21:36,0,0
11390,2024-05-04 21:21:48,0,0
11391,2024-05-04 21:22:00,0,0
11392,2024-05-04 21:22:12,0,0
11393,2024-05-04 21:22:24,0,0
11394,2024-05-04 21:22:36,0,0
11395,2024-05-04 21:22:48,0,0
11396,2024-05-04 21:23:00,0,0
11397,2024-05-04 21:23:12,0,0
11398,2024-05-04 21:23:24,0,0
11399,2024-05-04 21:23:36,0,0
11400,2024-05-04 21:23:48,0,0
11401,2024-05-04 21:24:00,0,0
11402,2024-05-04 21:24:12,0,0
11403,2024-05-04 21:24:24,0,0
11404,2024-05-04 21:24:36,0,0
11405,2024-05-04 21:24:48,0,0
11406,2024-05-04 21:25:00,0,0
11407,2024-05-04 21:25:12,0,0
11408,2024-05-04 21:25:24,0,0
11409,2024-05-04 21:25:36,0,0
11410,2024-05-04 21:25:48,0,0
11411,2024-05-04 21:26:00,0,0
11412,2024-05-04 21:26:12,0,0
11413,2024-05-04 21:26:24,0,0
11414,2024-05-04 21:26:36,0,0
11415,2024-05-04 21:26:48,0,0
11416,2024-05-04 21:27:00,0,0
11417,2024-05-04 21:27:12,0,0
11418,2024-05-04 21:27:24,0,0
11419,2024-05-04 21:27:36,0,0
11420,2024-05-04 21:27:48,0,0
11421,2024-05-04 21:28:00,0,0
11422,2024-05-04 21:28:12,0,0
11423,2024-05-04 21:28:24,0,0
11424,2024-05-04 21:28:36,0,0
11425,2024-05-04 21:28:48,0,0
11426,2024-05-04 21:29:00,0,0
11427,2024-05-04 21:29:12,0,0
11428,2024-05-04 21:29:24,0,0
11429,2024-05-04 21:29:36,0,0
11430,2024-05-04 21:29:48,0,0
11431,2024-05-04 21:30:00,0,0
11432,2024-05-04 21:30:12,0,0
11433,2024-05-04 21:30:24,0,0
11434,2024-05-04 21:30:36,0,0
11435,2024-05-04 21:30:48,0,0
11436,2024-05-04 21:31:00,0,0
11437,2024-05-04 21:31:12,0,0
11438,2024-05-04 21:31:24,0,0
11439,2024-05-04 21:31:36,0,0
11440,2024-05-04 21:31:48,0,0
11441,2024-05-04 21:32:00,0,0
11442,2024-05-04 21:32:12,0,0
11443,2024-05-04 21:32:24,0,0
11444,2024-05-04 21:32:36,0,0
11445,2024-05-04 21:32:48,0,0
11446,2024-05-04 21:33:00,0,0
11447,2024-05-04 21:33:12,0,0
11448,2024-05-04 21:33:24,0,0
11449,2024-05-04 21:33:36,0,0
11450,2024-05-04 21:33:48,0,0
11451,2024-05-04 21:34:00,0,0
11452,2024-05-04 21:34:12,0,0
11453,2024-05-04 21:34:24,0,0
11454,2024-05-04 21:34:36,0,0
11455,2024-05-04 21:34:48,0,0
11456,2024-05-04 21:35:00,0,0
11457,2024-05-04 21:35:12,0,0
11458,2024-05-04 21:35:24,0,0
11459,2024-05-04 21:35:36,0,0
11460,2024-05-04 21:35:48,0,0
11461,2024-05-04 21:36:00,0,0
11462,2024-05-04 21:36:12,0,0
11463,2024-05-04 21:36:24,0,0
11464,2024-05-04 21:36:36,0,0
11465,2024-05-04 21:36:48,0,0
11466,2024-05-04 21:37:00,0,0
11467,2024-05-04 21:37:12,0,0
11468,2024-05-04 21:37:24,0,0
11469,2024-05-04 21:37:36,0,0
11470,2024-05-04 21:37:48,0,0
11471,2024-05-04 21:38:00,0,0
11472,2024-05-04 21:38:12,0,0
11473,2024-05-04 21:38:24,0,0
11474,2024-05-04 21:38:36,0,0
11475,2024-05-04 21:38:48,0,0
11476,2024-05-04 21:39:00,0,0
11477,2024-05-04 21:39:12,0,0
11478,2024-05-04 21:39:24,0,0
11479,2024-05-04 21:39:36,0,0
11480,2024-05-04 21:39:48,0,0
11481,2024-05-04 21:40:00,0,0
11482,2024-05-04 21:40:12,0,0
11483,2024-05-04 21:40:24,0,0
11484,2024-05-04 21:40:36,0,0
11485,2024-05-04 21:40:48,0,0
11486,2024-05-04 21:41:00,0,0
11487,2024-05-04 21:41:12,0,0
11488,2024-05-04 21:41:24,0,0
11489,2024-05-04 21:41:36,0,0
11490,2024-05-04 21:41:48,0,0
11491,2024-05-04 21:42:00,0,0
11492,2024-05-04 21:42:12,0,0
11493,2024-05-04 21:42:24,0,0
11494,2024-05-04 21:42:36,0,0
11495,2024-05-04 21:42:48,0,0
11496,2024-05-04 21:43:00,0,0
11497,2024-05-04 21:43:12,0,0
11498,2024-05-04 21:43:24,0,0
11499,2024-05-04 21:43:36,0,0
11500,2024-05-04 21:43:48,0,0
11501,2024-05-04 21:44:00,0,0
11502,2024-05-04 21:44:12,0,0
11503,2024-05-04 21:44:24,0,0
11504,2024-05-04 21:44:36,0,0
11505,2024-05-04 21:44:48,0,0
11506,2024-05-04 21:45:00,0,0
11507,2024-05-04 21:45:12,0,0
11508,2024-05-04 21:45:24,0,0
11509,2024-05-04 21:45:36,0,0
11510,2024-05-04 21:45:48,0,0
11511,2024-05-04 21:46:00,0,0
11512,2024-05-04 21:46:12,0,0
11513,2024-05-04 21:46:24,0,0
11514,2024-05-04 21:46:36,0,0
11515,2024-05-04 21:46:48,0,0
11516,2024-05-04 21:47:00,0,0
11517,2024-05-04 21:47:12,0,0
11518,2024-05-04 21:47:24,0,0
11519,2024-05-04 21:47:36,0,0
11520,2024-05-04 21:47:48,0,0
11521,2024-05-04 21:48:00,0,0
11522,2024-05-04 21:48:12,0,0
11523,2024-05-04 21:48:24,0,0
11524,2024-05-04 21:48:36,0,0
11525,2024-05-04 21:48:48,0,0
11526,2024-05-04 21:49:00,0,0
11527,2024-05-04 21:49:12,0,0
11528,2024-05-04 21:49:24,0,0
11529,2024-05-04 21:49:36,0,0
11530,2024-05-04 21:49:48,0,0
11531,2024-05-04 21:50:00,0,0
11532,2024-05-04 21:50:12,0,0
11533,2024-05-04 21:50:24,0,0
11534,2024-05-04 21:50:36,0,0
11535,2024-05-04 21:50:48,0,0
11536,2024-05-04 21:51:00,0,0
11537,2024-05-04 21:51:12,0,0
11538,2024-05-04 21:51:24,0,0
11539,2024-05-04 21:51:36,0,0
11540,2024-05-04 21:51:48,0,0
11541,2024-05-04 21:52:00,0,0
11542,2024-05-04 21:52:12,0,0
11543,2024-05-04 21:52:24,0,0
11544,2024-05-04 21:52:36,0,0
11545,2024-05-04 21:52:48,0,0
11546,2024-05-04 21:53:00,0,0
11547,2024-05-04 21:53:12,0,0
11548,2024-05-04 21:53:24,0,0
11549,2024-05-04 21:53:36,0,0
11550,2024-05-04 21:53:48,0,0
11551,2024-05-04 21:54:00,0,0
11552,2024-05-04 21:54:12,0,0
11553,2024-05-04 21:54:24,0,0
11554,2024-05-04 21:54:36,0,0
11555,2024-05-04 21:54:48,0,0
11556,2024-05-04 21:55:00,0,0
11557,2024-05-04 21:55:12,0,0
11558,2024-05-04 21:55:24,0,0
11559,2024-05-04 21:55:36,0,0
11560,2024-05-04 21:55:48,0,0
11561,2024-05-04 21:56:00,0,0
11562,2024-05-04 21:56:12,0,0
11563,2024-05-04 21:56:24,0,0
11564,2024-05-04 21:56:36,0,0
11565,2024-05-04 21:56:48,0,0
11566,2024-05-04 21:57:00,0,0
11567,2024-05-04 21:57:12,0,0
11568,2024-05-04 21:57:24,0,0
11569,2024-05-04 21:57:36,0,0
11570,2024-05-04 21:57:48,0,0
11571,2024-05-04 21:58:00,0,0
11572,2024-05-04 21:58:12,0,0
11573,2024-05-04 21:58:24,0,0
11574,2024-05-04 21:58:36,0,0
11575,2024-05-04 21:58:48,0,0
11576,2024-05-04 21:59:00,0,0
11577,2024-05-04 21:59:12,0,0
11578,2024-05-04 21:59:24,0,0
11579,2024-05-04 21:59:36,0,0
11580,2024-05-04 21:59:48,0,0
11581,2024-05-04 22:00:00,0,0
11582,2024-05-04 22:00:12,0,0
11583,2024-05-04 22:00:24,0,0
11584,2024-05-04 22:00:36,0,0
11585,2024-05-04 22:00:48,0,0
11586,2024-05-04 22:01:00,0,0
11587,2024-05-04 22:01:12,0,0
11588,2024-05-04 22:01:24,0,0
11589,2024-05-04 22:01:36,0,0
11590,2024-05-04 22:01:48,0,0
11591,2024-05-04 22:02:00,0,0
11592,2024-05-04 22:02:12,0,0
11593,2024-05-04 22:02:24,0,0
11594,2024-05-04 22:02:36,0,0
11595,2024-05-04 22:02:48,0,0
11596,2024-05-04 22:03:00,0,0
11597,2024-05-04 22:03:12,0,0
11598,2024-05-04 22:03:24,0,0
11599,2024-05-04 22:03:36,0,0
11600,2024-05-04 22:03:48,0,0
11601,2024-05-04 22:04:00,0,0
11602,2024-05-04 22:04:12,0,0
11603,2024-05-04 22:04:24,0,0
11604,2024-05-04 22:04:36,0,0
11605,2024-05-04 22:04:48,0,0
11606,2024-05-04 22:05:00,0,0
11607,2024-05-04 22:05:12,0,0
11608,2024-05-04 22:05:24,0,0
11609,2024-05-04 22:05:36,0,0
11610,2024-05-04 22:05:48,0,0
11611,2024-05-04 22:06:00,0,0
11612,2024-05-04 22:06:12,0,0
11613,2024-05-04 22:06:24,0,0
11614,2024-05-04 22:06:36,0,0
11615,2024-05-04 22:06:48,0,0
11616,2024-05-04 22:07:00,0,0
11617,2024-05-04 22:07:12,0,0
11618,2024-05-04 22:07:24,0,0
11619,2024-05-04 22:07:36,0,0
11620,2024-05-04 22:07:48,0,0
11621,2024-05-04 22:08:00,0,0
11622,2024-05-04 22:08:12,0,0
11623,2024-05-04 22:08:24,0,0
11624,2024-05-04 22:08:36,0,0
11625,2024-05-04 22:08:48,0,0
11626,2024-05-04 22:09:00,0,0
11627,2024-05-04 22:09:12,0,0
11628,2024-05-04 22:09:24,0,0
11629,2024-05-04 22:09:36,0,0
11630,2024-05-04 22:09:48,0,0
11631,2024-05-04 22:10:00,0,0
11632,2024-05-04 22:10:12,0,0
11633,2024-05-04 22:10:24,0,0
11634,2024-05-04 22:10:36,0,0
11635,2024-05-04 22:10:48,0,0
11636,2024-05-04 22:11:00,0,0
11637,2024-05-04 22:11:12,0,0
11638,2024-05-04 22:11:24,0,0
11639,2024-05-04 22:11:36,0,0
11640,2024-05-04 22:11:48,0,0
11641,2024-05-04 22:12:00,0,0
11642,2024-05-04 22:12:12,0,0
11643,2024-05-04 22:12:24,0,0
11644,2024-05-04 22:12:36,0,0
11645,2024-05-04 22:12:48,0,0
11646,2024-05-04 22:13:00,0,0
11647,2024-05-04 22:13:12,0,0
11648,2024-05-04 22:13:24,0,0
11649,2024-05-04 22:13:36,0,0
11650,2024-05-04 22:13:48,0,0
11651,2024-05-04 22:14:00,0,0
11652,2024-05-04 22:14:12,0,0
11653,2024-05-04 22:14:24,0,0
11654,2024-05-04 22:14:36,0,0
11655,2024-05-04 22:14:48,0,0
11656,2024-05-04 22:15:00,0,0
11657,2024-05-04 22:15:12,0,0
11658,2024-05-04 22:15:24,0,0
11659,2024-05-04 22:15:36,0,0
11660,2024-05-04 22:15:48,0,0
11661,2024-05-04 22:16:00,0,0
11662,2024-05-04 22:16:12,0,0
11663,2024-05-04 22:16:24,0,0
11664,2024-05-04 22:16:36,0,0
11665,2024-05-04 22:16:48,0,0
11666,2024-05-04 22:17:00,0,0
11667,2024-05-04 22:17:12,0,0
11668,2024-05-04 22:17:24,0,0
11669,2024-05-04 22:17:36,0,0
11670,2024-05-04 22:17:48,0,0
11671,2024-05-04 22:18:00,0,0
11672,2024-05-04 22:18:12,0,0
11673,2024-05-04 22:18:24,0,0
11674,2024-05-04 22:18:36,0,0
11675,2024-05-04 22:18:48,0,0
11676,2024-05-04 22:19:00,0,0
11677,2024-05-04 22:19:12,0,0
11678,2024-05-04 22:19:24,0,0
11679,2024-05-04 22:19:36,0,0
11680,2024-05-04 22:19:48,0,0
11681,2024-05-04 22:20:00,0,0
11682,2024-05-04 22:20:12,0,0
11683,2024-05-04 22:20:24,0,0
11684,2024-05-04 22:20:36,0,0
11685,2024-05-04 22:20:48,0,0
11686,2024-05-04 22:21:00,0,0
11687,2024-05-04 22:21:12,0,0
11688,2024-05-04 22:21:24,0,0
11689,2024-05-04 22:21:36,0,0
11690,2024-05-04 22:21:48,0,0
11691,2024-05-04 22:22:00,0,0
11692,2024-05-04 22:22:12,0,0
11693,2024-05-04 22:22:24,0,0
11694,2024-05-04 22:22:36,0,0
11695,2024-05-04 22:22:48,0,0
11696,2024-05-04 22:23:00,0,0
11697,2024-05-04 22:23:12,0,0
11698,2024-05-04 22:23:24,0,0
11699,2024-05-04 22:23:36,0,0
11700,2024-05-04 22:23:48,0,0
11701,2024-05-04 22:24:00,0,0
11702,2024-05-04 22:24:12,0,0
11703,2024-05-04 22:24:24,0,0
11704,2024-05-04 22:24:36,0,0
11705,2024-05-04 22:24:48,0,0
11706,2024-05-04 22:25:00,0,0
11707,2024-05-04 22:25:12,0,0
11708,2024-05-04 22:25:24,0,0
11709,2024-05-04 22:25:36,0,0
11710,2024-05-04 22:25:48,0,0
11711,2024-05-04 22:26:00,0,0
11712,2024-05-04 22:26:12,0,0
11713,2024-05-04 22:26:24,0,0
11714,2024-05-04 22:26:36,0,0
11715,2024-05-04 22:26:48,0,0
11716,2024-05-04 22:27:00,0,0
11717,2024-05-04 22:27:12,0,0
11718,2024-05-04 22:27:24,0,0
11719,2024-05-04 22:27:36,0,0
11720,2024-05-04 22:27:48,0,0
11721,2024-05-04 22:28:00,0,0
11722,2024-05-04 22:28:12,0,0
11723,2024-05-04 22:28:24,0,0
11724,2024-05-04 22:28:36,0,0
11725,2024-05-04 22:28:48,0,0
11726,2024-05-04 22:29:00,0,0
11727,2024-05-04 22:29:12,0,0
11728,2024-05-04 22:29:24,0,0
11729,2024-05-04 22:29:36,0,0
11730,2024-05-04 22:29:48,0,0
11731,2024-05-04 22:30:00,0,0
11732,2024-05-04 22:30:12,0,0
11733,2024-05-04 22:30:24,0,0
11734,2024-05-04 22:30:36,0,0
11735,2024-05-04 22:30:48,0,0
11736,2024-05-04 22:31:00,0,0
11737,2024-05-04 22:31:12,0,0
11738,2024-05-04 22:31:24,0,0
11739,2024-05-04 22:31:36,0,0
11740,2024-05-04 22:31:48,0,0
11741,2024-05-04 22:32:00,0,0
11742,2024-05-04 22:32:12,0,0
11743,2024-05-04 22:32:24,0,0
11744,2024-05-04 22:32:36,0,0
11745,2024-05-04 22:32:48,0,0
11746,2024-05-04 22:33:00,0,0
11747,2024-05-04 22:33:12,0,0
11748,2024-05-04 22:33:24,0,0
11749,2024-05-04 22:33:36,0,0
11750,2024-05-04 22:33:48,0,0
11751,2024-05-04 22:34:00,0,0
11752,2024-05-04 22:34:12,0,0
11753,2024-05-04 22:34:24,0,0
11754,2024-05-04 22:34:36,0,0
11755,2024-05-04 22:34:48,0,0
11756,2024-05-04 22:35:00,0,0
11757,2024-05-04 22:35:12,0,0
11758,2024-05-04 22:35:24,0,0
11759,2024-05-04 22:35:36,0,0
11760,2024-05-04 22:35:48,0,0
11761,2024-05-04 22:36:00,0,0
11762,2024-05-04 22:36:12,0,0
11763,2024-05-04 22:36:24,0,0
11764,2024-05-04 22:36:36,0,0
11765,2024-05-04 22:36:48,0,0
11766,2024-05-04 22:37:00,0,0
11767,2024-05-04 22:37:12,0,0
11768,2024-05-04 22:37:24,0,0
11769,2024-05-04 22:37:36,0,0
11770,2024-05-04 22:37:48,0,0
11771,2024-05-04 22:38:00,0,0
11772,2024-05-04 22:38:12,0,0
11773,2024-05-04 22:38:24,0,0
11774,2024-05-04 22:38:36,0,0
11775,2024-05-04 22:38:48,0,0
11776,2024-05-04 22:39:00,0,0
11777,2024-05-04 22:39:12,0,0
11778,2024-05-04 22:39:24,0,0
11779,2024-05-04 22:39:36,0,0
11780,2024-05-04 22:39:48,0,0
11781,2024-05-04 22:40:00,0,0
11782,2024-05-04 22:40:12,0,0
11783,2024-05-04 22:40:24,0,0
11784,2024-05-04 22:40:36,0,0
11785,2024-05-04 22:40:48,0,0
11786,2024-05-04 22:41:00,0,0
11787,2024-05-04 22:41:12,0,0
11788,2024-05-04 22:41:24,0,0
11789,2024-05-04 22:41:36,0,0
11790,2024-05-04 22:41:48,0,0
11791,2024-05-04 22:42:00,0,0
11792,2024-05-04 22:42:12,0,0
11793,2024-05-04 22:42:24,0,0
11794,2024-05-04 22:42:36,0,0
11795,2024-05-04 22:42:48,0,0
11796,2024-05-04 22:43:00,0,0
11797,2024-05-04 22:43:12,0,0
11798,2024-05-04 22:43:24,0,0
11799,2024-05-04 22:43:36,0,0
11800,2024-05-04 22:43:48,0,0
11801,2024-05-04 22:44:00,0,0
11802,2024-05-04 22:44:12,0,0
11803,2024-05-04 22:44:24,0,0
11804,2024-05-04 22:44:36,0,0
11805,2024-05-04 22:44:48,0,0
11806,2024-05-04 22:45:00,0,0
11807,2024-05-04 22:45:12,0,0
11808,2024-05-04 22:45:24,0,0
11809,2024-05-04 22:45:36,0,0
11810,2024-05-04 22:45:48,0,0
11811,2024-05-04 22:46:00,0,0
11812,2024-05-04 22:46:12,0,0
11813,2024-05-04 22:46:24,0,0
11814,2024-05-04 22:46:36,0,0
11815,2024-05-04 22:46:48,0,0
11816,2024-05-04 22:47:00,0,0
11817,2024-05-04 22:47:12,0,0
11818,2024-05-04 22:47:24,0,0
11819,2024-05-04 22:47:36,0,0
11820,2024-05-04 22:47:48,0,0
11821,2024-05-04 22:48:00,0,0
11822,2024-05-04 22:48:12,0,0
11823,2024-05-04 22:48:24,0,0
11824,2024-05-04 22:48:36,0,0
11825,2024-05-04 22:48:48,0,0
11826,2024-05-04 22:49:00,0,0
11827,2024-05-04 22:49:12,0,0
11828,2024-05-04 22:49:24,0,0
11829,2024-05-04 22:49:36,0,0
11830,2024-05-04 22:49:48,0,0
11831,2024-05-04 22:50:00,0,0
11832,2024-05-04 22:50:12,0,0
11833,2024-05-04 22:50:24,0,0
11834,2024-05-04 22:50:36,0,0
11835,2024-05-04 22:50:48,0,0
11836,2024-05-04 22:51:00,0,0
11837,2024-05-04 22:51:12,0,0
11838,2024-05-04 22:51:24,0,0
11839,2024-05-04 22:51:36,0,0
11840,2024-05-04 22:51:48,0,0
11841,2024-05-04 22:52:00,0,0
11842,2024-05-04 22:52:12,0,0
11843,2024-05-04 22:52:24,0,0
11844,2024-05-04 22:52:36,0,0
11845,2024-05-04 22:52:48,0,0
11846,2024-05-04 22:53:00,0,0
11847,2024-05-04 22:53:12,0,0
11848,2024-05-04 22:53:24,0,0
11849,2024-05-04 22:53:36,0,0
11850,2024-05-04 22:53:48,0,0
11851,2024-05-04 22:54:00,0,0
11852,2024-05-04 22:54:12,0,0
11853,2024-05-04 22:54:24,0,0
11854,2024-05-04 22:54:36,0,0
11855,2024-05-04 22:54:48,0,0
11856,2024-05-04 22:55:00,0,0
11857,2024-05-04 22:55:12,0,0
11858,2024-05-04 22:55:24,0,0
11859,2024-05-04 22:55:36,0,0
11860,2024-05-04 22:55:48,0,0
11861,2024-05-04 22:56:00,0,0
11862,2024-05-04 22:56:12,0,0
11863,2024-05-04 22:56:24,0,0
11864,2024-05-04 22:56:36,0,0
11865,2024-05-04 22:56:48,0,0
11866,2024-05-04 22:57:00,0,0
11867,2024-05-04 22:57:12,0,0
11868,2024-05-04 22:57:24,0,0
11869,2024-05-04 22:57:36,0,0
11870,2024-05-04 22:57:48,0,0
11871,2024-05-04 22:58:00,0,0
11872,2024-05-04 22:58:12,0,0
11873,2024-05-04 22:58:24,0,0
11874,2024-05-04 22:58:36,0,0
11875,2024-05-04 22:58:48,0,0
11876,2024-05-04 22:59:00,0,0
11877,2024-05-04 22:59:12,0,0
11878,2024-05-04 22:59:24,0,0
11879,2024-05-04 22:59:36,0,0
11880,2024-05-04 22:59:48,0,0
11881,2024-05-04 23:00:00,0,0
11882,2024-05-04 23:00:12,0,0
11883,2024-05-04 23:00:24,0,0
11884,2024-05-04 23:00:36,0,0
11885,2024-05-04 23:00:48,0,0
11886,2024-05-04 23:01:00,0,0
11887,2024-05-04 23:01:12,0,0
11888,2024-05-04 23:01:24,0,0
11889,2024-05-04 23:01:36,0,0
11890,2024-05-04 23:01:48,0,0
11891,2024-05-04 23:02:00,0,0
11892,2024-05-04 23:02:12,0,0
11893,2024-05-04 23:02:24,0,0
11894,2024-05-04 23:02:36,0,0
11895,2024-05-04 23:02:48,0,0
11896,2024-05-04 23:03:00,0,0
11897,2024-05-04 23:03:12,0,0
11898,2024-05-04 23:03:24,0,0
11899,2024-05-04 23:03:36,0,0
11900,2024-05-04 23:03:48,0,0
11901,2024-05-04 23:04:00,0,0
11902,2024-05-04 23:04:12,0,0
11903,2024-05-04 23:04:24,0,0
11904,2024-05-04 23:04:36,0,0
11905,2024-05-04 23:04:48,0,0
11906,2024-05-04 23:05:00,0,0
11907,2024-05-04 23:05:12,0,0
11908,2024-05-04 23:05:24,0,0
11909,2024-05-04 23:05:36,0,0
11910,2024-05-04 23:05:48,0,0
11911,2024-05-04 23:06:00,0,0
11912,2024-05-04 23:06:12,0,0
11913,2024-05-04 23:06:24,0,0
11914,2024-05-04 23:06:36,0,0
11915,2024-05-04 23:06:48,0,0
11916,2024-05-04 23:07:00,0,0
11917,2024-05-04 23:07:12,0,0
11918,2024-05-04 23:07:24,0,0
11919,2024-05-04 23:07:36,0,0
11920,2024-05-04 23:07:48,0,0
11921,2024-05-04 23:08:00,0,0
11922,2024-05-04 23:08:12,0,0
11923,2024-05-04 23:08:24,0,0
11924,2024-05-04 23:08:36,0,0
11925,2024-05-04 23:08:48,0,0
11926,2024-05-04 23:09:00,0,0
11927,2024-05-04 23:09:12,0,0
11928,2024-05-04 23:09:24,0,0
11929,2024-05-04 23:09:36,0,0
11930,2024-05-04 23:09:48,0,0
11931,2024-05-04 23:10:00,0,0
11932,2024-05-04 23:10:12,0,0
11933,2024-05-04 23:10:24,0,0
11934,2024-05-04 23:10:36,0,0
11935,2024-05-04 23:10:48,0,0
11936,2024-05-04 23:11:00,0,0
11937,2024-05-04 23:11:12,0,0
11938,2024-05-04 23:11:24,0,0
11939,2024-05-04 23:11:36,0,0
11940,2024-05-04 23:11:48,0,0
11941,2024-05-04 23:12:00,0,0
11942,2024-05-04 23:12:12,0,0
11943,2024-05-04 23:12:24,0,0
11944,2024-05-04 23:12:36,0,0
11945,2024-05-04 23:12:48,0,0
11946,2024-05-04 23:13:00,0,0
11947,2024-05-04 23:13:12,0,0
11948,2024-05-04 23:13:24,0,0
11949,2024-05-04 23:13:36,0,0
11950,2024-05-04 23:13:48,0,0
11951,2024-05-04 23:14:00,0,0
11952,2024-05-04 23:14:12,0,0
11953,2024-05-04 23:14:24,0,0
11954,2024-05-04 23:14:36,0,0
11955,2024-05-04 23:14:48,0,0
11956,2024-05-04 23:15:00,0,0
11957,2024-05-04 23:15:12,0,0
11958,2024-05-04 23:15:24,0,0
11959,2024-05-04 23:15:36,0,0
11960,2024-05-04 23:15:48,0,0
11961,2024-05-04 23:16:00,0,0
11962,2024-05-04 23:16:12,0,0
11963,2024-05-04 23:16:24,0,0
11964,2024-05-04 23:16:36,0,0
11965,2024-05-04 23:16:48,0,0
11966,2024-05-04 23:17:00,0,0
11967,2024-05-04 23:17:12,0,0
11968,2024-05-04 23:17:24,0,0
11969,2024-05-04 23:17:36,0,0
11970,2024-05-04 23:17:48,0,0
11971,2024-05-04 23:18:00,0,0
11972,2024-05-04 23:18:12,0,0
11973,2024-05-04 23:18:24,0,0
11974,2024-05-04 23:18:36,0,0
11975,2024-05-04 23:18:48,0,0
11976,2024-05-04 23:19:00,0,0
11977,2024-05-04 23:19:12,0,0
11978,2024-05-04 23:19:24,0,0
11979,2024-05-04 23:19:36,0,0
11980,2024-05-04 23:19:48,0,0
11981,2024-05-04 23:20:00,0,0
11982,2024-05-04 23:20:12,0,0
11983,2024-05-04 23:20:24,0,0
11984,2024-05-04 23:20:36,0,0
11985,2024-05-04 23:20:48,0,0
11986,2024-05-04 23:21:00,0,0
11987,2024-05-04 23:21:12,0,0
11988,2024-05-04 23:21:24,0,0
11989,2024-05-04 23:21:36,0,0
11990,2024-05-04 23:21:48,0,0
11991,2024-05-04 23:22:00,0,0
11992,2024-05-04 23:22:12,0,0
11993,2024-05-04 23:22:24,0,0
11994,2024-05-04 23:22:36,0,0
11995,2024-05-04 23:22:48,0,0
11996,2024-05-04 23:23:00,0,0
11997,2024-05-04 23:23:12,0,0
11998,2024-05-04 23:23:24,0,0
11999,2024-05-04 23:23:36,0,0
12000,2024-05-04 23:23:48,0,0
12001,2024-05-04 23:24:00,0,0
12002,2024-05-04 23:24:12,0,0
12003,2024-05-04 23:24:24,0,0
12004,2024-05-04 23:24:36,0,0
12005,2024-05-04 23:24:48,0,0
12006,2024-05-04 23:25:00,0,0
12007,2024-05-04 23:25:12,0,0
12008,2024-05-04 23:25:24,0,0
12009,2024-05-04 23:25:36,0,0
12010,2024-05-04 23:25:48,0,0
12011,2024-05-04 23:26:00,0,0
12012,2024-05-04 23:26:12,0,0
12013,2024-05-04 23:26:24,0,0
12014,2024-05-04 23:26:36,0,0
12015,2024-05-04 23:26:48,0,0
12016,2024-05-04 23:27:00,0,0
12017,2024-05-04 23:27:12,0,0
12018,2024-05-04 23:27:24,0,0
12019,2024-05-04 23:27:36,0,0
12020,2024-05-04 23:27:48,0,0
12021,2024-05-04 23:28:00,0,0
12022,2024-05-04 23:28:12,0,0
12023,2024-05-04 23:28:24,0,0
12024,2024-05-04 23:28:36,0,0
12025,2024-05-04 23:28:48,0,0
12026,2024-05-04 23:29:00,0,0
12027,2024-05-04 23:29:12,0,0
12028,2024-05-04 23:29:24,0,0
12029,2024-05-04 23:29:36,0,0
12030,2024-05-04 23:29:48,0,0
12031,2024-05-04 23:30:00,0,0
12032,2024-05-04 23:30:12,0,0
12033,2024-05-04 23:30:24,0,0
12034,2024-05-04 23:30:36,0,0
12035,2024-05-04 23:30:48,0,0
12036,2024-05-04 23:31:00,0,0
12037,2024-05-04 23:31:12,0,0
12038,2024-05-04 23:31:24,0,0
12039,2024-05-04 23:31:36,0,0
12040,2024-05-04 23:31:48,0,0
12041,2024-05-04 23:32:00,0,0
12042,2024-05-04 23:32:12,0,0
12043,2024-05-04 23:32:24,0,0
12044,2024-05-04 23:32:36,0,0
12045,2024-05-04 23:32:48,0,0
12046,2024-05-04 23:33:00,0,0
12047,2024-05-04 23:33:12,0,0
12048,2024-05-04 23:33:24,0,0
12049,2024-05-04 23:33:36,0,0
12050,2024-05-04 23:33:48,0,0
12051,2024-05-04 23:34:00,0,0
12052,2024-05-04 23:34:12,0,0
12053,2024-05-04 23:34:24,0,0
12054,2024-05-04 23:34:36,0,0
12055,2024-05-04 23:34:48,0,0
12056,2024-05-04 23:35:00,0,0
12057,2024-05-04 23:35:12,0,0
12058,2024-05-04 23:35:24,0,0
12059,2024-05-04 23:35:36,0,0
12060,2024-05-04 23:35:48,0,0
12061,2024-05-04 23:36:00,0,0
12062,2024-05-04 23:36:12,0,0
12063,2024-05-04 23:36:24,0,0
12064,2024-05-04 23:36:36,0,0
12065,2024-05-04 23:36:48,0,0
12066,2024-05-04 23:37:00,0,0
12067,2024-05-04 23:37:12,0,0
12068,2024-05-04 23:37:24,0,0
12069,2024-05-04 23:37:36,0,0
12070,2024-05-04 23:37:48,0,0
12071,2024-05-04 23:38:00,0,0
12072,2024-05-04 23:38:12,0,0
12073,2024-05-04 23:38:24,0,0
12074,2024-05-04 23:38:36,0,0
12075,2024-05-04 23:38:48,0,0
12076,2024-05-04 23:39:00,0,0
12077,2024-05-04 23:39:12,0,0
12078,2024-05-04 23:39:24,0,0
12079,2024-05-04 23:39:36,0,0
12080,2024-05-04 23:39:48,0,0
12081,2024-05-04 23:40:00,0,0
12082,2024-05-04 23:40:12,0,0
12083,2024-05-04 23:40:24,0,0
12084,2024-05-04 23:40:36,0,0
12085,2024-05-04 23:40:48,0,0
12086,2024-05-04 23:41:00,0,0
12087,2024-05-04 23:41:12,0,0
12088,2024-05-04 23:41:24,0,0
12089,2024-05-04 23:41:36,0,0
12090,2024-05-04 23:41:48,0,0
12091,2024-05-04 23:42:00,0,0
12092,2024-05-04 23:42:12,0,0
12093,2024-05-04 23:42:24,0,0
12094,2024-05-04 23:42:36,0,0
12095,2024-05-04 23:42:48,0,0
12096,2024-05-04 23:43:00,0,0
12097,2024-05-04 23:43:12,0,0
12098,2024-05-04 23:43:24,0,0
12099,2024-05-04 23:43:36,0,0
12100,2024-05-04 23:43:48,0,0
12101,2024-05-04 23:44:00,0,0
12102,2024-05-04 23:44:12,0,0
12103,2024-05-04 23:44:24,0,0
12104,2024-05-04 23:44:36,0,0
12105,2024-05-04 23:44:48,0,0
12106,2024-05-04 23:45:00,0,0
12107,2024-05-04 23:45:12,0,0
12108,2024-05-04 23:45:24,0,0
12109,2024-05-04 23:45:36,0,0
12110,2024-05-04 23:45:48,0,0
12111,2024-05-04 23:46:00,0,0
12112,2024-05-04 23:46:12,0,0
12113,2024-05-04 23:46:24,0,0
12114,2024-05-04 23:46:36,0,0
12115,2024-05-04 23:46:48,0,0
12116,2024-05-04 23:47:00,0,0
12117,2024-05-04 23:47:12,0,0
12118,2024-05-04 23:47:24,0,0
12119,2024-05-04 23:47:36,0,0
12120,2024-05-04 23:47:48,0,0
12121,2024-05-04 23:48:00,0,0
12122,2024-05-04 23:48:12,0,0
12123,2024-05-04 23:48:24,0,0
12124,2024-05-04 23:48:36,0,0
12125,2024-05-04 23:48:48,0,0
12126,2024-05-04 23:49:00,0,0
12127,2024-05-04 23:49:12,0,0
12128,2024-05-04 23:49:24,0,0
12129,2024-05-04 23:49:36,0,0
12130,2024-05-04 23:49:48,0,0
12131,2024-05-04 23:50:00,0,0
12132,2024-05-04 23:50:12,0,0
12133,2024-05-04 23:50:24,0,0
12134,2024-05-04 23:50:36,0,0
12135,2024-05-04 23:50:48,0,0
12136,2024-05-04 23:51:00,0,0
12137,2024-05-04 23:51:12,0,0
12138,2024-05-04 23:51:24,0,0
12139,2024-05-04 23:51:36,0,0
12140,2024-05-04 23:51:48,0,0
12141,2024-05-04 23:52:00,0,0
12142,2024-05-04 23:52:12,0,0
12143,2024-05-04 23:52:24,0,0
12144,2024-05-04 23:52:36,0,0
12145,2024-05-04 23:52:48,0,0
12146,2024-05-04 23:53:00,0,0
12147,2024-05-04 23:53:12,0,0
12148,2024-05-04 23:53:24,0,0
12149,2024-05-04 23:53:36,0,0
12150,2024-05-04 23:53:48,0,0
12151,2024-05-04 23:54:00,0,0
12152,2024-05-04 23:54:12,0,0
12153,2024-05-04 23:54:24,0,0
12154,2024-05-04 23:54:36,0,0
12155,2024-05-04 23:54:48,0,0
12156,2024-05-04 23:55:00,0,0
12157,2024-05-04 23:55:12,0,0
12158,2024-05-04 23:55:24,0,0
12159,2024-05-04 23:55:36,0,0
12160,2024-05-04 23:55:48,0,0
12161,2024-05-04 23:56:00,0,0
12162,2024-05-04 23:56:12,0,0
12163,2024-05-04 23:56:24,0,0
12164,2024-05-04 23:56:36,0,0
12165,2024-05-04 23:56:48,0,0
12166,2024-05-04 23:57:00,0,0
12167,2024-05-04 23:57:12,0,0
12168,2024-05-04 23:57:24,0,0
12169,2024-05-04 23:57:36,0,0
12170,2024-05-04 23:57:48,0,0
12171,2024-05-04 23:58:00,0,0
12172,2024-05-04 23:58:12,0,0
12173,2024-05-04 23:58:24,0,0
12174,2024-05-04 23:58:36,0,0
12175,2024-05-04 23:58:48,0,0
12176,2024-05-04 23:59:00,0,0
12177,2024-05-04 23:59:12,0,0
12178,2024-05-04 23:59:24,0,0
12179,2024-05-04 23:59:36,0,0
12180,2024-05-04 23:59:48,0,0
12181,2024-05-05 00:00:00,0,0
12182,2024-05-05 00:00:12,0,0
12183,2024-05-05 00:00:24,0,0
12184,2024-05-05 00:00:36,0,0
12185,2024-05-05 00:00:48,0,0
12186,2024-05-05 00:01:00,0,0
12187,2024-05-05 00:01:12,0,0
12188,2024-05-05 00:01:24,0,0
12189,2024-05-05 00:01:36,0,0
12190,2024-05-05 00:01:48,0,0
12191,2024-05-05 00:02:00,0,0
12192,2024-05-05 00:02:12,0,0
12193,2024-05-05 00:02:24,0,0
12194,2024-05-05 00:02:36,0,0
12195,2024-05-05 00:02:48,0,0
12196,2024-05-05 00:03:00,0,0
12197,2024-05-05 00:03:12,0,0
12198,2024-05-05 00:03:24,0,0
12199,2024-05-05 00:03:36,0,0
12200,2024-05-05 00:03:48,0,0
12201,2024-05-05 00:04:00,0,0
12202,2024-05-05 00:04:12,0,0
12203,2024-05-05 00:04:24,0,0
12204,2024-05-05 00:04:36,0,0
12205,2024-05-05 00:04:48,0,0
12206,2024-05-05 00:05:00,0,0
12207,2024-05-05 00:05:12,0,0
12208,2024-05-05 00:05:24,0,0
12209,2024-05-05 00:05:36,0,0
12210,2024-05-05 00:05:48,0,0
12211,2024-05-05 00:06:00,0,0
12212,2024-05-05 00:06:12,0,0
12213,2024-05-05 00:06:24,0,0
12214,2024-05-05 00:06:36,0,0
12215,2024-05-05 00:06:48,0,0
12216,2024-05-05 00:07:00,0,0
12217,2024-05-05 00:07:12,0,0
12218,2024-05-05 00:07:24,0,0
12219,2024-05-05 00:07:36,0,0
12220,2024-05-05 00:07:48,0,0
12221,2024-05-05 00:08:00,0,0
12222,2024-05-05 00:08:12,0,0
12223,2024-05-05 00:08:24,0,0
12224,2024-05-05 00:08:36,0,0
12225,2024-05-05 00:08:48,0,0
12226,2024-05-05 00:09:00,0,0
12227,2024-05-05 00:09:12,0,0
12228,2024-05-05 00:09:24,0,0
12229,2024-05-05 00:09:36,0,0
12230,2024-05-05 00:09:48,0,0
12231,2024-05-05 00:10:00,0,0
12232,2024-05-05 00:10:12,0,0
12233,2024-05-05 00:10:24,0,0
12234,2024-05-05 00:10:36,0,0
12235,2024-05-05 00:10:48,0,0
12236,2024-05-05 00:11:00,0,0
12237,2024-05-05 00:11:12,0,0
12238,2024-05-05 00:11:24,0,0
12239,2024-05-05 00:11:36,0,0
12240,2024-05-05 00:11:48,0,0
12241,2024-05-05 00:12:00,0,0
12242,2024-05-05 00:12:12,0,0
12243,2024-05-05 00:12:24,0,0
12244,2024-05-05 00:12:36,0,0
12245,2024-05-05 00:12:48,0,0
12246,2024-05-05 00:13:00,0,0
12247,2024-05-05 00:13:12,0,0
12248,2024-05-05 00:13:24,0,0
12249,2024-05-05 00:13:36,0,0
12250,2024-05-05 00:13:48,0,0
12251,2024-05-05 00:14:00,0,0
12252,2024-05-05 00:14:12,0,0
12253,2024-05-05 00:14:24,0,0
12254,2024-05-05 00:14:36,0,0
12255,2024-05-05 00:14:48,0,0
12256,2024-05-05 00:15:00,0,0
12257,2024-05-05 00:15:12,0,0
12258,2024-05-05 00:15:24,0,0
12259,2024-05-05 00:15:36,0,0
12260,2024-05-05 00:15:48,0,0
12261,2024-05-05 00:16:00,0,0
12262,2024-05-05 00:16:12,0,0
12263,2024-05-05 00:16:24,0,0
12264,2024-05-05 00:16:36,0,0
12265,2024-05-05 00:16:48,0,0
12266,2024-05-05 00:17:00,0,0
12267,2024-05-05 00:17:12,0,0
12268,2024-05-05 00:17:24,0,0
12269,2024-05-05 00:17:36,0,0
12270,2024-05-05 00:17:48,0,0
12271,2024-05-05 00:18:00,0,0
12272,2024-05-05 00:18:12,0,0
12273,2024-05-05 00:18:24,0,0
12274,2024-05-05 00:18:36,0,0
12275,2024-05-05 00:18:48,0,0
12276,2024-05-05 00:19:00,0,0
12277,2024-05-05 00:19:12,0,0
12278,2024-05-05 00:19:24,0,0
12279,2024-05-05 00:19:36,0,0
12280,2024-05-05 00:19:48,0,0
12281,2024-05-05 00:20:00,0,0
12282,2024-05-05 00:20:12,0,0
12283,2024-05-05 00:20:24,0,0
12284,2024-05-05 00:20:36,0,0
12285,2024-05-05 00:20:48,0,0
12286,2024-05-05 00:21:00,0,0
12287,2024-05-05 00:21:12,0,0
12288,2024-05-05 00:21:24,0,0
12289,2024-05-05 00:21:36,0,0
12290,2024-05-05 00:21:48,0,0
12291,2024-05-05 00:22:00,0,0
12292,2024-05-05 00:22:12,0,0
12293,2024-05-05 00:22:24,0,0
12294,2024-05-05 00:22:36,0,0
12295,2024-05-05 00:22:48,0,0
12296,2024-05-05 00:23:00,0,0
12297,2024-05-05 00:23:12,0,0
12298,2024-05-05 00:23:24,0,0
12299,2024-05-05 00:23:36,0,0
12300,2024-05-05 00:23:48,0,0
12301,2024-05-05 00:24:00,0,0
12302,2024-05-05 00:24:12,0,0
12303,2024-05-05 00:24:24,0,0
12304,2024-05-05 00:24:36,0,0
12305,2024-05-05 00:24:48,0,0
12306,2024-05-05 00:25:00,0,0
12307,2024-05-05 00:25:12,0,0
12308,2024-05-05 00:25:24,0,0
12309,2024-05-05 00:25:36,0,0
12310,2024-05-05 00:25:48,0,0
12311,2024-05-05 00:26:00,0,0
12312,2024-05-05 00:26:12,0,0
12313,2024-05-05 00:26:24,0,0
12314,2024-05-05 00:26:36,0,0
12315,2024-05-05 00:26:48,0,0
12316,2024-05-05 00:27:00,0,0
12317,2024-05-05 00:27:12,0,0
12318,2024-05-05 00:27:24,0,0
12319,2024-05-05 00:27:36,0,0
12320,2024-05-05 00:27:48,0,0
12321,2024-05-05 00:28:00,0,0
12322,2024-05-05 00:28:12,0,0
12323,2024-05-05 00:28:24,0,0
12324,2024-05-05 00:28:36,0,0
12325,2024-05-05 00:28:48,0,0
12326,2024-05-05 00:29:00,0,0
12327,2024-05-05 00:29:12,0,0
12328,2024-05-05 00:29:24,0,0
12329,2024-05-05 00:29:36,0,0
12330,2024-05-05 00:29:48,0,0
12331,2024-05-05 00:30:00,0,0
12332,2024-05-05 00:30:12,0,0
12333,2024-05-05 00:30:24,0,0
12334,2024-05-05 00:30:36,0,0
12335,2024-05-05 00:30:48,0,0
12336,2024-05-05 00:31:00,0,0
12337,2024-05-05 00:31:12,0,0
12338,2024-05-05 00:31:24,0,0
12339,2024-05-05 00:31:36,0,0
12340,2024-05-05 00:31:48,0,0
12341,2024-05-05 00:32:00,0,0
12342,2024-05-05 00:32:12,0,0
12343,2024-05-05 00:32:24,0,0
12344,2024-05-05 00:32:36,0,0
12345,2024-05-05 00:32:48,0,0
12346,2024-05-05 00:33:00,0,0
12347,2024-05-05 00:33:12,0,0
12348,2024-05-05 00:33:24,0,0
12349,2024-05-05 00:33:36,0,0
12350,2024-05-05 00:33:48,0,0
12351,2024-05-05 00:34:00,0,0
12352,2024-05-05 00:34:12,0,0
12353,2024-05-05 00:34:24,0,0
12354,2024-05-05 00:34:36,0,0
12355,2024-05-05 00:34:48,0,0
12356,2024-05-05 00:35:00,0,0
12357,2024-05-05 00:35:12,0,0
12358,2024-05-05 00:35:24,0,0
12359,2024-05-05 00:35:36,0,0
12360,2024-05-05 00:35:48,0,0
12361,2024-05-05 00:36:00,0,0
12362,2024-05-05 00:36:12,0,0
12363,2024-05-05 00:36:24,0,0
12364,2024-05-05 00:36:36,0,0
12365,2024-05-05 00:36:48,0,0
12366,2024-05-05 00:37:00,0,0
12367,2024-05-05 00:37:12,0,0
12368,2024-05-05 00:37:24,0,0
12369,2024-05-05 00:37:36,0,0
12370,2024-05-05 00:37:48,0,0
12371,2024-05-05 00:38:00,0,0
12372,2024-05-05 00:38:12,0,0
12373,2024-05-05 00:38:24,0,0
12374,2024-05-05 00:38:36,0,0
12375,2024-05-05 00:38:48,0,0
12376,2024-05-05 00:39:00,0,0
12377,2024-05-05 00:39:12,0,0
12378,2024-05-05 00:39:24,0,0
12379,2024-05-05 00:39:36,0,0
12380,2024-05-05 00:39:48,0,0
12381,2024-05-05 00:40:00,0,0
12382,2024-05-05 00:40:12,0,0
12383,2024-05-05 00:40:24,0,0
12384,2024-05-05 00:40:36,0,0
12385,2024-05-05 00:40:48,0,0
12386,2024-05-05 00:41:00,0,0
12387,2024-05-05 00:41:12,0,0
12388,2024-05-05 00:41:24,0,0
12389,2024-05-05 00:41:36,0,0
12390,2024-05-05 00:41:48,0,0
12391,2024-05-05 00:42:00,0,0
12392,2024-05-05 00:42:12,0,0
12393,2024-05-05 00:42:24,0,0
12394,2024-05-05 00:42:36,0,0
12395,2024-05-05 00:42:48,0,0
12396,2024-05-05 00:43:00,0,0
12397,2024-05-05 00:43:12,0,0
12398,2024-05-05 00:43:24,0,0
12399,2024-05-05 00:43:36,0,0
12400,2024-05-05 00:43:48,0,0
12401,2024-05-05 00:44:00,0,0
12402,2024-05-05 00:44:12,0,0
12403,2024-05-05 00:44:24,0,0
12404,2024-05-05 00:44:36,0,0
12405,2024-05-05 00:44:48,0,0
12406,2024-05-05 00:45:00,0,0
12407,2024-05-05 00:45:12,0,0
12408,2024-05-05 00:45:24,0,0
12409,2024-05-05 00:45:36,0,0
12410,2024-05-05 00:45:48,0,0
12411,2024-05-05 00:46:00,0,0
12412,2024-05-05 00:46:12,0,0
12413,2024-05-05 00:46:24,0,0
12414,2024-05-05 00:46:36,0,0
12415,2024-05-05 00:46:48,0,0
12416,2024-05-05 00:47:00,0,0
12417,2024-05-05 00:47:12,0,0
12418,2024-05-05 00:47:24,0,0
12419,2024-05-05 00:47:36,0,0
12420,2024-05-05 00:47:48,0,0
12421,2024-05-05 00:48:00,0,0
12422,2024-05-05 00:48:12,0,0
12423,2024-05-05 00:48:24,0,0
12424,2024-05-05 00:48:36,0,0
12425,2024-05-05 00:48:48,0,0
12426,2024-05-05 00:49:00,0,0
12427,2024-05-05 00:49:12,0,0
12428,2024-05-05 00:49:24,0,0
12429,2024-05-05 00:49:36,0,0
12430,2024-05-05 00:49:48,0,0
12431,2024-05-05 00:50:00,0,0
12432,2024-05-05 00:50:12,0,0
12433,2024-05-05 00:50:24,0,0
12434,2024-05-05 00:50:36,0,0
12435,2024-05-05 00:50:48,0,0
12436,2024-05-05 00:51:00,0,0
12437,2024-05-05 00:51:12,0,0
12438,2024-05-05 00:51:24,0,0
12439,2024-05-05 00:51:36,0,0
12440,2024-05-05 00:51:48,0,0
12441,2024-05-05 00:52:00,0,0
12442,2024-05-05 00:52:12,0,0
12443,2024-05-05 00:52:24,0,0
12444,2024-05-05 00:52:36,0,0
12445,2024-05-05 00:52:48,0,0
12446,2024-05-05 00:53:00,0,0
12447,2024-05-05 00:53:12,0,0
12448,2024-05-05 00:53:24,0,0
12449,2024-05-05 00:53:36,0,0
12450,2024-05-05 00:53:48,0,0
12451,2024-05-05 00:54:00,0,0
12452,2024-05-05 00:54:12,0,0
12453,2024-05-05 00:54:24,0,0
12454,2024-05-05 00:54:36,0,0
12455,2024-05-05 00:54:48,0,0
12456,2024-05-05 00:55:00,0,0
12457,2024-05-05 00:55:12,0,0
12458,2024-05-05 00:55:24,0,0
12459,2024-05-05 00:55:36,0,0
12460,2024-05-05 00:55:48,0,0
12461,2024-05-05 00:56:00,0,0
12462,2024-05-05 00:56:12,0,0
12463,2024-05-05 00:56:24,0,0
12464,2024-05-05 00:56:36,0,0
12465,2024-05-05 00:56:48,0,0
12466,2024-05-05 00:57:00,0,0
12467,2024-05-05 00:57:12,0,0
12468,2024-05-05 00:57:24,0,0
12469,2024-05-05 00:57:36,0,0
12470,2024-05-05 00:57:48,0,0
12471,2024-05-05 00:58:00,0,0
12472,2024-05-05 00:58:12,0,0
12473,2024-05-05 00:58:24,0,0
12474,2024-05-05 00:58:36,0,0
12475,2024-05-05 00:58:48,0,0
12476,2024-05-05 00:59:00,0,0
12477,2024-05-05 00:59:12,0,0
12478,2024-05-05 00:59:24,0,0
12479,2024-05-05 00:59:36,0,0
12480,2024-05-05 00:59:48,0,0
12481,2024-05-05 01:00:00,0,0
12482,2024-05-05 01:00:12,0,0
12483,2024-05-05 01:00:24,0,0
12484,2024-05-05 01:00:36,0,0
12485,2024-05-05 01:00:48,0,0
12486,2024-05-05 01:01:00,0,0
12487,2024-05-05 01:01:12,0,0
12488,2024-05-05 01:01:24,0,0
12489,2024-05-05 01:01:36,0,0
12490,2024-05-05 01:01:48,0,0
12491,2024-05-05 01:02:00,0,0
12492,2024-05-05 01:02:12,0,0
12493,2024-05-05 01:02:24,0,0
12494,2024-05-05 01:02:36,0,0
12495,2024-05-05 01:02:48,0,0
12496,2024-05-05 01:03:00,0,0
12497,2024-05-05 01:03:12,0,0
12498,2024-05-05 01:03:24,0,0
12499,2024-05-05 01:03:36,0,0
12500,2024-05-05 01:03:48,0,0
12501,2024-05-05 01:04:00,0,0
12502,2024-05-05 01:04:12,0,0
12503,2024-05-05 01:04:24,0,0
12504,2024-05-05 01:04:36,0,0
12505,2024-05-05 01:04:48,0,0
12506,2024-05-05 01:05:00,0,0
12507,2024-05-05 01:05:12,0,0
12508,2024-05-05 01:05:24,0,0
12509,2024-05-05 01:05:36,0,0
12510,2024-05-05 01:05:48,0,0
12511,2024-05-05 01:06:00,0,0
12512,2024-05-05 01:06:12,0,0
12513,2024-05-05 01:06:24,0,0
12514,2024-05-05 01:06:36,0,0
12515,2024-05-05 01:06:48,0,0
12516,2024-05-05 01:07:00,0,0
12517,2024-05-05 01:07:12,0,0
12518,2024-05-05 01:07:24,0,0
12519,2024-05-05 01:07:36,0,0
12520,2024-05-05 01:07:48,0,0
12521,2024-05-05 01:08:00,0,0
12522,2024-05-05 01:08:12,0,0
12523,2024-05-05 01:08:24,0,0
12524,2024-05-05 01:08:36,0,0
12525,2024-05-05 01:08:48,0,0
12526,2024-05-05 01:09:00,0,0
12527,2024-05-05 01:09:12,0,0
12528,2024-05-05 01:09:24,0,0
12529,2024-05-05 01:09:36,0,0
12530,2024-05-05 01:09:48,0,0
12531,2024-05-05 01:10:00,0,0
12532,2024-05-05 01:10:12,0,0
12533,2024-05-05 01:10:24,0,0
12534,2024-05-05 01:10:36,0,0
12535,2024-05-05 01:10:48,0,0
12536,2024-05-05 01:11:00,0,0
12537,2024-05-05 01:11:12,0,0
12538,2024-05-05 01:11:24,0,0
12539,2024-05-05 01:11:36,0,0
12540,2024-05-05 01:11:48,0,0
12541,2024-05-05 01:12:00,0,0
12542,2024-05-05 01:12:12,0,0
12543,2024-05-05 01:12:24,0,0
12544,2024-05-05 01:12:36,0,0
12545,2024-05-05 01:12:48,0,0
12546,2024-05-05 01:13:00,0,0
12547,2024-05-05 01:13:12,0,0
12548,2024-05-05 01:13:24,0,0
12549,2024-05-05 01:13:36,0,0
12550,2024-05-05 01:13:48,0,0
12551,2024-05-05 01:14:00,0,0
12552,2024-05-05 01:14:12,0,0
12553,2024-05-05 01:14:24,0,0
12554,2024-05-05 01:14:36,0,0
12555,2024-05-05 01:14:48,0,0
12556,2024-05-05 01:15:00,0,0
12557,2024-05-05 01:15:12,0,0
12558,2024-05-05 01:15:24,0,0
12559,2024-05-05 01:15:36,0,0
12560,2024-05-05 01:15:48,0,0
12561,2024-05-05 01:16:00,0,0
12562,2024-05-05 01:16:12,0,0
12563,2024-05-05 01:16:24,0,0
12564,2024-05-05 01:16:36,0,0
12565,2024-05-05 01:16:48,0,0
12566,2024-05-05 01:17:00,0,0
12567,2024-05-05 01:17:12,0,0
12568,2024-05-05 01:17:24,0,0
12569,2024-05-05 01:17:36,0,0
12570,2024-05-05 01:17:48,0,0
12571,2024-05-05 01:18:00,0,0
12572,2024-05-05 01:18:12,0,0
12573,2024-05-05 01:18:24,0,0
12574,2024-05-05 01:18:36,0,0
12575,2024-05-05 01:18:48,0,0
12576,2024-05-05 01:19:00,0,0
12577,2024-05-05 01:19:12,0,0
12578,2024-05-05 01:19:24,0,0
12579,2024-05-05 01:19:36,0,0
12580,2024-05-05 01:19:48,0,0
12581,2024-05-05 01:20:00,0,0
12582,2024-05-05 01:20:12,0,0
12583,2024-05-05 01:20:24,0,0
12584,2024-05-05 01:20:36,0,0
12585,2024-05-05 01:20:48,0,0
12586,2024-05-05 01:21:00,0,0
12587,2024-05-05 01:21:12,0,0
12588,2024-05-05 01:21:24,0,0
12589,2024-05-05 01:21:36,0,0
12590,2024-05-05 01:21:48,0,0
12591,2024-05-05 01:22:00,0,0
12592,2024-05-05 01:22:12,0,0
12593,2024-05-05 01:22:24,0,0
12594,2024-05-05 01:22:36,0,0
12595,2024-05-05 01:22:48,0,0
12596,2024-05-05 01:23:00,0,0
12597,2024-05-05 01:23:12,0,0
12598,2024-05-05 01:23:24,0,0
12599,2024-05-05 01:23:36,0,0
12600,2024-05-05 01:23:48,0,0
12601,2024-05-05 01:24:00,0,0
12602,2024-05-05 01:24:12,0,0
12603,2024-05-05 01:24:24,0,0
12604,2024-05-05 01:24:36,0,0
12605,2024-05-05 01:24:48,0,0
12606,2024-05-05 01:25:00,0,0
12607,2024-05-05 01:25:12,0,0
12608,2024-05-05 01:25:24,0,0
12609,2024-05-05 01:25:36,0,0
12610,2024-05-05 01:25:48,0,0
12611,2024-05-05 01:26:00,0,0
12612,2024-05-05 01:26:12,0,0
12613,2024-05-05 01:26:24,0,0
12614,2024-05-05 01:26:36,0,0
12615,2024-05-05 01:26:48,0,0
12616,2024-05-05 01:27:00,0,0
12617,2024-05-05 01:27:12,0,0
12618,2024-05-05 01:27:24,0,0
12619,2024-05-05 01:27:36,0,0
12620,2024-05-05 01:27:48,0,0
12621,2024-05-05 01:28:00,0,0
12622,2024-05-05 01:28:12,0,0
12623,2024-05-05 01:28:24,0,0
12624,2024-05-05 01:28:36,0,0
12625,2024-05-05 01:28:48,0,0
12626,2024-05-05 01:29:00,0,0
12627,2024-05-05 01:29:12,0,0
12628,2024-05-05 01:29:24,0,0
12629,2024-05-05 01:29:36,0,0
12630,2024-05-05 01:29:48,0,0
12631,2024-05-05 01:30:00,0,0
12632,2024-05-05 01:30:12,0,0
12633,2024-05-05 01:30:24,0,0
12634,2024-05-05 01:30:36,0,0
12635,2024-05-05 01:30:48,0,0
12636,2024-05-05 01:31:00,0,0
12637,2024-05-05 01:31:12,0,0
12638,2024-05-05 01:31:24,0,0
12639,2024-05-05 01:31:36,0,0
12640,2024-05-05 01:31:48,0,0
12641,2024-05-05 01:32:00,0,0
12642,2024-05-05 01:32:12,0,0
12643,2024-05-05 01:32:24,0,0
12644,2024-05-05 01:32:36,0,0
12645,2024-05-05 01:32:48,0,0
12646,2024-05-05 01:33:00,0,0
12647,2024-05-05 01:33:12,0,0
12648,2024-05-05 01:33:24,0,0
12649,2024-05-05 01:33:36,0,0
12650,2024-05-05 01:33:48,0,0
12651,2024-05-05 01:34:00,0,0
12652,2024-05-05 01:34:12,0,0
12653,2024-05-05 01:34:24,0,0
12654,2024-05-05 01:34:36,0,0
12655,2024-05-05 01:34:48,0,0
12656,2024-05-05 01:35:00,0,0
12657,2024-05-05 01:35:12,0,0
12658,2024-05-05 01:35:24,0,0
12659,2024-05-05 01:35:36,0,0
12660,2024-05-05 01:35:48,0,0
12661,2024-05-05 01:36:00,0,0
12662,2024-05-05 01:36:12,0,0
12663,2024-05-05 01:36:24,0,0
12664,2024-05-05 01:36:36,0,0
12665,2024-05-05 01:36:48,0,0
12666,2024-05-05 01:37:00,0,0
12667,2024-05-05 01:37:12,0,0
12668,2024-05-05 01:37:24,0,0
12669,2024-05-05 01:37:36,0,0
12670,2024-05-05 01:37:48,0,0
12671,2024-05-05 01:38:00,0,0
12672,2024-05-05 01:38:12,0,0
12673,2024-05-05 01:38:24,0,0
12674,2024-05-05 01:38:36,0,0
12675,2024-05-05 01:38:48,0,0
12676,2024-05-05 01:39:00,0,0
12677,2024-05-05 01:39:12,0,0
12678,2024-05-05 01:39:24,0,0
12679,2024-05-05 01:39:36,0,0
12680,2024-05-05 01:39:48,0,0
12681,2024-05-05 01:40:00,0,0
12682,2024-05-05 01:40:12,0,0
12683,2024-05-05 01:40:24,0,0
12684,2024-05-05 01:40:36,0,0
12685,2024-05-05 01:40:48,0,0
12686,2024-05-05 01:41:00,0,0
12687,2024-05-05 01:41:12,0,0
12688,2024-05-05 01:41:24,0,0
12689,2024-05-05 01:41:36,0,0
12690,2024-05-05 01:41:48,0,0
12691,2024-05-05 01:42:00,0,0
12692,2024-05-05 01:42:12,0,0
12693,2024-05-05 01:42:24,0,0
12694,2024-05-05 01:42:36,0,0
12695,2024-05-05 01:42:48,0,0
12696,2024-05-05 01:43:00,0,0
12697,2024-05-05 01:43:12,0,0
12698,2024-05-05 01:43:24,0,0
12699,2024-05-05 01:43:36,0,0
12700,2024-05-05 01:43:48,0,0
12701,2024-05-05 01:44:00,0,0
12702,2024-05-05 01:44:12,0,0
12703,2024-05-05 01:44:24,0,0
12704,2024-05-05 01:44:36,0,0
12705,2024-05-05 01:44:48,0,0
12706,2024-05-05 01:45:00,0,0
12707,2024-05-05 01:45:12,0,0
12708,2024-05-05 01:45:24,0,0
12709,2024-05-05 01:45:36,0,0
12710,2024-05-05 01:45:48,0,0
12711,2024-05-05 01:46:00,0,0
12712,2024-05-05 01:46:12,0,0
12713,2024-05-05 01:46:24,0,0
12714,2024-05-05 01:46:36,0,0
12715,2024-05-05 01:46:48,0,0
12716,2024-05-05 01:47:00,0,0
12717,2024-05-05 01:47:12,0,0
12718,2024-05-05 01:47:24,0,0
12719,2024-05-05 01:47:36,0,0
12720,2024-05-05 01:47:48,0,0
12721,2024-05-05 01:48:00,0,0
12722,2024-05-05 01:48:12,0,0
12723,2024-05-05 01:48:24,0,0
12724,2024-05-05 01:48:36,0,0
12725,2024-05-05 01:48:48,0,0
12726,2024-05-05 01:49:00,0,0
12727,2024-05-05 01:49:12,0,0
12728,2024-05-05 01:49:24,0,0
12729,2024-05-05 01:49:36,0,0
12730,2024-05-05 01:49:48,0,0
12731,2024-05-05 01:50:00,0,0
12732,2024-05-05 01:50:12,0,0
12733,2024-05-05 01:50:24,0,0
12734,2024-05-05 01:50:36,0,0
12735,2024-05-05 01:50:48,0,0
12736,2024-05-05 01:51:00,0,0
12737,2024-05-05 01:51:12,0,0
12738,2024-05-05 01:51:24,0,0
12739,2024-05-05 01:51:36,0,0
12740,2024-05-05 01:51:48,0,0
12741,2024-05-05 01:52:00,0,0
12742,2024-05-05 01:52:12,0,0
12743,2024-05-05 01:52:24,0,0
12744,2024-05-05 01:52:36,0,0
12745,2024-05-05 01:52:48,0,0
12746,2024-05-05 01:53:00,0,0
12747,2024-05-05 01:53:12,0,0
12748,2024-05-05 01:53:24,0,0
12749,2024-05-05 01:53:36,0,0
12750,2024-05-05 01:53:48,0,0
12751,2024-05-05 01:54:00,0,0
12752,2024-05-05 01:54:12,0,0
12753,2024-05-05 01:54:24,0,0
12754,2024-05-05 01:54:36,0,0
12755,2024-05-05 01:54:48,0,0
12756,2024-05-05 01:55:00,0,0
12757,2024-05-05 01:55:12,0,0
12758,2024-05-05 01:55:24,0,0
12759,2024-05-05 01:55:36,0,0
12760,2024-05-05 01:55:48,0,0
12761,2024-05-05 01:56:00,0,0
12762,2024-05-05 01:56:12,0,0
12763,2024-05-05 01:56:24,0,0
12764,2024-05-05 01:56:36,0,0
12765,2024-05-05 01:56:48,0,0
12766,2024-05-05 01:57:00,0,0
12767,2024-05-05 01:57:12,0,0
12768,2024-05-05 01:57:24,0,0
12769,2024-05-05 01:57:36,0,0
12770,2024-05-05 01:57:48,0,0
12771,2024-05-05 01:58:00,0,0
12772,2024-05-05 01:58:12,0,0
12773,2024-05-05 01:58:24,0,0
12774,2024-05-05 01:58:36,0,0
12775,2024-05-05 01:58:48,0,0
12776,2024-05-05 01:59:00,0,0
12777,2024-05-05 01:59:12,0,0
12778,2024-05-05 01:59:24,0,0
12779,2024-05-05 01:59:36,0,0
12780,2024-05-05 01:59:48,0,0
12781,2024-05-05 02:00:00,0,0
12782,2024-05-05 02:00:12,0,0
12783,2024-05-05 02:00:24,0,0
12784,2024-05-05 02:00:36,0,0
12785,2024-05-05 02:00:48,0,0
12786,2024-05-05 02:01:00,0,0
12787,2024-05-05 02:01:12,0,0
12788,2024-05-05 02:01:24,0,0
12789,2024-05-05 02:01:36,0,0
12790,2024-05-05 02:01:48,0,0
12791,2024-05-05 02:02:00,0,0
12792,2024-05-05 02:02:12,0,0
12793,2024-05-05 02:02:24,0,0
12794,2024-05-05 02:02:36,0,0
12795,2024-05-05 02:02:48,0,0
12796,2024-05-05 02:03:00,0,0
12797,2024-05-05 02:03:12,0,0
12798,2024-05-05 02:03:24,0,0
12799,2024-05-05 02:03:36,0,0
12800,2024-05-05 02:03:48,0,0
12801,2024-05-05 02:04:00,0,0
12802,2024-05-05 02:04:12,0,0
12803,2024-05-05 02:04:24,0,0
12804,2024-05-05 02:04:36,0,0
12805,2024-05-05 02:04:48,0,0
12806,2024-05-05 02:05:00,0,0
12807,2024-05-05 02:05:12,0,0
12808,2024-05-05 02:05:24,0,0
12809,2024-05-05 02:05:36,0,0
12810,2024-05-05 02:05:48,0,0
12811,2024-05-05 02:06:00,0,0
12812,2024-05-05 02:06:12,0,0
12813,2024-05-05 02:06:24,0,0
12814,2024-05-05 02:06:36,0,0
12815,2024-05-05 02:06:48,0,0
12816,2024-05-05 02:07:00,0,0
12817,2024-05-05 02:07:12,0,0
12818,2024-05-05 02:07:24,0,0
12819,2024-05-05 02:07:36,0,0
12820,2024-05-05 02:07:48,0,0
12821,2024-05-05 02:08:00,0,0
12822,2024-05-05 02:08:12,0,0
12823,2024-05-05 02:08:24,0,0
12824,2024-05-05 02:08:36,0,0
12825,2024-05-05 02:08:48,0,0
12826,2024-05-05 02:09:00,0,0
12827,2024-05-05 02:09:12,0,0
12828,2024-05-05 02:09:24,0,0
12829,2024-05-05 02:09:36,0,0
12830,2024-05-05 02:09:48,0,0
12831,2024-05-05 02:10:00,0,0
12832,2024-05-05 02:10:12,0,0
12833,2024-05-05 02:10:24,0,0
12834,2024-05-05 02:10:36,0,0
12835,2024-05-05 02:10:48,0,0
12836,2024-05-05 02:11:00,0,0
12837,2024-05-05 02:11:12,0,0
12838,2024-05-05 02:11:24,0,0
12839,2024-05-05 02:11:36,0,0
12840,2024-05-05 02:11:48,0,0
12841,2024-05-05 02:12:00,0,0
12842,2024-05-05 02:12:12,0,0
12843,2024-05-05 02:12:24,0,0
12844,2024-05-05 02:12:36,0,0
12845,2024-05-05 02:12:48,0,0
12846,2024-05-05 02:13:00,0,0
12847,2024-05-05 02:13:12,0,0
12848,2024-05-05 02:13:24,0,0
12849,2024-05-05 02:13:36,0,0
12850,2024-05-05 02:13:48,0,0
12851,2024-05-05 02:14:00,0,0
12852,2024-05-05 02:14:12,0,0
12853,2024-05-05 02:14:24,0,0
12854,2024-05-05 02:14:36,0,0
12855,2024-05-05 02:14:48,0,0
12856,2024-05-05 02:15:00,0,0
12857,2024-05-05 02:15:12,0,0
12858,2024-05-05 02:15:24,0,0
12859,2024-05-05 02:15:36,0,0
12860,2024-05-05 02:15:48,0,0
12861,2024-05-05 02:16:00,0,0
12862,2024-05-05 02:16:12,0,0
12863,2024-05-05 02:16:24,0,0
12864,2024-05-05 02:16:36,0,0
12865,2024-05-05 02:16:48,0,0
12866,2024-05-05 02:17:00,0,0
12867,2024-05-05 02:17:12,0,0
12868,2024-05-05 02:17:24,0,0
12869,2024-05-05 02:17:36,0,0
12870,2024-05-05 02:17:48,0,0
12871,2024-05-05 02:18:00,0,0
12872,2024-05-05 02:18:12,0,0
12873,2024-05-05 02:18:24,0,0
12874,2024-05-05 02:18:36,0,0
12875,2024-05-05 02:18:48,0,0
12876,2024-05-05 02:19:00,0,0
12877,2024-05-05 02:19:12,0,0
12878,2024-05-05 02:19:24,0,0
12879,2024-05-05 02:19:36,0,0
12880,2024-05-05 02:19:48,0,0
12881,2024-05-05 02:20:00,0,0
12882,2024-05-05 02:20:12,0,0
12883,2024-05-05 02:20:24,0,0
12884,2024-05-05 02:20:36,0,0
12885,2024-05-05 02:20:48,0,0
12886,2024-05-05 02:21:00,0,0
12887,2024-05-05 02:21:12,0,0
12888,2024-05-05 02:21:24,0,0
12889,2024-05-05 02:21:36,0,0
12890,2024-05-05 02:21:48,0,0
12891,2024-05-05 02:22:00,0,0
12892,2024-05-05 02:22:12,0,0
12893,2024-05-05 02:22:24,0,0
12894,2024-05-05 02:22:36,0,0
12895,2024-05-05 02:22:48,0,0
12896,2024-05-05 02:23:00,0,0
12897,2024-05-05 02:23:12,0,0
12898,2024-05-05 02:23:24,0,0
12899,2024-05-05 02:23:36,0,0
12900,2024-05-05 02:23:48,0,0
12901,2024-05-05 02:24:00,0,0
12902,2024-05-05 02:24:12,0,0
12903,2024-05-05 02:24:24,0,0
12904,2024-05-05 02:24:36,0,0
12905,2024-05-05 02:24:48,0,0
12906,2024-05-05 02:25:00,0,0
12907,2024-05-05 02:25:12,0,0
12908,2024-05-05 02:25:24,0,0
12909,2024-05-05 02:25:36,0,0
12910,2024-05-05 02:25:48,0,0
12911,2024-05-05 02:26:00,0,0
12912,2024-05-05 02:26:12,0,0
12913,2024-05-05 02:26:24,0,0
12914,2024-05-05 02:26:36,0,0
12915,2024-05-05 02:26:48,0,0
12916,2024-05-05 02:27:00,0,0
12917,2024-05-05 02:27:12,0,0
12918,2024-05-05 02:27:24,0,0
12919,2024-05-05 02:27:36,0,0
12920,2024-05-05 02:27:48,0,0
12921,2024-05-05 02:28:00,0,0
12922,2024-05-05 02:28:12,0,0
12923,2024-05-05 02:28:24,0,0
12924,2024-05-05 02:28:36,0,0
12925,2024-05-05 02:28:48,0,0
12926,2024-05-05 02:29:00,0,0
12927,2024-05-05 02:29:12,0,0
12928,2024-05-05 02:29:24,0,0
12929,2024-05-05 02:29:36,0,0
12930,2024-05-05 02:29:48,0,0
12931,2024-05-05 02:30:00,0,0
12932,2024-05-05 02:30:12,0,0
12933,2024-05-05 02:30:24,0,0
12934,2024-05-05 02:30:36,0,0
12935,2024-05-05 02:30:48,0,0
12936,2024-05-05 02:31:00,0,0
12937,2024-05-05 02:31:12,0,0
12938,2024-05-05 02:31:24,0,0
12939,2024-05-05 02:31:36,0,0
12940,2024-05-05 02:31:48,0,0
12941,2024-05-05 02:32:00,0,0
12942,2024-05-05 02:32:12,0,0
12943,2024-05-05 02:32:24,0,0
12944,2024-05-05 02:32:36,0,0
12945,2024-05-05 02:32:48,0,0
12946,2024-05-05 02:33:00,0,0
12947,2024-05-05 02:33:12,0,0
12948,2024-05-05 02:33:24,0,0
12949,2024-05-05 02:33:36,0,0
12950,2024-05-05 02:33:48,0,0
12951,2024-05-05 02:34:00,0,0
12952,2024-05-05 02:34:12,0,0
12953,2024-05-05 02:34:24,0,0
12954,2024-05-05 02:34:36,0,0
12955,2024-05-05 02:34:48,0,0
12956,2024-05-05 02:35:00,0,0
12957,2024-05-05 02:35:12,0,0
12958,2024-05-05 02:35:24,0,0
12959,2024-05-05 02:35:36,0,0
12960,2024-05-05 02:35:48,0,0
12961,2024-05-05 02:36:00,0,0
12962,2024-05-05 02:36:12,0,0
12963,2024-05-05 02:36:24,0,0
12964,2024-05-05 02:36:36,0,0
12965,2024-05-05 02:36:48,0,0
12966,2024-05-05 02:37:00,0,0
12967,2024-05-05 02:37:12,0,0
12968,2024-05-05 02:37:24,0,0
12969,2024-05-05 02:37:36,0,0
12970,2024-05-05 02:37:48,0,0
12971,2024-05-05 02:38:00,0,0
12972,2024-05-05 02:38:12,0,0
12973,2024-05-05 02:38:24,0,0
12974,2024-05-05 02:38:36,0,0
12975,2024-05-05 02:38:48,0,0
12976,2024-05-05 02:39:00,0,0
12977,2024-05-05 02:39:12,0,0
12978,2024-05-05 02:39:24,0,0
12979,2024-05-05 02:39:36,0,0
12980,2024-05-05 02:39:48,0,0
12981,2024-05-05 02:40:00,0,0
12982,2024-05-05 02:40:12,0,0
12983,2024-05-05 02:40:24,0,0
12984,2024-05-05 02:40:36,0,0
12985,2024-05-05 02:40:48,0,0
12986,2024-05-05 02:41:00,0,0
12987,2024-05-05 02:41:12,0,0
12988,2024-05-05 02:41:24,0,0
12989,2024-05-05 02:41:36,0,0
12990,2024-05-05 02:41:48,0,0
12991,2024-05-05 02:42:00,0,0
12992,2024-05-05 02:42:12,0,0
12993,2024-05-05 02:42:24,0,0
12994,2024-05-05 02:42:36,0,0
12995,2024-05-05 02:42:48,0,0
12996,2024-05-05 02:43:00,0,0
12997,2024-05-05 02:43:12,0,0
12998,2024-05-05 02:43:24,0,0
12999,2024-05-05 02:43:36,0,0
13000,2024-05-05 02:43:48,0,0
13001,2024-05-05 02:44:00,0,0
13002,2024-05-05 02:44:12,0,0
13003,2024-05-05 02:44:24,0,0
13004,2024-05-05 02:44:36,0,0
13005,2024-05-05 02:44:48,0,0
13006,2024-05-05 02:45:00,0,0
13007,2024-05-05 02:45:12,0,0
13008,2024-05-05 02:45:24,0,0
13009,2024-05-05 02:45:36,0,0
13010,2024-05-05 02:45:48,0,0
13011,2024-05-05 02:46:00,0,0
13012,2024-05-05 02:46:12,0,0
13013,2024-05-05 02:46:24,0,0
13014,2024-05-05 02:46:36,0,0
13015,2024-05-05 02:46:48,0,0
13016,2024-05-05 02:47:00,0,0
13017,2024-05-05 02:47:12,0,0
13018,2024-05-05 02:47:24,0,0
13019,2024-05-05 02:47:36,0,0
13020,2024-05-05 02:47:48,0,0
13021,2024-05-05 02:48:00,0,0
13022,2024-05-05 02:48:12,0,0
13023,2024-05-05 02:48:24,0,0
13024,2024-05-05 02:48:36,0,0
13025,2024-05-05 02:48:48,0,0
13026,2024-05-05 02:49:00,0,0
13027,2024-05-05 02:49:12,0,0
13028,2024-05-05 02:49:24,0,0
13029,2024-05-05 02:49:36,0,0
13030,2024-05-05 02:49:48,0,0
13031,2024-05-05 02:50:00,0,0
13032,2024-05-05 02:50:12,0,0
13033,2024-05-05 02:50:24,0,0
13034,2024-05-05 02:50:36,0,0
13035,2024-05-05 02:50:48,0,0
13036,2024-05-05 02:51:00,0,0
13037,2024-05-05 02:51:12,0,0
13038,2024-05-05 02:51:24,0,0
13039,2024-05-05 02:51:36,0,0
13040,2024-05-05 02:51:48,0,0
13041,2024-05-05 02:52:00,0,0
13042,2024-05-05 02:52:12,0,0
13043,2024-05-05 02:52:24,0,0
13044,2024-05-05 02:52:36,0,0
13045,2024-05-05 02:52:48,0,0
13046,2024-05-05 02:53:00,0,0
13047,2024-05-05 02:53:12,0,0
13048,2024-05-05 02:53:24,0,0
13049,2024-05-05 02:53:36,0,0
13050,2024-05-05 02:53:48,0,0
13051,2024-05-05 02:54:00,0,0
13052,2024-05-05 02:54:12,0,0
13053,2024-05-05 02:54:24,0,0
13054,2024-05-05 02:54:36,0,0
13055,2024-05-05 02:54:48,0,0
13056,2024-05-05 02:55:00,0,0
13057,2024-05-05 02:55:12,0,0
13058,2024-05-05 02:55:24,0,0
13059,2024-05-05 02:55:36,0,0
13060,2024-05-05 02:55:48,0,0
13061,2024-05-05 02:56:00,0,0
13062,2024-05-05 02:56:12,0,0
13063,2024-05-05 02:56:24,0,0
13064,2024-05-05 02:56:36,0,0
13065,2024-05-05 02:56:48,0,0
13066,2024-05-05 02:57:00,0,0
13067,2024-05-05 02:57:12,0,0
13068,2024-05-05 02:57:24,0,0
13069,2024-05-05 02:57:36,0,0
13070,2024-05-05 02:57:48,0,0
13071,2024-05-05 02:58:00,0,0
13072,2024-05-05 02:58:12,0,0
13073,2024-05-05 02:58:24,0,0
13074,2024-05-05 02:58:36,0,0
13075,2024-05-05 02:58:48,0,0
13076,2024-05-05 02:59:00,0,0
13077,2024-05-05 02:59:12,0,0
13078,2024-05-05 02:59:24,0,0
13079,2024-05-05 02:59:36,0,0
13080,2024-05-05 02:59:48,0,0
13081,2024-05-05 03:00:00,0,0
13082,2024-05-05 03:00:12,0,0
13083,2024-05-05 03:00:24,0,0
13084,2024-05-05 03:00:36,0,0
13085,2024-05-05 03:00:48,0,0
13086,2024-05-05 03:01:00,0,0
13087,2024-05-05 03:01:12,0,0
13088,2024-05-05 03:01:24,0,0
13089,2024-05-05 03:01:36,0,0
13090,2024-05-05 03:01:48,0,0
13091,2024-05-05 03:02:00,0,0
13092,2024-05-05 03:02:12,0,0
13093,2024-05-05 03:02:24,0,0
13094,2024-05-05 03:02:36,0,0
13095,2024-05-05 03:02:48,0,0
13096,2024-05-05 03:03:00,0,0
13097,2024-05-05 03:03:12,0,0
13098,2024-05-05 03:03:24,0,0
13099,2024-05-05 03:03:36,0,0
13100,2024-05-05 03:03:48,0,0
13101,2024-05-05 03:04:00,0,0
13102,2024-05-05 03:04:12,0,0
13103,2024-05-05 03:04:24,0,0
13104,2024-05-05 03:04:36,0,0
13105,2024-05-05 03:04:48,0,0
13106,2024-05-05 03:05:00,0,0
13107,2024-05-05 03:05:12,0,0
13108,2024-05-05 03:05:24,0,0
13109,2024-05-05 03:05:36,0,0
13110,2024-05-05 03:05:48,0,0
13111,2024-05-05 03:06:00,0,0
13112,2024-05-05 03:06:12,0,0
13113,2024-05-05 03:06:24,0,0
13114,2024-05-05 03:06:36,0,0
13115,2024-05-05 03:06:48,0,0
13116,2024-05-05 03:07:00,0,0
13117,2024-05-05 03:07:12,0,0
13118,2024-05-05 03:07:24,0,0
13119,2024-05-05 03:07:36,0,0
13120,2024-05-05 03:07:48,0,0
13121,2024-05-05 03:08:00,0,0
13122,2024-05-05 03:08:12,0,0
13123,2024-05-05 03:08:24,0,0
13124,2024-05-05 03:08:36,0,0
13125,2024-05-05 03:08:48,0,0
13126,2024-05-05 03:09:00,0,0
13127,2024-05-05 03:09:12,0,0
13128,2024-05-05 03:09:24,0,0
13129,2024-05-05 03:09:36,0,0
13130,2024-05-05 03:09:48,0,0
13131,2024-05-05 03:10:00,0,0
13132,2024-05-05 03:10:12,0,0
13133,2024-05-05 03:10:24,0,0
13134,2024-05-05 03:10:36,0,0
13135,2024-05-05 03:10:48,0,0
13136,2024-05-05 03:11:00,0,0
13137,2024-05-05 03:11:12,0,0
13138,2024-05-05 03:11:24,0,0
13139,2024-05-05 03:11:36,0,0
13140,2024-05-05 03:11:48,0,0
13141,2024-05-05 03:12:00,0,0
13142,2024-05-05 03:12:12,0,0
13143,2024-05-05 03:12:24,0,0
13144,2024-05-05 03:12:36,0,0
13145,2024-05-05 03:12:48,0,0
13146,2024-05-05 03:13:00,0,0
13147,2024-05-05 03:13:12,0,0
13148,2024-05-05 03:13:24,0,0
13149,2024-05-05 03:13:36,0,0
13150,2024-05-05 03:13:48,0,0
13151,2024-05-05 03:14:00,0,0
13152,2024-05-05 03:14:12,0,0
13153,2024-05-05 03:14:24,0,0
13154,2024-05-05 03:14:36,0,0
13155,2024-05-05 03:14:48,0,0
13156,2024-05-05 03:15:00,0,0
13157,2024-05-05 03:15:12,0,0
13158,2024-05-05 03:15:24,0,0
13159,2024-05-05 03:15:36,0,0
13160,2024-05-05 03:15:48,0,0
13161,2024-05-05 03:16:00,0,0
13162,2024-05-05 03:16:12,0,0
13163,2024-05-05 03:16:24,0,0
13164,2024-05-05 03:16:36,0,0
13165,2024-05-05 03:16:48,0,0
13166,2024-05-05 03:17:00,0,0
13167,2024-05-05 03:17:12,0,0
13168,2024-05-05 03:17:24,0,0
13169,2024-05-05 03:17:36,0,0
13170,2024-05-05 03:17:48,0,0
13171,2024-05-05 03:18:00,0,0
13172,2024-05-05 03:18:12,0,0
13173,2024-05-05 03:18:24,0,0
13174,2024-05-05 03:18:36,0,0
13175,2024-05-05 03:18:48,0,0
13176,2024-05-05 03:19:00,0,0
13177,2024-05-05 03:19:12,0,0
13178,2024-05-05 03:19:24,0,0
13179,2024-05-05 03:19:36,0,0
13180,2024-05-05 03:19:48,0,0
13181,2024-05-05 03:20:00,0,0
13182,2024-05-05 03:20:12,0,0
13183,2024-05-05 03:20:24,0,0
13184,2024-05-05 03:20:36,0,0
13185,2024-05-05 03:20:48,0,0
13186,2024-05-05 03:21:00,0,0
13187,2024-05-05 03:21:12,0,0
13188,2024-05-05 03:21:24,0,0
13189,2024-05-05 03:21:36,0,0
13190,2024-05-05 03:21:48,0,0
13191,2024-05-05 03:22:00,0,0
13192,2024-05-05 03:22:12,0,0
13193,2024-05-05 03:22:24,0,0
13194,2024-05-05 03:22:36,0,0
13195,2024-05-05 03:22:48,0,0
13196,2024-05-05 03:23:00,0,0
13197,2024-05-05 03:23:12,0,0
13198,2024-05-05 03:23:24,0,0
13199,2024-05-05 03:23:36,0,0
13200,2024-05-05 03:23:48,0,0
13201,2024-05-05 03:24:00,0,0
13202,2024-05-05 03:24:12,0,0
13203,2024-05-05 03:24:24,0,0
13204,2024-05-05 03:24:36,0,0
13205,2024-05-05 03:24:48,0,0
13206,2024-05-05 03:25:00,0,0
13207,2024-05-05 03:25:12,0,0
13208,2024-05-05 03:25:24,0,0
13209,2024-05-05 03:25:36,0,0
13210,2024-05-05 03:25:48,0,0
13211,2024-05-05 03:26:00,0,0
13212,2024-05-05 03:26:12,0,0
13213,2024-05-05 03:26:24,0,0
13214,2024-05-05 03:26:36,0,0
13215,2024-05-05 03:26:48,0,0
13216,2024-05-05 03:27:00,0,0
13217,2024-05-05 03:27:12,0,0
13218,2024-05-05 03:27:24,0,0
13219,2024-05-05 03:27:36,0,0
13220,2024-05-05 03:27:48,0,0
13221,2024-05-05 03:28:00,0,0
13222,2024-05-05 03:28:12,0,0
13223,2024-05-05 03:28:24,0,0
13224,2024-05-05 03:28:36,0,0
13225,2024-05-05 03:28:48,0,0
13226,2024-05-05 03:29:00,0,0
13227,2024-05-05 03:29:12,0,0
13228,2024-05-05 03:29:24,0,0
13229,2024-05-05 03:29:36,0,0
13230,2024-05-05 03:29:48,0,0
13231,2024-05-05 03:30:00,0,0
13232,2024-05-05 03:30:12,0,0
13233,2024-05-05 03:30:24,0,0
13234,2024-05-05 03:30:36,0,0
13235,2024-05-05 03:30:48,0,0
13236,2024-05-05 03:31:00,0,0
13237,2024-05-05 03:31:12,0,0
13238,2024-05-05 03:31:24,0,0
13239,2024-05-05 03:31:36,0,0
13240,2024-05-05 03:31:48,0,0
13241,2024-05-05 03:32:00,0,0
13242,2024-05-05 03:32:12,0,0
13243,2024-05-05 03:32:24,0,0
13244,2024-05-05 03:32:36,0,0
13245,2024-05-05 03:32:48,0,0
13246,2024-05-05 03:33:00,0,0
13247,2024-05-05 03:33:12,0,0
13248,2024-05-05 03:33:24,0,0
13249,2024-05-05 03:33:36,0,0
13250,2024-05-05 03:33:48,0,0
13251,2024-05-05 03:34:00,0,0
13252,2024-05-05 03:34:12,0,0
13253,2024-05-05 03:34:24,0,0
13254,2024-05-05 03:34:36,0,0
13255,2024-05-05 03:34:48,0,0
13256,2024-05-05 03:35:00,0,0
13257,2024-05-05 03:35:12,0,0
13258,2024-05-05 03:35:24,0,0
13259,2024-05-05 03:35:36,0,0
13260,2024-05-05 03:35:48,0,0
13261,2024-05-05 03:36:00,0,0
13262,2024-05-05 03:36:12,0,0
13263,2024-05-05 03:36:24,0,0
13264,2024-05-05 03:36:36,0,0
13265,2024-05-05 03:36:48,0,0
13266,2024-05-05 03:37:00,0,0
13267,2024-05-05 03:37:12,0,0
13268,2024-05-05 03:37:24,0,0
13269,2024-05-05 03:37:36,0,0
13270,2024-05-05 03:37:48,0,0
13271,2024-05-05 03:38:00,0,0
13272,2024-05-05 03:38:12,0,0
13273,2024-05-05 03:38:24,0,0
13274,2024-05-05 03:38:36,0,0
13275,2024-05-05 03:38:48,0,0
13276,2024-05-05 03:39:00,0,0
13277,2024-05-05 03:39:12,0,0
13278,2024-05-05 03:39:24,0,0
13279,2024-05-05 03:39:36,0,0
13280,2024-05-05 03:39:48,0,0
13281,2024-05-05 03:40:00,0,0
13282,2024-05-05 03:40:12,0,0
13283,2024-05-05 03:40:24,0,0
13284,2024-05-05 03:40:36,0,0
13285,2024-05-05 03:40:48,0,0
13286,2024-05-05 03:41:00,0,0
13287,2024-05-05 03:41:12,0,0
13288,2024-05-05 03:41:24,0,0
13289,2024-05-05 03:41:36,0,0
13290,2024-05-05 03:41:48,0,0
13291,2024-05-05 03:42:00,0,0
13292,2024-05-05 03:42:12,0,0
13293,2024-05-05 03:42:24,0,0
13294,2024-05-05 03:42:36,0,0
13295,2024-05-05 03:42:48,0,0
13296,2024-05-05 03:43:00,0,0
13297,2024-05-05 03:43:12,0,0
13298,2024-05-05 03:43:24,0,0
13299,2024-05-05 03:43:36,0,0
13300,2024-05-05 03:43:48,0,0
13301,2024-05-05 03:44:00,0,0
13302,2024-05-05 03:44:12,0,0
13303,2024-05-05 03:44:24,0,0
13304,2024-05-05 03:44:36,0,0
13305,2024-05-05 03:44:48,0,0
13306,2024-05-05 03:45:00,0,0
13307,2024-05-05 03:45:12,0,0
13308,2024-05-05 03:45:24,0,0
13309,2024-05-05 03:45:36,0,0
13310,2024-05-05 03:45:48,0,0
13311,2024-05-05 03:46:00,0,0
13312,2024-05-05 03:46:12,0,0
13313,2024-05-05 03:46:24,0,0
13314,2024-05-05 03:46:36,0,0
13315,2024-05-05 03:46:48,0,0
13316,2024-05-05 03:47:00,0,0
13317,2024-05-05 03:47:12,0,0
13318,2024-05-05 03:47:24,0,0
13319,2024-05-05 03:47:36,0,0
13320,2024-05-05 03:47:48,0,0
13321,2024-05-05 03:48:00,0,0
13322,2024-05-05 03:48:12,0,0
13323,2024-05-05 03:48:24,0,0
13324,2024-05-05 03:48:36,0,0
13325,2024-05-05 03:48:48,0,0
13326,2024-05-05 03:49:00,0,0
13327,2024-05-05 03:49:12,0,0
13328,2024-05-05 03:49:24,0,0
13329,2024-05-05 03:49:36,0,0
13330,2024-05-05 03:49:48,0,0
13331,2024-05-05 03:50:00,0,0
13332,2024-05-05 03:50:12,0,0
13333,2024-05-05 03:50:24,0,0
13334,2024-05-05 03:50:36,0,0
13335,2024-05-05 03:50:48,0,0
13336,2024-05-05 03:51:00,0,0
13337,2024-05-05 03:51:12,0,0
13338,2024-05-05 03:51:24,0,0
13339,2024-05-05 03:51:36,0,0
13340,2024-05-05 03:51:48,0,0
13341,2024-05-05 03:52:00,0,0
13342,2024-05-05 03:52:12,0,0
13343,2024-05-05 03:52:24,0,0
13344,2024-05-05 03:52:36,0,0
13345,2024-05-05 03:52:48,0,0
13346,2024-05-05 03:53:00,0,0
13347,2024-05-05 03:53:12,0,0
13348,2024-05-05 03:53:24,0,0
13349,2024-05-05 03:53:36,0,0
13350,2024-05-05 03:53:48,0,0
13351,2024-05-05 03:54:00,0,0
13352,2024-05-05 03:54:12,0,0
13353,2024-05-05 03:54:24,0,0
13354,2024-05-05 03:54:36,0,0
13355,2024-05-05 03:54:48,0,0
13356,2024-05-05 03:55:00,0,0
13357,2024-05-05 03:55:12,0,0
13358,2024-05-05 03:55:24,0,0
13359,2024-05-05 03:55:36,0,0
13360,2024-05-05 03:55:48,0,0
13361,2024-05-05 03:56:00,0,0
13362,2024-05-05 03:56:12,0,0
13363,2024-05-05 03:56:24,0,0
13364,2024-05-05 03:56:36,0,0
13365,2024-05-05 03:56:48,0,0
13366,2024-05-05 03:57:00,0,0
13367,2024-05-05 03:57:12,0,0
13368,2024-05-05 03:57:24,0,0
13369,2024-05-05 03:57:36,0,0
13370,2024-05-05 03:57:48,0,0
13371,2024-05-05 03:58:00,0,0
13372,2024-05-05 03:58:12,0,0
13373,2024-05-05 03:58:24,0,0
13374,2024-05-05 03:58:36,0,0
13375,2024-05-05 03:58:48,0,0
13376,2024-05-05 03:59:00,0,0
13377,2024-05-05 03:59:12,0,0
13378,2024-05-05 03:59:24,0,0
13379,2024-05-05 03:59:36,0,0
13380,2024-05-05 03:59:48,0,0
13381,2024-05-05 04:00:00,0,0
13382,2024-05-05 04:00:12,0,0
13383,2024-05-05 04:00:24,0,0
13384,2024-05-05 04:00:36,0,0
13385,2024-05-05 04:00:48,0,0
13386,2024-05-05 04:01:00,0,0
13387,2024-05-05 04:01:12,0,0
13388,2024-05-05 04:01:24,0,0
13389,2024-05-05 04:01:36,0,0
13390,2024-05-05 04:01:48,0,0
13391,2024-05-05 04:02:00,0,0
13392,2024-05-05 04:02:12,0,0
13393,2024-05-05 04:02:24,0,0
13394,2024-05-05 04:02:36,0,0
13395,2024-05-05 04:02:48,0,0
13396,2024-05-05 04:03:00,0,0
13397,2024-05-05 04:03:12,0,0
13398,2024-05-05 04:03:24,0,0
13399,2024-05-05 04:03:36,0,0
13400,2024-05-05 04:03:48,0,0
13401,2024-05-05 04:04:00,0,0
13402,2024-05-05 04:04:12,0,0
13403,2024-05-05 04:04:24,0,0
13404,2024-05-05 04:04:36,0,0
13405,2024-05-05 04:04:48,0,0
13406,2024-05-05 04:05:00,0,0
13407,2024-05-05 04:05:12,0,0
13408,2024-05-05 04:05:24,0,0
13409,2024-05-05 04:05:36,0,0
13410,2024-05-05 04:05:48,0,0
13411,2024-05-05 04:06:00,0,0
13412,2024-05-05 04:06:12,0,0
13413,2024-05-05 04:06:24,0,0
13414,2024-05-05 04:06:36,0,0
13415,2024-05-05 04:06:48,0,0
13416,2024-05-05 04:07:00,0,0
13417,2024-05-05 04:07:12,0,0
13418,2024-05-05 04:07:24,0,0
13419,2024-05-05 04:07:36,0,0
13420,2024-05-05 04:07:48,0,0
13421,2024-05-05 04:08:00,0,0
13422,2024-05-05 04:08:12,0,0
13423,2024-05-05 04:08:24,0,0
13424,2024-05-05 04:08:36,0,0
13425,2024-05-05 04:08:48,0,0
13426,2024-05-05 04:09:00,0,0
13427,2024-05-05 04:09:12,0,0
13428,2024-05-05 04:09:24,0,0
13429,2024-05-05 04:09:36,0,0
13430,2024-05-05 04:09:48,0,0
13431,2024-05-05 04:10:00,0,0
13432,2024-05-05 04:10:12,0,0
13433,2024-05-05 04:10:24,0,0
13434,2024-05-05 04:10:36,0,0
13435,2024-05-05 04:10:48,0,0
13436,2024-05-05 04:11:00,0,0
13437,2024-05-05 04:11:12,0,0
13438,2024-05-05 04:11:24,0,0
13439,2024-05-05 04:11:36,0,0
13440,2024-05-05 04:11:48,0,0
13441,2024-05-05 04:12:00,0,0
13442,2024-05-05 04:12:12,0,0
13443,2024-05-05 04:12:24,0,0
13444,2024-05-05 04:12:36,0,0
13445,2024-05-05 04:12:48,0,0
13446,2024-05-05 04:13:00,0,0
13447,2024-05-05 04:13:12,0,0
13448,2024-05-05 04:13:24,0,0
13449,2024-05-05 04:13:36,0,0
13450,2024-05-05 04:13:48,0,0
13451,2024-05-05 04:14:00,0,0
13452,2024-05-05 04:14:12,0,0
13453,2024-05-05 04:14:24,0,0
13454,2024-05-05 04:14:36,0,0
13455,2024-05-05 04:14:48,0,0
13456,2024-05-05 04:15:00,0,0
13457,2024-05-05 04:15:12,0,0
13458,2024-05-05 04:15:24,0,0
13459,2024-05-05 04:15:36,0,0
13460,2024-05-05 04:15:48,0,0
13461,2024-05-05 04:16:00,0,0
13462,2024-05-05 04:16:12,0,0
13463,2024-05-05 04:16:24,0,0
13464,2024-05-05 04:16:36,0,0
13465,2024-05-05 04:16:48,0,0
13466,2024-05-05 04:17:00,0,0
13467,2024-05-05 04:17:12,0,0
13468,2024-05-05 04:17:24,0,0
13469,2024-05-05 04:17:36,0,0
13470,2024-05-05 04:17:48,0,0
13471,2024-05-05 04:18:00,0,0
13472,2024-05-05 04:18:12,0,0
13473,2024-05-05 04:18:24,0,0
13474,2024-05-05 04:18:36,0,0
13475,2024-05-05 04:18:48,0,0
13476,2024-05-05 04:19:00,0,0
13477,2024-05-05 04:19:12,0,0
13478,2024-05-05 04:19:24,0,0
13479,2024-05-05 04:19:36,0,0
13480,2024-05-05 04:19:48,0,0
13481,2024-05-05 04:20:00,0,0
13482,2024-05-05 04:20:12,0,0
13483,2024-05-05 04:20:24,0,0
13484,2024-05-05 04:20:36,0,0
13485,2024-05-05 04:20:48,0,0
13486,2024-05-05 04:21:00,0,0
13487,2024-05-05 04:21:12,0,0
13488,2024-05-05 04:21:24,0,0
13489,2024-05-05 04:21:36,0,0
13490,2024-05-05 04:21:48,0,0
13491,2024-05-05 04:22:00,0,0
13492,2024-05-05 04:22:12,0,0
13493,2024-05-05 04:22:24,0,0
13494,2024-05-05 04:22:36,0,0
13495,2024-05-05 04:22:48,0,0
13496,2024-05-05 04:23:00,0,0
13497,2024-05-05 04:23:12,0,0
13498,2024-05-05 04:23:24,0,0
13499,2024-05-05 04:23:36,0,0
13500,2024-05-05 04:23:48,0,0
13501,2024-05-05 04:24:00,0,0
13502,2024-05-05 04:24:12,0,0
13503,2024-05-05 04:24:24,0,0
13504,2024-05-05 04:24:36,0,0
13505,2024-05-05 04:24:48,0,0
13506,2024-05-05 04:25:00,0,0
13507,2024-05-05 04:25:12,0,0
13508,2024-05-05 04:25:24,0,0
13509,2024-05-05 04:25:36,0,0
13510,2024-05-05 04:25:48,0,0
13511,2024-05-05 04:26:00,0,0
13512,2024-05-05 04:26:12,0,0
13513,2024-05-05 04:26:24,0,0
13514,2024-05-05 04:26:36,0,0
13515,2024-05-05 04:26:48,0,0
13516,2024-05-05 04:27:00,0,0
13517,2024-05-05 04:27:12,0,0
13518,2024-05-05 04:27:24,0,0
13519,2024-05-05 04:27:36,0,0
13520,2024-05-05 04:27:48,0,0
13521,2024-05-05 04:28:00,0,0
13522,2024-05-05 04:28:12,0,0
13523,2024-05-05 04:28:24,0,0
13524,2024-05-05 04:28:36,0,0
13525,2024-05-05 04:28:48,0,0
13526,2024-05-05 04:29:00,0,0
13527,2024-05-05 04:29:12,0,0
13528,2024-05-05 04:29:24,0,0
13529,2024-05-05 04:29:36,0,0
13530,2024-05-05 04:29:48,0,0
13531,2024-05-05 04:30:00,0,0
13532,2024-05-05 04:30:12,0,0
13533,2024-05-05 04:30:24,0,0
13534,2024-05-05 04:30:36,0,0
13535,2024-05-05 04:30:48,0,0
13536,2024-05-05 04:31:00,0,0
13537,2024-05-05 04:31:12,0,0
13538,2024-05-05 04:31:24,0,0
13539,2024-05-05 04:31:36,0,0
13540,2024-05-05 04:31:48,0,0
13541,2024-05-05 04:32:00,0,0
13542,2024-05-05 04:32:12,0,0
13543,2024-05-05 04:32:24,0,0
13544,2024-05-05 04:32:36,0,0
13545,2024-05-05 04:32:48,0,0
13546,2024-05-05 04:33:00,0,0
13547,2024-05-05 04:33:12,0,0
13548,2024-05-05 04:33:24,0,0
13549,2024-05-05 04:33:36,0,0
13550,2024-05-05 04:33:48,0,0
13551,2024-05-05 04:34:00,0,0
13552,2024-05-05 04:34:12,0,0
13553,2024-05-05 04:34:24,0,0
13554,2024-05-05 04:34:36,0,0
13555,2024-05-05 04:34:48,0,0
13556,2024-05-05 04:35:00,0,0
13557,2024-05-05 04:35:12,0,0
13558,2024-05-05 04:35:24,0,0
13559,2024-05-05 04:35:36,0,0
13560,2024-05-05 04:35:48,0,0
13561,2024-05-05 04:36:00,0,0
13562,2024-05-05 04:36:12,0,0
13563,2024-05-05 04:36:24,0,0
13564,2024-05-05 04:36:36,0,0
13565,2024-05-05 04:36:48,0,0
13566,2024-05-05 04:37:00,0,0
13567,2024-05-05 04:37:12,0,0
13568,2024-05-05 04:37:24,0,0
13569,2024-05-05 04:37:36,0,0
13570,2024-05-05 04:37:48,0,0
13571,2024-05-05 04:38:00,0,0
13572,2024-05-05 04:38:12,0,0
13573,2024-05-05 04:38:24,0,0
13574,2024-05-05 04:38:36,0,0
13575,2024-05-05 04:38:48,0,0
13576,2024-05-05 04:39:00,0,0
13577,2024-05-05 04:39:12,0,0
13578,2024-05-05 04:39:24,0,0
13579,2024-05-05 04:39:36,0,0
13580,2024-05-05 04:39:48,0,0
13581,2024-05-05 04:40:00,0,0
13582,2024-05-05 04:40:12,0,0
13583,2024-05-05 04:40:24,0,0
13584,2024-05-05 04:40:36,0,0
13585,2024-05-05 04:40:48,0,0
13586,2024-05-05 04:41:00,0,0
13587,2024-05-05 04:41:12,0,0
13588,2024-05-05 04:41:24,0,0
13589,2024-05-05 04:41:36,0,0
13590,2024-05-05 04:41:48,0,0
13591,2024-05-05 04:42:00,0,0
13592,2024-05-05 04:42:12,0,0
13593,2024-05-05 04:42:24,0,0
13594,2024-05-05 04:42:36,0,0
13595,2024-05-05 04:42:48,0,0
13596,2024-05-05 04:43:00,0,0
13597,2024-05-05 04:43:12,0,0
13598,2024-05-05 04:43:24,0,0
13599,2024-05-05 04:43:36,0,0
13600,2024-05-05 04:43:48,0,0
13601,2024-05-05 04:44:00,0,0
13602,2024-05-05 04:44:12,0,0
13603,2024-05-05 04:44:24,0,0
13604,2024-05-05 04:44:36,0,0
13605,2024-05-05 04:44:48,0,0
13606,2024-05-05 04:45:00,0,0
13607,2024-05-05 04:45:12,0,0
13608,2024-05-05 04:45:24,0,0
13609,2024-05-05 04:45:36,0,0
13610,2024-05-05 04:45:48,0,0
13611,2024-05-05 04:46:00,0,0
13612,2024-05-05 04:46:12,0,0
13613,2024-05-05 04:46:24,0,0
13614,2024-05-05 04:46:36,0,0
13615,2024-05-05 04:46:48,0,0
13616,2024-05-05 04:47:00,0,0
13617,2024-05-05 04:47:12,0,0
13618,2024-05-05 04:47:24,0,0
13619,2024-05-05 04:47:36,0,0
13620,2024-05-05 04:47:48,0,0
13621,2024-05-05 04:48:00,0,0
13622,2024-05-05 04:48:12,0,0
13623,2024-05-05 04:48:24,0,0
13624,2024-05-05 04:48:36,0,0
13625,2024-05-05 04:48:48,0,0
13626,2024-05-05 04:49:00,0,0
13627,2024-05-05 04:49:12,0,0
13628,2024-05-05 04:49:24,0,0
13629,2024-05-05 04:49:36,0,0
13630,2024-05-05 04:49:48,0,0
13631,2024-05-05 04:50:00,0,0
13632,2024-05-05 04:50:12,0,0
13633,2024-05-05 04:50:24,0,0
13634,2024-05-05 04:50:36,0,0
13635,2024-05-05 04:50:48,0,0
13636,2024-05-05 04:51:00,0,0
13637,2024-05-05 04:51:12,0,0
13638,2024-05-05 04:51:24,0,0
13639,2024-05-05 04:51:36,0,0
13640,2024-05-05 04:51:48,0,0
13641,2024-05-05 04:52:00,0,0
13642,2024-05-05 04:52:12,0,0
13643,2024-05-05 04:52:24,0,0
13644,2024-05-05 04:52:36,0,0
13645,2024-05-05 04:52:48,0,0
13646,2024-05-05 04:53:00,0,0
13647,2024-05-05 04:53:12,0,0
13648,2024-05-05 04:53:24,0,0
13649,2024-05-05 04:53:36,0,0
13650,2024-05-05 04:53:48,0,0
13651,2024-05-05 04:54:00,0,0
13652,2024-05-05 04:54:12,0,0
13653,2024-05-05 04:54:24,0,0
13654,2024-05-05 04:54:36,0,0
13655,2024-05-05 04:54:48,0,0
13656,2024-05-05 04:55:00,0,0
13657,2024-05-05 04:55:12,0,0
13658,2024-05-05 04:55:24,0,0
13659,2024-05-05 04:55:36,0,0
13660,2024-05-05 04:55:48,0,0
13661,2024-05-05 04:56:00,0,0
13662,2024-05-05 04:56:12,0,0
13663,2024-05-05 04:56:24,0,0
13664,2024-05-05 04:56:36,0,0
13665,2024-05-05 04:56:48,0,0
13666,2024-05-05 04:57:00,0,0
13667,2024-05-05 04:57:12,0,0
13668,2024-05-05 04:57:24,0,0
13669,2024-05-05 04:57:36,0,0
13670,2024-05-05 04:57:48,0,0
13671,2024-05-05 04:58:00,0,0
13672,2024-05-05 04:58:12,0,0
13673,2024-05-05 04:58:24,0,0
13674,2024-05-05 04:58:36,0,0
13675,2024-05-05 04:58:48,0,0
13676,2024-05-05 04:59:00,0,0
13677,2024-05-05 04:59:12,0,0
13678,2024-05-05 04:59:24,0,0
13679,2024-05-05 04:59:36,0,0
13680,2024-05-05 04:59:48,0,0
13681,2024-05-05 05:00:00,0,0
13682,2024-05-05 05:00:12,0,0
13683,2024-05-05 05:00:24,0,0
13684,2024-05-05 05:00:36,0,0
13685,2024-05-05 05:00:48,0,0
13686,2024-05-05 05:01:00,0,0
13687,2024-05-05 05:01:12,0,0
13688,2024-05-05 05:01:24,0,0
13689,2024-05-05 05:01:36,0,0
13690,2024-05-05 05:01:48,0,0
13691,2024-05-05 05:02:00,0,0
13692,2024-05-05 05:02:12,0,0
13693,2024-05-05 05:02:24,0,0
13694,2024-05-05 05:02:36,0,0
13695,2024-05-05 05:02:48,0,0
13696,2024-05-05 05:03:00,0,0
13697,2024-05-05 05:03:12,0,0
13698,2024-05-05 05:03:24,0,0
13699,2024-05-05 05:03:36,0,0
13700,2024-05-05 05:03:48,0,0
13701,2024-05-05 05:04:00,0,0
13702,2024-05-05 05:04:12,0,0
13703,2024-05-05 05:04:24,0,0
13704,2024-05-05 05:04:36,0,0
13705,2024-05-05 05:04:48,0,0
13706,2024-05-05 05:05:00,0,0
13707,2024-05-05 05:05:12,0,0
13708,2024-05-05 05:05:24,0,0
13709,2024-05-05 05:05:36,0,0
13710,2024-05-05 05:05:48,0,0
13711,2024-05-05 05:06:00,0,0
13712,2024-05-05 05:06:12,0,0
13713,2024-05-05 05:06:24,0,0
13714,2024-05-05 05:06:36,0,0
13715,2024-05-05 05:06:48,0,0
13716,2024-05-05 05:07:00,0,0
13717,2024-05-05 05:07:12,0,0
13718,2024-05-05 05:07:24,0,0
13719,2024-05-05 05:07:36,0,0
13720,2024-05-05 05:07:48,0,0
13721,2024-05-05 05:08:00,0,0
13722,2024-05-05 05:08:12,0,0
13723,2024-05-05 05:08:24,0,0
13724,2024-05-05 05:08:36,0,0
13725,2024-05-05 05:08:48,0,0
13726,2024-05-05 05:09:00,0,0
13727,2024-05-05 05:09:12,0,0
13728,2024-05-05 05:09:24,0,0
13729,2024-05-05 05:09:36,0,0
13730,2024-05-05 05:09:48,0,0
13731,2024-05-05 05:10:00,0,0
13732,2024-05-05 05:10:12,0,0
13733,2024-05-05 05:10:24,0,0
13734,2024-05-05 05:10:36,0,0
13735,2024-05-05 05:10:48,0,0
13736,2024-05-05 05:11:00,0,0
13737,2024-05-05 05:11:12,0,0
13738,2024-05-05 05:11:24,0,0
13739,2024-05-05 05:11:36,0,0
13740,2024-05-05 05:11:48,0,0
13741,2024-05-05 05:12:00,0,0
13742,2024-05-05 05:12:12,0,0
13743,2024-05-05 05:12:24,0,0
13744,2024-05-05 05:12:36,0,0
13745,2024-05-05 05:12:48,0,0
13746,2024-05-05 05:13:00,0,0
13747,2024-05-05 05:13:12,0,0
13748,2024-05-05 05:13:24,0,0
13749,2024-05-05 05:13:36,0,0
13750,2024-05-05 05:13:48,0,0
13751,2024-05-05 05:14:00,0,0
13752,2024-05-05 05:14:12,0,0
13753,2024-05-05 05:14:24,0,0
13754,2024-05-05 05:14:36,0,0
13755,2024-05-05 05:14:48,0,0
13756,2024-05-05 05:15:00,0,0
13757,2024-05-05 05:15:12,0,0
13758,2024-05-05 05:15:24,0,0
13759,2024-05-05 05:15:36,0,0
13760,2024-05-05 05:15:48,0,0
13761,2024-05-05 05:16:00,0,0
13762,2024-05-05 05:16:12,0,0
13763,2024-05-05 05:16:24,0,0
13764,2024-05-05 05:16:36,0,0
13765,2024-05-05 05:16:48,0,0
13766,2024-05-05 05:17:00,0,0
13767,2024-05-05 05:17:12,0,0
13768,2024-05-05 05:17:24,0,0
13769,2024-05-05 05:17:36,0,0
13770,2024-05-05 05:17:48,0,0
13771,2024-05-05 05:18:00,0,0
13772,2024-05-05 05:18:12,0,0
13773,2024-05-05 05:18:24,0,0
13774,2024-05-05 05:18:36,0,0
13775,2024-05-05 05:18:48,0,0
13776,2024-05-05 05:19:00,0,0
13777,2024-05-05 05:19:12,0,0
13778,2024-05-05 05:19:24,0,0
13779,2024-05-05 05:19:36,0,0
13780,2024-05-05 05:19:48,0,0
13781,2024-05-05 05:20:00,0,0
13782,2024-05-05 05:20:12,0,0
13783,2024-05-05 05:20:24,0,0
13784,2024-05-05 05:20:36,0,0
13785,2024-05-05 05:20:48,0,0
13786,2024-05-05 05:21:00,0,0
13787,2024-05-05 05:21:12,0,0
13788,2024-05-05 05:21:24,0,0
13789,2024-05-05 05:21:36,0,0
13790,2024-05-05 05:21:48,0,0
13791,2024-05-05 05:22:00,0,0
13792,2024-05-05 05:22:12,0,0
13793,2024-05-05 05:22:24,0,0
13794,2024-05-05 05:22:36,0,0
13795,2024-05-05 05:22:48,0,0
13796,2024-05-05 05:23:00,0,0
13797,2024-05-05 05:23:12,0,0
13798,2024-05-05 05:23:24,0,0
13799,2024-05-05 05:23:36,0,0
13800,2024-05-05 05:23:48,0,0
13801,2024-05-05 05:24:00,0,0
13802,2024-05-05 05:24:12,0,0
13803,2024-05-05 05:24:24,0,0
13804,2024-05-05 05:24:36,0,0
13805,2024-05-05 05:24:48,0,0
13806,2024-05-05 05:25:00,0,0
13807,2024-05-05 05:25:12,0,0
13808,2024-05-05 05:25:24,0,0
13809,2024-05-05 05:25:36,0,0
13810,2024-05-05 05:25:48,0,0
13811,2024-05-05 05:26:00,0,0
13812,2024-05-05 05:26:12,0,0
13813,2024-05-05 05:26:24,0,0
13814,2024-05-05 05:26:36,0,0
13815,2024-05-05 05:26:48,0,0
13816,2024-05-05 05:27:00,0,0
13817,2024-05-05 05:27:12,0,0
13818,2024-05-05 05:27:24,0,0
13819,2024-05-05 05:27:36,0,0
13820,2024-05-05 05:27:48,0,0
13821,2024-05-05 05:28:00,0,0
13822,2024-05-05 05:28:12,0,0
13823,2024-05-05 05:28:24,0,0
13824,2024-05-05 05:28:36,0,0
13825,2024-05-05 05:28:48,0,0
13826,2024-05-05 05:29:00,0,0
13827,2024-05-05 05:29:12,0,0
13828,2024-05-05 05:29:24,0,0
13829,2024-05-05 05:29:36,0,0
13830,2024-05-05 05:29:48,0,0
13831,2024-05-05 05:30:00,0,0
13832,2024-05-05 05:30:12,0,0
13833,2024-05-05 05:30:24,0,0
13834,2024-05-05 05:30:36,0,0
13835,2024-05-05 05:30:48,0,0
13836,2024-05-05 05:31:00,0,0
13837,2024-05-05 05:31:12,0,0
13838,2024-05-05 05:31:24,0,0
13839,2024-05-05 05:31:36,0,0
13840,2024-05-05 05:31:48,0,0
13841,2024-05-05 05:32:00,0,0
13842,2024-05-05 05:32:12,0,0
13843,2024-05-05 05:32:24,0,0
13844,2024-05-05 05:32:36,0,0
13845,2024-05-05 05:32:48,0,0
13846,2024-05-05 05:33:00,0,0
13847,2024-05-05 05:33:12,0,0
13848,2024-05-05 05:33:24,0,0
13849,2024-05-05 05:33:36,0,0
13850,2024-05-05 05:33:48,0,0
13851,2024-05-05 05:34:00,0,0
13852,2024-05-05 05:34:12,0,0
13853,2024-05-05 05:34:24,0,0
13854,2024-05-05 05:34:36,0,0
13855,2024-05-05 05:34:48,0,0
13856,2024-05-05 05:35:00,0,0
13857,2024-05-05 05:35:12,0,0
13858,2024-05-05 05:35:24,0,0
13859,2024-05-05 05:35:36,0,0
13860,2024-05-05 05:35:48,0,0
13861,2024-05-05 05:36:00,0,0
13862,2024-05-05 05:36:12,0,0
13863,2024-05-05 05:36:24,0,0
13864,2024-05-05 05:36:36,0,0
13865,2024-05-05 05:36:48,0,0
13866,2024-05-05 05:37:00,0,0
13867,2024-05-05 05:37:12,0,0
13868,2024-05-05 05:37:24,0,0
13869,2024-05-05 05:37:36,0,0
13870,2024-05-05 05:37:48,0,0
13871,2024-05-05 05:38:00,0,0
13872,2024-05-05 05:38:12,0,0
13873,2024-05-05 05:38:24,0,0
13874,2024-05-05 05:38:36,0,0
13875,2024-05-05 05:38:48,0,0
13876,2024-05-05 05:39:00,0,0
13877,2024-05-05 05:39:12,0,0
13878,2024-05-05 05:39:24,0,0
13879,2024-05-05 05:39:36,0,0
13880,2024-05-05 05:39:48,0,0
13881,2024-05-05 05:40:00,0,0
13882,2024-05-05 05:40:12,0,0
13883,2024-05-05 05:40:24,0,0
13884,2024-05-05 05:40:36,0,0
13885,2024-05-05 05:40:48,0,0
13886,2024-05-05 05:41:00,0,0
13887,2024-05-05 05:41:12,0,0
13888,2024-05-05 05:41:24,0,0
13889,2024-05-05 05:41:36,0,0
13890,2024-05-05 05:41:48,0,0
13891,2024-05-05 05:42:00,0,0
13892,2024-05-05 05:42:12,0,0
13893,2024-05-05 05:42:24,0,0
13894,2024-05-05 05:42:36,0,0
13895,2024-05-05 05:42:48,0,0
13896,2024-05-05 05:43:00,0,0
13897,2024-05-05 05:43:12,0,0
13898,2024-05-05 05:43:24,0,0
13899,2024-05-05 05:43:36,0,0
13900,2024-05-05 05:43:48,0,0
13901,2024-05-05 05:44:00,0,0
13902,2024-05-05 05:44:12,0,0
13903,2024-05-05 05:44:24,0,0
13904,2024-05-05 05:44:36,0,0
13905,2024-05-05 05:44:48,0,0
13906,2024-05-05 05:45:00,0,0
13907,2024-05-05 05:45:12,0,0
13908,2024-05-05 05:45:24,0,0
13909,2024-05-05 05:45:36,0,0
13910,2024-05-05 05:45:48,0,0
13911,2024-05-05 05:46:00,0,0
13912,2024-05-05 05:46:12,0,0
13913,2024-05-05 05:46:24,0,0
13914,2024-05-05 05:46:36,0,0
13915,2024-05-05 05:46:48,0,0
13916,2024-05-05 05:47:00,0,0
13917,2024-05-05 05:47:12,0,0
13918,2024-05-05 05:47:24,0,0
13919,2024-05-05 05:47:36,0,0
13920,2024-05-05 05:47:48,0,0
13921,2024-05-05 05:48:00,0,0
13922,2024-05-05 05:48:12,0,0
13923,2024-05-05 05:48:24,0,0
13924,2024-05-05 05:48:36,0,0
13925,2024-05-05 05:48:48,0,0
13926,2024-05-05 05:49:00,0,0
13927,2024-05-05 05:49:12,0,0
13928,2024-05-05 05:49:24,0,0
13929,2024-05-05 05:49:36,0,0
13930,2024-05-05 05:49:48,0,0
13931,2024-05-05 05:50:00,0,0
13932,2024-05-05 05:50:12,0,0
13933,2024-05-05 05:50:24,0,0
13934,2024-05-05 05:50:36,0,0
13935,2024-05-05 05:50:48,0,0
13936,2024-05-05 05:51:00,0,0
13937,2024-05-05 05:51:12,0,0
13938,2024-05-05 05:51:24,0,0
13939,2024-05-05 05:51:36,0,0
13940,2024-05-05 05:51:48,0,0
13941,2024-05-05 05:52:00,0,0
13942,2024-05-05 05:52:12,0,0
13943,2024-05-05 05:52:24,0,0
13944,2024-05-05 05:52:36,0,0
13945,2024-05-05 05:52:48,0,0
13946,2024-05-05 05:53:00,0,0
13947,2024-05-05 05:53:12,0,0
13948,2024-05-05 05:53:24,0,0
13949,2024-05-05 05:53:36,0,0
13950,2024-05-05 05:53:48,0,0
13951,2024-05-05 05:54:00,0,0
13952,2024-05-05 05:54:12,0,0
13953,2024-05-05 05:54:24,0,0
13954,2024-05-05 05:54:36,0,0
13955,2024-05-05 05:54:48,0,0
13956,2024-05-05 05:55:00,0,0
13957,2024-05-05 05:55:12,0,0
13958,2024-05-05 05:55:24,0,0
13959,2024-05-05 05:55:36,0,0
13960,2024-05-05 05:55:48,0,0
13961,2024-05-05 05:56:00,0,0
13962,2024-05-05 05:56:12,0,0
13963,2024-05-05 05:56:24,0,0
13964,2024-05-05 05:56:36,0,0
13965,2024-05-05 05:56:48,0,0
13966,2024-05-05 05:57:00,0,0
13967,2024-05-05 05:57:12,0,0
13968,2024-05-05 05:57:24,0,0
13969,2024-05-05 05:57:36,0,0
13970,2024-05-05 05:57:48,0,0
13971,2024-05-05 05:58:00,0,0
13972,2024-05-05 05:58:12,0,0
13973,2024-05-05 05:58:24,0,0
13974,2024-05-05 05:58:36,0,0
13975,2024-05-05 05:58:48,0,0
13976,2024-05-05 05:59:00,0,0
13977,2024-05-05 05:59:12,0,0
13978,2024-05-05 05:59:24,0,0
13979,2024-05-05 05:59:36,0,0
13980,2024-05-05 05:59:48,0,0
13981,2024-05-05 06:00:00,0,0
13982,2024-05-05 06:00:12,0,0
13983,2024-05-05 06:00:24,0,0
13984,2024-05-05 06:00:36,0,0
13985,2024-05-05 06:00:48,0,0
13986,2024-05-05 06:01:00,0,0
13987,2024-05-05 06:01:12,0,0
13988,2024-05-05 06:01:24,0,0
13989,2024-05-05 06:01:36,0,0
13990,2024-05-05 06:01:48,0,0
13991,2024-05-05 06:02:00,0,0
13992,2024-05-05 06:02:12,0,0
13993,2024-05-05 06:02:24,0,0
13994,2024-05-05 06:02:36,0,0
13995,2024-05-05 06:02:48,0,0
13996,2024-05-05 06:03:00,0,0
13997,2024-05-05 06:03:12,0,0
13998,2024-05-05 06:03:24,0,0
13999,2024-05-05 06:03:36,0,0
14000,2024-05-05 06:03:48,0,0
14001,2024-05-05 06:04:00,0,0
14002,2024-05-05 06:04:12,0,0
14003,2024-05-05 06:04:24,0,0
14004,2024-05-05 06:04:36,0,0
14005,2024-05-05 06:04:48,0,0
14006,2024-05-05 06:05:00,0,0
14007,2024-05-05 06:05:12,0,0
14008,2024-05-05 06:05:24,0,0
14009,2024-05-05 06:05:36,0,0
14010,2024-05-05 06:05:48,0,0
14011,2024-05-05 06:06:00,0,0
14012,2024-05-05 06:06:12,0,0
14013,2024-05-05 06:06:24,0,0
14014,2024-05-05 06:06:36,0,0
14015,2024-05-05 06:06:48,0,0
14016,2024-05-05 06:07:00,0,0
14017,2024-05-05 06:07:12,0,0
14018,2024-05-05 06:07:24,0,0
14019,2024-05-05 06:07:36,0,0
14020,2024-05-05 06:07:48,0,0
14021,2024-05-05 06:08:00,0,0
14022,2024-05-05 06:08:12,0,0
14023,2024-05-05 06:08:24,0,0
14024,2024-05-05 06:08:36,0,0
14025,2024-05-05 06:08:48,0,0
14026,2024-05-05 06:09:00,0,0
14027,2024-05-05 06:09:12,0,0
14028,2024-05-05 06:09:24,0,0
14029,2024-05-05 06:09:36,0,0
14030,2024-05-05 06:09:48,0,0
14031,2024-05-05 06:10:00,0,0
14032,2024-05-05 06:10:12,0,0
14033,2024-05-05 06:10:24,0,0
14034,2024-05-05 06:10:36,0,0
14035,2024-05-05 06:10:48,0,0
14036,2024-05-05 06:11:00,0,0
14037,2024-05-05 06:11:12,0,0
14038,2024-05-05 06:11:24,0,0
14039,2024-05-05 06:11:36,0,0
14040,2024-05-05 06:11:48,0,0
14041,2024-05-05 06:12:00,0,0
14042,2024-05-05 06:12:12,0,0
14043,2024-05-05 06:12:24,0,0
14044,2024-05-05 06:12:36,0,0
14045,2024-05-05 06:12:48,0,0
14046,2024-05-05 06:13:00,0,0
14047,2024-05-05 06:13:12,0,0
14048,2024-05-05 06:13:24,0,0
14049,2024-05-05 06:13:36,0,0
14050,2024-05-05 06:13:48,0,0
14051,2024-05-05 06:14:00,0,0
14052,2024-05-05 06:14:12,0,0
14053,2024-05-05 06:14:24,0,0
14054,2024-05-05 06:14:36,0,0
14055,2024-05-05 06:14:48,0,0
14056,2024-05-05 06:15:00,0,0
14057,2024-05-05 06:15:12,0,0
14058,2024-05-05 06:15:24,0,0
14059,2024-05-05 06:15:36,0,0
14060,2024-05-05 06:15:48,0,0
14061,2024-05-05 06:16:00,0,0
14062,2024-05-05 06:16:12,0,0
14063,2024-05-05 06:16:24,0,0
14064,2024-05-05 06:16:36,0,0
14065,2024-05-05 06:16:48,0,0
14066,2024-05-05 06:17:00,0,0
14067,2024-05-05 06:17:12,0,0
14068,2024-05-05 06:17:24,0,0
14069,2024-05-05 06:17:36,0,0
14070,2024-05-05 06:17:48,0,0
14071,2024-05-05 06:18:00,0,0
14072,2024-05-05 06:18:12,0,0
14073,2024-05-05 06:18:24,0,0
14074,2024-05-05 06:18:36,0,0
14075,2024-05-05 06:18:48,0,0
14076,2024-05-05 06:19:00,0,0
14077,2024-05-05 06:19:12,0,0
14078,2024-05-05 06:19:24,0,0
14079,2024-05-05 06:19:36,0,0
14080,2024-05-05 06:19:48,0,0
14081,2024-05-05 06:20:00,0,0
14082,2024-05-05 06:20:12,0,0
14083,2024-05-05 06:20:24,0,0
14084,2024-05-05 06:20:36,0,0
14085,2024-05-05 06:20:48,0,0
14086,2024-05-05 06:21:00,0,0
14087,2024-05-05 06:21:12,0,0
14088,2024-05-05 06:21:24,0,0
14089,2024-05-05 06:21:36,0,0
14090,2024-05-05 06:21:48,0,0
14091,2024-05-05 06:22:00,0,0
14092,2024-05-05 06:22:12,0,0
14093,2024-05-05 06:22:24,0,0
14094,2024-05-05 06:22:36,0,0
14095,2024-05-05 06:22:48,0,0
14096,2024-05-05 06:23:00,0,0
14097,2024-05-05 06:23:12,0,0
14098,2024-05-05 06:23:24,0,0
14099,2024-05-05 06:23:36,0,0
14100,2024-05-05 06:23:48,0,0
14101,2024-05-05 06:24:00,0,0
14102,2024-05-05 06:24:12,0,0
14103,2024-05-05 06:24:24,0,0
14104,2024-05-05 06:24:36,0,0
14105,2024-05-05 06:24:48,0,0
14106,2024-05-05 06:25:00,0,0
14107,2024-05-05 06:25:12,0,0
14108,2024-05-05 06:25:24,0,0
14109,2024-05-05 06:25:36,0,0
14110,2024-05-05 06:25:48,0,0
14111,2024-05-05 06:26:00,0,0
14112,2024-05-05 06:26:12,0,0
14113,2024-05-05 06:26:24,0,0
14114,2024-05-05 06:26:36,0,0
14115,2024-05-05 06:26:48,0,0
14116,2024-05-05 06:27:00,0,0
14117,2024-05-05 06:27:12,0,0
14118,2024-05-05 06:27:24,0,0
14119,2024-05-05 06:27:36,0,0
14120,2024-05-05 06:27:48,0,0
14121,2024-05-05 06:28:00,0,0
14122,2024-05-05 06:28:12,0,0
14123,2024-05-05 06:28:24,0,0
14124,2024-05-05 06:28:36,0,0
14125,2024-05-05 06:28:48,0,0
14126,2024-05-05 06:29:00,0,0
14127,2024-05-05 06:29:12,0,0
14128,2024-05-05 06:29:24,0,0
14129,2024-05-05 06:29:36,0,0
14130,2024-05-05 06:29:48,0,0
14131,2024-05-05 06:30:00,0,0
14132,2024-05-05 06:30:12,0,0
14133,2024-05-05 06:30:24,0,0
14134,2024-05-05 06:30:36,0,0
14135,2024-05-05 06:30:48,0,0
14136,2024-05-05 06:31:00,0,0
14137,2024-05-05 06:31:12,0,0
14138,2024-05-05 06:31:24,0,0
14139,2024-05-05 06:31:36,0,0
14140,2024-05-05 06:31:48,0,0
14141,2024-05-05 06:32:00,0,0
14142,2024-05-05 06:32:12,0,0
14143,2024-05-05 06:32:24,0,0
14144,2024-05-05 06:32:36,0,0
14145,2024-05-05 06:32:48,0,0
14146,2024-05-05 06:33:00,0,0
14147,2024-05-05 06:33:12,0,0
14148,2024-05-05 06:33:24,0,0
14149,2024-05-05 06:33:36,0,0
14150,2024-05-05 06:33:48,0,0
14151,2024-05-05 06:34:00,0,0
14152,2024-05-05 06:34:12,0,0
14153,2024-05-05 06:34:24,0,0
14154,2024-05-05 06:34:36,0,0
14155,2024-05-05 06:34:48,0,0
14156,2024-05-05 06:35:00,0,0
14157,2024-05-05 06:35:12,0,0
14158,2024-05-05 06:35:24,0,0
14159,2024-05-05 06:35:36,0,0
14160,2024-05-05 06:35:48,0,0
14161,2024-05-05 06:36:00,0,0
14162,2024-05-05 06:36:12,0,0
14163,2024-05-05 06:36:24,0,0
14164,2024-05-05 06:36:36,0,0
14165,2024-05-05 06:36:48,0,0
14166,2024-05-05 06:37:00,0,0
14167,2024-05-05 06:37:12,0,0
14168,2024-05-05 06:37:24,0,0
14169,2024-05-05 06:37:36,0,0
14170,2024-05-05 06:37:48,0,0
14171,2024-05-05 06:38:00,0,0
14172,2024-05-05 06:38:12,0,0
14173,2024-05-05 06:38:24,0,0
14174,2024-05-05 06:38:36,0,0
14175,2024-05-05 06:38:48,0,0
14176,2024-05-05 06:39:00,0,0
14177,2024-05-05 06:39:12,0,0
14178,2024-05-05 06:39:24,0,0
14179,2024-05-05 06:39:36,0,0
14180,2024-05-05 06:39:48,0,0
14181,2024-05-05 06:40:00,0,0
14182,2024-05-05 06:40:12,0,0
14183,2024-05-05 06:40:24,0,0
14184,2024-05-05 06:40:36,0,0
14185,2024-05-05 06:40:48,0,0
14186,2024-05-05 06:41:00,0,0
14187,2024-05-05 06:41:12,0,0
14188,2024-05-05 06:41:24,0,0
14189,2024-05-05 06:41:36,0,0
14190,2024-05-05 06:41:48,0,0
14191,2024-05-05 06:42:00,0,0
14192,2024-05-05 06:42:12,0,0
14193,2024-05-05 06:42:24,0,0
14194,2024-05-05 06:42:36,0,0
14195,2024-05-05 06:42:48,0,0
14196,2024-05-05 06:43:00,0,0
14197,2024-05-05 06:43:12,0,0
14198,2024-05-05 06:43:24,0,0
14199,2024-05-05 06:43:36,0,0
14200,2024-05-05 06:43:48,0,0
14201,2024-05-05 06:44:00,0,0
14202,2024-05-05 06:44:12,0,0
14203,2024-05-05 06:44:24,0,0
14204,2024-05-05 06:44:36,0,0
14205,2024-05-05 06:44:48,0,0
14206,2024-05-05 06:45:00,0,0
14207,2024-05-05 06:45:12,0,0
14208,2024-05-05 06:45:24,0,0
14209,2024-05-05 06:45:36,0,0
14210,2024-05-05 06:45:48,0,0
14211,2024-05-05 06:46:00,0,0
14212,2024-05-05 06:46:12,0,0
14213,2024-05-05 06:46:24,0,0
14214,2024-05-05 06:46:36,0,0
14215,2024-05-05 06:46:48,0,0
14216,2024-05-05 06:47:00,0,0
14217,2024-05-05 06:47:12,0,0
14218,2024-05-05 06:47:24,0,0
14219,2024-05-05 06:47:36,0,0
14220,2024-05-05 06:47:48,0,0
14221,2024-05-05 06:48:00,0,0
14222,2024-05-05 06:48:12,0,0
14223,2024-05-05 06:48:24,0,0
14224,2024-05-05 06:48:36,0,0
14225,2024-05-05 06:48:48,0,0
14226,2024-05-05 06:49:00,0,0
14227,2024-05-05 06:49:12,0,0
14228,2024-05-05 06:49:24,0,0
14229,2024-05-05 06:49:36,0,0
14230,2024-05-05 06:49:48,0,0
14231,2024-05-05 06:50:00,0,0
14232,2024-05-05 06:50:12,0,0
14233,2024-05-05 06:50:24,0,0
14234,2024-05-05 06:50:36,0,0
14235,2024-05-05 06:50:48,0,0
14236,2024-05-05 06:51:00,0,0
14237,2024-05-05 06:51:12,0,0
14238,2024-05-05 06:51:24,0,0
14239,2024-05-05 06:51:36,0,0
14240,2024-05-05 06:51:48,0,0
14241,2024-05-05 06:52:00,0,0
14242,2024-05-05 06:52:12,0,0
14243,2024-05-05 06:52:24,0,0
14244,2024-05-05 06:52:36,0,0
14245,2024-05-05 06:52:48,0,0
14246,2024-05-05 06:53:00,0,0
14247,2024-05-05 06:53:12,0,0
14248,2024-05-05 06:53:24,0,0
14249,2024-05-05 06:53:36,0,0
14250,2024-05-05 06:53:48,0,0
14251,2024-05-05 06:54:00,0,0
14252,2024-05-05 06:54:12,0,0
14253,2024-05-05 06:54:24,0,0
14254,2024-05-05 06:54:36,0,0
14255,2024-05-05 06:54:48,0,0
14256,2024-05-05 06:55:00,0,0
14257,2024-05-05 06:55:12,0,0
14258,2024-05-05 06:55:24,0,0
14259,2024-05-05 06:55:36,0,0
14260,2024-05-05 06:55:48,0,0
14261,2024-05-05 06:56:00,0,0
14262,2024-05-05 06:56:12,0,0
14263,2024-05-05 06:56:24,0,0
14264,2024-05-05 06:56:36,0,0
14265,2024-05-05 06:56:48,0,0
14266,2024-05-05 06:57:00,0,0
14267,2024-05-05 06:57:12,0,0
14268,2024-05-05 06:57:24,0,0
14269,2024-05-05 06:57:36,0,0
14270,2024-05-05 06:57:48,0,0
14271,2024-05-05 06:58:00,0,0
14272,2024-05-05 06:58:12,0,0
14273,2024-05-05 06:58:24,0,0
14274,2024-05-05 06:58:36,0,0
14275,2024-05-05 06:58:48,0,0
14276,2024-05-05 06:59:00,0,0
14277,2024-05-05 06:59:12,0,0
14278,2024-05-05 06:59:24,0,0
14279,2024-05-05 06:59:36,0,0
14280,2024-05-05 06:59:48,0,0
14281,2024-05-05 07:00:00,0,0
14282,2024-05-05 07:00:12,0,0
14283,2024-05-05 07:00:24,0,0
14284,2024-05-05 07:00:36,0,0
14285,2024-05-05 07:00:48,0,0
14286,2024-05-05 07:01:00,0,0
14287,2024-05-05 07:01:12,0,0
14288,2024-05-05 07:01:24,0,0
14289,2024-05-05 07:01:36,0,0
14290,2024-05-05 07:01:48,0,0
14291,2024-05-05 07:02:00,0,0
14292,2024-05-05 07:02:12,0,0
14293,2024-05-05 07:02:24,0,0
14294,2024-05-05 07:02:36,0,0
14295,2024-05-05 07:02:48,0,0
14296,2024-05-05 07:03:00,0,0
14297,2024-05-05 07:03:12,0,0
14298,2024-05-05 07:03:24,0,0
14299,2024-05-05 07:03:36,0,0
14300,2024-05-05 07:03:48,0,0
14301,2024-05-05 07:04:00,0,0
14302,2024-05-05 07:04:12,0,0
14303,2024-05-05 07:04:24,0,0
14304,2024-05-05 07:04:36,0,0
14305,2024-05-05 07:04:48,0,0
14306,2024-05-05 07:05:00,0,0
14307,2024-05-05 07:05:12,0,0
14308,2024-05-05 07:05:24,0,0
14309,2024-05-05 07:05:36,0,0
14310,2024-05-05 07:05:48,0,0
14311,2024-05-05 07:06:00,0,0
14312,2024-05-05 07:06:12,0,0
14313,2024-05-05 07:06:24,0,0
14314,2024-05-05 07:06:36,0,0
14315,2024-05-05 07:06:48,0,0
14316,2024-05-05 07:07:00,0,0
14317,2024-05-05 07:07:12,0,0
14318,2024-05-05 07:07:24,0,0
14319,2024-05-05 07:07:36,0,0
14320,2024-05-05 07:07:48,0,0
14321,2024-05-05 07:08:00,0,0
14322,2024-05-05 07:08:12,0,0
14323,2024-05-05 07:08:24,0,0
14324,2024-05-05 07:08:36,0,0
14325,2024-05-05 07:08:48,0,0
14326,2024-05-05 07:09:00,0,0
14327,2024-05-05 07:09:12,0,0
14328,2024-05-05 07:09:24,0,0
14329,2024-05-05 07:09:36,0,0
14330,2024-05-05 07:09:48,0,0
14331,2024-05-05 07:10:00,0,0
14332,2024-05-05 07:10:12,0,0
14333,2024-05-05 07:10:24,0,0
14334,2024-05-05 07:10:36,0,0
14335,2024-05-05 07:10:48,0,0
14336,2024-05-05 07:11:00,0,0
14337,2024-05-05 07:11:12,0,0
14338,2024-05-05 07:11:24,0,0
14339,2024-05-05 07:11:36,0,0
14340,2024-05-05 07:11:48,0,0
14341,2024-05-05 07:12:00,0,0
14342,2024-05-05 07:12:12,0,0
14343,2024-05-05 07:12:24,0,0
14344,2024-05-05 07:12:36,0,0
14345,2024-05-05 07:12:48,0,0
14346,2024-05-05 07:13:00,0,0
14347,2024-05-05 07:13:12,0,0
14348,2024-05-05 07:13:24,0,0
14349,2024-05-05 07:13:36,0,0
14350,2024-05-05 07:13:48,0,0
14351,2024-05-05 07:14:00,0,0
14352,2024-05-05 07:14:12,0,0
14353,2024-05-05 07:14:24,0,0
14354,2024-05-05 07:14:36,0,0
14355,2024-05-05 07:14:48,0,0
14356,2024-05-05 07:15:00,0,0
14357,2024-05-05 07:15:12,0,0
14358,2024-05-05 07:15:24,0,0
14359,2024-05-05 07:15:36,0,0
14360,2024-05-05 07:15:48,0,0
14361,2024-05-05 07:16:00,0,0
14362,2024-05-05 07:16:12,0,0
14363,2024-05-05 07:16:24,0,0
14364,2024-05-05 07:16:36,0,0
14365,2024-05-05 07:16:48,0,0
14366,2024-05-05 07:17:00,0,0
14367,2024-05-05 07:17:12,0,0
14368,2024-05-05 07:17:24,0,0
14369,2024-05-05 07:17:36,0,0
14370,2024-05-05 07:17:48,0,0
14371,2024-05-05 07:18:00,0,0
14372,2024-05-05 07:18:12,0,0
14373,2024-05-05 07:18:24,0,0
14374,2024-05-05 07:18:36,0,0
14375,2024-05-05 07:18:48,0,0
14376,2024-05-05 07:19:00,0,0
14377,2024-05-05 07:19:12,0,0
14378,2024-05-05 07:19:24,0,0
14379,2024-05-05 07:19:36,0,0
14380,2024-05-05 07:19:48,0,0
14381,2024-05-05 07:20:00,0,0
14382,2024-05-05 07:20:12,0,0
14383,2024-05-05 07:20:24,0,0
14384,2024-05-05 07:20:36,0,0
14385,2024-05-05 07:20:48,0,0
14386,2024-05-05 07:21:00,0,0
14387,2024-05-05 07:21:12,0,0
14388,2024-05-05 07:21:24,0,0
14389,2024-05-05 07:21:36,0,0
14390,2024-05-05 07:21:48,0,0
14391,2024-05-05 07:22:00,0,0
14392,2024-05-05 07:22:12,0,0
14393,2024-05-05 07:22:24,0,0
14394,2024-05-05 07:22:36,0,0
14395,2024-05-05 07:22:48,0,0
14396,2024-05-05 07:23:00,0,0
14397,2024-05-05 07:23:12,0,0
14398,2024-05-05 07:23:24,0,0
14399,2024-05-05 07:23:36,0,0
14400,2024-05-05 07:23:48,0,0
14401,2024-05-05 07:24:00,0,0
14402,2024-05-05 07:24:12,0,0
14403,2024-05-05 07:24:24,0,0
14404,2024-05-05 07:24:36,0,0
14405,2024-05-05 07:24:48,0,0
14406,2024-05-05 07:25:00,0,0
14407,2024-05-05 07:25:12,0,0
14408,2024-05-05 07:25:24,0,0
14409,2024-05-05 07:25:36,0,0
14410,2024-05-05 07:25:48,0,0
14411,2024-05-05 07:26:00,0,0
14412,2024-05-05 07:26:12,0,0
14413,2024-05-05 07:26:24,0,0
14414,2024-05-05 07:26:36,0,0
14415,2024-05-05 07:26:48,0,0
14416,2024-05-05 07:27:00,0,0
14417,2024-05-05 07:27:12,0,0
14418,2024-05-05 07:27:24,0,0
14419,2024-05-05 07:27:36,0,0
14420,2024-05-05 07:27:48,0,0
14421,2024-05-05 07:28:00,0,0
14422,2024-05-05 07:28:12,0,0
14423,2024-05-05 07:28:24,0,0
14424,2024-05-05 07:28:36,0,0
14425,2024-05-05 07:28:48,0,0
14426,2024-05-05 07:29:00,0,0
14427,2024-05-05 07:29:12,0,0
14428,2024-05-05 07:29:24,0,0
14429,2024-05-05 07:29:36,0,0
14430,2024-05-05 07:29:48,0,0
14431,2024-05-05 07:30:00,0,0
14432,2024-05-05 07:30:12,0,0
14433,2024-05-05 07:30:24,0,0
14434,2024-05-05 07:30:36,0,0
14435,2024-05-05 07:30:48,0,0
14436,2024-05-05 07:31:00,0,0
14437,2024-05-05 07:31:12,0,0
14438,2024-05-05 07:31:24,0,0
14439,2024-05-05 07:31:36,0,0
14440,2024-05-05 07:31:48,0,0
14441,2024-05-05 07:32:00,0,0
14442,2024-05-05 07:32:12,0,0
14443,2024-05-05 07:32:24,0,0
14444,2024-05-05 07:32:36,0,0
14445,2024-05-05 07:32:48,0,0
14446,2024-05-05 07:33:00,0,0
14447,2024-05-05 07:33:12,0,0
14448,2024-05-05 07:33:24,0,0
14449,2024-05-05 07:33:36,0,0
14450,2024-05-05 07:33:48,0,0
14451,2024-05-05 07:34:00,0,0
14452,2024-05-05 07:34:12,0,0
14453,2024-05-05 07:34:24,0,0
14454,2024-05-05 07:34:36,0,0
14455,2024-05-05 07:34:48,0,0
14456,2024-05-05 07:35:00,0,0
14457,2024-05-05 07:35:12,0,0
14458,2024-05-05 07:35:24,0,0
14459,2024-05-05 07:35:36,0,0
14460,2024-05-05 07:35:48,0,0
14461,2024-05-05 07:36:00,0,0
14462,2024-05-05 07:36:12,0,0
14463,2024-05-05 07:36:24,0,0
14464,2024-05-05 07:36:36,0,0
14465,2024-05-05 07:36:48,0,0
14466,2024-05-05 07:37:00,0,0
14467,2024-05-05 07:37:12,0,0
14468,2024-05-05 07:37:24,0,0
14469,2024-05-05 07:37:36,0,0
14470,2024-05-05 07:37:48,0,0
14471,2024-05-05 07:38:00,0,0
14472,2024-05-05 07:38:12,0,0
14473,2024-05-05 07:38:24,0,0
14474,2024-05-05 07:38:36,0,0
14475,2024-05-05 07:38:48,0,0
14476,2024-05-05 07:39:00,0,0
14477,2024-05-05 07:39:12,0,0
14478,2024-05-05 07:39:24,0,0
14479,2024-05-05 07:39:36,0,0
14480,2024-05-05 07:39:48,0,0
14481,2024-05-05 07:40:00,0,0
14482,2024-05-05 07:40:12,0,0
14483,2024-05-05 07:40:24,0,0
14484,2024-05-05 07:40:36,0,0
14485,2024-05-05 07:40:48,0,0
14486,2024-05-05 07:41:00,0,0
14487,2024-05-05 07:41:12,0,0
14488,2024-05-05 07:41:24,0,0
14489,2024-05-05 07:41:36,0,0
14490,2024-05-05 07:41:48,0,0
14491,2024-05-05 07:42:00,0,0
14492,2024-05-05 07:42:12,0,0
14493,2024-05-05 07:42:24,0,0
14494,2024-05-05 07:42:36,0,0
14495,2024-05-05 07:42:48,0,0
14496,2024-05-05 07:43:00,0,0
14497,2024-05-05 07:43:12,0,0
14498,2024-05-05 07:43:24,0,0
14499,2024-05-05 07:43:36,0,0
14500,2024-05-05 07:43:48,0,0
14501,2024-05-05 07:44:00,0,0
14502,2024-05-05 07:44:12,0,0
14503,2024-05-05 07:44:24,0,0
14504,2024-05-05 07:44:36,0,0
14505,2024-05-05 07:44:48,0,0
14506,2024-05-05 07:45:00,0,0
14507,2024-05-05 07:45:12,0,0
14508,2024-05-05 07:45:24,0,0
14509,2024-05-05 07:45:36,0,0
14510,2024-05-05 07:45:48,0,0
14511,2024-05-05 07:46:00,0,0
14512,2024-05-05 07:46:12,0,0
14513,2024-05-05 07:46:24,0,0
14514,2024-05-05 07:46:36,0,0
14515,2024-05-05 07:46:48,0,0
14516,2024-05-05 07:47:00,0,0
14517,2024-05-05 07:47:12,0,0
14518,2024-05-05 07:47:24,0,0
14519,2024-05-05 07:47:36,0,0
14520,2024-05-05 07:47:48,0,0
14521,2024-05-05 07:48:00,0,0
14522,2024-05-05 07:48:12,0,0
14523,2024-05-05 07:48:24,0,0
14524,2024-05-05 07:48:36,0,0
14525,2024-05-05 07:48:48,0,0
14526,2024-05-05 07:49:00,0,0
14527,2024-05-05 07:49:12,0,0
14528,2024-05-05 07:49:24,0,0
14529,2024-05-05 07:49:36,0,0
14530,2024-05-05 07:49:48,0,0
14531,2024-05-05 07:50:00,0,0
14532,2024-05-05 07:50:12,0,0
14533,2024-05-05 07:50:24,0,0
14534,2024-05-05 07:50:36,0,0
14535,2024-05-05 07:50:48,0,0
14536,2024-05-05 07:51:00,0,0
14537,2024-05-05 07:51:12,0,0
14538,2024-05-05 07:51:24,0,0
14539,2024-05-05 07:51:36,0,0
14540,2024-05-05 07:51:48,0,0
14541,2024-05-05 07:52:00,0,0
14542,2024-05-05 07:52:12,0,0
14543,2024-05-05 07:52:24,0,0
14544,2024-05-05 07:52:36,0,0
14545,2024-05-05 07:52:48,0,0
14546,2024-05-05 07:53:00,0,0
14547,2024-05-05 07:53:12,0,0
14548,2024-05-05 07:53:24,0,0
14549,2024-05-05 07:53:36,0,0
14550,2024-05-05 07:53:48,0,0
14551,2024-05-05 07:54:00,0,0
14552,2024-05-05 07:54:12,0,0
14553,2024-05-05 07:54:24,0,0
14554,2024-05-05 07:54:36,0,0
14555,2024-05-05 07:54:48,0,0
14556,2024-05-05 07:55:00,0,0
14557,2024-05-05 07:55:12,0,0
14558,2024-05-05 07:55:24,0,0
14559,2024-05-05 07:55:36,0,0
14560,2024-05-05 07:55:48,0,0
14561,2024-05-05 07:56:00,0,0
14562,2024-05-05 07:56:12,0,0
14563,2024-05-05 07:56:24,0,0
14564,2024-05-05 07:56:36,0,0
14565,2024-05-05 07:56:48,0,0
14566,2024-05-05 07:57:00,0,0
14567,2024-05-05 07:57:12,0,0
14568,2024-05-05 07:57:24,0,0
14569,2024-05-05 07:57:36,0,0
14570,2024-05-05 07:57:48,0,0
14571,2024-05-05 07:58:00,0,0
14572,2024-05-05 07:58:12,0,0
14573,2024-05-05 07:58:24,0,0
14574,2024-05-05 07:58:36,0,0
14575,2024-05-05 07:58:48,0,0
14576,2024-05-05 07:59:00,0,0
14577,2024-05-05 07:59:12,0,0
14578,2024-05-05 07:59:24,0,0
14579,2024-05-05 07:59:36,0,0
14580,2024-05-05 07:59:48,0,0
14581,2024-05-05 08:00:00,0,0
14582,2024-05-05 08:00:12,0,0
14583,2024-05-05 08:00:24,0,0
14584,2024-05-05 08:00:36,0,0
14585,2024-05-05 08:00:48,0,0
14586,2024-05-05 08:01:00,0,0
14587,2024-05-05 08:01:12,0,0
14588,2024-05-05 08:01:24,0,0
14589,2024-05-05 08:01:36,0,0
14590,2024-05-05 08:01:48,0,0
14591,2024-05-05 08:02:00,0,0
14592,2024-05-05 08:02:12,0,0
14593,2024-05-05 08:02:24,0,0
14594,2024-05-05 08:02:36,0,0
14595,2024-05-05 08:02:48,0,0
14596,2024-05-05 08:03:00,0,0
14597,2024-05-05 08:03:12,0,0
14598,2024-05-05 08:03:24,0,0
14599,2024-05-05 08:03:36,0,0
14600,2024-05-05 08:03:48,0,0
14601,2024-05-05 08:04:00,0,0
14602,2024-05-05 08:04:12,0,0
14603,2024-05-05 08:04:24,0,0
14604,2024-05-05 08:04:36,0,0
14605,2024-05-05 08:04:48,0,0
14606,2024-05-05 08:05:00,0,0
14607,2024-05-05 08:05:12,0,0
14608,2024-05-05 08:05:24,0,0
14609,2024-05-05 08:05:36,0,0
14610,2024-05-05 08:05:48,0,0
14611,2024-05-05 08:06:00,0,0
14612,2024-05-05 08:06:12,0,0
14613,2024-05-05 08:06:24,0,0
14614,2024-05-05 08:06:36,0,0
14615,2024-05-05 08:06:48,0,0
14616,2024-05-05 08:07:00,0,0
14617,2024-05-05 08:07:12,0,0
14618,2024-05-05 08:07:24,0,0
14619,2024-05-05 08:07:36,0,0
14620,2024-05-05 08:07:48,0,0
14621,2024-05-05 08:08:00,0,0
14622,2024-05-05 08:08:12,0,0
14623,2024-05-05 08:08:24,0,0
14624,2024-05-05 08:08:36,0,0
14625,2024-05-05 08:08:48,0,0
14626,2024-05-05 08:09:00,0,0
14627,2024-05-05 08:09:12,0,0
14628,2024-05-05 08:09:24,0,0
14629,2024-05-05 08:09:36,0,0
14630,2024-05-05 08:09:48,0,0
14631,2024-05-05 08:10:00,0,0
14632,2024-05-05 08:10:12,0,0
14633,2024-05-05 08:10:24,0,0
14634,2024-05-05 08:10:36,0,0
14635,2024-05-05 08:10:48,0,0
14636,2024-05-05 08:11:00,0,0
14637,2024-05-05 08:11:12,0,0
14638,2024-05-05 08:11:24,0,0
14639,2024-05-05 08:11:36,0,0
14640,2024-05-05 08:11:48,0,0
14641,2024-05-05 08:12:00,0,0
14642,2024-05-05 08:12:12,0,0
14643,2024-05-05 08:12:24,0,0
14644,2024-05-05 08:12:36,0,0
14645,2024-05-05 08:12:48,0,0
14646,2024-05-05 08:13:00,0,0
14647,2024-05-05 08:13:12,0,0
14648,2024-05-05 08:13:24,0,0
14649,2024-05-05 08:13:36,0,0
14650,2024-05-05 08:13:48,0,0
14651,2024-05-05 08:14:00,0,0
14652,2024-05-05 08:14:12,0,0
14653,2024-05-05 08:14:24,0,0
14654,2024-05-05 08:14:36,0,0
14655,2024-05-05 08:14:48,0,0
14656,2024-05-05 08:15:00,0,0
14657,2024-05-05 08:15:12,0,0
14658,2024-05-05 08:15:24,0,0
14659,2024-05-05 08:15:36,0,0
14660,2024-05-05 08:15:48,0,0
14661,2024-05-05 08:16:00,0,0
14662,2024-05-05 08:16:12,0,0
14663,2024-05-05 08:16:24,0,0
14664,2024-05-05 08:16:36,0,0
14665,2024-05-05 08:16:48,0,0
14666,2024-05-05 08:17:00,0,0
14667,2024-05-05 08:17:12,0,0
14668,2024-05-05 08:17:24,0,0
14669,2024-05-05 08:17:36,0,0
14670,2024-05-05 08:17:48,0,0
14671,2024-05-05 08:18:00,0,0
14672,2024-05-05 08:18:12,0,0
14673,2024-05-05 08:18:24,0,0
14674,2024-05-05 08:18:36,0,0
14675,2024-05-05 08:18:48,0,0
14676,2024-05-05 08:19:00,0,0
14677,2024-05-05 08:19:12,0,0
14678,2024-05-05 08:19:24,0,0
14679,2024-05-05 08:19:36,0,0
14680,2024-05-05 08:19:48,0,0
14681,2024-05-05 08:20:00,0,0
14682,2024-05-05 08:20:12,0,0
14683,2024-05-05 08:20:24,0,0
14684,2024-05-05 08:20:36,0,0
14685,2024-05-05 08:20:48,0,0
14686,2024-05-05 08:21:00,0,0
14687,2024-05-05 08:21:12,0,0
14688,2024-05-05 08:21:24,0,0
14689,2024-05-05 08:21:36,0,0
14690,2024-05-05 08:21:48,0,0
14691,2024-05-05 08:22:00,0,0
14692,2024-05-05 08:22:12,0,0
14693,2024-05-05 08:22:24,0,0
14694,2024-05-05 08:22:36,0,0
14695,2024-05-05 08:22:48,0,0
14696,2024-05-05 08:23:00,0,0
14697,2024-05-05 08:23:12,0,0
14698,2024-05-05 08:23:24,0,0
14699,2024-05-05 08:23:36,0,0
14700,2024-05-05 08:23:48,0,0
14701,2024-05-05 08:24:00,0,0
14702,2024-05-05 08:24:12,0,0
14703,2024-05-05 08:24:24,0,0
14704,2024-05-05 08:24:36,0,0
14705,2024-05-05 08:24:48,0,0
14706,2024-05-05 08:25:00,0,0
14707,2024-05-05 08:25:12,0,0
14708,2024-05-05 08:25:24,0,0
14709,2024-05-05 08:25:36,0,0
14710,2024-05-05 08:25:48,0,0
14711,2024-05-05 08:26:00,0,0
14712,2024-05-05 08:26:12,0,0
14713,2024-05-05 08:26:24,0,0
14714,2024-05-05 08:26:36,0,0
14715,2024-05-05 08:26:48,0,0
14716,2024-05-05 08:27:00,0,0
14717,2024-05-05 08:27:12,0,0
14718,2024-05-05 08:27:24,0,0
14719,2024-05-05 08:27:36,0,0
14720,2024-05-05 08:27:48,0,0
14721,2024-05-05 08:28:00,0,0
14722,2024-05-05 08:28:12,0,0
14723,2024-05-05 08:28:24,0,0
14724,2024-05-05 08:28:36,0,0
14725,2024-05-05 08:28:48,0,0
14726,2024-05-05 08:29:00,0,0
14727,2024-05-05 08:29:12,0,0
14728,2024-05-05 08:29:24,0,0
14729,2024-05-05 08:29:36,0,0
14730,2024-05-05 08:29:48,0,0
14731,2024-05-05 08:30:00,0,0
14732,2024-05-05 08:30:12,0,0
14733,2024-05-05 08:30:24,0,0
14734,2024-05-05 08:30:36,0,0
14735,2024-05-05 08:30:48,0,0
14736,2024-05-05 08:31:00,0,0
14737,2024-05-05 08:31:12,0,0
14738,2024-05-05 08:31:24,0,0
14739,2024-05-05 08:31:36,0,0
14740,2024-05-05 08:31:48,0,0
14741,2024-05-05 08:32:00,0,0
14742,2024-05-05 08:32:12,0,0
14743,2024-05-05 08:32:24,0,0
14744,2024-05-05 08:32:36,0,0
14745,2024-05-05 08:32:48,0,0
14746,2024-05-05 08:33:00,0,0
14747,2024-05-05 08:33:12,0,0
14748,2024-05-05 08:33:24,0,0
14749,2024-05-05 08:33:36,0,0
14750,2024-05-05 08:33:48,0,0
14751,2024-05-05 08:34:00,0,0
14752,2024-05-05 08:34:12,0,0
14753,2024-05-05 08:34:24,0,0
14754,2024-05-05 08:34:36,0,0
14755,2024-05-05 08:34:48,0,0
14756,2024-05-05 08:35:00,0,0
14757,2024-05-05 08:35:12,0,0
14758,2024-05-05 08:35:24,0,0
14759,2024-05-05 08:35:36,0,0
14760,2024-05-05 08:35:48,0,0
14761,2024-05-05 08:36:00,0,0
14762,2024-05-05 08:36:12,0,0
14763,2024-05-05 08:36:24,0,0
14764,2024-05-05 08:36:36,0,0
14765,2024-05-05 08:36:48,0,0
14766,2024-05-05 08:37:00,0,0
14767,2024-05-05 08:37:12,0,0
14768,2024-05-05 08:37:24,0,0
14769,2024-05-05 08:37:36,0,0
14770,2024-05-05 08:37:48,0,0
14771,2024-05-05 08:38:00,0,0
14772,2024-05-05 08:38:12,0,0
14773,2024-05-05 08:38:24,0,0
14774,2024-05-05 08:38:36,0,0
14775,2024-05-05 08:38:48,0,0
14776,2024-05-05 08:39:00,0,0
14777,2024-05-05 08:39:12,0,0
14778,2024-05-05 08:39:24,0,0
14779,2024-05-05 08:39:36,0,0
14780,2024-05-05 08:39:48,0,0
14781,2024-05-05 08:40:00,0,0
14782,2024-05-05 08:40:12,0,0
14783,2024-05-05 08:40:24,0,0
14784,2024-05-05 08:40:36,0,0
14785,2024-05-05 08:40:48,0,0
14786,2024-05-05 08:41:00,0,0
14787,2024-05-05 08:41:12,0,0
14788,2024-05-05 08:41:24,0,0
14789,2024-05-05 08:41:36,0,0
14790,2024-05-05 08:41:48,0,0
14791,2024-05-05 08:42:00,0,0
14792,2024-05-05 08:42:12,0,0
14793,2024-05-05 08:42:24,0,0
14794,2024-05-05 08:42:36,0,0
14795,2024-05-05 08:42:48,0,0
14796,2024-05-05 08:43:00,0,0
14797,2024-05-05 08:43:12,0,0
14798,2024-05-05 08:43:24,0,0
14799,2024-05-05 08:43:36,0,0
14800,2024-05-05 08:43:48,0,0
14801,2024-05-05 08:44:00,0,0
14802,2024-05-05 08:44:12,0,0
14803,2024-05-05 08:44:24,0,0
14804,2024-05-05 08:44:36,0,0
14805,2024-05-05 08:44:48,0,0
14806,2024-05-05 08:45:00,0,0
14807,2024-05-05 08:45:12,0,0
14808,2024-05-05 08:45:24,0,0
14809,2024-05-05 08:45:36,0,0
14810,2024-05-05 08:45:48,0,0
14811,2024-05-05 08:46:00,0,0
14812,2024-05-05 08:46:12,0,0
14813,2024-05-05 08:46:24,0,0
14814,2024-05-05 08:46:36,0,0
14815,2024-05-05 08:46:48,0,0
14816,2024-05-05 08:47:00,0,0
14817,2024-05-05 08:47:12,0,0
14818,2024-05-05 08:47:24,0,0
14819,2024-05-05 08:47:36,0,0
14820,2024-05-05 08:47:48,0,0
14821,2024-05-05 08:48:00,0,0
14822,2024-05-05 08:48:12,0,0
14823,2024-05-05 08:48:24,0,0
14824,2024-05-05 08:48:36,0,0
14825,2024-05-05 08:48:48,0,0
14826,2024-05-05 08:49:00,0,0
14827,2024-05-05 08:49:12,0,0
14828,2024-05-05 08:49:24,0,0
14829,2024-05-05 08:49:36,0,0
14830,2024-05-05 08:49:48,0,0
14831,2024-05-05 08:50:00,0,0
14832,2024-05-05 08:50:12,0,0
14833,2024-05-05 08:50:24,0,0
14834,2024-05-05 08:50:36,0,0
14835,2024-05-05 08:50:48,0,0
14836,2024-05-05 08:51:00,0,0
14837,2024-05-05 08:51:12,0,0
14838,2024-05-05 08:51:24,0,0
14839,2024-05-05 08:51:36,0,0
14840,2024-05-05 08:51:48,0,0
14841,2024-05-05 08:52:00,0,0
14842,2024-05-05 08:52:12,0,0
14843,2024-05-05 08:52:24,0,0
14844,2024-05-05 08:52:36,0,0
14845,2024-05-05 08:52:48,0,0
14846,2024-05-05 08:53:00,0,0
14847,2024-05-05 08:53:12,0,0
14848,2024-05-05 08:53:24,0,0
14849,2024-05-05 08:53:36,0,0
14850,2024-05-05 08:53:48,0,0
14851,2024-05-05 08:54:00,0,0
14852,2024-05-05 08:54:12,0,0
14853,2024-05-05 08:54:24,0,0
14854,2024-05-05 08:54:36,0,0
14855,2024-05-05 08:54:48,0,0
14856,2024-05-05 08:55:00,0,0
14857,2024-05-05 08:55:12,0,0
14858,2024-05-05 08:55:24,0,0
14859,2024-05-05 08:55:36,0,0
14860,2024-05-05 08:55:48,0,0
14861,2024-05-05 08:56:00,0,0
14862,2024-05-05 08:56:12,0,0
14863,2024-05-05 08:56:24,0,0
14864,2024-05-05 08:56:36,0,0
14865,2024-05-05 08:56:48,0,0
14866,2024-05-05 08:57:00,0,0
14867,2024-05-05 08:57:12,0,0
14868,2024-05-05 08:57:24,0,0
14869,2024-05-05 08:57:36,0,0
14870,2024-05-05 08:57:48,0,0
14871,2024-05-05 08:58:00,0,0
14872,2024-05-05 08:58:12,0,0
14873,2024-05-05 08:58:24,0,0
14874,2024-05-05 08:58:36,0,0
14875,2024-05-05 08:58:48,0,0
14876,2024-05-05 08:59:00,0,0
14877,2024-05-05 08:59:12,0,0
14878,2024-05-05 08:59:24,0,0
14879,2024-05-05 08:59:36,0,0
14880,2024-05-05 08:59:48,0,0
14881,2024-05-05 09:00:00,0,0
14882,2024-05-05 09:00:12,0,0
14883,2024-05-05 09:00:24,0,0
14884,2024-05-05 09:00:36,0,0
14885,2024-05-05 09:00:48,0,0
14886,2024-05-05 09:01:00,0,0
14887,2024-05-05 09:01:12,0,0
14888,2024-05-05 09:01:24,0,0
14889,2024-05-05 09:01:36,0,0
14890,2024-05-05 09:01:48,0,0
14891,2024-05-05 09:02:00,0,0
14892,2024-05-05 09:02:12,0,0
14893,2024-05-05 09:02:24,0,0
14894,2024-05-05 09:02:36,0,0
14895,2024-05-05 09:02:48,0,0
14896,2024-05-05 09:03:00,0,0
14897,2024-05-05 09:03:12,0,0
14898,2024-05-05 09:03:24,0,0
14899,2024-05-05 09:03:36,0,0
14900,2024-05-05 09:03:48,0,0
14901,2024-05-05 09:04:00,0,0
14902,2024-05-05 09:04:12,0,0
14903,2024-05-05 09:04:24,0,0
14904,2024-05-05 09:04:36,0,0
14905,2024-05-05 09:04:48,0,0
14906,2024-05-05 09:05:00,0,0
14907,2024-05-05 09:05:12,0,0
14908,2024-05-05 09:05:24,0,0
14909,2024-05-05 09:05:36,0,0
14910,2024-05-05 09:05:48,0,0
14911,2024-05-05 09:06:00,0,0
14912,2024-05-05 09:06:12,0,0
14913,2024-05-05 09:06:24,0,0
14914,2024-05-05 09:06:36,0,0
14915,2024-05-05 09:06:48,0,0
14916,2024-05-05 09:07:00,0,0
14917,2024-05-05 09:07:12,0,0
14918,2024-05-05 09:07:24,0,0
14919,2024-05-05 09:07:36,0,0
14920,2024-05-05 09:07:48,0,0
14921,2024-05-05 09:08:00,0,0
14922,2024-05-05 09:08:12,0,0
14923,2024-05-05 09:08:24,0,0
14924,2024-05-05 09:08:36,0,0
14925,2024-05-05 09:08:48,0,0
14926,2024-05-05 09:09:00,0,0
14927,2024-05-05 09:09:12,0,0
14928,2024-05-05 09:09:24,0,0
14929,2024-05-05 09:09:36,0,0
14930,2024-05-05 09:09:48,0,0
14931,2024-05-05 09:10:00,0,0
14932,2024-05-05 09:10:12,0,0
14933,2024-05-05 09:10:24,0,0
14934,2024-05-05 09:10:36,0,0
14935,2024-05-05 09:10:48,0,0
14936,2024-05-05 09:11:00,0,0
14937,2024-05-05 09:11:12,0,0
14938,2024-05-05 09:11:24,0,0
14939,2024-05-05 09:11:36,0,0
14940,2024-05-05 09:11:48,0,0
14941,2024-05-05 09:12:00,0,0
14942,2024-05-05 09:12:12,0,0
14943,2024-05-05 09:12:24,0,0
14944,2024-05-05 09:12:36,0,0
14945,2024-05-05 09:12:48,0,0
14946,2024-05-05 09:13:00,0,0
14947,2024-05-05 09:13:12,0,0
14948,2024-05-05 09:13:24,0,0
14949,2024-05-05 09:13:36,0,0
14950,2024-05-05 09:13:48,0,0
14951,2024-05-05 09:14:00,0,0
14952,2024-05-05 09:14:12,0,0
14953,2024-05-05 09:14:24,0,0
14954,2024-05-05 09:14:36,0,0
14955,2024-05-05 09:14:48,0,0
14956,2024-05-05 09:15:00,0,0
14957,2024-05-05 09:15:12,0,0
14958,2024-05-05 09:15:24,0,0
14959,2024-05-05 09:15:36,0,0
14960,2024-05-05 09:15:48,0,0
14961,2024-05-05 09:16:00,0,0
14962,2024-05-05 09:16:12,0,0
14963,2024-05-05 09:16:24,0,0
14964,2024-05-05 09:16:36,0,0
14965,2024-05-05 09:16:48,0,0
14966,2024-05-05 09:17:00,0,0
14967,2024-05-05 09:17:12,0,0
14968,2024-05-05 09:17:24,0,0
14969,2024-05-05 09:17:36,0,0
14970,2024-05-05 09:17:48,0,0
14971,2024-05-05 09:18:00,0,0
14972,2024-05-05 09:18:12,0,0
14973,2024-05-05 09:18:24,0,0
14974,2024-05-05 09:18:36,0,0
14975,2024-05-05 09:18:48,0,0
14976,2024-05-05 09:19:00,0,0
14977,2024-05-05 09:19:12,0,0
14978,2024-05-05 09:19:24,0,0
14979,2024-05-05 09:19:36,0,0
14980,2024-05-05 09:19:48,0,0
14981,2024-05-05 09:20:00,0,0
14982,2024-05-05 09:20:12,0,0
14983,2024-05-05 09:20:24,0,0
14984,2024-05-05 09:20:36,0,0
14985,2024-05-05 09:20:48,0,0
14986,2024-05-05 09:21:00,0,0
14987,2024-05-05 09:21:12,0,0
14988,2024-05-05 09:21:24,0,0
14989,2024-05-05 09:21:36,0,0
14990,2024-05-05 09:21:48,0,0
14991,2024-05-05 09:22:00,0,0
14992,2024-05-05 09:22:12,0,0
14993,2024-05-05 09:22:24,0,0
14994,2024-05-05 09:22:36,0,0
14995,2024-05-05 09:22:48,0,0
14996,2024-05-05 09:23:00,0,0
14997,2024-05-05 09:23:12,0,0
14998,2024-05-05 09:23:24,0,0
14999,2024-05-05 09:23:36,0,0
15000,2024-05-05 09:23:48,0,0
15001,2024-05-05 09:24:00,0,0
15002,2024-05-05 09:24:12,0,0
15003,2024-05-05 09:24:24,0,0
15004,2024-05-05 09:24:36,0,0
15005,2024-05-05 09:24:48,0,0
15006,2024-05-05 09:25:00,0,0
15007,2024-05-05 09:25:12,0,0
15008,2024-05-05 09:25:24,0,0
15009,2024-05-05 09:25:36,0,0
15010,2024-05-05 09:25:48,0,0
15011,2024-05-05 09:26:00,0,0
15012,2024-05-05 09:26:12,0,0
15013,2024-05-05 09:26:24,0,0
15014,2024-05-05 09:26:36,0,0
15015,2024-05-05 09:26:48,0,0
15016,2024-05-05 09:27:00,0,0
15017,2024-05-05 09:27:12,0,0
15018,2024-05-05 09:27:24,0,0
15019,2024-05-05 09:27:36,0,0
15020,2024-05-05 09:27:48,0,0
15021,2024-05-05 09:28:00,0,0
15022,2024-05-05 09:28:12,0,0
15023,2024-05-05 09:28:24,0,0
15024,2024-05-05 09:28:36,0,0
15025,2024-05-05 09:28:48,0,0
15026,2024-05-05 09:29:00,0,0
15027,2024-05-05 09:29:12,0,0
15028,2024-05-05 09:29:24,0,0
15029,2024-05-05 09:29:36,0,0
15030,2024-05-05 09:29:48,0,0
15031,2024-05-05 09:30:00,0,0
15032,2024-05-05 09:30:12,0,0
15033,2024-05-05 09:30:24,0,0
15034,2024-05-05 09:30:36,0,0
15035,2024-05-05 09:30:48,0,0
15036,2024-05-05 09:31:00,0,0
15037,2024-05-05 09:31:12,0,0
15038,2024-05-05 09:31:24,0,0
15039,2024-05-05 09:31:36,0,0
15040,2024-05-05 09:31:48,0,0
15041,2024-05-05 09:32:00,0,0
15042,2024-05-05 09:32:12,0,0
15043,2024-05-05 09:32:24,0,0
15044,2024-05-05 09:32:36,0,0
15045,2024-05-05 09:32:48,0,0
15046,2024-05-05 09:33:00,0,0
15047,2024-05-05 09:33:12,0,0
15048,2024-05-05 09:33:24,0,0
15049,2024-05-05 09:33:36,0,0
15050,2024-05-05 09:33:48,0,0
15051,2024-05-05 09:34:00,0,0
15052,2024-05-05 09:34:12,0,0
15053,2024-05-05 09:34:24,0,0
15054,2024-05-05 09:34:36,0,0
15055,2024-05-05 09:34:48,0,0
15056,2024-05-05 09:35:00,0,0
15057,2024-05-05 09:35:12,0,0
15058,2024-05-05 09:35:24,0,0
15059,2024-05-05 09:35:36,0,0
15060,2024-05-05 09:35:48,0,0
15061,2024-05-05 09:36:00,0,0
15062,2024-05-05 09:36:12,0,0
15063,2024-05-05 09:36:24,0,0
15064,2024-05-05 09:36:36,0,0
15065,2024-05-05 09:36:48,0,0
15066,2024-05-05 09:37:00,0,0
15067,2024-05-05 09:37:12,0,0
15068,2024-05-05 09:37:24,0,0
15069,2024-05-05 09:37:36,0,0
15070,2024-05-05 09:37:48,0,0
15071,2024-05-05 09:38:00,0,0
15072,2024-05-05 09:38:12,0,0
15073,2024-05-05 09:38:24,0,0
15074,2024-05-05 09:38:36,0,0
15075,2024-05-05 09:38:48,0,0
15076,2024-05-05 09:39:00,0,0
15077,2024-05-05 09:39:12,0,0
15078,2024-05-05 09:39:24,0,0
15079,2024-05-05 09:39:36,0,0
15080,2024-05-05 09:39:48,0,0
15081,2024-05-05 09:40:00,0,0
15082,2024-05-05 09:40:12,0,0
15083,2024-05-05 09:40:24,0,0
15084,2024-05-05 09:40:36,0,0
15085,2024-05-05 09:40:48,0,0
15086,2024-05-05 09:41:00,0,0
15087,2024-05-05 09:41:12,0,0
15088,2024-05-05 09:41:24,0,0
15089,2024-05-05 09:41:36,0,0
15090,2024-05-05 09:41:48,0,0
15091,2024-05-05 09:42:00,0,0
15092,2024-05-05 09:42:12,0,0
15093,2024-05-05 09:42:24,0,0
15094,2024-05-05 09:42:36,0,0
15095,2024-05-05 09:42:48,0,0
15096,2024-05-05 09:43:00,0,0
15097,2024-05-05 09:43:12,0,0
15098,2024-05-05 09:43:24,0,0
15099,2024-05-05 09:43:36,0,0
15100,2024-05-05 09:43:48,0,0
15101,2024-05-05 09:44:00,0,0
15102,2024-05-05 09:44:12,0,0
15103,2024-05-05 09:44:24,0,0
15104,2024-05-05 09:44:36,0,0
15105,2024-05-05 09:44:48,0,0
15106,2024-05-05 09:45:00,0,0
15107,2024-05-05 09:45:12,0,0
15108,2024-05-05 09:45:24,0,0
15109,2024-05-05 09:45:36,0,0
15110,2024-05-05 09:45:48,0,0
15111,2024-05-05 09:46:00,0,0
15112,2024-05-05 09:46:12,0,0
15113,2024-05-05 09:46:24,0,0
15114,2024-05-05 09:46:36,0,0
15115,2024-05-05 09:46:48,0,0
15116,2024-05-05 09:47:00,0,0
15117,2024-05-05 09:47:12,0,0
15118,2024-05-05 09:47:24,0,0
15119,2024-05-05 09:47:36,0,0
15120,2024-05-05 09:47:48,0,0
15121,2024-05-05 09:48:00,0,0
15122,2024-05-05 09:48:12,0,0
15123,2024-05-05 09:48:24,0,0
15124,2024-05-05 09:48:36,0,0
15125,2024-05-05 09:48:48,0,0
15126,2024-05-05 09:49:00,0,0
15127,2024-05-05 09:49:12,0,0
15128,2024-05-05 09:49:24,0,0
15129,2024-05-05 09:49:36,0,0
15130,2024-05-05 09:49:48,0,0
15131,2024-05-05 09:50:00,0,0
15132,2024-05-05 09:50:12,0,0
15133,2024-05-05 09:50:24,0,0
15134,2024-05-05 09:50:36,0,0
15135,2024-05-05 09:50:48,0,0
15136,2024-05-05 09:51:00,0,0
15137,2024-05-05 09:51:12,0,0
15138,2024-05-05 09:51:24,0,0
15139,2024-05-05 09:51:36,0,0
15140,2024-05-05 09:51:48,0,0
15141,2024-05-05 09:52:00,0,0
15142,2024-05-05 09:52:12,0,0
15143,2024-05-05 09:52:24,0,0
15144,2024-05-05 09:52:36,0,0
15145,2024-05-05 09:52:48,0,0
15146,2024-05-05 09:53:00,0,0
15147,2024-05-05 09:53:12,0,0
15148,2024-05-05 09:53:24,0,0
15149,2024-05-05 09:53:36,0,0
15150,2024-05-05 09:53:48,0,0
15151,2024-05-05 09:54:00,0,0
15152,2024-05-05 09:54:12,0,0
15153,2024-05-05 09:54:24,0,0
15154,2024-05-05 09:54:36,0,0
15155,2024-05-05 09:54:48,0,0
15156,2024-05-05 09:55:00,0,0
15157,2024-05-05 09:55:12,0,0
15158,2024-05-05 09:55:24,0,0
15159,2024-05-05 09:55:36,0,0
15160,2024-05-05 09:55:48,0,0
15161,2024-05-05 09:56:00,0,0
15162,2024-05-05 09:56:12,0,0
15163,2024-05-05 09:56:24,0,0
15164,2024-05-05 09:56:36,0,0
15165,2024-05-05 09:56:48,0,0
15166,2024-05-05 09:57:00,0,0
15167,2024-05-05 09:57:12,0,0
15168,2024-05-05 09:57:24,0,0
15169,2024-05-05 09:57:36,0,0
15170,2024-05-05 09:57:48,0,0
15171,2024-05-05 09:58:00,0,0
15172,2024-05-05 09:58:12,0,0
15173,2024-05-05 09:58:24,0,0
15174,2024-05-05 09:58:36,0,0
15175,2024-05-05 09:58:48,0,0
15176,2024-05-05 09:59:00,0,0
15177,2024-05-05 09:59:12,0,0
15178,2024-05-05 09:59:24,0,0
15179,2024-05-05 09:59:36,0,0
15180,2024-05-05 09:59:48,0,0
15181,2024-05-05 10:00:00,0,0
15182,2024-05-05 10:00:12,0,0
15183,2024-05-05 10:00:24,0,0
15184,2024-05-05 10:00:36,0,0
15185,2024-05-05 10:00:48,0,0
15186,2024-05-05 10:01:00,0,0
15187,2024-05-05 10:01:12,0,0
15188,2024-05-05 10:01:24,0,0
15189,2024-05-05 10:01:36,0,0
15190,2024-05-05 10:01:48,0,0
15191,2024-05-05 10:02:00,0,0
15192,2024-05-05 10:02:12,0,0
15193,2024-05-05 10:02:24,0,0
15194,2024-05-05 10:02:36,0,0
15195,2024-05-05 10:02:48,0,0
15196,2024-05-05 10:03:00,0,0
15197,2024-05-05 10:03:12,0,0
15198,2024-05-05 10:03:24,0,0
15199,2024-05-05 10:03:36,0,0
15200,2024-05-05 10:03:48,0,0
15201,2024-05-05 10:04:00,0,0
15202,2024-05-05 10:04:12,0,0
15203,2024-05-05 10:04:24,0,0
15204,2024-05-05 10:04:36,0,0
15205,2024-05-05 10:04:48,0,0
15206,2024-05-05 10:05:00,0,0
15207,2024-05-05 10:05:12,0,0
15208,2024-05-05 10:05:24,0,0
15209,2024-05-05 10:05:36,0,0
15210,2024-05-05 10:05:48,0,0
15211,2024-05-05 10:06:00,0,0
15212,2024-05-05 10:06:12,0,0
15213,2024-05-05 10:06:24,0,0
15214,2024-05-05 10:06:36,0,0
15215,2024-05-05 10:06:48,0,0
15216,2024-05-05 10:07:00,0,0
15217,2024-05-05 10:07:12,0,0
15218,2024-05-05 10:07:24,0,0
15219,2024-05-05 10:07:36,0,0
15220,2024-05-05 10:07:48,0,0
15221,2024-05-05 10:08:00,0,0
15222,2024-05-05 10:08:12,0,0
15223,2024-05-05 10:08:24,0,0
15224,2024-05-05 10:08:36,0,0
15225,2024-05-05 10:08:48,0,0
15226,2024-05-05 10:09:00,0,0
15227,2024-05-05 10:09:12,0,0
15228,2024-05-05 10:09:24,0,0
15229,2024-05-05 10:09:36,0,0
15230,2024-05-05 10:09:48,0,0
15231,2024-05-05 10:10:00,0,0
15232,2024-05-05 10:10:12,0,0
15233,2024-05-05 10:10:24,0,0
15234,2024-05-05 10:10:36,0,0
15235,2024-05-05 10:10:48,0,0
15236,2024-05-05 10:11:00,0,0
15237,2024-05-05 10:11:12,0,0
15238,2024-05-05 10:11:24,0,0
15239,2024-05-05 10:11:36,0,0
15240,2024-05-05 10:11:48,0,0
15241,2024-05-05 10:12:00,0,0
15242,2024-05-05 10:12:12,0,0
15243,2024-05-05 10:12:24,0,0
15244,2024-05-05 10:12:36,0,0
15245,2024-05-05 10:12:48,0,0
15246,2024-05-05 10:13:00,0,0
15247,2024-05-05 10:13:12,0,0
15248,2024-05-05 10:13:24,0,0
15249,2024-05-05 10:13:36,0,0
15250,2024-05-05 10:13:48,0,0
15251,2024-05-05 10:14:00,0,0
15252,2024-05-05 10:14:12,0,0
15253,2024-05-05 10:14:24,0,0
15254,2024-05-05 10:14:36,0,0
15255,2024-05-05 10:14:48,0,0
15256,2024-05-05 10:15:00,0,0
15257,2024-05-05 10:15:12,0,0
15258,2024-05-05 10:15:24,0,0
15259,2024-05-05 10:15:36,0,0
15260,2024-05-05 10:15:48,0,0
15261,2024-05-05 10:16:00,0,0
15262,2024-05-05 10:16:12,0,0
15263,2024-05-05 10:16:24,0,0
15264,2024-05-05 10:16:36,0,0
15265,2024-05-05 10:16:48,0,0
15266,2024-05-05 10:17:00,0,0
15267,2024-05-05 10:17:12,0,0
15268,2024-05-05 10:17:24,0,0
15269,2024-05-05 10:17:36,0,0
15270,2024-05-05 10:17:48,0,0
15271,2024-05-05 10:18:00,0,0
15272,2024-05-05 10:18:12,0,0
15273,2024-05-05 10:18:24,0,0
15274,2024-05-05 10:18:36,0,0
15275,2024-05-05 10:18:48,0,0
15276,2024-05-05 10:19:00,0,0
15277,2024-05-05 10:19:12,0,0
15278,2024-05-05 10:19:24,0,0
15279,2024-05-05 10:19:36,0,0
15280,2024-05-05 10:19:48,0,0
15281,2024-05-05 10:20:00,0,0
15282,2024-05-05 10:20:12,0,0
15283,2024-05-05 10:20:24,0,0
15284,2024-05-05 10:20:36,0,0
15285,2024-05-05 10:20:48,0,0
15286,2024-05-05 10:21:00,0,0
15287,2024-05-05 10:21:12,0,0
15288,2024-05-05 10:21:24,0,0
15289,2024-05-05 10:21:36,0,0
15290,2024-05-05 10:21:48,0,0
15291,2024-05-05 10:22:00,0,0
15292,2024-05-05 10:22:12,0,0
15293,2024-05-05 10:22:24,0,0
15294,2024-05-05 10:22:36,0,0
15295,2024-05-05 10:22:48,0,0
15296,2024-05-05 10:23:00,0,0
15297,2024-05-05 10:23:12,0,0
15298,2024-05-05 10:23:24,0,0
15299,2024-05-05 10:23:36,0,0
15300,2024-05-05 10:23:48,0,0
15301,2024-05-05 10:24:00,0,0
15302,2024-05-05 10:24:12,0,0
15303,2024-05-05 10:24:24,0,0
15304,2024-05-05 10:24:36,0,0
15305,2024-05-05 10:24:48,0,0
15306,2024-05-05 10:25:00,0,0
15307,2024-05-05 10:25:12,0,0
15308,2024-05-05 10:25:24,0,0
15309,2024-05-05 10:25:36,0,0
15310,2024-05-05 10:25:48,0,0
15311,2024-05-05 10:26:00,0,0
15312,2024-05-05 10:26:12,0,0
15313,2024-05-05 10:26:24,0,0
15314,2024-05-05 10:26:36,0,0
15315,2024-05-05 10:26:48,0,0
15316,2024-05-05 10:27:00,0,0
15317,2024-05-05 10:27:12,0,0
15318,2024-05-05 10:27:24,0,0
15319,2024-05-05 10:27:36,0,0
15320,2024-05-05 10:27:48,0,0
15321,2024-05-05 10:28:00,0,0
15322,2024-05-05 10:28:12,0,0
15323,2024-05-05 10:28:24,0,0
15324,2024-05-05 10:28:36,0,0
15325,2024-05-05 10:28:48,0,0
15326,2024-05-05 10:29:00,0,0
15327,2024-05-05 10:29:12,0,0
15328,2024-05-05 10:29:24,0,0
15329,2024-05-05 10:29:36,0,0
15330,2024-05-05 10:29:48,0,0
15331,2024-05-05 10:30:00,0,0
15332,2024-05-05 10:30:12,0,0
15333,2024-05-05 10:30:24,0,0
15334,2024-05-05 10:30:36,0,0
15335,2024-05-05 10:30:48,0,0
15336,2024-05-05 10:31:00,0,0
15337,2024-05-05 10:31:12,0,0
15338,2024-05-05 10:31:24,0,0
15339,2024-05-05 10:31:36,0,0
15340,2024-05-05 10:31:48,0,0
15341,2024-05-05 10:32:00,0,0
15342,2024-05-05 10:32:12,0,0
15343,2024-05-05 10:32:24,0,0
15344,2024-05-05 10:32:36,0,0
15345,2024-05-05 10:32:48,0,0
15346,2024-05-05 10:33:00,0,0
15347,2024-05-05 10:33:12,0,0
15348,2024-05-05 10:33:24,0,0
15349,2024-05-05 10:33:36,0,0
15350,2024-05-05 10:33:48,0,0
15351,2024-05-05 10:34:00,0,0
15352,2024-05-05 10:34:12,0,0
15353,2024-05-05 10:34:24,0,0
15354,2024-05-05 10:34:36,0,0
15355,2024-05-05 10:34:48,0,0
15356,2024-05-05 10:35:00,0,0
15357,2024-05-05 10:35:12,0,0
15358,2024-05-05 10:35:24,0,0
15359,2024-05-05 10:35:36,0,0
15360,2024-05-05 10:35:48,0,0
15361,2024-05-05 10:36:00,0,0
15362,2024-05-05 10:36:12,0,0
15363,2024-05-05 10:36:24,0,0
15364,2024-05-05 10:36:36,0,0
15365,2024-05-05 10:36:48,0,0
15366,2024-05-05 10:37:00,0,0
15367,2024-05-05 10:37:12,0,0
15368,2024-05-05 10:37:24,0,0
15369,2024-05-05 10:37:36,0,0
15370,2024-05-05 10:37:48,0,0
15371,2024-05-05 10:38:00,0,0
15372,2024-05-05 10:38:12,0,0
15373,2024-05-05 10:38:24,0,0
15374,2024-05-05 10:38:36,0,0
15375,2024-05-05 10:38:48,0,0
15376,2024-05-05 10:39:00,0,0
15377,2024-05-05 10:39:12,0,0
15378,2024-05-05 10:39:24,0,0
15379,2024-05-05 10:39:36,0,0
15380,2024-05-05 10:39:48,0,0
15381,2024-05-05 10:40:00,0,0
15382,2024-05-05 10:40:12,0,0
15383,2024-05-05 10:40:24,0,0
15384,2024-05-05 10:40:36,0,0
15385,2024-05-05 10:40:48,0,0
15386,2024-05-05 10:41:00,0,0
15387,2024-05-05 10:41:12,0,0
15388,2024-05-05 10:41:24,0,0
15389,2024-05-05 10:41:36,0,0
15390,2024-05-05 10:41:48,0,0
15391,2024-05-05 10:42:00,0,0
15392,2024-05-05 10:42:12,0,0
15393,2024-05-05 10:42:24,0,0
15394,2024-05-05 10:42:36,0,0
15395,2024-05-05 10:42:48,0,0
15396,2024-05-05 10:43:00,0,0
15397,2024-05-05 10:43:12,0,0
15398,2024-05-05 10:43:24,0,0
15399,2024-05-05 10:43:36,0,0
15400,2024-05-05 10:43:48,0,0
15401,2024-05-05 10:44:00,0,0
15402,2024-05-05 10:44:12,0,0
15403,2024-05-05 10:44:24,0,0
15404,2024-05-05 10:44:36,0,0
15405,2024-05-05 10:44:48,0,0
15406,2024-05-05 10:45:00,0,0
15407,2024-05-05 10:45:12,0,0
15408,2024-05-05 10:45:24,0,0
15409,2024-05-05 10:45:36,0,0
15410,2024-05-05 10:45:48,0,0
15411,2024-05-05 10:46:00,0,0
15412,2024-05-05 10:46:12,0,0
15413,2024-05-05 10:46:24,0,0
15414,2024-05-05 10:46:36,0,0
15415,2024-05-05 10:46:48,0,0
15416,2024-05-05 10:47:00,0,0
15417,2024-05-05 10:47:12,0,0
15418,2024-05-05 10:47:24,0,0
15419,2024-05-05 10:47:36,0,0
15420,2024-05-05 10:47:48,0,0
15421,2024-05-05 10:48:00,0,0
15422,2024-05-05 10:48:12,0,0
15423,2024-05-05 10:48:24,0,0
15424,2024-05-05 10:48:36,0,0
15425,2024-05-05 10:48:48,0,0
15426,2024-05-05 10:49:00,0,0
15427,2024-05-05 10:49:12,0,0
15428,2024-05-05 10:49:24,0,0
15429,2024-05-05 10:49:36,0,0
15430,2024-05-05 10:49:48,0,0
15431,2024-05-05 10:50:00,0,0
15432,2024-05-05 10:50:12,0,0
15433,2024-05-05 10:50:24,0,0
15434,2024-05-05 10:50:36,0,0
15435,2024-05-05 10:50:48,0,0
15436,2024-05-05 10:51:00,0,0
15437,2024-05-05 10:51:12,0,0
15438,2024-05-05 10:51:24,0,0
15439,2024-05-05 10:51:36,0,0
15440,2024-05-05 10:51:48,0,0
15441,2024-05-05 10:52:00,0,0
15442,2024-05-05 10:52:12,0,0
15443,2024-05-05 10:52:24,0,0
15444,2024-05-05 10:52:36,0,0
15445,2024-05-05 10:52:48,0,0
15446,2024-05-05 10:53:00,0,0
15447,2024-05-05 10:53:12,0,0
15448,2024-05-05 10:53:24,0,0
15449,2024-05-05 10:53:36,0,0
15450,2024-05-05 10:53:48,0,0
15451,2024-05-05 10:54:00,0,0
15452,2024-05-05 10:54:12,0,0
15453,2024-05-05 10:54:24,0,0
15454,2024-05-05 10:54:36,0,0
15455,2024-05-05 10:54:48,0,0
15456,2024-05-05 10:55:00,0,0
15457,2024-05-05 10:55:12,0,0
15458,2024-05-05 10:55:24,0,0
15459,2024-05-05 10:55:36,0,0
15460,2024-05-05 10:55:48,0,0
15461,2024-05-05 10:56:00,0,0
15462,2024-05-05 10:56:12,0,0
15463,2024-05-05 10:56:24,0,0
15464,2024-05-05 10:56:36,0,0
15465,2024-05-05 10:56:48,0,0
15466,2024-05-05 10:57:00,0,0
15467,2024-05-05 10:57:12,0,0
15468,2024-05-05 10:57:24,0,0
15469,2024-05-05 10:57:36,0,0
15470,2024-05-05 10:57:48,0,0
15471,2024-05-05 10:58:00,0,0
15472,2024-05-05 10:58:12,0,0
15473,2024-05-05 10:58:24,0,0
15474,2024-05-05 10:58:36,0,0
15475,2024-05-05 10:58:48,0,0
15476,2024-05-05 10:59:00,0,0
15477,2024-05-05 10:59:12,0,0
15478,2024-05-05 10:59:24,0,0
15479,2024-05-05 10:59:36,0,0
15480,2024-05-05 10:59:48,0,0
15481,2024-05-05 11:00:00,0,0
15482,2024-05-05 11:00:12,0,0
15483,2024-05-05 11:00:24,0,0
15484,2024-05-05 11:00:36,0,0
15485,2024-05-05 11:00:48,0,0
15486,2024-05-05 11:01:00,0,0
15487,2024-05-05 11:01:12,0,0
15488,2024-05-05 11:01:24,0,0
15489,2024-05-05 11:01:36,0,0
15490,2024-05-05 11:01:48,0,0
15491,2024-05-05 11:02:00,0,0
15492,2024-05-05 11:02:12,0,0
15493,2024-05-05 11:02:24,0,0
15494,2024-05-05 11:02:36,0,0
15495,2024-05-05 11:02:48,0,0
15496,2024-05-05 11:03:00,0,0
15497,2024-05-05 11:03:12,0,0
15498,2024-05-05 11:03:24,0,0
15499,2024-05-05 11:03:36,0,0
15500,2024-05-05 11:03:48,0,0
15501,2024-05-05 11:04:00,0,0
15502,2024-05-05 11:04:12,0,0
15503,2024-05-05 11:04:24,0,0
15504,2024-05-05 11:04:36,0,0
15505,2024-05-05 11:04:48,0,0
15506,2024-05-05 11:05:00,0,0
15507,2024-05-05 11:05:12,0,0
15508,2024-05-05 11:05:24,0,0
15509,2024-05-05 11:05:36,0,0
15510,2024-05-05 11:05:48,0,0
15511,2024-05-05 11:06:00,0,0
15512,2024-05-05 11:06:12,0,0
15513,2024-05-05 11:06:24,0,0
15514,2024-05-05 11:06:36,0,0
15515,2024-05-05 11:06:48,0,0
15516,2024-05-05 11:07:00,0,0
15517,2024-05-05 11:07:12,0,0
15518,2024-05-05 11:07:24,0,0
15519,2024-05-05 11:07:36,0,0
15520,2024-05-05 11:07:48,0,0
15521,2024-05-05 11:08:00,0,0
15522,2024-05-05 11:08:12,0,0
15523,2024-05-05 11:08:24,0,0
15524,2024-05-05 11:08:36,0,0
15525,2024-05-05 11:08:48,0,0
15526,2024-05-05 11:09:00,0,0
15527,2024-05-05 11:09:12,0,0
15528,2024-05-05 11:09:24,0,0
15529,2024-05-05 11:09:36,0,0
15530,2024-05-05 11:09:48,0,0
15531,2024-05-05 11:10:00,0,0
15532,2024-05-05 11:10:12,0,0
15533,2024-05-05 11:10:24,0,0
15534,2024-05-05 11:10:36,0,0
15535,2024-05-05 11:10:48,0,0
15536,2024-05-05 11:11:00,0,0
15537,2024-05-05 11:11:12,0,0
15538,2024-05-05 11:11:24,0,0
15539,2024-05-05 11:11:36,0,0
15540,2024-05-05 11:11:48,0,0
15541,2024-05-05 11:12:00,0,0
15542,2024-05-05 11:12:12,0,0
15543,2024-05-05 11:12:24,0,0
15544,2024-05-05 11:12:36,0,0
15545,2024-05-05 11:12:48,0,0
15546,2024-05-05 11:13:00,0,0
15547,2024-05-05 11:13:12,0,0
15548,2024-05-05 11:13:24,0,0
15549,2024-05-05 11:13:36,0,0
15550,2024-05-05 11:13:48,0,0
15551,2024-05-05 11:14:00,0,0
15552,2024-05-05 11:14:12,0,0
15553,2024-05-05 11:14:24,0,0
15554,2024-05-05 11:14:36,0,0
15555,2024-05-05 11:14:48,0,0
15556,2024-05-05 11:15:00,0,0
15557,2024-05-05 11:15:12,0,0
15558,2024-05-05 11:15:24,0,0
15559,2024-05-05 11:15:36,0,0
15560,2024-05-05 11:15:48,0,0
15561,2024-05-05 11:16:00,0,0
15562,2024-05-05 11:16:12,0,0
15563,2024-05-05 11:16:24,0,0
15564,2024-05-05 11:16:36,0,0
15565,2024-05-05 11:16:48,0,0
15566,2024-05-05 11:17:00,0,0
15567,2024-05-05 11:17:12,0,0
15568,2024-05-05 11:17:24,0,0
15569,2024-05-05 11:17:36,0,0
15570,2024-05-05 11:17:48,0,0
15571,2024-05-05 11:18:00,0,0
15572,2024-05-05 11:18:12,0,0
15573,2024-05-05 11:18:24,0,0
15574,2024-05-05 11:18:36,0,0
15575,2024-05-05 11:18:48,0,0
15576,2024-05-05 11:19:00,0,0
15577,2024-05-05 11:19:12,0,0
15578,2024-05-05 11:19:24,0,0
15579,2024-05-05 11:19:36,0,0
15580,2024-05-05 11:19:48,0,0
15581,2024-05-05 11:20:00,0,0
15582,2024-05-05 11:20:12,0,0
15583,2024-05-05 11:20:24,0,0
15584,2024-05-05 11:20:36,0,0
15585,2024-05-05 11:20:48,0,0
15586,2024-05-05 11:21:00,0,0
15587,2024-05-05 11:21:12,0,0
15588,2024-05-05 11:21:24,0,0
15589,2024-05-05 11:21:36,0,0
15590,2024-05-05 11:21:48,0,0
15591,2024-05-05 11:22:00,0,0
15592,2024-05-05 11:22:12,0,0
15593,2024-05-05 11:22:24,0,0
15594,2024-05-05 11:22:36,0,0
15595,2024-05-05 11:22:48,0,0
15596,2024-05-05 11:23:00,0,0
15597,2024-05-05 11:23:12,0,0
15598,2024-05-05 11:23:24,0,0
15599,2024-05-05 11:23:36,0,0
15600,2024-05-05 11:23:48,0,0
15601,2024-05-05 11:24:00,0,0
15602,2024-05-05 11:24:12,0,0
15603,2024-05-05 11:24:24,0,0
15604,2024-05-05 11:24:36,0,0
15605,2024-05-05 11:24:48,0,0
15606,2024-05-05 11:25:00,0,0
15607,2024-05-05 11:25:12,0,0
15608,2024-05-05 11:25:24,0,0
15609,2024-05-05 11:25:36,0,0
15610,2024-05-05 11:25:48,0,0
15611,2024-05-05 11:26:00,0,0
15612,2024-05-05 11:26:12,0,0
15613,2024-05-05 11:26:24,0,0
15614,2024-05-05 11:26:36,0,0
15615,2024-05-05 11:26:48,0,0
15616,2024-05-05 11:27:00,0,0
15617,2024-05-05 11:27:12,0,0
15618,2024-05-05 11:27:24,0,0
15619,2024-05-05 11:27:36,0,0
15620,2024-05-05 11:27:48,0,0
15621,2024-05-05 11:28:00,0,0
15622,2024-05-05 11:28:12,0,0
15623,2024-05-05 11:28:24,0,0
15624,2024-05-05 11:28:36,0,0
15625,2024-05-05 11:28:48,0,0
15626,2024-05-05 11:29:00,0,0
15627,2024-05-05 11:29:12,0,0
15628,2024-05-05 11:29:24,0,0
15629,2024-05-05 11:29:36,0,0
15630,2024-05-05 11:29:48,0,0
15631,2024-05-05 11:30:00,0,0
15632,2024-05-05 11:30:12,0,0
15633,2024-05-05 11:30:24,0,0
15634,2024-05-05 11:30:36,0,0
15635,2024-05-05 11:30:48,0,0
15636,2024-05-05 11:31:00,0,0
15637,2024-05-05 11:31:12,0,0
15638,2024-05-05 11:31:24,0,0
15639,2024-05-05 11:31:36,0,0
15640,2024-05-05 11:31:48,0,0
15641,2024-05-05 11:32:00,0,0
15642,2024-05-05 11:32:12,0,0
15643,2024-05-05 11:32:24,0,0
15644,2024-05-05 11:32:36,0,0
15645,2024-05-05 11:32:48,0,0
15646,2024-05-05 11:33:00,0,0
15647,2024-05-05 11:33:12,0,0
15648,2024-05-05 11:33:24,0,0
15649,2024-05-05 11:33:36,0,0
15650,2024-05-05 11:33:48,0,0
15651,2024-05-05 11:34:00,0,0
15652,2024-05-05 11:34:12,0,0
15653,2024-05-05 11:34:24,0,0
15654,2024-05-05 11:34:36,0,0
15655,2024-05-05 11:34:48,0,0
15656,2024-05-05 11:35:00,0,0
15657,2024-05-05 11:35:12,0,0
15658,2024-05-05 11:35:24,0,0
15659,2024-05-05 11:35:36,0,0
15660,2024-05-05 11:35:48,0,0
15661,2024-05-05 11:36:00,0,0
15662,2024-05-05 11:36:12,0,0
15663,2024-05-05 11:36:24,0,0
15664,2024-05-05 11:36:36,0,0
15665,2024-05-05 11:36:48,0,0
15666,2024-05-05 11:37:00,0,0
15667,2024-05-05 11:37:12,0,0
15668,2024-05-05 11:37:24,0,0
15669,2024-05-05 11:37:36,0,0
15670,2024-05-05 11:37:48,0,0
15671,2024-05-05 11:38:00,0,0
15672,2024-05-05 11:38:12,0,0
15673,2024-05-05 11:38:24,0,0
15674,2024-05-05 11:38:36,0,0
15675,2024-05-05 11:38:48,0,0
15676,2024-05-05 11:39:00,0,0
15677,2024-05-05 11:39:12,0,0
15678,2024-05-05 11:39:24,0,0
15679,2024-05-05 11:39:36,0,0
15680,2024-05-05 11:39:48,0,0
15681,2024-05-05 11:40:00,0,0
15682,2024-05-05 11:40:12,0,0
15683,2024-05-05 11:40:24,0,0
15684,2024-05-05 11:40:36,0,0
15685,2024-05-05 11:40:48,0,0
15686,2024-05-05 11:41:00,0,0
15687,2024-05-05 11:41:12,0,0
15688,2024-05-05 11:41:24,0,0
15689,2024-05-05 11:41:36,0,0
15690,2024-05-05 11:41:48,0,0
15691,2024-05-05 11:42:00,0,0
15692,2024-05-05 11:42:12,0,0
15693,2024-05-05 11:42:24,0,0
15694,2024-05-05 11:42:36,0,0
15695,2024-05-05 11:42:48,0,0
15696,2024-05-05 11:43:00,0,0
15697,2024-05-05 11:43:12,0,0
15698,2024-05-05 11:43:24,0,0
15699,2024-05-05 11:43:36,0,0
15700,2024-05-05 11:43:48,0,0
15701,2024-05-05 11:44:00,0,0
15702,2024-05-05 11:44:12,0,0
15703,2024-05-05 11:44:24,0,0
15704,2024-05-05 11:44:36,0,0
15705,2024-05-05 11:44:48,0,0
15706,2024-05-05 11:45:00,0,0
15707,2024-05-05 11:45:12,0,0
15708,2024-05-05 11:45:24,0,0
15709,2024-05-05 11:45:36,0,0
15710,2024-05-05 11:45:48,0,0
15711,2024-05-05 11:46:00,0,0
15712,2024-05-05 11:46:12,0,0
15713,2024-05-05 11:46:24,0,0
15714,2024-05-05 11:46:36,0,0
15715,2024-05-05 11:46:48,0,0
15716,2024-05-05 11:47:00,0,0
15717,2024-05-05 11:47:12,0,0
15718,2024-05-05 11:47:24,0,0
15719,2024-05-05 11:47:36,0,0
15720,2024-05-05 11:47:48,0,0
15721,2024-05-05 11:48:00,0,0
15722,2024-05-05 11:48:12,0,0
15723,2024-05-05 11:48:24,0,0
15724,2024-05-05 11:48:36,0,0
15725,2024-05-05 11:48:48,0,0
15726,2024-05-05 11:49:00,0,0
15727,2024-05-05 11:49:12,0,0
15728,2024-05-05 11:49:24,0,0
15729,2024-05-05 11:49:36,0,0
15730,2024-05-05 11:49:48,0,0
15731,2024-05-05 11:50:00,0,0
15732,2024-05-05 11:50:12,0,0
15733,2024-05-05 11:50:24,0,0
15734,2024-05-05 11:50:36,0,0
15735,2024-05-05 11:50:48,0,0
15736,2024-05-05 11:51:00,0,0
15737,2024-05-05 11:51:12,0,0
15738,2024-05-05 11:51:24,0,0
15739,2024-05-05 11:51:36,0,0
15740,2024-05-05 11:51:48,0,0
15741,2024-05-05 11:52:00,0,0
15742,2024-05-05 11:52:12,0,0
15743,2024-05-05 11:52:24,0,0
15744,2024-05-05 11:52:36,0,0
15745,2024-05-05 11:52:48,0,0
15746,2024-05-05 11:53:00,0,0
15747,2024-05-05 11:53:12,0,0
15748,2024-05-05 11:53:24,0,0
15749,2024-05-05 11:53:36,0,0
15750,2024-05-05 11:53:48,0,0
15751,2024-05-05 11:54:00,0,0
15752,2024-05-05 11:54:12,0,0
15753,2024-05-05 11:54:24,0,0
15754,2024-05-05 11:54:36,0,0
15755,2024-05-05 11:54:48,0,0
15756,2024-05-05 11:55:00,0,0
15757,2024-05-05 11:55:12,0,0
15758,2024-05-05 11:55:24,0,0
15759,2024-05-05 11:55:36,0,0
15760,2024-05-05 11:55:48,0,0
15761,2024-05-05 11:56:00,0,0
15762,2024-05-05 11:56:12,0,0
15763,2024-05-05 11:56:24,0,0
15764,2024-05-05 11:56:36,0,0
15765,2024-05-05 11:56:48,0,0
15766,2024-05-05 11:57:00,0,0
15767,2024-05-05 11:57:12,0,0
15768,2024-05-05 11:57:24,0,0
15769,2024-05-05 11:57:36,0,0
15770,2024-05-05 11:57:48,0,0
15771,2024-05-05 11:58:00,0,0
15772,2024-05-05 11:58:12,0,0
15773,2024-05-05 11:58:24,0,0
15774,2024-05-05 11:58:36,0,0
15775,2024-05-05 11:58:48,0,0
15776,2024-05-05 11:59:00,0,0
15777,2024-05-05 11:59:12,0,0
15778,2024-05-05 11:59:24,0,0
15779,2024-05-05 11:59:36,0,0
15780,2024-05-05 11:59:48,0,0
15781,2024-05-05 12:00:00,0,0
15782,2024-05-05 12:00:12,0,0
15783,2024-05-05 12:00:24,0,0
15784,2024-05-05 12:00:36,0,0
15785,2024-05-05 12:00:48,0,0
15786,2024-05-05 12:01:00,0,0
15787,2024-05-05 12:01:12,0,0
15788,2024-05-05 12:01:24,0,0
15789,2024-05-05 12:01:36,0,0
15790,2024-05-05 12:01:48,0,0
15791,2024-05-05 12:02:00,0,0
15792,2024-05-05 12:02:12,0,0
15793,2024-05-05 12:02:24,0,0
15794,2024-05-05 12:02:36,0,0
15795,2024-05-05 12:02:48,0,0
15796,2024-05-05 12:03:00,0,0
15797,2024-05-05 12:03:12,0,0
15798,2024-05-05 12:03:24,0,0
15799,2024-05-05 12:03:36,0,0
15800,2024-05-05 12:03:48,0,0
15801,2024-05-05 12:04:00,0,0
15802,2024-05-05 12:04:12,0,0
15803,2024-05-05 12:04:24,0,0
15804,2024-05-05 12:04:36,0,0
15805,2024-05-05 12:04:48,0,0
15806,2024-05-05 12:05:00,0,0
15807,2024-05-05 12:05:12,0,0
15808,2024-05-05 12:05:24,0,0
15809,2024-05-05 12:05:36,0,0
15810,2024-05-05 12:05:48,0,0
15811,2024-05-05 12:06:00,0,0
15812,2024-05-05 12:06:12,0,0
15813,2024-05-05 12:06:24,0,0
15814,2024-05-05 12:06:36,0,0
15815,2024-05-05 12:06:48,0,0
15816,2024-05-05 12:07:00,0,0
15817,2024-05-05 12:07:12,0,0
15818,2024-05-05 12:07:24,0,0
15819,2024-05-05 12:07:36,0,0
15820,2024-05-05 12:07:48,0,0
15821,2024-05-05 12:08:00,0,0
15822,2024-05-05 12:08:12,0,0
15823,2024-05-05 12:08:24,0,0
15824,2024-05-05 12:08:36,0,0
15825,2024-05-05 12:08:48,0,0
15826,2024-05-05 12:09:00,0,0
15827,2024-05-05 12:09:12,0,0
15828,2024-05-05 12:09:24,0,0
15829,2024-05-05 12:09:36,0,0
15830,2024-05-05 12:09:48,0,0
15831,2024-05-05 12:10:00,0,0
15832,2024-05-05 12:10:12,0,0
15833,2024-05-05 12:10:24,0,0
15834,2024-05-05 12:10:36,0,0
15835,2024-05-05 12:10:48,0,0
15836,2024-05-05 12:11:00,0,0
15837,2024-05-05 12:11:12,0,0
15838,2024-05-05 12:11:24,0,0
15839,2024-05-05 12:11:36,0,0
15840,2024-05-05 12:11:48,0,0
15841,2024-05-05 12:12:00,0,0
15842,2024-05-05 12:12:12,0,0
15843,2024-05-05 12:12:24,0,0
15844,2024-05-05 12:12:36,0,0
15845,2024-05-05 12:12:48,0,0
15846,2024-05-05 12:13:00,0,0
15847,2024-05-05 12:13:12,0,0
15848,2024-05-05 12:13:24,0,0
15849,2024-05-05 12:13:36,0,0
15850,2024-05-05 12:13:48,0,0
15851,2024-05-05 12:14:00,0,0
15852,2024-05-05 12:14:12,0,0
15853,2024-05-05 12:14:24,0,0
15854,2024-05-05 12:14:36,0,0
15855,2024-05-05 12:14:48,0,0
15856,2024-05-05 12:15:00,0,0
15857,2024-05-05 12:15:12,0,0
15858,2024-05-05 12:15:24,0,0
15859,2024-05-05 12:15:36,0,0
15860,2024-05-05 12:15:48,0,0
15861,2024-05-05 12:16:00,0,0
15862,2024-05-05 12:16:12,0,0
15863,2024-05-05 12:16:24,0,0
15864,2024-05-05 12:16:36,0,0
15865,2024-05-05 12:16:48,0,0
15866,2024-05-05 12:17:00,0,0
15867,2024-05-05 12:17:12,0,0
15868,2024-05-05 12:17:24,0,0
15869,2024-05-05 12:17:36,0,0
15870,2024-05-05 12:17:48,0,0
15871,2024-05-05 12:18:00,0,0
15872,2024-05-05 12:18:12,0,0
15873,2024-05-05 12:18:24,0,0
15874,2024-05-05 12:18:36,0,0
15875,2024-05-05 12:18:48,0,0
15876,2024-05-05 12:19:00,0,0
15877,2024-05-05 12:19:12,0,0
15878,2024-05-05 12:19:24,0,0
15879,2024-05-05 12:19:36,0,0
15880,2024-05-05 12:19:48,0,0
15881,2024-05-05 12:20:00,0,0
15882,2024-05-05 12:20:12,0,0
15883,2024-05-05 12:20:24,0,0
15884,2024-05-05 12:20:36,0,0
15885,2024-05-05 12:20:48,0,0
15886,2024-05-05 12:21:00,0,0
15887,2024-05-05 12:21:12,0,0
15888,2024-05-05 12:21:24,0,0
15889,2024-05-05 12:21:36,0,0
15890,2024-05-05 12:21:48,0,0
15891,2024-05-05 12:22:00,0,0
15892,2024-05-05 12:22:12,0,0
15893,2024-05-05 12:22:24,0,0
15894,2024-05-05 12:22:36,0,0
15895,2024-05-05 12:22:48,0,0
15896,2024-05-05 12:23:00,0,0
15897,2024-05-05 12:23:12,0,0
15898,2024-05-05 12:23:24,0,0
15899,2024-05-05 12:23:36,0,0
15900,2024-05-05 12:23:48,0,0
15901,2024-05-05 12:24:00,0,0
15902,2024-05-05 12:24:12,0,0
15903,2024-05-05 12:24:24,0,0
15904,2024-05-05 12:24:36,0,0
15905,2024-05-05 12:24:48,0,0
15906,2024-05-05 12:25:00,0,0
15907,2024-05-05 12:25:12,0,0
15908,2024-05-05 12:25:24,0,0
15909,2024-05-05 12:25:36,0,0
15910,2024-05-05 12:25:48,0,0
15911,2024-05-05 12:26:00,0,0
15912,2024-05-05 12:26:12,0,0
15913,2024-05-05 12:26:24,0,0
15914,2024-05-05 12:26:36,0,0
15915,2024-05-05 12:26:48,0,0
15916,2024-05-05 12:27:00,0,0
15917,2024-05-05 12:27:12,0,0
15918,2024-05-05 12:27:24,0,0
15919,2024-05-05 12:27:36,0,0
15920,2024-05-05 12:27:48,0,0
15921,2024-05-05 12:28:00,0,0
15922,2024-05-05 12:28:12,0,0
15923,2024-05-05 12:28:24,0,0
15924,2024-05-05 12:28:36,0,0
15925,2024-05-05 12:28:48,0,0
15926,2024-05-05 12:29:00,0,0
15927,2024-05-05 12:29:12,0,0
15928,2024-05-05 12:29:24,0,0
15929,2024-05-05 12:29:36,0,0
15930,2024-05-05 12:29:48,0,0
15931,2024-05-05 12:30:00,0,0
15932,2024-05-05 12:30:12,0,0
15933,2024-05-05 12:30:24,0,0
15934,2024-05-05 12:30:36,0,0
15935,2024-05-05 12:30:48,0,0
15936,2024-05-05 12:31:00,0,0
15937,2024-05-05 12:31:12,0,0
15938,2024-05-05 12:31:24,0,0
15939,2024-05-05 12:31:36,0,0
15940,2024-05-05 12:31:48,0,0
15941,2024-05-05 12:32:00,0,0
15942,2024-05-05 12:32:12,0,0
15943,2024-05-05 12:32:24,0,0
15944,2024-05-05 12:32:36,0,0
15945,2024-05-05 12:32:48,0,0
15946,2024-05-05 12:33:00,0,0
15947,2024-05-05 12:33:12,0,0
15948,2024-05-05 12:33:24,0,0
15949,2024-05-05 12:33:36,0,0
15950,2024-05-05 12:33:48,0,0
15951,2024-05-05 12:34:00,0,0
15952,2024-05-05 12:34:12,0,0
15953,2024-05-05 12:34:24,0,0
15954,2024-05-05 12:34:36,0,0
15955,2024-05-05 12:34:48,0,0
15956,2024-05-05 12:35:00,0,0
15957,2024-05-05 12:35:12,0,0
15958,2024-05-05 12:35:24,0,0
15959,2024-05-05 12:35:36,0,0
15960,2024-05-05 12:35:48,0,0
15961,2024-05-05 12:36:00,0,0
15962,2024-05-05 12:36:12,0,0
15963,2024-05-05 12:36:24,0,0
15964,2024-05-05 12:36:36,0,0
15965,2024-05-05 12:36:48,0,0
15966,2024-05-05 12:37:00,0,0
15967,2024-05-05 12:37:12,0,0
15968,2024-05-05 12:37:24,0,0
15969,2024-05-05 12:37:36,0,0
15970,2024-05-05 12:37:48,0,0
15971,2024-05-05 12:38:00,0,0
15972,2024-05-05 12:38:12,0,0
15973,2024-05-05 12:38:24,0,0
15974,2024-05-05 12:38:36,0,0
15975,2024-05-05 12:38:48,0,0
15976,2024-05-05 12:39:00,0,0
15977,2024-05-05 12:39:12,0,0
15978,2024-05-05 12:39:24,0,0
15979,2024-05-05 12:39:36,0,0
15980,2024-05-05 12:39:48,0,0
15981,2024-05-05 12:40:00,0,0
15982,2024-05-05 12:40:12,0,0
15983,2024-05-05 12:40:24,0,0
15984,2024-05-05 12:40:36,0,0
15985,2024-05-05 12:40:48,0,0
15986,2024-05-05 12:41:00,0,0
15987,2024-05-05 12:41:12,0,0
15988,2024-05-05 12:41:24,0,0
15989,2024-05-05 12:41:36,0,0
15990,2024-05-05 12:41:48,0,0
15991,2024-05-05 12:42:00,0,0
15992,2024-05-05 12:42:12,0,0
15993,2024-05-05 12:42:24,0,0
15994,2024-05-05 12:42:36,0,0
15995,2024-05-05 12:42:48,0,0
15996,2024-05-05 12:43:00,0,0
15997,2024-05-05 12:43:12,0,0
15998,2024-05-05 12:43:24,0,0
15999,2024-05-05 12:43:36,0,0
16000,2024-05-05 12:43:48,0,0
16001,2024-05-05 12:44:00,0,0
16002,2024-05-05 12:44:12,0,0
16003,2024-05-05 12:44:24,0,0
16004,2024-05-05 12:44:36,0,0
16005,2024-05-05 12:44:48,0,0
16006,2024-05-05 12:45:00,0,0
16007,2024-05-05 12:45:12,0,0
16008,2024-05-05 12:45:24,0,0
16009,2024-05-05 12:45:36,0,0
16010,2024-05-05 12:45:48,0,0
16011,2024-05-05 12:46:00,0,0
16012,2024-05-05 12:46:12,0,0
16013,2024-05-05 12:46:24,0,0
16014,2024-05-05 12:46:36,0,0
16015,2024-05-05 12:46:48,0,0
16016,2024-05-05 12:47:00,0,0
16017,2024-05-05 12:47:12,0,0
16018,2024-05-05 12:47:24,0,0
16019,2024-05-05 12:47:36,0,0
16020,2024-05-05 12:47:48,0,0
16021,2024-05-05 12:48:00,0,0
16022,2024-05-05 12:48:12,0,0
16023,2024-05-05 12:48:24,0,0
16024,2024-05-05 12:48:36,0,0
16025,2024-05-05 12:48:48,0,0
16026,2024-05-05 12:49:00,0,0
16027,2024-05-05 12:49:12,0,0
16028,2024-05-05 12:49:24,0,0
16029,2024-05-05 12:49:36,0,0
16030,2024-05-05 12:49:48,0,0
16031,2024-05-05 12:50:00,0,0
16032,2024-05-05 12:50:12,0,0
16033,2024-05-05 12:50:24,0,0
16034,2024-05-05 12:50:36,0,0
16035,2024-05-05 12:50:48,0,0
16036,2024-05-05 12:51:00,0,0
16037,2024-05-05 12:51:12,0,0
16038,2024-05-05 12:51:24,0,0
16039,2024-05-05 12:51:36,0,0
16040,2024-05-05 12:51:48,0,0
16041,2024-05-05 12:52:00,0,0
16042,2024-05-05 12:52:12,0,0
16043,2024-05-05 12:52:24,0,0
16044,2024-05-05 12:52:36,0,0
16045,2024-05-05 12:52:48,0,0
16046,2024-05-05 12:53:00,0,0
16047,2024-05-05 12:53:12,0,0
16048,2024-05-05 12:53:24,0,0
16049,2024-05-05 12:53:36,0,0
16050,2024-05-05 12:53:48,0,0
16051,2024-05-05 12:54:00,0,0
16052,2024-05-05 12:54:12,0,0
16053,2024-05-05 12:54:24,0,0
16054,2024-05-05 12:54:36,0,0
16055,2024-05-05 12:54:48,0,0
16056,2024-05-05 12:55:00,0,0
16057,2024-05-05 12:55:12,0,0
16058,2024-05-05 12:55:24,0,0
16059,2024-05-05 12:55:36,0,0
16060,2024-05-05 12:55:48,0,0
16061,2024-05-05 12:56:00,0,0
16062,2024-05-05 12:56:12,0,0
16063,2024-05-05 12:56:24,0,0
16064,2024-05-05 12:56:36,0,0
16065,2024-05-05 12:56:48,0,0
16066,2024-05-05 12:57:00,0,0
16067,2024-05-05 12:57:12,0,0
16068,2024-05-05 12:57:24,0,0
16069,2024-05-05 12:57:36,0,0
16070,2024-05-05 12:57:48,0,0
16071,2024-05-05 12:58:00,0,0
16072,2024-05-05 12:58:12,0,0
16073,2024-05-05 12:58:24,0,0
16074,2024-05-05 12:58:36,0,0
16075,2024-05-05 12:58:48,0,0
16076,2024-05-05 12:59:00,0,0
16077,2024-05-05 12:59:12,0,0
16078,2024-05-05 12:59:24,0,0
16079,2024-05-05 12:59:36,0,0
16080,2024-05-05 12:59:48,0,0
16081,2024-05-05 13:00:00,0,0
16082,2024-05-05 13:00:12,0,0
16083,2024-05-05 13:00:24,0,0
16084,2024-05-05 13:00:36,0,0
16085,2024-05-05 13:00:48,0,0
16086,2024-05-05 13:01:00,0,0
16087,2024-05-05 13:01:12,0,0
16088,2024-05-05 13:01:24,0,0
16089,2024-05-05 13:01:36,0,0
16090,2024-05-05 13:01:48,0,0
16091,2024-05-05 13:02:00,0,0
16092,2024-05-05 13:02:12,0,0
16093,2024-05-05 13:02:24,0,0
16094,2024-05-05 13:02:36,0,0
16095,2024-05-05 13:02:48,0,0
16096,2024-05-05 13:03:00,0,0
16097,2024-05-05 13:03:12,0,0
16098,2024-05-05 13:03:24,0,0
16099,2024-05-05 13:03:36,0,0
16100,2024-05-05 13:03:48,0,0
16101,2024-05-05 13:04:00,0,0
16102,2024-05-05 13:04:12,0,0
16103,2024-05-05 13:04:24,0,0
16104,2024-05-05 13:04:36,0,0
16105,2024-05-05 13:04:48,0,0
16106,2024-05-05 13:05:00,0,0
16107,2024-05-05 13:05:12,0,0
16108,2024-05-05 13:05:24,0,0
16109,2024-05-05 13:05:36,0,0
16110,2024-05-05 13:05:48,0,0
16111,2024-05-05 13:06:00,0,0
16112,2024-05-05 13:06:12,0,0
16113,2024-05-05 13:06:24,0,0
16114,2024-05-05 13:06:36,0,0
16115,2024-05-05 13:06:48,0,0
16116,2024-05-05 13:07:00,0,0
16117,2024-05-05 13:07:12,0,0
16118,2024-05-05 13:07:24,0,0
16119,2024-05-05 13:07:36,0,0
16120,2024-05-05 13:07:48,0,0
16121,2024-05-05 13:08:00,0,0
16122,2024-05-05 13:08:12,0,0
16123,2024-05-05 13:08:24,0,0
16124,2024-05-05 13:08:36,0,0
16125,2024-05-05 13:08:48,0,0
16126,2024-05-05 13:09:00,0,0
16127,2024-05-05 13:09:12,0,0
16128,2024-05-05 13:09:24,0,0
16129,2024-05-05 13:09:36,0,0
16130,2024-05-05 13:09:48,0,0
16131,2024-05-05 13:10:00,0,0
16132,2024-05-05 13:10:12,0,0
16133,2024-05-05 13:10:24,0,0
16134,2024-05-05 13:10:36,0,0
16135,2024-05-05 13:10:48,0,0
16136,2024-05-05 13:11:00,0,0
16137,2024-05-05 13:11:12,0,0
16138,2024-05-05 13:11:24,0,0
16139,2024-05-05 13:11:36,0,0
16140,2024-05-05 13:11:48,0,0
16141,2024-05-05 13:12:00,0,0
16142,2024-05-05 13:12:12,0,0
16143,2024-05-05 13:12:24,0,0
16144,2024-05-05 13:12:36,0,0
16145,2024-05-05 13:12:48,0,0
16146,2024-05-05 13:13:00,0,0
16147,2024-05-05 13:13:12,0,0
16148,2024-05-05 13:13:24,0,0
16149,2024-05-05 13:13:36,0,0
16150,2024-05-05 13:13:48,0,0
16151,2024-05-05 13:14:00,0,0
16152,2024-05-05 13:14:12,0,0
16153,2024-05-05 13:14:24,0,0
16154,2024-05-05 13:14:36,0,0
16155,2024-05-05 13:14:48,0,0
16156,2024-05-05 13:15:00,0,0
16157,2024-05-05 13:15:12,0,0
16158,2024-05-05 13:15:24,0,0
16159,2024-05-05 13:15:36,0,0
16160,2024-05-05 13:15:48,0,0
16161,2024-05-05 13:16:00,0,0
16162,2024-05-05 13:16:12,0,0
16163,2024-05-05 13:16:24,0,0
16164,2024-05-05 13:16:36,0,0
16165,2024-05-05 13:16:48,0,0
16166,2024-05-05 13:17:00,0,0
16167,2024-05-05 13:17:12,0,0
16168,2024-05-05 13:17:24,0,0
16169,2024-05-05 13:17:36,0,0
16170,2024-05-05 13:17:48,0,0
16171,2024-05-05 13:18:00,0,0
16172,2024-05-05 13:18:12,0,0
16173,2024-05-05 13:18:24,0,0
16174,2024-05-05 13:18:36,0,0
16175,2024-05-05 13:18:48,0,0
16176,2024-05-05 13:19:00,0,0
16177,2024-05-05 13:19:12,0,0
16178,2024-05-05 13:19:24,0,0
16179,2024-05-05 13:19:36,0,0
16180,2024-05-05 13:19:48,0,0
16181,2024-05-05 13:20:00,0,0
16182,2024-05-05 13:20:12,0,0
16183,2024-05-05 13:20:24,0,0
16184,2024-05-05 13:20:36,0,0
16185,2024-05-05 13:20:48,0,0
16186,2024-05-05 13:21:00,0,0
16187,2024-05-05 13:21:12,0,0
16188,2024-05-05 13:21:24,0,0
16189,2024-05-05 13:21:36,0,0
16190,2024-05-05 13:21:48,0,0
16191,2024-05-05 13:22:00,0,0
16192,2024-05-05 13:22:12,0,0
16193,2024-05-05 13:22:24,0,0
16194,2024-05-05 13:22:36,0,0
16195,2024-05-05 13:22:48,0,0
16196,2024-05-05 13:23:00,0,0
16197,2024-05-05 13:23:12,0,0
16198,2024-05-05 13:23:24,0,0
16199,2024-05-05 13:23:36,0,0
16200,2024-05-05 13:23:48,0,0
16201,2024-05-05 13:24:00,0,0
16202,2024-05-05 13:24:12,0,0
16203,2024-05-05 13:24:24,0,0
16204,2024-05-05 13:24:36,0,0
16205,2024-05-05 13:24:48,0,0
16206,2024-05-05 13:25:00,0,0
16207,2024-05-05 13:25:12,0,0
16208,2024-05-05 13:25:24,0,0
16209,2024-05-05 13:25:36,0,0
16210,2024-05-05 13:25:48,0,0
16211,2024-05-05 13:26:00,0,0
16212,2024-05-05 13:26:12,0,0
16213,2024-05-05 13:26:24,0,0
16214,2024-05-05 13:26:36,0,0
16215,2024-05-05 13:26:48,0,0
16216,2024-05-05 13:27:00,0,0
16217,2024-05-05 13:27:12,0,0
16218,2024-05-05 13:27:24,0,0
16219,2024-05-05 13:27:36,0,0
16220,2024-05-05 13:27:48,0,0
16221,2024-05-05 13:28:00,0,0
16222,2024-05-05 13:28:12,0,0
16223,2024-05-05 13:28:24,0,0
16224,2024-05-05 13:28:36,0,0
16225,2024-05-05 13:28:48,0,0
16226,2024-05-05 13:29:00,0,0
16227,2024-05-05 13:29:12,0,0
16228,2024-05-05 13:29:24,0,0
16229,2024-05-05 13:29:36,0,0
16230,2024-05-05 13:29:48,0,0
16231,2024-05-05 13:30:00,0,0
16232,2024-05-05 13:30:12,0,0
16233,2024-05-05 13:30:24,0,0
16234,2024-05-05 13:30:36,0,0
16235,2024-05-05 13:30:48,0,0
16236,2024-05-05 13:31:00,0,0
16237,2024-05-05 13:31:12,0,0
16238,2024-05-05 13:31:24,0,0
16239,2024-05-05 13:31:36,0,0
16240,2024-05-05 13:31:48,0,0
16241,2024-05-05 13:32:00,0,0
16242,2024-05-05 13:32:12,0,0
16243,2024-05-05 13:32:24,0,0
16244,2024-05-05 13:32:36,0,0
16245,2024-05-05 13:32:48,0,0
16246,2024-05-05 13:33:00,0,0
16247,2024-05-05 13:33:12,0,0
16248,2024-05-05 13:33:24,0,0
16249,2024-05-05 13:33:36,0,0
16250,2024-05-05 13:33:48,0,0
16251,2024-05-05 13:34:00,0,0
16252,2024-05-05 13:34:12,0,0
16253,2024-05-05 13:34:24,0,0
16254,2024-05-05 13:34:36,0,0
16255,2024-05-05 13:34:48,0,0
16256,2024-05-05 13:35:00,0,0
16257,2024-05-05 13:35:12,0,0
16258,2024-05-05 13:35:24,0,0
16259,2024-05-05 13:35:36,0,0
16260,2024-05-05 13:35:48,0,0
16261,2024-05-05 13:36:00,0,0
16262,2024-05-05 13:36:12,0,0
16263,2024-05-05 13:36:24,0,0
16264,2024-05-05 13:36:36,0,0
16265,2024-05-05 13:36:48,0,0
16266,2024-05-05 13:37:00,0,0
16267,2024-05-05 13:37:12,0,0
16268,2024-05-05 13:37:24,0,0
16269,2024-05-05 13:37:36,0,0
16270,2024-05-05 13:37:48,0,0
16271,2024-05-05 13:38:00,0,0
16272,2024-05-05 13:38:12,0,0
16273,2024-05-05 13:38:24,0,0
16274,2024-05-05 13:38:36,0,0
16275,2024-05-05 13:38:48,0,0
16276,2024-05-05 13:39:00,0,0
16277,2024-05-05 13:39:12,0,0
16278,2024-05-05 13:39:24,0,0
16279,2024-05-05 13:39:36,0,0
16280,2024-05-05 13:39:48,0,0
16281,2024-05-05 13:40:00,0,0
16282,2024-05-05 13:40:12,0,0
16283,2024-05-05 13:40:24,0,0
16284,2024-05-05 13:40:36,0,0
16285,2024-05-05 13:40:48,0,0
16286,2024-05-05 13:41:00,0,0
16287,2024-05-05 13:41:12,0,0
16288,2024-05-05 13:41:24,0,0
16289,2024-05-05 13:41:36,0,0
16290,2024-05-05 13:41:48,0,0
16291,2024-05-05 13:42:00,0,0
16292,2024-05-05 13:42:12,0,0
16293,2024-05-05 13:42:24,0,0
16294,2024-05-05 13:42:36,0,0
16295,2024-05-05 13:42:48,0,0
16296,2024-05-05 13:43:00,0,0
16297,2024-05-05 13:43:12,0,0
16298,2024-05-05 13:43:24,0,0
16299,2024-05-05 13:43:36,0,0
16300,2024-05-05 13:43:48,0,0
16301,2024-05-05 13:44:00,0,0
16302,2024-05-05 13:44:12,0,0
16303,2024-05-05 13:44:24,0,0
16304,2024-05-05 13:44:36,0,0
16305,2024-05-05 13:44:48,0,0
16306,2024-05-05 13:45:00,0,0
16307,2024-05-05 13:45:12,0,0
16308,2024-05-05 13:45:24,0,0
16309,2024-05-05 13:45:36,0,0
16310,2024-05-05 13:45:48,0,0
16311,2024-05-05 13:46:00,0,0
16312,2024-05-05 13:46:12,0,0
16313,2024-05-05 13:46:24,0,0
16314,2024-05-05 13:46:36,0,0
16315,2024-05-05 13:46:48,0,0
16316,2024-05-05 13:47:00,0,0
16317,2024-05-05 13:47:12,0,0
16318,2024-05-05 13:47:24,0,0
16319,2024-05-05 13:47:36,0,0
16320,2024-05-05 13:47:48,0,0
16321,2024-05-05 13:48:00,0,0
16322,2024-05-05 13:48:12,0,0
16323,2024-05-05 13:48:24,0,0
16324,2024-05-05 13:48:36,0,0
16325,2024-05-05 13:48:48,0,0
16326,2024-05-05 13:49:00,0,0
16327,2024-05-05 13:49:12,0,0
16328,2024-05-05 13:49:24,0,0
16329,2024-05-05 13:49:36,0,0
16330,2024-05-05 13:49:48,0,0
16331,2024-05-05 13:50:00,0,0
16332,2024-05-05 13:50:12,0,0
16333,2024-05-05 13:50:24,0,0
16334,2024-05-05 13:50:36,0,0
16335,2024-05-05 13:50:48,0,0
16336,2024-05-05 13:51:00,0,0
16337,2024-05-05 13:51:12,0,0
16338,2024-05-05 13:51:24,0,0
16339,2024-05-05 13:51:36,0,0
16340,2024-05-05 13:51:48,0,0
16341,2024-05-05 13:52:00,0,0
16342,2024-05-05 13:52:12,0,0
16343,2024-05-05 13:52:24,0,0
16344,2024-05-05 13:52:36,0,0
16345,2024-05-05 13:52:48,0,0
16346,2024-05-05 13:53:00,0,0
16347,2024-05-05 13:53:12,0,0
16348,2024-05-05 13:53:24,0,0
16349,2024-05-05 13:53:36,0,0
16350,2024-05-05 13:53:48,0,0
16351,2024-05-05 13:54:00,0,0
16352,2024-05-05 13:54:12,0,0
16353,2024-05-05 13:54:24,0,0
16354,2024-05-05 13:54:36,0,0
16355,2024-05-05 13:54:48,0,0
16356,2024-05-05 13:55:00,0,0
16357,2024-05-05 13:55:12,0,0
16358,2024-05-05 13:55:24,0,0
16359,2024-05-05 13:55:36,0,0
16360,2024-05-05 13:55:48,0,0
16361,2024-05-05 13:56:00,0,0
16362,2024-05-05 13:56:12,0,0
16363,2024-05-05 13:56:24,0,0
16364,2024-05-05 13:56:36,0,0
16365,2024-05-05 13:56:48,0,0
16366,2024-05-05 13:57:00,0,0
16367,2024-05-05 13:57:12,0,0
16368,2024-05-05 13:57:24,0,0
16369,2024-05-05 13:57:36,0,0
16370,2024-05-05 13:57:48,0,0
16371,2024-05-05 13:58:00,0,0
16372,2024-05-05 13:58:12,0,0
16373,2024-05-05 13:58:24,0,0
16374,2024-05-05 13:58:36,0,0
16375,2024-05-05 13:58:48,0,0
16376,2024-05-05 13:59:00,0,0
16377,2024-05-05 13:59:12,0,0
16378,2024-05-05 13:59:24,0,0
16379,2024-05-05 13:59:36,0,0
16380,2024-05-05 13:59:48,0,0
16381,2024-05-05 14:00:00,0,0
16382,2024-05-05 14:00:12,0,0
16383,2024-05-05 14:00:24,0,0
16384,2024-05-05 14:00:36,0,0
16385,2024-05-05 14:00:48,0,0
16386,2024-05-05 14:01:00,0,0
16387,2024-05-05 14:01:12,0,0
16388,2024-05-05 14:01:24,0,0
16389,2024-05-05 14:01:36,0,0
16390,2024-05-05 14:01:48,0,0
16391,2024-05-05 14:02:00,0,0
16392,2024-05-05 14:02:12,0,0
16393,2024-05-05 14:02:24,0,0
16394,2024-05-05 14:02:36,0,0
16395,2024-05-05 14:02:48,0,0
16396,2024-05-05 14:03:00,0,0
16397,2024-05-05 14:03:12,0,0
16398,2024-05-05 14:03:24,0,0
16399,2024-05-05 14:03:36,0,0
16400,2024-05-05 14:03:48,0,0
16401,2024-05-05 14:04:00,0,0
16402,2024-05-05 14:04:12,0,0
16403,2024-05-05 14:04:24,0,0
16404,2024-05-05 14:04:36,0,0
16405,2024-05-05 14:04:48,0,0
16406,2024-05-05 14:05:00,0,0
16407,2024-05-05 14:05:12,0,0
16408,2024-05-05 14:05:24,0,0
16409,2024-05-05 14:05:36,0,0
16410,2024-05-05 14:05:48,0,0
16411,2024-05-05 14:06:00,0,0
16412,2024-05-05 14:06:12,0,0
16413,2024-05-05 14:06:24,0,0
16414,2024-05-05 14:06:36,0,0
16415,2024-05-05 14:06:48,0,0
16416,2024-05-05 14:07:00,0,0
16417,2024-05-05 14:07:12,0,0
16418,2024-05-05 14:07:24,0,0
16419,2024-05-05 14:07:36,0,0
16420,2024-05-05 14:07:48,0,0
16421,2024-05-05 14:08:00,0,0
16422,2024-05-05 14:08:12,0,0
16423,2024-05-05 14:08:24,0,0
16424,2024-05-05 14:08:36,0,0
16425,2024-05-05 14:08:48,0,0
16426,2024-05-05 14:09:00,0,0
16427,2024-05-05 14:09:12,0,0
16428,2024-05-05 14:09:24,0,0
16429,2024-05-05 14:09:36,0,0
16430,2024-05-05 14:09:48,0,0
16431,2024-05-05 14:10:00,0,0
16432,2024-05-05 14:10:12,0,0
16433,2024-05-05 14:10:24,0,0
16434,2024-05-05 14:10:36,0,0
16435,2024-05-05 14:10:48,0,0
16436,2024-05-05 14:11:00,0,0
16437,2024-05-05 14:11:12,0,0
16438,2024-05-05 14:11:24,0,0
16439,2024-05-05 14:11:36,0,0
16440,2024-05-05 14:11:48,0,0
16441,2024-05-05 14:12:00,0,0
16442,2024-05-05 14:12:12,0,0
16443,2024-05-05 14:12:24,0,0
16444,2024-05-05 14:12:36,0,0
16445,2024-05-05 14:12:48,0,0
16446,2024-05-05 14:13:00,0,0
16447,2024-05-05 14:13:12,0,0
16448,2024-05-05 14:13:24,0,0
16449,2024-05-05 14:13:36,0,0
16450,2024-05-05 14:13:48,0,0
16451,2024-05-05 14:14:00,0,0
16452,2024-05-05 14:14:12,0,0
16453,2024-05-05 14:14:24,0,0
16454,2024-05-05 14:14:36,0,0
16455,2024-05-05 14:14:48,0,0
16456,2024-05-05 14:15:00,0,0
16457,2024-05-05 14:15:12,0,0
16458,2024-05-05 14:15:24,0,0
16459,2024-05-05 14:15:36,0,0
16460,2024-05-05 14:15:48,0,0
16461,2024-05-05 14:16:00,0,0
16462,2024-05-05 14:16:12,0,0
16463,2024-05-05 14:16:24,0,0
16464,2024-05-05 14:16:36,0,0
16465,2024-05-05 14:16:48,0,0
16466,2024-05-05 14:17:00,0,0
16467,2024-05-05 14:17:12,0,0
16468,2024-05-05 14:17:24,0,0
16469,2024-05-05 14:17:36,0,0
16470,2024-05-05 14:17:48,0,0
16471,2024-05-05 14:18:00,0,0
16472,2024-05-05 14:18:12,0,0
16473,2024-05-05 14:18:24,0,0
16474,2024-05-05 14:18:36,0,0
16475,2024-05-05 14:18:48,0,0
16476,2024-05-05 14:19:00,0,0
16477,2024-05-05 14:19:12,0,0
16478,2024-05-05 14:19:24,0,0
16479,2024-05-05 14:19:36,0,0
16480,2024-05-05 14:19:48,0,0
16481,2024-05-05 14:20:00,0,0
16482,2024-05-05 14:20:12,0,0
16483,2024-05-05 14:20:24,0,0
16484,2024-05-05 14:20:36,0,0
16485,2024-05-05 14:20:48,0,0
16486,2024-05-05 14:21:00,0,0
16487,2024-05-05 14:21:12,0,0
16488,2024-05-05 14:21:24,0,0
16489,2024-05-05 14:21:36,0,0
16490,2024-05-05 14:21:48,0,0
16491,2024-05-05 14:22:00,0,0
16492,2024-05-05 14:22:12,0,0
16493,2024-05-05 14:22:24,0,0
16494,2024-05-05 14:22:36,0,0
16495,2024-05-05 14:22:48,0,0
16496,2024-05-05 14:23:00,0,0
16497,2024-05-05 14:23:12,0,0
16498,2024-05-05 14:23:24,0,0
16499,2024-05-05 14:23:36,0,0
16500,2024-05-05 14:23:48,0,0
16501,2024-05-05 14:24:00,0,0
16502,2024-05-05 14:24:12,0,0
16503,2024-05-05 14:24:24,0,0
16504,2024-05-05 14:24:36,0,0
16505,2024-05-05 14:24:48,0,0
16506,2024-05-05 14:25:00,0,0
16507,2024-05-05 14:25:12,0,0
16508,2024-05-05 14:25:24,0,0
16509,2024-05-05 14:25:36,0,0
16510,2024-05-05 14:25:48,0,0
16511,2024-05-05 14:26:00,0,0
16512,2024-05-05 14:26:12,0,0
16513,2024-05-05 14:26:24,0,0
16514,2024-05-05 14:26:36,0,0
16515,2024-05-05 14:26:48,0,0
16516,2024-05-05 14:27:00,0,0
16517,2024-05-05 14:27:12,0,0
16518,2024-05-05 14:27:24,0,0
16519,2024-05-05 14:27:36,0,0
16520,2024-05-05 14:27:48,0,0
16521,2024-05-05 14:28:00,0,0
16522,2024-05-05 14:28:12,0,0
16523,2024-05-05 14:28:24,0,0
16524,2024-05-05 14:28:36,0,0
16525,2024-05-05 14:28:48,0,0
16526,2024-05-05 14:29:00,0,0
16527,2024-05-05 14:29:12,0,0
16528,2024-05-05 14:29:24,0,0
16529,2024-05-05 14:29:36,0,0
16530,2024-05-05 14:29:48,0,0
16531,2024-05-05 14:30:00,0,0
16532,2024-05-05 14:30:12,0,0
16533,2024-05-05 14:30:24,0,0
16534,2024-05-05 14:30:36,0,0
16535,2024-05-05 14:30:48,0,0
16536,2024-05-05 14:31:00,0,0
16537,2024-05-05 14:31:12,0,0
16538,2024-05-05 14:31:24,0,0
16539,2024-05-05 14:31:36,0,0
16540,2024-05-05 14:31:48,0,0
16541,2024-05-05 14:32:00,0,0
16542,2024-05-05 14:32:12,0,0
16543,2024-05-05 14:32:24,0,0
16544,2024-05-05 14:32:36,0,0
16545,2024-05-05 14:32:48,0,0
16546,2024-05-05 14:33:00,0,0
16547,2024-05-05 14:33:12,0,0
16548,2024-05-05 14:33:24,0,0
16549,2024-05-05 14:33:36,0,0
16550,2024-05-05 14:33:48,0,0
16551,2024-05-05 14:34:00,0,0
16552,2024-05-05 14:34:12,0,0
16553,2024-05-05 14:34:24,0,0
16554,2024-05-05 14:34:36,0,0
16555,2024-05-05 14:34:48,0,0
16556,2024-05-05 14:35:00,0,0
16557,2024-05-05 14:35:12,0,0
16558,2024-05-05 14:35:24,0,0
16559,2024-05-05 14:35:36,0,0
16560,2024-05-05 14:35:48,0,0
16561,2024-05-05 14:36:00,0,0
16562,2024-05-05 14:36:12,0,0
16563,2024-05-05 14:36:24,0,0
16564,2024-05-05 14:36:36,0,0
16565,2024-05-05 14:36:48,0,0
16566,2024-05-05 14:37:00,0,0
16567,2024-05-05 14:37:12,0,0
16568,2024-05-05 14:37:24,0,0
16569,2024-05-05 14:37:36,0,0
16570,2024-05-05 14:37:48,0,0
16571,2024-05-05 14:38:00,0,0
16572,2024-05-05 14:38:12,0,0
16573,2024-05-05 14:38:24,0,0
16574,2024-05-05 14:38:36,0,0
16575,2024-05-05 14:38:48,0,0
16576,2024-05-05 14:39:00,0,0
16577,2024-05-05 14:39:12,0,0
16578,2024-05-05 14:39:24,0,0
16579,2024-05-05 14:39:36,0,0
16580,2024-05-05 14:39:48,0,0
16581,2024-05-05 14:40:00,0,0
16582,2024-05-05 14:40:12,0,0
16583,2024-05-05 14:40:24,0,0
16584,2024-05-05 14:40:36,0,0
16585,2024-05-05 14:40:48,0,0
16586,2024-05-05 14:41:00,0,0
16587,2024-05-05 14:41:12,0,0
16588,2024-05-05 14:41:24,0,0
16589,2024-05-05 14:41:36,0,0
16590,2024-05-05 14:41:48,0,0
16591,2024-05-05 14:42:00,0,0
16592,2024-05-05 14:42:12,0,0
16593,2024-05-05 14:42:24,0,0
16594,2024-05-05 14:42:36,0,0
16595,2024-05-05 14:42:48,0,0
16596,2024-05-05 14:43:00,0,0
16597,2024-05-05 14:43:12,0,0
16598,2024-05-05 14:43:24,0,0
16599,2024-05-05 14:43:36,0,0
16600,2024-05-05 14:43:48,0,0
16601,2024-05-05 14:44:00,0,0
16602,2024-05-05 14:44:12,0,0
16603,2024-05-05 14:44:24,0,0
16604,2024-05-05 14:44:36,0,0
16605,2024-05-05 14:44:48,0,0
16606,2024-05-05 14:45:00,0,0
16607,2024-05-05 14:45:12,0,0
16608,2024-05-05 14:45:24,0,0
16609,2024-05-05 14:45:36,0,0
16610,2024-05-05 14:45:48,0,0
16611,2024-05-05 14:46:00,0,0
16612,2024-05-05 14:46:12,0,0
16613,2024-05-05 14:46:24,0,0
16614,2024-05-05 14:46:36,0,0
16615,2024-05-05 14:46:48,0,0
16616,2024-05-05 14:47:00,0,0
16617,2024-05-05 14:47:12,0,0
16618,2024-05-05 14:47:24,0,0
16619,2024-05-05 14:47:36,0,0
16620,2024-05-05 14:47:48,0,0
16621,2024-05-05 14:48:00,0,0
16622,2024-05-05 14:48:12,0,0
16623,2024-05-05 14:48:24,0,0
16624,2024-05-05 14:48:36,0,0
16625,2024-05-05 14:48:48,0,0
16626,2024-05-05 14:49:00,0,0
16627,2024-05-05 14:49:12,0,0
16628,2024-05-05 14:49:24,0,0
16629,2024-05-05 14:49:36,0,0
16630,2024-05-05 14:49:48,0,0
16631,2024-05-05 14:50:00,0,0
16632,2024-05-05 14:50:12,0,0
16633,2024-05-05 14:50:24,0,0
16634,2024-05-05 14:50:36,0,0
16635,2024-05-05 14:50:48,0,0
16636,2024-05-05 14:51:00,0,0
16637,2024-05-05 14:51:12,0,0
16638,2024-05-05 14:51:24,0,0
16639,2024-05-05 14:51:36,0,0
16640,2024-05-05 14:51:48,0,0
16641,2024-05-05 14:52:00,0,0
16642,2024-05-05 14:52:12,0,0
16643,2024-05-05 14:52:24,0,0
16644,2024-05-05 14:52:36,0,0
16645,2024-05-05 14:52:48,0,0
16646,2024-05-05 14:53:00,0,0
16647,2024-05-05 14:53:12,0,0
16648,2024-05-05 14:53:24,0,0
16649,2024-05-05 14:53:36,0,0
16650,2024-05-05 14:53:48,0,0
16651,2024-05-05 14:54:00,0,0
16652,2024-05-05 14:54:12,0,0
16653,2024-05-05 14:54:24,0,0
16654,2024-05-05 14:54:36,0,0
16655,2024-05-05 14:54:48,0,0
16656,2024-05-05 14:55:00,0,0
16657,2024-05-05 14:55:12,0,0
16658,2024-05-05 14:55:24,0,0
16659,2024-05-05 14:55:36,0,0
16660,2024-05-05 14:55:48,0,0
16661,2024-05-05 14:56:00,0,0
16662,2024-05-05 14:56:12,0,0
16663,2024-05-05 14:56:24,0,0
16664,2024-05-05 14:56:36,0,0
16665,2024-05-05 14:56:48,0,0
16666,2024-05-05 14:57:00,0,0
16667,2024-05-05 14:57:12,0,0
16668,2024-05-05 14:57:24,0,0
16669,2024-05-05 14:57:36,0,0
16670,2024-05-05 14:57:48,0,0
16671,2024-05-05 14:58:00,0,0
16672,2024-05-05 14:58:12,0,0
16673,2024-05-05 14:58:24,0,0
16674,2024-05-05 14:58:36,0,0
16675,2024-05-05 14:58:48,0,0
16676,2024-05-05 14:59:00,0,0
16677,2024-05-05 14:59:12,0,0
16678,2024-05-05 14:59:24,0,0
16679,2024-05-05 14:59:36,0,0
16680,2024-05-05 14:59:48,0,0
16681,2024-05-05 15:00:00,0,0
16682,2024-05-05 15:00:12,0,0
16683,2024-05-05 15:00:24,0,0
16684,2024-05-05 15:00:36,0,0
16685,2024-05-05 15:00:48,0,0
16686,2024-05-05 15:01:00,0,0
16687,2024-05-05 15:01:12,0,0
16688,2024-05-05 15:01:24,0,0
16689,2024-05-05 15:01:36,0,0
16690,2024-05-05 15:01:48,0,0
16691,2024-05-05 15:02:00,0,0
16692,2024-05-05 15:02:12,0,0
16693,2024-05-05 15:02:24,0,0
16694,2024-05-05 15:02:36,0,0
16695,2024-05-05 15:02:48,0,0
16696,2024-05-05 15:03:00,0,0
16697,2024-05-05 15:03:12,0,0
16698,2024-05-05 15:03:24,0,0
16699,2024-05-05 15:03:36,0,0
16700,2024-05-05 15:03:48,0,0
16701,2024-05-05 15:04:00,0,0
16702,2024-05-05 15:04:12,0,0
16703,2024-05-05 15:04:24,0,0
16704,2024-05-05 15:04:36,0,0
16705,2024-05-05 15:04:48,0,0
16706,2024-05-05 15:05:00,0,0
16707,2024-05-05 15:05:12,0,0
16708,2024-05-05 15:05:24,0,0
16709,2024-05-05 15:05:36,0,0
16710,2024-05-05 15:05:48,0,0
16711,2024-05-05 15:06:00,0,0
16712,2024-05-05 15:06:12,0,0
16713,2024-05-05 15:06:24,0,0
16714,2024-05-05 15:06:36,0,0
16715,2024-05-05 15:06:48,0,0
16716,2024-05-05 15:07:00,0,0
16717,2024-05-05 15:07:12,0,0
16718,2024-05-05 15:07:24,0,0
16719,2024-05-05 15:07:36,0,0
16720,2024-05-05 15:07:48,0,0
16721,2024-05-05 15:08:00,0,0
16722,2024-05-05 15:08:12,0,0
16723,2024-05-05 15:08:24,0,0
16724,2024-05-05 15:08:36,0,0
16725,2024-05-05 15:08:48,0,0
16726,2024-05-05 15:09:00,0,0
16727,2024-05-05 15:09:12,0,0
16728,2024-05-05 15:09:24,0,0
16729,2024-05-05 15:09:36,0,0
16730,2024-05-05 15:09:48,0,0
16731,2024-05-05 15:10:00,0,0
16732,2024-05-05 15:10:12,0,0
16733,2024-05-05 15:10:24,0,0
16734,2024-05-05 15:10:36,0,0
16735,2024-05-05 15:10:48,0,0
16736,2024-05-05 15:11:00,0,0
16737,2024-05-05 15:11:12,0,0
16738,2024-05-05 15:11:24,0,0
16739,2024-05-05 15:11:36,0,0
16740,2024-05-05 15:11:48,0,0
16741,2024-05-05 15:12:00,0,0
16742,2024-05-05 15:12:12,0,0
16743,2024-05-05 15:12:24,0,0
16744,2024-05-05 15:12:36,0,0
16745,2024-05-05 15:12:48,0,0
16746,2024-05-05 15:13:00,0,0
16747,2024-05-05 15:13:12,0,0
16748,2024-05-05 15:13:24,0,0
16749,2024-05-05 15:13:36,0,0
16750,2024-05-05 15:13:48,0,0
16751,2024-05-05 15:14:00,0,0
16752,2024-05-05 15:14:12,0,0
16753,2024-05-05 15:14:24,0,0
16754,2024-05-05 15:14:36,0,0
16755,2024-05-05 15:14:48,0,0
16756,2024-05-05 15:15:00,0,0
16757,2024-05-05 15:15:12,0,0
16758,2024-05-05 15:15:24,0,0
16759,2024-05-05 15:15:36,0,0
16760,2024-05-05 15:15:48,0,0
16761,2024-05-05 15:16:00,0,0
16762,2024-05-05 15:16:12,0,0
16763,2024-05-05 15:16:24,0,0
16764,2024-05-05 15:16:36,0,0
16765,2024-05-05 15:16:48,0,0
16766,2024-05-05 15:17:00,0,0
16767,2024-05-05 15:17:12,0,0
16768,2024-05-05 15:17:24,0,0
16769,2024-05-05 15:17:36,0,0
16770,2024-05-05 15:17:48,0,0
16771,2024-05-05 15:18:00,0,0
16772,2024-05-05 15:18:12,0,0
16773,2024-05-05 15:18:24,0,0
16774,2024-05-05 15:18:36,0,0
16775,2024-05-05 15:18:48,0,0
16776,2024-05-05 15:19:00,0,0
16777,2024-05-05 15:19:12,0,0
16778,2024-05-05 15:19:24,0,0
16779,2024-05-05 15:19:36,0,0
16780,2024-05-05 15:19:48,0,0
16781,2024-05-05 15:20:00,0,0
16782,2024-05-05 15:20:12,0,0
16783,2024-05-05 15:20:24,0,0
16784,2024-05-05 15:20:36,0,0
16785,2024-05-05 15:20:48,0,0
16786,2024-05-05 15:21:00,0,0
16787,2024-05-05 15:21:12,0,0
16788,2024-05-05 15:21:24,0,0
16789,2024-05-05 15:21:36,0,0
16790,2024-05-05 15:21:48,0,0
16791,2024-05-05 15:22:00,0,0
16792,2024-05-05 15:22:12,0,0
16793,2024-05-05 15:22:24,0,0
16794,2024-05-05 15:22:36,0,0
16795,2024-05-05 15:22:48,0,0
16796,2024-05-05 15:23:00,0,0
16797,2024-05-05 15:23:12,0,0
16798,2024-05-05 15:23:24,0,0
16799,2024-05-05 15:23:36,0,0
16800,2024-05-05 15:23:48,0,0
16801,2024-05-05 15:24:00,0,0
16802,2024-05-05 15:24:12,0,0
16803,2024-05-05 15:24:24,0,0
16804,2024-05-05 15:24:36,0,0
16805,2024-05-05 15:24:48,0,0
16806,2024-05-05 15:25:00,0,0
16807,2024-05-05 15:25:12,0,0
16808,2024-05-05 15:25:24,0,0
16809,2024-05-05 15:25:36,0,0
16810,2024-05-05 15:25:48,0,0
16811,2024-05-05 15:26:00,0,0
16812,2024-05-05 15:26:12,0,0
16813,2024-05-05 15:26:24,0,0
16814,2024-05-05 15:26:36,0,0
16815,2024-05-05 15:26:48,0,0
16816,2024-05-05 15:27:00,0,0
16817,2024-05-05 15:27:12,0,0
16818,2024-05-05 15:27:24,0,0
16819,2024-05-05 15:27:36,0,0
16820,2024-05-05 15:27:48,0,0
16821,2024-05-05 15:28:00,0,0
16822,2024-05-05 15:28:12,0,0
16823,2024-05-05 15:28:24,0,0
16824,2024-05-05 15:28:36,0,0
16825,2024-05-05 15:28:48,0,0
16826,2024-05-05 15:29:00,0,0
16827,2024-05-05 15:29:12,0,0
16828,2024-05-05 15:29:24,0,0
16829,2024-05-05 15:29:36,0,0
16830,2024-05-05 15:29:48,0,0
16831,2024-05-05 15:30:00,0,0
16832,2024-05-05 15:30:12,0,0
16833,2024-05-05 15:30:24,0,0
16834,2024-05-05 15:30:36,0,0
16835,2024-05-05 15:30:48,0,0
16836,2024-05-05 15:31:00,0,0
16837,2024-05-05 15:31:12,0,0
16838,2024-05-05 15:31:24,0,0
16839,2024-05-05 15:31:36,0,0
16840,2024-05-05 15:31:48,0,0
16841,2024-05-05 15:32:00,0,0
16842,2024-05-05 15:32:12,0,0
16843,2024-05-05 15:32:24,0,0
16844,2024-05-05 15:32:36,0,0
16845,2024-05-05 15:32:48,0,0
16846,2024-05-05 15:33:00,0,0
16847,2024-05-05 15:33:12,0,0
16848,2024-05-05 15:33:24,0,0
16849,2024-05-05 15:33:36,0,0
16850,2024-05-05 15:33:48,0,0
16851,2024-05-05 15:34:00,0,0
16852,2024-05-05 15:34:12,0,0
16853,2024-05-05 15:34:24,0,0
16854,2024-05-05 15:34:36,0,0
16855,2024-05-05 15:34:48,0,0
16856,2024-05-05 15:35:00,0,0
16857,2024-05-05 15:35:12,0,0
16858,2024-05-05 15:35:24,0,0
16859,2024-05-05 15:35:36,0,0
16860,2024-05-05 15:35:48,0,0
16861,2024-05-05 15:36:00,0,0
16862,2024-05-05 15:36:12,0,0
16863,2024-05-05 15:36:24,0,0
16864,2024-05-05 15:36:36,0,0
16865,2024-05-05 15:36:48,0,0
16866,2024-05-05 15:37:00,0,0
16867,2024-05-05 15:37:12,0,0
16868,2024-05-05 15:37:24,0,0
16869,2024-05-05 15:37:36,0,0
16870,2024-05-05 15:37:48,0,0
16871,2024-05-05 15:38:00,0,0
16872,2024-05-05 15:38:12,0,0
16873,2024-05-05 15:38:24,0,0
16874,2024-05-05 15:38:36,0,0
16875,2024-05-05 15:38:48,0,0
16876,2024-05-05 15:39:00,0,0
16877,2024-05-05 15:39:12,0,0
16878,2024-05-05 15:39:24,0,0
16879,2024-05-05 15:39:36,0,0
16880,2024-05-05 15:39:48,0,0
16881,2024-05-05 15:40:00,0,0
16882,2024-05-05 15:40:12,0,0
16883,2024-05-05 15:40:24,0,0
16884,2024-05-05 15:40:36,0,0
16885,2024-05-05 15:40:48,0,0
16886,2024-05-05 15:41:00,0,0
16887,2024-05-05 15:41:12,0,0
16888,2024-05-05 15:41:24,0,0
16889,2024-05-05 15:41:36,0,0
16890,2024-05-05 15:41:48,0,0
16891,2024-05-05 15:42:00,0,0
16892,2024-05-05 15:42:12,0,0
16893,2024-05-05 15:42:24,0,0
16894,2024-05-05 15:42:36,0,0
16895,2024-05-05 15:42:48,0,0
16896,2024-05-05 15:43:00,0,0
16897,2024-05-05 15:43:12,0,0
16898,2024-05-05 15:43:24,0,0
16899,2024-05-05 15:43:36,0,0
16900,2024-05-05 15:43:48,0,0
16901,2024-05-05 15:44:00,0,0
16902,2024-05-05 15:44:12,0,0
16903,2024-05-05 15:44:24,0,0
16904,2024-05-05 15:44:36,0,0
16905,2024-05-05 15:44:48,0,0
16906,2024-05-05 15:45:00,0,0
16907,2024-05-05 15:45:12,0,0
16908,2024-05-05 15:45:24,0,0
16909,2024-05-05 15:45:36,0,0
16910,2024-05-05 15:45:48,0,0
16911,2024-05-05 15:46:00,0,0
16912,2024-05-05 15:46:12,0,0
16913,2024-05-05 15:46:24,0,0
16914,2024-05-05 15:46:36,0,0
16915,2024-05-05 15:46:48,0,0
16916,2024-05-05 15:47:00,0,0
16917,2024-05-05 15:47:12,0,0
16918,2024-05-05 15:47:24,0,0
16919,2024-05-05 15:47:36,0,0
16920,2024-05-05 15:47:48,0,0
16921,2024-05-05 15:48:00,0,0
16922,2024-05-05 15:48:12,0,0
16923,2024-05-05 15:48:24,0,0
16924,2024-05-05 15:48:36,0,0
16925,2024-05-05 15:48:48,0,0
16926,2024-05-05 15:49:00,0,0
16927,2024-05-05 15:49:12,0,0
16928,2024-05-05 15:49:24,0,0
16929,2024-05-05 15:49:36,0,0
16930,2024-05-05 15:49:48,0,0
16931,2024-05-05 15:50:00,0,0
16932,2024-05-05 15:50:12,0,0
16933,2024-05-05 15:50:24,0,0
16934,2024-05-05 15:50:36,0,0
16935,2024-05-05 15:50:48,0,0
16936,2024-05-05 15:51:00,0,0
16937,2024-05-05 15:51:12,0,0
16938,2024-05-05 15:51:24,0,0
16939,2024-05-05 15:51:36,0,0
16940,2024-05-05 15:51:48,0,0
16941,2024-05-05 15:52:00,0,0
16942,2024-05-05 15:52:12,0,0
16943,2024-05-05 15:52:24,0,0
16944,2024-05-05 15:52:36,0,0
16945,2024-05-05 15:52:48,0,0
16946,2024-05-05 15:53:00,0,0
16947,2024-05-05 15:53:12,0,0
16948,2024-05-05 15:53:24,0,0
16949,2024-05-05 15:53:36,0,0
16950,2024-05-05 15:53:48,0,0
16951,2024-05-05 15:54:00,0,0
16952,2024-05-05 15:54:12,0,0
16953,2024-05-05 15:54:24,0,0
16954,2024-05-05 15:54:36,0,0
16955,2024-05-05 15:54:48,0,0
16956,2024-05-05 15:55:00,0,0
16957,2024-05-05 15:55:12,0,0
16958,2024-05-05 15:55:24,0,0
16959,2024-05-05 15:55:36,0,0
16960,2024-05-05 15:55:48,0,0
16961,2024-05-05 15:56:00,0,0
16962,2024-05-05 15:56:12,0,0
16963,2024-05-05 15:56:24,0,0
16964,2024-05-05 15:56:36,0,0
16965,2024-05-05 15:56:48,0,0
16966,2024-05-05 15:57:00,0,0
16967,2024-05-05 15:57:12,0,0
16968,2024-05-05 15:57:24,0,0
16969,2024-05-05 15:57:36,0,0
16970,2024-05-05 15:57:48,0,0
16971,2024-05-05 15:58:00,0,0
16972,2024-05-05 15:58:12,0,0
16973,2024-05-05 15:58:24,0,0
16974,2024-05-05 15:58:36,0,0
16975,2024-05-05 15:58:48,0,0
16976,2024-05-05 15:59:00,0,0
16977,2024-05-05 15:59:12,0,0
16978,2024-05-05 15:59:24,0,0
16979,2024-05-05 15:59:36,0,0
16980,2024-05-05 15:59:48,0,0
16981,2024-05-05 16:00:00,0,0
16982,2024-05-05 16:00:12,0,0
16983,2024-05-05 16:00:24,0,0
16984,2024-05-05 16:00:36,0,0
16985,2024-05-05 16:00:48,0,0
16986,2024-05-05 16:01:00,0,0
16987,2024-05-05 16:01:12,0,0
16988,2024-05-05 16:01:24,0,0
16989,2024-05-05 16:01:36,0,0
16990,2024-05-05 16:01:48,0,0
16991,2024-05-05 16:02:00,0,0
16992,2024-05-05 16:02:12,0,0
16993,2024-05-05 16:02:24,0,0
16994,2024-05-05 16:02:36,0,0
16995,2024-05-05 16:02:48,0,0
16996,2024-05-05 16:03:00,0,0
16997,2024-05-05 16:03:12,0,0
16998,2024-05-05 16:03:24,0,0
16999,2024-05-05 16:03:36,0,0
17000,2024-05-05 16:03:48,0,0
17001,2024-05-05 16:04:00,0,0
17002,2024-05-05 16:04:12,0,0
17003,2024-05-05 16:04:24,0,0
17004,2024-05-05 16:04:36,0,0
17005,2024-05-05 16:04:48,0,0
17006,2024-05-05 16:05:00,0,0
17007,2024-05-05 16:05:12,0,0
17008,2024-05-05 16:05:24,0,0
17009,2024-05-05 16:05:36,0,0
17010,2024-05-05 16:05:48,0,0
17011,2024-05-05 16:06:00,0,0
17012,2024-05-05 16:06:12,0,0
17013,2024-05-05 16:06:24,0,0
17014,2024-05-05 16:06:36,0,0
17015,2024-05-05 16:06:48,0,0
17016,2024-05-05 16:07:00,0,0
17017,2024-05-05 16:07:12,0,0
17018,2024-05-05 16:07:24,0,0
17019,2024-05-05 16:07:36,0,0
17020,2024-05-05 16:07:48,0,0
17021,2024-05-05 16:08:00,0,0
17022,2024-05-05 16:08:12,0,0
17023,2024-05-05 16:08:24,0,0
17024,2024-05-05 16:08:36,0,0
17025,2024-05-05 16:08:48,0,0
17026,2024-05-05 16:09:00,0,0
17027,2024-05-05 16:09:12,0,0
17028,2024-05-05 16:09:24,0,0
17029,2024-05-05 16:09:36,0,0
17030,2024-05-05 16:09:48,0,0
17031,2024-05-05 16:10:00,0,0
17032,2024-05-05 16:10:12,0,0
17033,2024-05-05 16:10:24,0,0
17034,2024-05-05 16:10:36,0,0
17035,2024-05-05 16:10:48,0,0
17036,2024-05-05 16:11:00,0,0
17037,2024-05-05 16:11:12,0,0
17038,2024-05-05 16:11:24,0,0
17039,2024-05-05 16:11:36,0,0
17040,2024-05-05 16:11:48,0,0
17041,2024-05-05 16:12:00,0,0
17042,2024-05-05 16:12:12,0,0
17043,2024-05-05 16:12:24,0,0
17044,2024-05-05 16:12:36,0,0
17045,2024-05-05 16:12:48,0,0
17046,2024-05-05 16:13:00,0,0
17047,2024-05-05 16:13:12,0,0
17048,2024-05-05 16:13:24,0,0
17049,2024-05-05 16:13:36,0,0
17050,2024-05-05 16:13:48,0,0
17051,2024-05-05 16:14:00,0,0
17052,2024-05-05 16:14:12,0,0
17053,2024-05-05 16:14:24,0,0
17054,2024-05-05 16:14:36,0,0
17055,2024-05-05 16:14:48,0,0
17056,2024-05-05 16:15:00,0,0
17057,2024-05-05 16:15:12,0,0
17058,2024-05-05 16:15:24,0,0
17059,2024-05-05 16:15:36,0,0
17060,2024-05-05 16:15:48,0,0
17061,2024-05-05 16:16:00,0,0
17062,2024-05-05 16:16:12,0,0
17063,2024-05-05 16:16:24,0,0
17064,2024-05-05 16:16:36,0,0
17065,2024-05-05 16:16:48,0,0
17066,2024-05-05 16:17:00,0,0
17067,2024-05-05 16:17:12,0,0
17068,2024-05-05 16:17:24,0,0
17069,2024-05-05 16:17:36,0,0
17070,2024-05-05 16:17:48,0,0
17071,2024-05-05 16:18:00,0,0
17072,2024-05-05 16:18:12,0,0
17073,2024-05-05 16:18:24,0,0
17074,2024-05-05 16:18:36,0,0
17075,2024-05-05 16:18:48,0,0
17076,2024-05-05 16:19:00,0,0
17077,2024-05-05 16:19:12,0,0
17078,2024-05-05 16:19:24,0,0
17079,2024-05-05 16:19:36,0,0
17080,2024-05-05 16:19:48,0,0
17081,2024-05-05 16:20:00,0,0
17082,2024-05-05 16:20:12,0,0
17083,2024-05-05 16:20:24,0,0
17084,2024-05-05 16:20:36,0,0
17085,2024-05-05 16:20:48,0,0
17086,2024-05-05 16:21:00,0,0
17087,2024-05-05 16:21:12,0,0
17088,2024-05-05 16:21:24,0,0
17089,2024-05-05 16:21:36,0,0
17090,2024-05-05 16:21:48,0,0
17091,2024-05-05 16:22:00,0,0
17092,2024-05-05 16:22:12,0,0
17093,2024-05-05 16:22:24,0,0
17094,2024-05-05 16:22:36,0,0
17095,2024-05-05 16:22:48,0,0
17096,2024-05-05 16:23:00,0,0
17097,2024-05-05 16:23:12,0,0
17098,2024-05-05 16:23:24,0,0
17099,2024-05-05 16:23:36,0,0
17100,2024-05-05 16:23:48,0,0
17101,2024-05-05 16:24:00,0,0
17102,2024-05-05 16:24:12,0,0
17103,2024-05-05 16:24:24,0,0
17104,2024-05-05 16:24:36,0,0
17105,2024-05-05 16:24:48,0,0
17106,2024-05-05 16:25:00,0,0
17107,2024-05-05 16:25:12,0,0
17108,2024-05-05 16:25:24,0,0
17109,2024-05-05 16:25:36,0,0
17110,2024-05-05 16:25:48,0,0
17111,2024-05-05 16:26:00,0,0
17112,2024-05-05 16:26:12,0,0
17113,2024-05-05 16:26:24,0,0
17114,2024-05-05 16:26:36,0,0
17115,2024-05-05 16:26:48,0,0
17116,2024-05-05 16:27:00,0,0
17117,2024-05-05 16:27:12,0,0
17118,2024-05-05 16:27:24,0,0
17119,2024-05-05 16:27:36,0,0
17120,2024-05-05 16:27:48,0,0
17121,2024-05-05 16:28:00,0,0
17122,2024-05-05 16:28:12,0,0
17123,2024-05-05 16:28:24,0,0
17124,2024-05-05 16:28:36,0,0
17125,2024-05-05 16:28:48,0,0
17126,2024-05-05 16:29:00,0,0
17127,2024-05-05 16:29:12,0,0
17128,2024-05-05 16:29:24,0,0
17129,2024-05-05 16:29:36,0,0
17130,2024-05-05 16:29:48,0,0
17131,2024-05-05 16:30:00,0,0
17132,2024-05-05 16:30:12,0,0
17133,2024-05-05 16:30:24,0,0
17134,2024-05-05 16:30:36,0,0
17135,2024-05-05 16:30:48,0,0
17136,2024-05-05 16:31:00,0,0
17137,2024-05-05 16:31:12,0,0
17138,2024-05-05 16:31:24,0,0
17139,2024-05-05 16:31:36,0,0
17140,2024-05-05 16:31:48,0,0
17141,2024-05-05 16:32:00,0,0
17142,2024-05-05 16:32:12,0,0
17143,2024-05-05 16:32:24,0,0
17144,2024-05-05 16:32:36,0,0
17145,2024-05-05 16:32:48,0,0
17146,2024-05-05 16:33:00,0,0
17147,2024-05-05 16:33:12,0,0
17148,2024-05-05 16:33:24,0,0
17149,2024-05-05 16:33:36,0,0
17150,2024-05-05 16:33:48,0,0
17151,2024-05-05 16:34:00,0,0
17152,2024-05-05 16:34:12,0,0
17153,2024-05-05 16:34:24,0,0
17154,2024-05-05 16:34:36,0,0
17155,2024-05-05 16:34:48,0,0
17156,2024-05-05 16:35:00,0,0
17157,2024-05-05 16:35:12,0,0
17158,2024-05-05 16:35:24,0,0
17159,2024-05-05 16:35:36,0,0
17160,2024-05-05 16:35:48,0,0
17161,2024-05-05 16:36:00,0,0
17162,2024-05-05 16:36:12,0,0
17163,2024-05-05 16:36:24,0,0
17164,2024-05-05 16:36:36,0,0
17165,2024-05-05 16:36:48,0,0
17166,2024-05-05 16:37:00,0,0
17167,2024-05-05 16:37:12,0,0
17168,2024-05-05 16:37:24,0,0
17169,2024-05-05 16:37:36,0,0
17170,2024-05-05 16:37:48,0,0
17171,2024-05-05 16:38:00,0,0
17172,2024-05-05 16:38:12,0,0
17173,2024-05-05 16:38:24,0,0
17174,2024-05-05 16:38:36,0,0
17175,2024-05-05 16:38:48,0,0
17176,2024-05-05 16:39:00,0,0
17177,2024-05-05 16:39:12,0,0
17178,2024-05-05 16:39:24,0,0
17179,2024-05-05 16:39:36,0,0
17180,2024-05-05 16:39:48,0,0
17181,2024-05-05 16:40:00,0,0
17182,2024-05-05 16:40:12,0,0
17183,2024-05-05 16:40:24,0,0
17184,2024-05-05 16:40:36,0,0
17185,2024-05-05 16:40:48,0,0
17186,2024-05-05 16:41:00,0,0
17187,2024-05-05 16:41:12,0,0
17188,2024-05-05 16:41:24,0,0
17189,2024-05-05 16:41:36,0,0
17190,2024-05-05 16:41:48,0,0
17191,2024-05-05 16:42:00,0,0
17192,2024-05-05 16:42:12,0,0
17193,2024-05-05 16:42:24,0,0
17194,2024-05-05 16:42:36,0,0
17195,2024-05-05 16:42:48,0,0
17196,2024-05-05 16:43:00,0,0
17197,2024-05-05 16:43:12,0,0
17198,2024-05-05 16:43:24,0,0
17199,2024-05-05 16:43:36,0,0
17200,2024-05-05 16:43:48,0,0
17201,2024-05-05 16:44:00,0,0
17202,2024-05-05 16:44:12,0,0
17203,2024-05-05 16:44:24,0,0
17204,2024-05-05 16:44:36,0,0
17205,2024-05-05 16:44:48,0,0
17206,2024-05-05 16:45:00,0,0
17207,2024-05-05 16:45:12,0,0
17208,2024-05-05 16:45:24,0,0
17209,2024-05-05 16:45:36,0,0
17210,2024-05-05 16:45:48,0,0
17211,2024-05-05 16:46:00,0,0
17212,2024-05-05 16:46:12,0,0
17213,2024-05-05 16:46:24,0,0
17214,2024-05-05 16:46:36,0,0
17215,2024-05-05 16:46:48,0,0
17216,2024-05-05 16:47:00,0,0
17217,2024-05-05 16:47:12,0,0
17218,2024-05-05 16:47:24,0,0
17219,2024-05-05 16:47:36,0,0
17220,2024-05-05 16:47:48,0,0
17221,2024-05-05 16:48:00,0,0
17222,2024-05-05 16:48:12,0,0
17223,2024-05-05 16:48:24,0,0
17224,2024-05-05 16:48:36,0,0
17225,2024-05-05 16:48:48,0,0
17226,2024-05-05 16:49:00,0,0
17227,2024-05-05 16:49:12,0,0
17228,2024-05-05 16:49:24,0,0
17229,2024-05-05 16:49:36,0,0
17230,2024-05-05 16:49:48,0,0
17231,2024-05-05 16:50:00,0,0
17232,2024-05-05 16:50:12,0,0
17233,2024-05-05 16:50:24,0,0
17234,2024-05-05 16:50:36,0,0
17235,2024-05-05 16:50:48,0,0
17236,2024-05-05 16:51:00,0,0
17237,2024-05-05 16:51:12,0,0
17238,2024-05-05 16:51:24,0,0
17239,2024-05-05 16:51:36,0,0
17240,2024-05-05 16:51:48,0,0
17241,2024-05-05 16:52:00,0,0
17242,2024-05-05 16:52:12,0,0
17243,2024-05-05 16:52:24,0,0
17244,2024-05-05 16:52:36,0,0
17245,2024-05-05 16:52:48,0,0
17246,2024-05-05 16:53:00,0,0
17247,2024-05-05 16:53:12,0,0
17248,2024-05-05 16:53:24,0,0
17249,2024-05-05 16:53:36,0,0
17250,2024-05-05 16:53:48,0,0
17251,2024-05-05 16:54:00,0,0
17252,2024-05-05 16:54:12,0,0
17253,2024-05-05 16:54:24,0,0
17254,2024-05-05 16:54:36,0,0
17255,2024-05-05 16:54:48,0,0
17256,2024-05-05 16:55:00,0,0
17257,2024-05-05 16:55:12,0,0
17258,2024-05-05 16:55:24,0,0
17259,2024-05-05 16:55:36,0,0
17260,2024-05-05 16:55:48,0,0
17261,2024-05-05 16:56:00,0,0
17262,2024-05-05 16:56:12,0,0
17263,2024-05-05 16:56:24,0,0
17264,2024-05-05 16:56:36,0,0
17265,2024-05-05 16:56:48,0,0
17266,2024-05-05 16:57:00,0,0
17267,2024-05-05 16:57:12,0,0
17268,2024-05-05 16:57:24,0,0
17269,2024-05-05 16:57:36,0,0
17270,2024-05-05 16:57:48,0,0
17271,2024-05-05 16:58:00,0,0
17272,2024-05-05 16:58:12,0,0
17273,2024-05-05 16:58:24,0,0
17274,2024-05-05 16:58:36,0,0
17275,2024-05-05 16:58:48,0,0
17276,2024-05-05 16:59:00,0,0
17277,2024-05-05 16:59:12,0,0
17278,2024-05-05 16:59:24,0,0
17279,2024-05-05 16:59:36,0,0
17280,2024-05-05 16:59:48,0,0
17281,2024-05-05 17:00:00,0,0
17282,2024-05-05 17:00:12,0,0
17283,2024-05-05 17:00:24,0,0
17284,2024-05-05 17:00:36,0,0
17285,2024-05-05 17:00:48,0,0
17286,2024-05-05 17:01:00,0,0
17287,2024-05-05 17:01:12,0,0
17288,2024-05-05 17:01:24,0,0
17289,2024-05-05 17:01:36,0,0
17290,2024-05-05 17:01:48,0,0
17291,2024-05-05 17:02:00,0,0
17292,2024-05-05 17:02:12,0,0
17293,2024-05-05 17:02:24,0,0
17294,2024-05-05 17:02:36,0,0
17295,2024-05-05 17:02:48,0,0
17296,2024-05-05 17:03:00,0,0
17297,2024-05-05 17:03:12,0,0
17298,2024-05-05 17:03:24,0,0
17299,2024-05-05 17:03:36,0,0
17300,2024-05-05 17:03:48,0,0
17301,2024-05-05 17:04:00,0,0
17302,2024-05-05 17:04:12,0,0
17303,2024-05-05 17:04:24,0,0
17304,2024-05-05 17:04:36,0,0
17305,2024-05-05 17:04:48,0,0
17306,2024-05-05 17:05:00,0,0
17307,2024-05-05 17:05:12,0,0
17308,2024-05-05 17:05:24,0,0
17309,2024-05-05 17:05:36,0,0
17310,2024-05-05 17:05:48,0,0
17311,2024-05-05 17:06:00,0,0
17312,2024-05-05 17:06:12,0,0
17313,2024-05-05 17:06:24,0,0
17314,2024-05-05 17:06:36,0,0
17315,2024-05-05 17:06:48,0,0
17316,2024-05-05 17:07:00,0,0
17317,2024-05-05 17:07:12,0,0
17318,2024-05-05 17:07:24,0,0
17319,2024-05-05 17:07:36,0,0
17320,2024-05-05 17:07:48,0,0
17321,2024-05-05 17:08:00,0,0
17322,2024-05-05 17:08:12,0,0
17323,2024-05-05 17:08:24,0,0
17324,2024-05-05 17:08:36,0,0
17325,2024-05-05 17:08:48,0,0
17326,2024-05-05 17:09:00,0,0
17327,2024-05-05 17:09:12,0,0
17328,2024-05-05 17:09:24,0,0
17329,2024-05-05 17:09:36,0,0
17330,2024-05-05 17:09:48,0,0
17331,2024-05-05 17:10:00,0,0
17332,2024-05-05 17:10:12,0,0
17333,2024-05-05 17:10:24,0,0
17334,2024-05-05 17:10:36,0,0
17335,2024-05-05 17:10:48,0,0
17336,2024-05-05 17:11:00,0,0
17337,2024-05-05 17:11:12,0,0
17338,2024-05-05 17:11:24,0,0
17339,2024-05-05 17:11:36,0,0
17340,2024-05-05 17:11:48,0,0
17341,2024-05-05 17:12:00,0,0
17342,2024-05-05 17:12:12,0,0
17343,2024-05-05 17:12:24,0,0
17344,2024-05-05 17:12:36,0,0
17345,2024-05-05 17:12:48,0,0
17346,2024-05-05 17:13:00,0,0
17347,2024-05-05 17:13:12,0,0
17348,2024-05-05 17:13:24,0,0
17349,2024-05-05 17:13:36,0,0
17350,2024-05-05 17:13:48,0,0
17351,2024-05-05 17:14:00,0,0
17352,2024-05-05 17:14:12,0,0
17353,2024-05-05 17:14:24,0,0
17354,2024-05-05 17:14:36,0,0
17355,2024-05-05 17:14:48,0,0
17356,2024-05-05 17:15:00,0,0
17357,2024-05-05 17:15:12,0,0
17358,2024-05-05 17:15:24,0,0
17359,2024-05-05 17:15:36,0,0
17360,2024-05-05 17:15:48,0,0
17361,2024-05-05 17:16:00,0,0
17362,2024-05-05 17:16:12,0,0
17363,2024-05-05 17:16:24,0,0
17364,2024-05-05 17:16:36,0,0
17365,2024-05-05 17:16:48,0,0
17366,2024-05-05 17:17:00,0,0
17367,2024-05-05 17:17:12,0,0
17368,2024-05-05 17:17:24,0,0
17369,2024-05-05 17:17:36,0,0
17370,2024-05-05 17:17:48,0,0
17371,2024-05-05 17:18:00,0,0
17372,2024-05-05 17:18:12,0,0
17373,2024-05-05 17:18:24,0,0
17374,2024-05-05 17:18:36,0,0
17375,2024-05-05 17:18:48,0,0
17376,2024-05-05 17:19:00,0,0
17377,2024-05-05 17:19:12,0,0
17378,2024-05-05 17:19:24,0,0
17379,2024-05-05 17:19:36,0,0
17380,2024-05-05 17:19:48,0,0
17381,2024-05-05 17:20:00,0,0
17382,2024-05-05 17:20:12,0,0
17383,2024-05-05 17:20:24,0,0
17384,2024-05-05 17:20:36,0,0
17385,2024-05-05 17:20:48,0,0
17386,2024-05-05 17:21:00,0,0
17387,2024-05-05 17:21:12,0,0
17388,2024-05-05 17:21:24,0,0
17389,2024-05-05 17:21:36,0,0
17390,2024-05-05 17:21:48,0,0
17391,2024-05-05 17:22:00,0,0
17392,2024-05-05 17:22:12,0,0
17393,2024-05-05 17:22:24,0,0
17394,2024-05-05 17:22:36,0,0
17395,2024-05-05 17:22:48,0,0
17396,2024-05-05 17:23:00,0,0
17397,2024-05-05 17:23:12,0,0
17398,2024-05-05 17:23:24,0,0
17399,2024-05-05 17:23:36,0,0
17400,2024-05-05 17:23:48,0,0
17401,2024-05-05 17:24:00,0,0
17402,2024-05-05 17:24:12,0,0
17403,2024-05-05 17:24:24,0,0
17404,2024-05-05 17:24:36,0,0
17405,2024-05-05 17:24:48,0,0
17406,2024-05-05 17:25:00,0,0
17407,2024-05-05 17:25:12,0,0
17408,2024-05-05 17:25:24,0,0
17409,2024-05-05 17:25:36,0,0
17410,2024-05-05 17:25:48,0,0
17411,2024-05-05 17:26:00,0,0
17412,2024-05-05 17:26:12,0,0
17413,2024-05-05 17:26:24,0,0
17414,2024-05-05 17:26:36,0,0
17415,2024-05-05 17:26:48,0,0
17416,2024-05-05 17:27:00,0,0
17417,2024-05-05 17:27:12,0,0
17418,2024-05-05 17:27:24,0,0
17419,2024-05-05 17:27:36,0,0
17420,2024-05-05 17:27:48,0,0
17421,2024-05-05 17:28:00,0,0
17422,2024-05-05 17:28:12,0,0
17423,2024-05-05 17:28:24,0,0
17424,2024-05-05 17:28:36,0,0
17425,2024-05-05 17:28:48,0,0
17426,2024-05-05 17:29:00,0,0
17427,2024-05-05 17:29:12,0,0
17428,2024-05-05 17:29:24,0,0
17429,2024-05-05 17:29:36,0,0
17430,2024-05-05 17:29:48,0,0
17431,2024-05-05 17:30:00,0,0
17432,2024-05-05 17:30:12,0,0
17433,2024-05-05 17:30:24,0,0
17434,2024-05-05 17:30:36,0,0
17435,2024-05-05 17:30:48,0,0
17436,2024-05-05 17:31:00,0,0
17437,2024-05-05 17:31:12,0,0
17438,2024-05-05 17:31:24,0,0
17439,2024-05-05 17:31:36,0,0
17440,2024-05-05 17:31:48,0,0
17441,2024-05-05 17:32:00,0,0
17442,2024-05-05 17:32:12,0,0
17443,2024-05-05 17:32:24,0,0
17444,2024-05-05 17:32:36,0,0
17445,2024-05-05 17:32:48,0,0
17446,2024-05-05 17:33:00,0,0
17447,2024-05-05 17:33:12,0,0
17448,2024-05-05 17:33:24,0,0
17449,2024-05-05 17:33:36,0,0
17450,2024-05-05 17:33:48,0,0
17451,2024-05-05 17:34:00,0,0
17452,2024-05-05 17:34:12,0,0
17453,2024-05-05 17:34:24,0,0
17454,2024-05-05 17:34:36,0,0
17455,2024-05-05 17:34:48,0,0
17456,2024-05-05 17:35:00,0,0
17457,2024-05-05 17:35:12,0,0
17458,2024-05-05 17:35:24,0,0
17459,2024-05-05 17:35:36,0,0
17460,2024-05-05 17:35:48,0,0
17461,2024-05-05 17:36:00,0,0
17462,2024-05-05 17:36:12,0,0
17463,2024-05-05 17:36:24,0,0
17464,2024-05-05 17:36:36,0,0
17465,2024-05-05 17:36:48,0,0
17466,2024-05-05 17:37:00,0,0
17467,2024-05-05 17:37:12,0,0
17468,2024-05-05 17:37:24,0,0
17469,2024-05-05 17:37:36,0,0
17470,2024-05-05 17:37:48,0,0
17471,2024-05-05 17:38:00,0,0
17472,2024-05-05 17:38:12,0,0
17473,2024-05-05 17:38:24,0,0
17474,2024-05-05 17:38:36,0,0
17475,2024-05-05 17:38:48,0,0
17476,2024-05-05 17:39:00,0,0
17477,2024-05-05 17:39:12,0,0
17478,2024-05-05 17:39:24,0,0
17479,2024-05-05 17:39:36,0,0
17480,2024-05-05 17:39:48,0,0
17481,2024-05-05 17:40:00,0,0
17482,2024-05-05 17:40:12,0,0
17483,2024-05-05 17:40:24,0,0
17484,2024-05-05 17:40:36,0,0
17485,2024-05-05 17:40:48,0,0
17486,2024-05-05 17:41:00,0,0
17487,2024-05-05 17:41:12,0,0
17488,2024-05-05 17:41:24,0,0
17489,2024-05-05 17:41:36,0,0
17490,2024-05-05 17:41:48,0,0
17491,2024-05-05 17:42:00,0,0
17492,2024-05-05 17:42:12,0,0
17493,2024-05-05 17:42:24,0,0
17494,2024-05-05 17:42:36,0,0
17495,2024-05-05 17:42:48,0,0
17496,2024-05-05 17:43:00,0,0
17497,2024-05-05 17:43:12,0,0
17498,2024-05-05 17:43:24,0,0
17499,2024-05-05 17:43:36,0,0
17500,2024-05-05 17:43:48,0,0
17501,2024-05-05 17:44:00,0,0
17502,2024-05-05 17:44:12,0,0
17503,2024-05-05 17:44:24,0,0
17504,2024-05-05 17:44:36,0,0
17505,2024-05-05 17:44:48,0,0
17506,2024-05-05 17:45:00,0,0
17507,2024-05-05 17:45:12,0,0
17508,2024-05-05 17:45:24,0,0
17509,2024-05-05 17:45:36,0,0
17510,2024-05-05 17:45:48,0,0
17511,2024-05-05 17:46:00,0,0
17512,2024-05-05 17:46:12,0,0
17513,2024-05-05 17:46:24,0,0
17514,2024-05-05 17:46:36,0,0
17515,2024-05-05 17:46:48,0,0
17516,2024-05-05 17:47:00,0,0
17517,2024-05-05 17:47:12,0,0
17518,2024-05-05 17:47:24,0,0
17519,2024-05-05 17:47:36,0,0
17520,2024-05-05 17:47:48,0,0
17521,2024-05-05 17:48:00,0,0
17522,2024-05-05 17:48:12,0,0
17523,2024-05-05 17:48:24,0,0
17524,2024-05-05 17:48:36,0,0
17525,2024-05-05 17:48:48,0,0
17526,2024-05-05 17:49:00,0,0
17527,2024-05-05 17:49:12,0,0
17528,2024-05-05 17:49:24,0,0
17529,2024-05-05 17:49:36,0,0
17530,2024-05-05 17:49:48,0,0
17531,2024-05-05 17:50:00,0,0
17532,2024-05-05 17:50:12,0,0
17533,2024-05-05 17:50:24,0,0
17534,2024-05-05 17:50:36,0,0
17535,2024-05-05 17:50:48,0,0
17536,2024-05-05 17:51:00,0,0
17537,2024-05-05 17:51:12,0,0
17538,2024-05-05 17:51:24,0,0
17539,2024-05-05 17:51:36,0,0
17540,2024-05-05 17:51:48,0,0
17541,2024-05-05 17:52:00,0,0
17542,2024-05-05 17:52:12,0,0
17543,2024-05-05 17:52:24,0,0
17544,2024-05-05 17:52:36,0,0
17545,2024-05-05 17:52:48,0,0
17546,2024-05-05 17:53:00,0,0
17547,2024-05-05 17:53:12,0,0
17548,2024-05-05 17:53:24,0,0
17549,2024-05-05 17:53:36,0,0
17550,2024-05-05 17:53:48,0,0
17551,2024-05-05 17:54:00,0,0
17552,2024-05-05 17:54:12,0,0
17553,2024-05-05 17:54:24,0,0
17554,2024-05-05 17:54:36,0,0
17555,2024-05-05 17:54:48,0,0
17556,2024-05-05 17:55:00,0,0
17557,2024-05-05 17:55:12,0,0
17558,2024-05-05 17:55:24,0,0
17559,2024-05-05 17:55:36,0,0
17560,2024-05-05 17:55:48,0,0
17561,2024-05-05 17:56:00,0,0
17562,2024-05-05 17:56:12,0,0
17563,2024-05-05 17:56:24,0,0
17564,2024-05-05 17:56:36,0,0
17565,2024-05-05 17:56:48,0,0
17566,2024-05-05 17:57:00,0,0
17567,2024-05-05 17:57:12,0,0
17568,2024-05-05 17:57:24,0,0
17569,2024-05-05 17:57:36,0,0
17570,2024-05-05 17:57:48,0,0
17571,2024-05-05 17:58:00,0,0
17572,2024-05-05 17:58:12,0,0
17573,2024-05-05 17:58:24,0,0
17574,2024-05-05 17:58:36,0,0
17575,2024-05-05 17:58:48,0,0
17576,2024-05-05 17:59:00,0,0
17577,2024-05-05 17:59:12,0,0
17578,2024-05-05 17:59:24,0,0
17579,2024-05-05 17:59:36,0,0
17580,2024-05-05 17:59:48,0,0
17581,2024-05-05 18:00:00,0,0
17582,2024-05-05 18:00:12,0,0
17583,2024-05-05 18:00:24,0,0
17584,2024-05-05 18:00:36,0,0
17585,2024-05-05 18:00:48,0,0
17586,2024-05-05 18:01:00,0,0
17587,2024-05-05 18:01:12,0,0
17588,2024-05-05 18:01:24,0,0
17589,2024-05-05 18:01:36,0,0
17590,2024-05-05 18:01:48,0,0
17591,2024-05-05 18:02:00,0,0
17592,2024-05-05 18:02:12,0,0
17593,2024-05-05 18:02:24,0,0
17594,2024-05-05 18:02:36,0,0
17595,2024-05-05 18:02:48,0,0
17596,2024-05-05 18:03:00,0,0
17597,2024-05-05 18:03:12,0,0
17598,2024-05-05 18:03:24,0,0
17599,2024-05-05 18:03:36,0,0
17600,2024-05-05 18:03:48,0,0
17601,2024-05-05 18:04:00,0,0
17602,2024-05-05 18:04:12,0,0
17603,2024-05-05 18:04:24,0,0
17604,2024-05-05 18:04:36,0,0
17605,2024-05-05 18:04:48,0,0
17606,2024-05-05 18:05:00,0,0
17607,2024-05-05 18:05:12,0,0
17608,2024-05-05 18:05:24,0,0
17609,2024-05-05 18:05:36,0,0
17610,2024-05-05 18:05:48,0,0
17611,2024-05-05 18:06:00,0,0
17612,2024-05-05 18:06:12,0,0
17613,2024-05-05 18:06:24,0,0
17614,2024-05-05 18:06:36,0,0
17615,2024-05-05 18:06:48,0,0
17616,2024-05-05 18:07:00,0,0
17617,2024-05-05 18:07:12,0,0
17618,2024-05-05 18:07:24,0,0
17619,2024-05-05 18:07:36,0,0
17620,2024-05-05 18:07:48,0,0
17621,2024-05-05 18:08:00,0,0
17622,2024-05-05 18:08:12,0,0
17623,2024-05-05 18:08:24,0,0
17624,2024-05-05 18:08:36,0,0
17625,2024-05-05 18:08:48,0,0
17626,2024-05-05 18:09:00,0,0
17627,2024-05-05 18:09:12,0,0
17628,2024-05-05 18:09:24,0,0
17629,2024-05-05 18:09:36,0,0
17630,2024-05-05 18:09:48,0,0
17631,2024-05-05 18:10:00,0,0
17632,2024-05-05 18:10:12,0,0
17633,2024-05-05 18:10:24,0,0
17634,2024-05-05 18:10:36,0,0
17635,2024-05-05 18:10:48,0,0
17636,2024-05-05 18:11:00,0,0
17637,2024-05-05 18:11:12,0,0
17638,2024-05-05 18:11:24,0,0
17639,2024-05-05 18:11:36,0,0
17640,2024-05-05 18:11:48,0,0
17641,2024-05-05 18:12:00,0,0
17642,2024-05-05 18:12:12,0,0
17643,2024-05-05 18:12:24,0,0
17644,2024-05-05 18:12:36,0,0
17645,2024-05-05 18:12:48,0,0
17646,2024-05-05 18:13:00,0,0
17647,2024-05-05 18:13:12,0,0
17648,2024-05-05 18:13:24,0,0
17649,2024-05-05 18:13:36,0,0
17650,2024-05-05 18:13:48,0,0
17651,2024-05-05 18:14:00,0,0
17652,2024-05-05 18:14:12,0,0
17653,2024-05-05 18:14:24,0,0
17654,2024-05-05 18:14:36,0,0
17655,2024-05-05 18:14:48,0,0
17656,2024-05-05 18:15:00,0,0
17657,2024-05-05 18:15:12,0,0
17658,2024-05-05 18:15:24,0,0
17659,2024-05-05 18:15:36,0,0
17660,2024-05-05 18:15:48,0,0
17661,2024-05-05 18:16:00,0,0
17662,2024-05-05 18:16:12,0,0
17663,2024-05-05 18:16:24,0,0
17664,2024-05-05 18:16:36,0,0
17665,2024-05-05 18:16:48,0,0
17666,2024-05-05 18:17:00,0,0
17667,2024-05-05 18:17:12,0,0
17668,2024-05-05 18:17:24,0,0
17669,2024-05-05 18:17:36,0,0
17670,2024-05-05 18:17:48,0,0
17671,2024-05-05 18:18:00,0,0
17672,2024-05-05 18:18:12,0,0
17673,2024-05-05 18:18:24,0,0
17674,2024-05-05 18:18:36,0,0
17675,2024-05-05 18:18:48,0,0
17676,2024-05-05 18:19:00,0,0
17677,2024-05-05 18:19:12,0,0
17678,2024-05-05 18:19:24,0,0
17679,2024-05-05 18:19:36,0,0
17680,2024-05-05 18:19:48,0,0
17681,2024-05-05 18:20:00,0,0
17682,2024-05-05 18:20:12,0,0
17683,2024-05-05 18:20:24,0,0
17684,2024-05-05 18:20:36,0,0
17685,2024-05-05 18:20:48,0,0
17686,2024-05-05 18:21:00,0,0
17687,2024-05-05 18:21:12,0,0
17688,2024-05-05 18:21:24,0,0
17689,2024-05-05 18:21:36,0,0
17690,2024-05-05 18:21:48,0,0
17691,2024-05-05 18:22:00,0,0
17692,2024-05-05 18:22:12,0,0
17693,2024-05-05 18:22:24,0,0
17694,2024-05-05 18:22:36,0,0
17695,2024-05-05 18:22:48,0,0
17696,2024-05-05 18:23:00,0,0
17697,2024-05-05 18:23:12,0,0
17698,2024-05-05 18:23:24,0,0
17699,2024-05-05 18:23:36,0,0
17700,2024-05-05 18:23:48,0,0
17701,2024-05-05 18:24:00,0,0
17702,2024-05-05 18:24:12,0,0
17703,2024-05-05 18:24:24,0,0
17704,2024-05-05 18:24:36,0,0
17705,2024-05-05 18:24:48,0,0
17706,2024-05-05 18:25:00,0,0
17707,2024-05-05 18:25:12,0,0
17708,2024-05-05 18:25:24,0,0
17709,2024-05-05 18:25:36,0,0
17710,2024-05-05 18:25:48,0,0
17711,2024-05-05 18:26:00,0,0
17712,2024-05-05 18:26:12,0,0
17713,2024-05-05 18:26:24,0,0
17714,2024-05-05 18:26:36,0,0
17715,2024-05-05 18:26:48,0,0
17716,2024-05-05 18:27:00,0,0
17717,2024-05-05 18:27:12,0,0
17718,2024-05-05 18:27:24,0,0
17719,2024-05-05 18:27:36,0,0
17720,2024-05-05 18:27:48,0,0
17721,2024-05-05 18:28:00,0,0
17722,2024-05-05 18:28:12,0,0
17723,2024-05-05 18:28:24,0,0
17724,2024-05-05 18:28:36,0,0
17725,2024-05-05 18:28:48,0,0
17726,2024-05-05 18:29:00,0,0
17727,2024-05-05 18:29:12,0,0
17728,2024-05-05 18:29:24,0,0
17729,2024-05-05 18:29:36,0,0
17730,2024-05-05 18:29:48,0,0
17731,2024-05-05 18:30:00,0,0
17732,2024-05-05 18:30:12,0,0
17733,2024-05-05 18:30:24,0,0
17734,2024-05-05 18:30:36,0,0
17735,2024-05-05 18:30:48,0,0
17736,2024-05-05 18:31:00,0,0
17737,2024-05-05 18:31:12,0,0
17738,2024-05-05 18:31:24,0,0
17739,2024-05-05 18:31:36,0,0
17740,2024-05-05 18:31:48,0,0
17741,2024-05-05 18:32:00,0,0
17742,2024-05-05 18:32:12,0,0
17743,2024-05-05 18:32:24,0,0
17744,2024-05-05 18:32:36,0,0
17745,2024-05-05 18:32:48,0,0
17746,2024-05-05 18:33:00,0,0
17747,2024-05-05 18:33:12,0,0
17748,2024-05-05 18:33:24,0,0
17749,2024-05-05 18:33:36,0,0
17750,2024-05-05 18:33:48,0,0
17751,2024-05-05 18:34:00,0,0
17752,2024-05-05 18:34:12,0,0
17753,2024-05-05 18:34:24,0,0
17754,2024-05-05 18:34:36,0,0
17755,2024-05-05 18:34:48,0,0
17756,2024-05-05 18:35:00,0,0
17757,2024-05-05 18:35:12,0,0
17758,2024-05-05 18:35:24,0,0
17759,2024-05-05 18:35:36,0,0
17760,2024-05-05 18:35:48,0,0
17761,2024-05-05 18:36:00,0,0
17762,2024-05-05 18:36:12,0,0
17763,2024-05-05 18:36:24,0,0
17764,2024-05-05 18:36:36,0,0
17765,2024-05-05 18:36:48,0,0
17766,2024-05-05 18:37:00,0,0
17767,2024-05-05 18:37:12,0,0
17768,2024-05-05 18:37:24,0,0
17769,2024-05-05 18:37:36,0,0
17770,2024-05-05 18:37:48,0,0
17771,2024-05-05 18:38:00,0,0
17772,2024-05-05 18:38:12,0,0
17773,2024-05-05 18:38:24,0,0
17774,2024-05-05 18:38:36,0,0
17775,2024-05-05 18:38:48,0,0
17776,2024-05-05 18:39:00,0,0
17777,2024-05-05 18:39:12,0,0
17778,2024-05-05 18:39:24,0,0
17779,2024-05-05 18:39:36,0,0
17780,2024-05-05 18:39:48,0,0
17781,2024-05-05 18:40:00,0,0
17782,2024-05-05 18:40:12,0,0
17783,2024-05-05 18:40:24,0,0
17784,2024-05-05 18:40:36,0,0
17785,2024-05-05 18:40:48,0,0
17786,2024-05-05 18:41:00,0,0
17787,2024-05-05 18:41:12,0,0
17788,2024-05-05 18:41:24,0,0
17789,2024-05-05 18:41:36,0,0
17790,2024-05-05 18:41:48,0,0
17791,2024-05-05 18:42:00,0,0
17792,2024-05-05 18:42:12,0,0
17793,2024-05-05 18:42:24,0,0
17794,2024-05-05 18:42:36,0,0
17795,2024-05-05 18:42:48,0,0
17796,2024-05-05 18:43:00,0,0
17797,2024-05-05 18:43:12,0,0
17798,2024-05-05 18:43:24,0,0
17799,2024-05-05 18:43:36,0,0
17800,2024-05-05 18:43:48,0,0
17801,2024-05-05 18:44:00,0,0
17802,2024-05-05 18:44:12,0,0
17803,2024-05-05 18:44:24,0,0
17804,2024-05-05 18:44:36,0,0
17805,2024-05-05 18:44:48,0,0
17806,2024-05-05 18:45:00,0,0
17807,2024-05-05 18:45:12,0,0
17808,2024-05-05 18:45:24,0,0
17809,2024-05-05 18:45:36,0,0
17810,2024-05-05 18:45:48,0,0
17811,2024-05-05 18:46:00,0,0
17812,2024-05-05 18:46:12,0,0
17813,2024-05-05 18:46:24,0,0
17814,2024-05-05 18:46:36,0,0
17815,2024-05-05 18:46:48,0,0
17816,2024-05-05 18:47:00,0,0
17817,2024-05-05 18:47:12,0,0
17818,2024-05-05 18:47:24,0,0
17819,2024-05-05 18:47:36,0,0
17820,2024-05-05 18:47:48,0,0
17821,2024-05-05 18:48:00,0,0
17822,2024-05-05 18:48:12,0,0
17823,2024-05-05 18:48:24,0,0
17824,2024-05-05 18:48:36,0,0
17825,2024-05-05 18:48:48,0,0
17826,2024-05-05 18:49:00,0,0
17827,2024-05-05 18:49:12,0,0
17828,2024-05-05 18:49:24,0,0
17829,2024-05-05 18:49:36,0,0
17830,2024-05-05 18:49:48,0,0
17831,2024-05-05 18:50:00,0,0
17832,2024-05-05 18:50:12,0,0
17833,2024-05-05 18:50:24,0,0
17834,2024-05-05 18:50:36,0,0
17835,2024-05-05 18:50:48,0,0
17836,2024-05-05 18:51:00,0,0
17837,2024-05-05 18:51:12,0,0
17838,2024-05-05 18:51:24,0,0
17839,2024-05-05 18:51:36,0,0
17840,2024-05-05 18:51:48,0,0
17841,2024-05-05 18:52:00,0,0
17842,2024-05-05 18:52:12,0,0
17843,2024-05-05 18:52:24,0,0
17844,2024-05-05 18:52:36,0,0
17845,2024-05-05 18:52:48,0,0
17846,2024-05-05 18:53:00,0,0
17847,2024-05-05 18:53:12,0,0
17848,2024-05-05 18:53:24,0,0
17849,2024-05-05 18:53:36,0,0
17850,2024-05-05 18:53:48,0,0
17851,2024-05-05 18:54:00,0,0
17852,2024-05-05 18:54:12,0,0
17853,2024-05-05 18:54:24,0,0
17854,2024-05-05 18:54:36,0,0
17855,2024-05-05 18:54:48,0,0
17856,2024-05-05 18:55:00,0,0
17857,2024-05-05 18:55:12,0,0
17858,2024-05-05 18:55:24,0,0
17859,2024-05-05 18:55:36,0,0
17860,2024-05-05 18:55:48,0,0
17861,2024-05-05 18:56:00,0,0
17862,2024-05-05 18:56:12,0,0
17863,2024-05-05 18:56:24,0,0
17864,2024-05-05 18:56:36,0,0
17865,2024-05-05 18:56:48,0,0
17866,2024-05-05 18:57:00,0,0
17867,2024-05-05 18:57:12,0,0
17868,2024-05-05 18:57:24,0,0
17869,2024-05-05 18:57:36,0,0
17870,2024-05-05 18:57:48,0,0
17871,2024-05-05 18:58:00,0,0
17872,2024-05-05 18:58:12,0,0
17873,2024-05-05 18:58:24,0,0
17874,2024-05-05 18:58:36,0,0
17875,2024-05-05 18:58:48,0,0
17876,2024-05-05 18:59:00,0,0
17877,2024-05-05 18:59:12,0,0
17878,2024-05-05 18:59:24,0,0
17879,2024-05-05 18:59:36,0,0
17880,2024-05-05 18:59:48,0,0
17881,2024-05-05 19:00:00,0,0
17882,2024-05-05 19:00:12,0,0
17883,2024-05-05 19:00:24,0,0
17884,2024-05-05 19:00:36,0,0
17885,2024-05-05 19:00:48,0,0
17886,2024-05-05 19:01:00,0,0
17887,2024-05-05 19:01:12,0,0
17888,2024-05-05 19:01:24,0,0
17889,2024-05-05 19:01:36,0,0
17890,2024-05-05 19:01:48,0,0
17891,2024-05-05 19:02:00,0,0
17892,2024-05-05 19:02:12,0,0
17893,2024-05-05 19:02:24,0,0
17894,2024-05-05 19:02:36,0,0
17895,2024-05-05 19:02:48,0,0
17896,2024-05-05 19:03:00,0,0
17897,2024-05-05 19:03:12,0,0
17898,2024-05-05 19:03:24,0,0
17899,2024-05-05 19:03:36,0,0
17900,2024-05-05 19:03:48,0,0
17901,2024-05-05 19:04:00,0,0
17902,2024-05-05 19:04:12,0,0
17903,2024-05-05 19:04:24,0,0
17904,2024-05-05 19:04:36,0,0
17905,2024-05-05 19:04:48,0,0
17906,2024-05-05 19:05:00,0,0
17907,2024-05-05 19:05:12,0,0
17908,2024-05-05 19:05:24,0,0
17909,2024-05-05 19:05:36,0,0
17910,2024-05-05 19:05:48,0,0
17911,2024-05-05 19:06:00,0,0
17912,2024-05-05 19:06:12,0,0
17913,2024-05-05 19:06:24,0,0
17914,2024-05-05 19:06:36,0,0
17915,2024-05-05 19:06:48,0,0
17916,2024-05-05 19:07:00,0,0
17917,2024-05-05 19:07:12,0,0
17918,2024-05-05 19:07:24,0,0
17919,2024-05-05 19:07:36,0,0
17920,2024-05-05 19:07:48,0,0
17921,2024-05-05 19:08:00,0,0
17922,2024-05-05 19:08:12,0,0
17923,2024-05-05 19:08:24,0,0
17924,2024-05-05 19:08:36,0,0
17925,2024-05-05 19:08:48,0,0
17926,2024-05-05 19:09:00,0,0
17927,2024-05-05 19:09:12,0,0
17928,2024-05-05 19:09:24,0,0
17929,2024-05-05 19:09:36,0,0
17930,2024-05-05 19:09:48,0,0
17931,2024-05-05 19:10:00,0,0
17932,2024-05-05 19:10:12,0,0
17933,2024-05-05 19:10:24,0,0
17934,2024-05-05 19:10:36,0,0
17935,2024-05-05 19:10:48,0,0
17936,2024-05-05 19:11:00,0,0
17937,2024-05-05 19:11:12,0,0
17938,2024-05-05 19:11:24,0,0
17939,2024-05-05 19:11:36,0,0
17940,2024-05-05 19:11:48,0,0
17941,2024-05-05 19:12:00,0,0
17942,2024-05-05 19:12:12,0,0
17943,2024-05-05 19:12:24,0,0
17944,2024-05-05 19:12:36,0,0
17945,2024-05-05 19:12:48,0,0
17946,2024-05-05 19:13:00,0,0
17947,2024-05-05 19:13:12,0,0
17948,2024-05-05 19:13:24,0,0
17949,2024-05-05 19:13:36,0,0
17950,2024-05-05 19:13:48,0,0
17951,2024-05-05 19:14:00,0,0
17952,2024-05-05 19:14:12,0,0
17953,2024-05-05 19:14:24,0,0
17954,2024-05-05 19:14:36,0,0
17955,2024-05-05 19:14:48,0,0
17956,2024-05-05 19:15:00,0,0
17957,2024-05-05 19:15:12,0,0
17958,2024-05-05 19:15:24,0,0
17959,2024-05-05 19:15:36,0,0
17960,2024-05-05 19:15:48,0,0
17961,2024-05-05 19:16:00,0,0
17962,2024-05-05 19:16:12,0,0
17963,2024-05-05 19:16:24,0,0
17964,2024-05-05 19:16:36,0,0
17965,2024-05-05 19:16:48,0,0
17966,2024-05-05 19:17:00,0,0
17967,2024-05-05 19:17:12,0,0
17968,2024-05-05 19:17:24,0,0
17969,2024-05-05 19:17:36,0,0
17970,2024-05-05 19:17:48,0,0
17971,2024-05-05 19:18:00,0,0
17972,2024-05-05 19:18:12,0,0
17973,2024-05-05 19:18:24,0,0
17974,2024-05-05 19:18:36,0,0
17975,2024-05-05 19:18:48,0,0
17976,2024-05-05 19:19:00,0,0
17977,2024-05-05 19:19:12,0,0
17978,2024-05-05 19:19:24,0,0
17979,2024-05-05 19:19:36,0,0
17980,2024-05-05 19:19:48,0,0
17981,2024-05-05 19:20:00,0,0
17982,2024-05-05 19:20:12,0,0
17983,2024-05-05 19:20:24,0,0
17984,2024-05-05 19:20:36,0,0
17985,2024-05-05 19:20:48,0,0
17986,2024-05-05 19:21:00,0,0
17987,2024-05-05 19:21:12,0,0
17988,2024-05-05 19:21:24,0,0
17989,2024-05-05 19:21:36,0,0
17990,2024-05-05 19:21:48,0,0
17991,2024-05-05 19:22:00,0,0
17992,2024-05-05 19:22:12,0,0
17993,2024-05-05 19:22:24,0,0
17994,2024-05-05 19:22:36,0,0
17995,2024-05-05 19:22:48,0,0
17996,2024-05-05 19:23:00,0,0
17997,2024-05-05 19:23:12,0,0
17998,2024-05-05 19:23:24,0,0
17999,2024-05-05 19:23:36,0,0
18000,2024-05-05 19:23:48,0,0
18001,2024-05-05 19:24:00,0,0
18002,2024-05-05 19:24:12,0,0
18003,2024-05-05 19:24:24,0,0
18004,2024-05-05 19:24:36,0,0
18005,2024-05-05 19:24:48,0,0
18006,2024-05-05 19:25:00,0,0
18007,2024-05-05 19:25:12,0,0
18008,2024-05-05 19:25:24,0,0
18009,2024-05-05 19:25:36,0,0
18010,2024-05-05 19:25:48,0,0
18011,2024-05-05 19:26:00,0,0
18012,2024-05-05 19:26:12,0,0
18013,2024-05-05 19:26:24,0,0
18014,2024-05-05 19:26:36,0,0
18015,2024-05-05 19:26:48,0,0
18016,2024-05-05 19:27:00,0,0
18017,2024-05-05 19:27:12,0,0
18018,2024-05-05 19:27:24,0,0
18019,2024-05-05 19:27:36,0,0
18020,2024-05-05 19:27:48,0,0
18021,2024-05-05 19:28:00,0,0
18022,2024-05-05 19:28:12,0,0
18023,2024-05-05 19:28:24,0,0
18024,2024-05-05 19:28:36,0,0
18025,2024-05-05 19:28:48,0,0
18026,2024-05-05 19:29:00,0,0
18027,2024-05-05 19:29:12,0,0
18028,2024-05-05 19:29:24,0,0
18029,2024-05-05 19:29:36,0,0
18030,2024-05-05 19:29:48,0,0
18031,2024-05-05 19:30:00,0,0
18032,2024-05-05 19:30:12,0,0
18033,2024-05-05 19:30:24,0,0
18034,2024-05-05 19:30:36,0,0
18035,2024-05-05 19:30:48,0,0
18036,2024-05-05 19:31:00,0,0
18037,2024-05-05 19:31:12,0,0
18038,2024-05-05 19:31:24,0,0
18039,2024-05-05 19:31:36,0,0
18040,2024-05-05 19:31:48,0,0
18041,2024-05-05 19:32:00,0,0
18042,2024-05-05 19:32:12,0,0
18043,2024-05-05 19:32:24,0,0
18044,2024-05-05 19:32:36,0,0
18045,2024-05-05 19:32:48,0,0
18046,2024-05-05 19:33:00,0,0
18047,2024-05-05 19:33:12,0,0
18048,2024-05-05 19:33:24,0,0
18049,2024-05-05 19:33:36,0,0
18050,2024-05-05 19:33:48,0,0
18051,2024-05-05 19:34:00,0,0
18052,2024-05-05 19:34:12,0,0
18053,2024-05-05 19:34:24,0,0
18054,2024-05-05 19:34:36,0,0
18055,2024-05-05 19:34:48,0,0
18056,2024-05-05 19:35:00,0,0
18057,2024-05-05 19:35:12,0,0
18058,2024-05-05 19:35:24,0,0
18059,2024-05-05 19:35:36,0,0
18060,2024-05-05 19:35:48,0,0
18061,2024-05-05 19:36:00,0,0
18062,2024-05-05 19:36:12,0,0
18063,2024-05-05 19:36:24,0,0
18064,2024-05-05 19:36:36,0,0
18065,2024-05-05 19:36:48,0,0
18066,2024-05-05 19:37:00,0,0
18067,2024-05-05 19:37:12,0,0
18068,2024-05-05 19:37:24,0,0
18069,2024-05-05 19:37:36,0,0
18070,2024-05-05 19:37:48,0,0
18071,2024-05-05 19:38:00,0,0
18072,2024-05-05 19:38:12,0,0
18073,2024-05-05 19:38:24,0,0
18074,2024-05-05 19:38:36,0,0
18075,2024-05-05 19:38:48,0,0
18076,2024-05-05 19:39:00,0,0
18077,2024-05-05 19:39:12,0,0
18078,2024-05-05 19:39:24,0,0
18079,2024-05-05 19:39:36,0,0
18080,2024-05-05 19:39:48,0,0
18081,2024-05-05 19:40:00,0,0
18082,2024-05-05 19:40:12,0,0
18083,2024-05-05 19:40:24,0,0
18084,2024-05-05 19:40:36,0,0
18085,2024-05-05 19:40:48,0,0
18086,2024-05-05 19:41:00,0,0
18087,2024-05-05 19:41:12,0,0
18088,2024-05-05 19:41:24,0,0
18089,2024-05-05 19:41:36,0,0
18090,2024-05-05 19:41:48,0,0
18091,2024-05-05 19:42:00,0,0
18092,2024-05-05 19:42:12,0,0
18093,2024-05-05 19:42:24,0,0
18094,2024-05-05 19:42:36,0,0
18095,2024-05-05 19:42:48,0,0
18096,2024-05-05 19:43:00,0,0
18097,2024-05-05 19:43:12,0,0
18098,2024-05-05 19:43:24,0,0
18099,2024-05-05 19:43:36,0,0
18100,2024-05-05 19:43:48,0,0
18101,2024-05-05 19:44:00,0,0
18102,2024-05-05 19:44:12,0,0
18103,2024-05-05 19:44:24,0,0
18104,2024-05-05 19:44:36,0,0
18105,2024-05-05 19:44:48,0,0
18106,2024-05-05 19:45:00,0,0
18107,2024-05-05 19:45:12,0,0
18108,2024-05-05 19:45:24,0,0
18109,2024-05-05 19:45:36,0,0
18110,2024-05-05 19:45:48,0,0
18111,2024-05-05 19:46:00,0,0
18112,2024-05-05 19:46:12,0,0
18113,2024-05-05 19:46:24,0,0
18114,2024-05-05 19:46:36,0,0
18115,2024-05-05 19:46:48,0,0
18116,2024-05-05 19:47:00,0,0
18117,2024-05-05 19:47:12,0,0
18118,2024-05-05 19:47:24,0,0
18119,2024-05-05 19:47:36,0,0
18120,2024-05-05 19:47:48,0,0
18121,2024-05-05 19:48:00,0,0
18122,2024-05-05 19:48:12,0,0
18123,2024-05-05 19:48:24,0,0
18124,2024-05-05 19:48:36,0,0
18125,2024-05-05 19:48:48,0,0
18126,2024-05-05 19:49:00,0,0
18127,2024-05-05 19:49:12,0,0
18128,2024-05-05 19:49:24,0,0
18129,2024-05-05 19:49:36,0,0
18130,2024-05-05 19:49:48,0,0
18131,2024-05-05 19:50:00,0,0
18132,2024-05-05 19:50:12,0,0
18133,2024-05-05 19:50:24,0,0
18134,2024-05-05 19:50:36,0,0
18135,2024-05-05 19:50:48,0,0
18136,2024-05-05 19:51:00,0,0
18137,2024-05-05 19:51:12,0,0
18138,2024-05-05 19:51:24,0,0
18139,2024-05-05 19:51:36,0,0
18140,2024-05-05 19:51:48,0,0
18141,2024-05-05 19:52:00,0,0
18142,2024-05-05 19:52:12,0,0
18143,2024-05-05 19:52:24,0,0
18144,2024-05-05 19:52:36,0,0
18145,2024-05-05 19:52:48,0,0
18146,2024-05-05 19:53:00,0,0
18147,2024-05-05 19:53:12,0,0
18148,2024-05-05 19:53:24,0,0
18149,2024-05-05 19:53:36,0,0
18150,2024-05-05 19:53:48,0,0
18151,2024-05-05 19:54:00,0,0
18152,2024-05-05 19:54:12,0,0
18153,2024-05-05 19:54:24,0,0
18154,2024-05-05 19:54:36,0,0
18155,2024-05-05 19:54:48,0,0
18156,2024-05-05 19:55:00,0,0
18157,2024-05-05 19:55:12,0,0
18158,2024-05-05 19:55:24,0,0
18159,2024-05-05 19:55:36,0,0
18160,2024-05-05 19:55:48,0,0
18161,2024-05-05 19:56:00,0,0
18162,2024-05-05 19:56:12,0,0
18163,2024-05-05 19:56:24,0,0
18164,2024-05-05 19:56:36,0,0
18165,2024-05-05 19:56:48,0,0
18166,2024-05-05 19:57:00,0,0
18167,2024-05-05 19:57:12,0,0
18168,2024-05-05 19:57:24,0,0
18169,2024-05-05 19:57:36,0,0
18170,2024-05-05 19:57:48,0,0
18171,2024-05-05 19:58:00,0,0
18172,2024-05-05 19:58:12,0,0
18173,2024-05-05 19:58:24,0,0
18174,2024-05-05 19:58:36,0,0
18175,2024-05-05 19:58:48,0,0
18176,2024-05-05 19:59:00,0,0
18177,2024-05-05 19:59:12,0,0
18178,2024-05-05 19:59:24,0,0
18179,2024-05-05 19:59:36,0,0
18180,2024-05-05 19:59:48,0,0
18181,2024-05-05 20:00:00,0,0
18182,2024-05-05 20:00:12,0,0
18183,2024-05-05 20:00:24,0,0
18184,2024-05-05 20:00:36,0,0
18185,2024-05-05 20:00:48,0,0
18186,2024-05-05 20:01:00,0,0
18187,2024-05-05 20:01:12,0,0
18188,2024-05-05 20:01:24,0,0
18189,2024-05-05 20:01:36,0,0
18190,2024-05-05 20:01:48,0,0
18191,2024-05-05 20:02:00,0,0
18192,2024-05-05 20:02:12,0,0
18193,2024-05-05 20:02:24,0,0
18194,2024-05-05 20:02:36,0,0
18195,2024-05-05 20:02:48,0,0
18196,2024-05-05 20:03:00,0,0
18197,2024-05-05 20:03:12,0,0
18198,2024-05-05 20:03:24,0,0
18199,2024-05-05 20:03:36,0,0
18200,2024-05-05 20:03:48,0,0
18201,2024-05-05 20:04:00,0,0
18202,2024-05-05 20:04:12,0,0
18203,2024-05-05 20:04:24,0,0
18204,2024-05-05 20:04:36,0,0
18205,2024-05-05 20:04:48,0,0
18206,2024-05-05 20:05:00,0,0
18207,2024-05-05 20:05:12,0,0
18208,2024-05-05 20:05:24,0,0
18209,2024-05-05 20:05:36,0,0
18210,2024-05-05 20:05:48,0,0
18211,2024-05-05 20:06:00,0,0
18212,2024-05-05 20:06:12,0,0
18213,2024-05-05 20:06:24,0,0
18214,2024-05-05 20:06:36,0,0
18215,2024-05-05 20:06:48,0,0
18216,2024-05-05 20:07:00,0,0
18217,2024-05-05 20:07:12,0,0
18218,2024-05-05 20:07:24,0,0
18219,2024-05-05 20:07:36,0,0
18220,2024-05-05 20:07:48,0,0
18221,2024-05-05 20:08:00,0,0
18222,2024-05-05 20:08:12,0,0
18223,2024-05-05 20:08:24,0,0
18224,2024-05-05 20:08:36,0,0
18225,2024-05-05 20:08:48,0,0
18226,2024-05-05 20:09:00,0,0
18227,2024-05-05 20:09:12,0,0
18228,2024-05-05 20:09:24,0,0
18229,2024-05-05 20:09:36,0,0
18230,2024-05-05 20:09:48,0,0
18231,2024-05-05 20:10:00,0,0
18232,2024-05-05 20:10:12,0,0
18233,2024-05-05 20:10:24,0,0
18234,2024-05-05 20:10:36,0,0
18235,2024-05-05 20:10:48,0,0
18236,2024-05-05 20:11:00,0,0
18237,2024-05-05 20:11:12,0,0
18238,2024-05-05 20:11:24,0,0
18239,2024-05-05 20:11:36,0,0
18240,2024-05-05 20:11:48,0,0
18241,2024-05-05 20:12:00,0,0
18242,2024-05-05 20:12:12,0,0
18243,2024-05-05 20:12:24,0,0
18244,2024-05-05 20:12:36,0,0
18245,2024-05-05 20:12:48,0,0
18246,2024-05-05 20:13:00,0,0
18247,2024-05-05 20:13:12,0,0
18248,2024-05-05 20:13:24,0,0
18249,2024-05-05 20:13:36,0,0
18250,2024-05-05 20:13:48,0,0
18251,2024-05-05 20:14:00,0,0
18252,2024-05-05 20:14:12,0,0
18253,2024-05-05 20:14:24,0,0
18254,2024-05-05 20:14:36,0,0
18255,2024-05-05 20:14:48,0,0
18256,2024-05-05 20:15:00,0,0
18257,2024-05-05 20:15:12,0,0
18258,2024-05-05 20:15:24,0,0
18259,2024-05-05 20:15:36,0,0
18260,2024-05-05 20:15:48,0,0
18261,2024-05-05 20:16:00,0,0
18262,2024-05-05 20:16:12,0,0
18263,2024-05-05 20:16:24,0,0
18264,2024-05-05 20:16:36,0,0
18265,2024-05-05 20:16:48,0,0
18266,2024-05-05 20:17:00,0,0
18267,2024-05-05 20:17:12,0,0
18268,2024-05-05 20:17:24,0,0
18269,2024-05-05 20:17:36,0,0
18270,2024-05-05 20:17:48,0,0
18271,2024-05-05 20:18:00,0,0
18272,2024-05-05 20:18:12,0,0
18273,2024-05-05 20:18:24,0,0
18274,2024-05-05 20:18:36,0,0
18275,2024-05-05 20:18:48,0,0
18276,2024-05-05 20:19:00,0,0
18277,2024-05-05 20:19:12,0,0
18278,2024-05-05 20:19:24,0,0
18279,2024-05-05 20:19:36,0,0
18280,2024-05-05 20:19:48,0,0
18281,2024-05-05 20:20:00,0,0
18282,2024-05-05 20:20:12,0,0
18283,2024-05-05 20:20:24,0,0
18284,2024-05-05 20:20:36,0,0
18285,2024-05-05 20:20:48,0,0
18286,2024-05-05 20:21:00,0,0
18287,2024-05-05 20:21:12,0,0
18288,2024-05-05 20:21:24,0,0
18289,2024-05-05 20:21:36,0,0
18290,2024-05-05 20:21:48,0,0
18291,2024-05-05 20:22:00,0,0
18292,2024-05-05 20:22:12,0,0
18293,2024-05-05 20:22:24,0,0
18294,2024-05-05 20:22:36,0,0
18295,2024-05-05 20:22:48,0,0
18296,2024-05-05 20:23:00,0,0
18297,2024-05-05 20:23:12,0,0
18298,2024-05-05 20:23:24,0,0
18299,2024-05-05 20:23:36,0,0
18300,2024-05-05 20:23:48,0,0
18301,2024-05-05 20:24:00,0,0
18302,2024-05-05 20:24:12,0,0
18303,2024-05-05 20:24:24,0,0
18304,2024-05-05 20:24:36,0,0
18305,2024-05-05 20:24:48,0,0
18306,2024-05-05 20:25:00,0,0
18307,2024-05-05 20:25:12,0,0
18308,2024-05-05 20:25:24,0,0
18309,2024-05-05 20:25:36,0,0
18310,2024-05-05 20:25:48,0,0
18311,2024-05-05 20:26:00,0,0
18312,2024-05-05 20:26:12,0,0
18313,2024-05-05 20:26:24,0,0
18314,2024-05-05 20:26:36,0,0
18315,2024-05-05 20:26:48,0,0
18316,2024-05-05 20:27:00,0,0
18317,2024-05-05 20:27:12,0,0
18318,2024-05-05 20:27:24,0,0
18319,2024-05-05 20:27:36,0,0
18320,2024-05-05 20:27:48,0,0
18321,2024-05-05 20:28:00,0,0
18322,2024-05-05 20:28:12,0,0
18323,2024-05-05 20:28:24,0,0
18324,2024-05-05 20:28:36,0,0
18325,2024-05-05 20:28:48,0,0
18326,2024-05-05 20:29:00,0,0
18327,2024-05-05 20:29:12,0,0
18328,2024-05-05 20:29:24,0,0
18329,2024-05-05 20:29:36,0,0
18330,2024-05-05 20:29:48,0,0
18331,2024-05-05 20:30:00,0,0
18332,2024-05-05 20:30:12,0,0
18333,2024-05-05 20:30:24,0,0
18334,2024-05-05 20:30:36,0,0
18335,2024-05-05 20:30:48,0,0
18336,2024-05-05 20:31:00,0,0
18337,2024-05-05 20:31:12,0,0
18338,2024-05-05 20:31:24,0,0
18339,2024-05-05 20:31:36,0,0
18340,2024-05-05 20:31:48,0,0
18341,2024-05-05 20:32:00,0,0
18342,2024-05-05 20:32:12,0,0
18343,2024-05-05 20:32:24,0,0
18344,2024-05-05 20:32:36,0,0
18345,2024-05-05 20:32:48,0,0
18346,2024-05-05 20:33:00,0,0
18347,2024-05-05 20:33:12,0,0
18348,2024-05-05 20:33:24,0,0
18349,2024-05-05 20:33:36,0,0
18350,2024-05-05 20:33:48,0,0
18351,2024-05-05 20:34:00,0,0
18352,2024-05-05 20:34:12,0,0
18353,2024-05-05 20:34:24,0,0
18354,2024-05-05 20:34:36,0,0
18355,2024-05-05 20:34:48,0,0
18356,2024-05-05 20:35:00,0,0
18357,2024-05-05 20:35:12,0,0
18358,2024-05-05 20:35:24,0,0
18359,2024-05-05 20:35:36,0,0
18360,2024-05-05 20:35:48,0,0
18361,2024-05-05 20:36:00,0,0
18362,2024-05-05 20:36:12,0,0
18363,2024-05-05 20:36:24,0,0
18364,2024-05-05 20:36:36,0,0
18365,2024-05-05 20:36:48,0,0
18366,2024-05-05 20:37:00,0,0
18367,2024-05-05 20:37:12,0,0
18368,2024-05-05 20:37:24,0,0
18369,2024-05-05 20:37:36,0,0
18370,2024-05-05 20:37:48,0,0
18371,2024-05-05 20:38:00,0,0
18372,2024-05-05 20:38:12,0,0
18373,2024-05-05 20:38:24,0,0
18374,2024-05-05 20:38:36,0,0
18375,2024-05-05 20:38:48,0,0
18376,2024-05-05 20:39:00,0,0
18377,2024-05-05 20:39:12,0,0
18378,2024-05-05 20:39:24,0,0
18379,2024-05-05 20:39:36,0,0
18380,2024-05-05 20:39:48,0,0
18381,2024-05-05 20:40:00,0,0
18382,2024-05-05 20:40:12,0,0
18383,2024-05-05 20:40:24,0,0
18384,2024-05-05 20:40:36,0,0
18385,2024-05-05 20:40:48,0,0
18386,2024-05-05 20:41:00,0,0
18387,2024-05-05 20:41:12,0,0
18388,2024-05-05 20:41:24,0,0
18389,2024-05-05 20:41:36,0,0
18390,2024-05-05 20:41:48,0,0
18391,2024-05-05 20:42:00,0,0
18392,2024-05-05 20:42:12,0,0
18393,2024-05-05 20:42:24,0,0
18394,2024-05-05 20:42:36,0,0
18395,2024-05-05 20:42:48,0,0
18396,2024-05-05 20:43:00,0,0
18397,2024-05-05 20:43:12,0,0
18398,2024-05-05 20:43:24,0,0
18399,2024-05-05 20:43:36,0,0
18400,2024-05-05 20:43:48,0,0
18401,2024-05-05 20:44:00,0,0
18402,2024-05-05 20:44:12,0,0
18403,2024-05-05 20:44:24,0,0
18404,2024-05-05 20:44:36,0,0
18405,2024-05-05 20:44:48,0,0
18406,2024-05-05 20:45:00,0,0
18407,2024-05-05 20:45:12,0,0
18408,2024-05-05 20:45:24,0,0
18409,2024-05-05 20:45:36,0,0
18410,2024-05-05 20:45:48,0,0
18411,2024-05-05 20:46:00,0,0
18412,2024-05-05 20:46:12,0,0
18413,2024-05-05 20:46:24,0,0
18414,2024-05-05 20:46:36,0,0
18415,2024-05-05 20:46:48,0,0
18416,2024-05-05 20:47:00,0,0
18417,2024-05-05 20:47:12,0,0
18418,2024-05-05 20:47:24,0,0
18419,2024-05-05 20:47:36,0,0
18420,2024-05-05 20:47:48,0,0
18421,2024-05-05 20:48:00,0,0
18422,2024-05-05 20:48:12,0,0
18423,2024-05-05 20:48:24,0,0
18424,2024-05-05 20:48:36,0,0
18425,2024-05-05 20:48:48,0,0
18426,2024-05-05 20:49:00,0,0
18427,2024-05-05 20:49:12,0,0
18428,2024-05-05 20:49:24,0,0
18429,2024-05-05 20:49:36,0,0
18430,2024-05-05 20:49:48,0,0
18431,2024-05-05 20:50:00,0,0
18432,2024-05-05 20:50:12,0,0
18433,2024-05-05 20:50:24,0,0
18434,2024-05-05 20:50:36,0,0
18435,2024-05-05 20:50:48,0,0
18436,2024-05-05 20:51:00,0,0
18437,2024-05-05 20:51:12,0,0
18438,2024-05-05 20:51:24,0,0
18439,2024-05-05 20:51:36,0,0
18440,2024-05-05 20:51:48,0,0
18441,2024-05-05 20:52:00,0,0
18442,2024-05-05 20:52:12,0,0
18443,2024-05-05 20:52:24,0,0
18444,2024-05-05 20:52:36,0,0
18445,2024-05-05 20:52:48,0,0
18446,2024-05-05 20:53:00,0,0
18447,2024-05-05 20:53:12,0,0
18448,2024-05-05 20:53:24,0,0
18449,2024-05-05 20:53:36,0,0
18450,2024-05-05 20:53:48,0,0
18451,2024-05-05 20:54:00,0,0
18452,2024-05-05 20:54:12,0,0
18453,2024-05-05 20:54:24,0,0
18454,2024-05-05 20:54:36,0,0
18455,2024-05-05 20:54:48,0,0
18456,2024-05-05 20:55:00,0,0
18457,2024-05-05 20:55:12,0,0
18458,2024-05-05 20:55:24,0,0
18459,2024-05-05 20:55:36,0,0
18460,2024-05-05 20:55:48,0,0
18461,2024-05-05 20:56:00,0,0
18462,2024-05-05 20:56:12,0,0
18463,2024-05-05 20:56:24,0,0
18464,2024-05-05 20:56:36,0,0
18465,2024-05-05 20:56:48,0,0
18466,2024-05-05 20:57:00,0,0
18467,2024-05-05 20:57:12,0,0
18468,2024-05-05 20:57:24,0,0
18469,2024-05-05 20:57:36,0,0
18470,2024-05-05 20:57:48,0,0
18471,2024-05-05 20:58:00,0,0
18472,2024-05-05 20:58:12,0,0
18473,2024-05-05 20:58:24,0,0
18474,2024-05-05 20:58:36,0,0
18475,2024-05-05 20:58:48,0,0
18476,2024-05-05 20:59:00,0,0
18477,2024-05-05 20:59:12,0,0
18478,2024-05-05 20:59:24,0,0
18479,2024-05-05 20:59:36,0,0
18480,2024-05-05 20:59:48,0,0
18481,2024-05-05 21:00:00,0,0
18482,2024-05-05 21:00:12,0,0
18483,2024-05-05 21:00:24,0,0
18484,2024-05-05 21:00:36,0,0
18485,2024-05-05 21:00:48,0,0
18486,2024-05-05 21:01:00,0,0
18487,2024-05-05 21:01:12,0,0
18488,2024-05-05 21:01:24,0,0
18489,2024-05-05 21:01:36,0,0
18490,2024-05-05 21:01:48,0,0
18491,2024-05-05 21:02:00,0,0
18492,2024-05-05 21:02:12,0,0
18493,2024-05-05 21:02:24,0,0
18494,2024-05-05 21:02:36,0,0
18495,2024-05-05 21:02:48,0,0
18496,2024-05-05 21:03:00,0,0
18497,2024-05-05 21:03:12,0,0
18498,2024-05-05 21:03:24,0,0
18499,2024-05-05 21:03:36,0,0
18500,2024-05-05 21:03:48,0,0
18501,2024-05-05 21:04:00,0,0
18502,2024-05-05 21:04:12,0,0
18503,2024-05-05 21:04:24,0,0
18504,2024-05-05 21:04:36,0,0
18505,2024-05-05 21:04:48,0,0
18506,2024-05-05 21:05:00,0,0
18507,2024-05-05 21:05:12,0,0
18508,2024-05-05 21:05:24,0,0
18509,2024-05-05 21:05:36,0,0
18510,2024-05-05 21:05:48,0,0
18511,2024-05-05 21:06:00,0,0
18512,2024-05-05 21:06:12,0,0
18513,2024-05-05 21:06:24,0,0
18514,2024-05-05 21:06:36,0,0
18515,2024-05-05 21:06:48,0,0
18516,2024-05-05 21:07:00,0,0
18517,2024-05-05 21:07:12,0,0
18518,2024-05-05 21:07:24,0,0
18519,2024-05-05 21:07:36,0,0
18520,2024-05-05 21:07:48,0,0
18521,2024-05-05 21:08:00,0,0
18522,2024-05-05 21:08:12,0,0
18523,2024-05-05 21:08:24,0,0
18524,2024-05-05 21:08:36,0,0
18525,2024-05-05 21:08:48,0,0
18526,2024-05-05 21:09:00,0,0
18527,2024-05-05 21:09:12,0,0
18528,2024-05-05 21:09:24,0,0
18529,2024-05-05 21:09:36,0,0
18530,2024-05-05 21:09:48,0,0
18531,2024-05-05 21:10:00,0,0
18532,2024-05-05 21:10:12,0,0
18533,2024-05-05 21:10:24,0,0
18534,2024-05-05 21:10:36,0,0
18535,2024-05-05 21:10:48,0,0
18536,2024-05-05 21:11:00,0,0
18537,2024-05-05 21:11:12,0,0
18538,2024-05-05 21:11:24,0,0
18539,2024-05-05 21:11:36,0,0
18540,2024-05-05 21:11:48,0,0
18541,2024-05-05 21:12:00,0,0
18542,2024-05-05 21:12:12,0,0
18543,2024-05-05 21:12:24,0,0
18544,2024-05-05 21:12:36,0,0
18545,2024-05-05 21:12:48,0,0
18546,2024-05-05 21:13:00,0,0
18547,2024-05-05 21:13:12,0,0
18548,2024-05-05 21:13:24,0,0
18549,2024-05-05 21:13:36,0,0
18550,2024-05-05 21:13:48,0,0
18551,2024-05-05 21:14:00,0,0
18552,2024-05-05 21:14:12,0,0
18553,2024-05-05 21:14:24,0,0
18554,2024-05-05 21:14:36,0,0
18555,2024-05-05 21:14:48,0,0
18556,2024-05-05 21:15:00,0,0
18557,2024-05-05 21:15:12,0,0
18558,2024-05-05 21:15:24,0,0
18559,2024-05-05 21:15:36,0,0
18560,2024-05-05 21:15:48,0,0
18561,2024-05-05 21:16:00,0,0
18562,2024-05-05 21:16:12,0,0
18563,2024-05-05 21:16:24,0,0
18564,2024-05-05 21:16:36,0,0
18565,2024-05-05 21:16:48,0,0
18566,2024-05-05 21:17:00,0,0
18567,2024-05-05 21:17:12,0,0
18568,2024-05-05 21:17:24,0,0
18569,2024-05-05 21:17:36,0,0
18570,2024-05-05 21:17:48,0,0
18571,2024-05-05 21:18:00,0,0
18572,2024-05-05 21:18:12,0,0
18573,2024-05-05 21:18:24,0,0
18574,2024-05-05 21:18:36,0,0
18575,2024-05-05 21:18:48,0,0
18576,2024-05-05 21:19:00,0,0
18577,2024-05-05 21:19:12,0,0
18578,2024-05-05 21:19:24,0,0
18579,2024-05-05 21:19:36,0,0
18580,2024-05-05 21:19:48,0,0
18581,2024-05-05 21:20:00,0,0
18582,2024-05-05 21:20:12,0,0
18583,2024-05-05 21:20:24,0,0
18584,2024-05-05 21:20:36,0,0
18585,2024-05-05 21:20:48,0,0
18586,2024-05-05 21:21:00,0,0
18587,2024-05-05 21:21:12,0,0
18588,2024-05-05 21:21:24,0,0
18589,2024-05-05 21:21:36,0,0
18590,2024-05-05 21:21:48,0,0
18591,2024-05-05 21:22:00,0,0
18592,2024-05-05 21:22:12,0,0
18593,2024-05-05 21:22:24,0,0
18594,2024-05-05 21:22:36,0,0
18595,2024-05-05 21:22:48,0,0
18596,2024-05-05 21:23:00,0,0
18597,2024-05-05 21:23:12,0,0
18598,2024-05-05 21:23:24,0,0
18599,2024-05-05 21:23:36,0,0
18600,2024-05-05 21:23:48,0,0
18601,2024-05-05 21:24:00,0,0
18602,2024-05-05 21:24:12,0,0
18603,2024-05-05 21:24:24,0,0
18604,2024-05-05 21:24:36,0,0
18605,2024-05-05 21:24:48,0,0
18606,2024-05-05 21:25:00,0,0
18607,2024-05-05 21:25:12,0,0
18608,2024-05-05 21:25:24,0,0
18609,2024-05-05 21:25:36,0,0
18610,2024-05-05 21:25:48,0,0
18611,2024-05-05 21:26:00,0,0
18612,2024-05-05 21:26:12,0,0
18613,2024-05-05 21:26:24,0,0
18614,2024-05-05 21:26:36,0,0
18615,2024-05-05 21:26:48,0,0
18616,2024-05-05 21:27:00,0,0
18617,2024-05-05 21:27:12,0,0
18618,2024-05-05 21:27:24,0,0
18619,2024-05-05 21:27:36,0,0
18620,2024-05-05 21:27:48,0,0
18621,2024-05-05 21:28:00,0,0
18622,2024-05-05 21:28:12,0,0
18623,2024-05-05 21:28:24,0,0
18624,2024-05-05 21:28:36,0,0
18625,2024-05-05 21:28:48,0,0
18626,2024-05-05 21:29:00,0,0
18627,2024-05-05 21:29:12,0,0
18628,2024-05-05 21:29:24,0,0
18629,2024-05-05 21:29:36,0,0
18630,2024-05-05 21:29:48,0,0
18631,2024-05-05 21:30:00,0,0
18632,2024-05-05 21:30:12,0,0
18633,2024-05-05 21:30:24,0,0
18634,2024-05-05 21:30:36,0,0
18635,2024-05-05 21:30:48,0,0
18636,2024-05-05 21:31:00,0,0
18637,2024-05-05 21:31:12,0,0
18638,2024-05-05 21:31:24,0,0
18639,2024-05-05 21:31:36,0,0
18640,2024-05-05 21:31:48,0,0
18641,2024-05-05 21:32:00,0,0
18642,2024-05-05 21:32:12,0,0
18643,2024-05-05 21:32:24,0,0
18644,2024-05-05 21:32:36,0,0
18645,2024-05-05 21:32:48,0,0
18646,2024-05-05 21:33:00,0,0
18647,2024-05-05 21:33:12,0,0
18648,2024-05-05 21:33:24,0,0
18649,2024-05-05 21:33:36,0,0
18650,2024-05-05 21:33:48,0,0
18651,2024-05-05 21:34:00,0,0
18652,2024-05-05 21:34:12,0,0
18653,2024-05-05 21:34:24,0,0
18654,2024-05-05 21:34:36,0,0
18655,2024-05-05 21:34:48,0,0
18656,2024-05-05 21:35:00,0,0
18657,2024-05-05 21:35:12,0,0
18658,2024-05-05 21:35:24,0,0
18659,2024-05-05 21:35:36,0,0
18660,2024-05-05 21:35:48,0,0
18661,2024-05-05 21:36:00,0,0
18662,2024-05-05 21:36:12,0,0
18663,2024-05-05 21:36:24,0,0
18664,2024-05-05 21:36:36,0,0
18665,2024-05-05 21:36:48,0,0
18666,2024-05-05 21:37:00,0,0
18667,2024-05-05 21:37:12,0,0
18668,2024-05-05 21:37:24,0,0
18669,2024-05-05 21:37:36,0,0
18670,2024-05-05 21:37:48,0,0
18671,2024-05-05 21:38:00,0,0
18672,2024-05-05 21:38:12,0,0
18673,2024-05-05 21:38:24,0,0
18674,2024-05-05 21:38:36,0,0
18675,2024-05-05 21:38:48,0,0
18676,2024-05-05 21:39:00,0,0
18677,2024-05-05 21:39:12,0,0
18678,2024-05-05 21:39:24,0,0
18679,2024-05-05 21:39:36,0,0
18680,2024-05-05 21:39:48,0,0
18681,2024-05-05 21:40:00,0,0
18682,2024-05-05 21:40:12,0,0
18683,2024-05-05 21:40:24,0,0
18684,2024-05-05 21:40:36,0,0
18685,2024-05-05 21:40:48,0,0
18686,2024-05-05 21:41:00,0,0
18687,2024-05-05 21:41:12,0,0
18688,2024-05-05 21:41:24,0,0
18689,2024-05-05 21:41:36,0,0
18690,2024-05-05 21:41:48,0,0
18691,2024-05-05 21:42:00,0,0
18692,2024-05-05 21:42:12,0,0
18693,2024-05-05 21:42:24,0,0
18694,2024-05-05 21:42:36,0,0
18695,2024-05-05 21:42:48,0,0
18696,2024-05-05 21:43:00,0,0
18697,2024-05-05 21:43:12,0,0
18698,2024-05-05 21:43:24,0,0
18699,2024-05-05 21:43:36,0,0
18700,2024-05-05 21:43:48,0,0
18701,2024-05-05 21:44:00,0,0
18702,2024-05-05 21:44:12,0,0
18703,2024-05-05 21:44:24,0,0
18704,2024-05-05 21:44:36,0,0
18705,2024-05-05 21:44:48,0,0
18706,2024-05-05 21:45:00,0,0
18707,2024-05-05 21:45:12,0,0
18708,2024-05-05 21:45:24,0,0
18709,2024-05-05 21:45:36,0,0
18710,2024-05-05 21:45:48,0,0
18711,2024-05-05 21:46:00,0,0
18712,2024-05-05 21:46:12,0,0
18713,2024-05-05 21:46:24,0,0
18714,2024-05-05 21:46:36,0,0
18715,2024-05-05 21:46:48,0,0
18716,2024-05-05 21:47:00,0,0
18717,2024-05-05 21:47:12,0,0
18718,2024-05-05 21:47:24,0,0
18719,2024-05-05 21:47:36,0,0
18720,2024-05-05 21:47:48,0,0
18721,2024-05-05 21:48:00,0,0
18722,2024-05-05 21:48:12,0,0
18723,2024-05-05 21:48:24,0,0
18724,2024-05-05 21:48:36,0,0
18725,2024-05-05 21:48:48,0,0
18726,2024-05-05 21:49:00,0,0
18727,2024-05-05 21:49:12,0,0
18728,2024-05-05 21:49:24,0,0
18729,2024-05-05 21:49:36,0,0
18730,2024-05-05 21:49:48,0,0
18731,2024-05-05 21:50:00,0,0
18732,2024-05-05 21:50:12,0,0
18733,2024-05-05 21:50:24,0,0
18734,2024-05-05 21:50:36,0,0
18735,2024-05-05 21:50:48,0,0
18736,2024-05-05 21:51:00,0,0
18737,2024-05-05 21:51:12,0,0
18738,2024-05-05 21:51:24,0,0
18739,2024-05-05 21:51:36,0,0
18740,2024-05-05 21:51:48,0,0
18741,2024-05-05 21:52:00,0,0
18742,2024-05-05 21:52:12,0,0
18743,2024-05-05 21:52:24,0,0
18744,2024-05-05 21:52:36,0,0
18745,2024-05-05 21:52:48,0,0
18746,2024-05-05 21:53:00,0,0
18747,2024-05-05 21:53:12,0,0
18748,2024-05-05 21:53:24,0,0
18749,2024-05-05 21:53:36,0,0
18750,2024-05-05 21:53:48,0,0
18751,2024-05-05 21:54:00,0,0
18752,2024-05-05 21:54:12,0,0
18753,2024-05-05 21:54:24,0,0
18754,2024-05-05 21:54:36,0,0
18755,2024-05-05 21:54:48,0,0
18756,2024-05-05 21:55:00,0,0
18757,2024-05-05 21:55:12,0,0
18758,2024-05-05 21:55:24,0,0
18759,2024-05-05 21:55:36,0,0
18760,2024-05-05 21:55:48,0,0
18761,2024-05-05 21:56:00,0,0
18762,2024-05-05 21:56:12,0,0
18763,2024-05-05 21:56:24,0,0
18764,2024-05-05 21:56:36,0,0
18765,2024-05-05 21:56:48,0,0
18766,2024-05-05 21:57:00,0,0
18767,2024-05-05 21:57:12,0,0
18768,2024-05-05 21:57:24,0,0
18769,2024-05-05 21:57:36,0,0
18770,2024-05-05 21:57:48,0,0
18771,2024-05-05 21:58:00,0,0
18772,2024-05-05 21:58:12,0,0
18773,2024-05-05 21:58:24,0,0
18774,2024-05-05 21:58:36,0,0
18775,2024-05-05 21:58:48,0,0
18776,2024-05-05 21:59:00,0,0
18777,2024-05-05 21:59:12,0,0
18778,2024-05-05 21:59:24,0,0
18779,2024-05-05 21:59:36,0,0
18780,2024-05-05 21:59:48,0,0
18781,2024-05-05 22:00:00,0,0
18782,2024-05-05 22:00:12,0,0
18783,2024-05-05 22:00:24,0,0
18784,2024-05-05 22:00:36,0,0
18785,2024-05-05 22:00:48,0,0
18786,2024-05-05 22:01:00,0,0
18787,2024-05-05 22:01:12,0,0
18788,2024-05-05 22:01:24,0,0
18789,2024-05-05 22:01:36,0,0
18790,2024-05-05 22:01:48,0,0
18791,2024-05-05 22:02:00,0,0
18792,2024-05-05 22:02:12,0,0
18793,2024-05-05 22:02:24,0,0
18794,2024-05-05 22:02:36,0,0
18795,2024-05-05 22:02:48,0,0
18796,2024-05-05 22:03:00,0,0
18797,2024-05-05 22:03:12,0,0
18798,2024-05-05 22:03:24,0,0
18799,2024-05-05 22:03:36,0,0
18800,2024-05-05 22:03:48,0,0
18801,2024-05-05 22:04:00,0,0
18802,2024-05-05 22:04:12,0,0
18803,2024-05-05 22:04:24,0,0
18804,2024-05-05 22:04:36,0,0
18805,2024-05-05 22:04:48,0,0
18806,2024-05-05 22:05:00,0,0
18807,2024-05-05 22:05:12,0,0
18808,2024-05-05 22:05:24,0,0
18809,2024-05-05 22:05:36,0,0
18810,2024-05-05 22:05:48,0,0
18811,2024-05-05 22:06:00,0,0
18812,2024-05-05 22:06:12,0,0
18813,2024-05-05 22:06:24,0,0
18814,2024-05-05 22:06:36,0,0
18815,2024-05-05 22:06:48,0,0
18816,2024-05-05 22:07:00,0,0
18817,2024-05-05 22:07:12,0,0
18818,2024-05-05 22:07:24,0,0
18819,2024-05-05 22:07:36,0,0
18820,2024-05-05 22:07:48,0,0
18821,2024-05-05 22:08:00,0,0
18822,2024-05-05 22:08:12,0,0
18823,2024-05-05 22:08:24,0,0
18824,2024-05-05 22:08:36,0,0
18825,2024-05-05 22:08:48,0,0
18826,2024-05-05 22:09:00,0,0
18827,2024-05-05 22:09:12,0,0
18828,2024-05-05 22:09:24,0,0
18829,2024-05-05 22:09:36,0,0
18830,2024-05-05 22:09:48,0,0
18831,2024-05-05 22:10:00,0,0
18832,2024-05-05 22:10:12,0,0
18833,2024-05-05 22:10:24,0,0
18834,2024-05-05 22:10:36,0,0
18835,2024-05-05 22:10:48,0,0
18836,2024-05-05 22:11:00,0,0
18837,2024-05-05 22:11:12,0,0
18838,2024-05-05 22:11:24,0,0
18839,2024-05-05 22:11:36,0,0
18840,2024-05-05 22:11:48,0,0
18841,2024-05-05 22:12:00,0,0
18842,2024-05-05 22:12:12,0,0
18843,2024-05-05 22:12:24,0,0
18844,2024-05-05 22:12:36,0,0
18845,2024-05-05 22:12:48,0,0
18846,2024-05-05 22:13:00,0,0
18847,2024-05-05 22:13:12,0,0
18848,2024-05-05 22:13:24,0,0
18849,2024-05-05 22:13:36,0,0
18850,2024-05-05 22:13:48,0,0
18851,2024-05-05 22:14:00,0,0
18852,2024-05-05 22:14:12,0,0
18853,2024-05-05 22:14:24,0,0
18854,2024-05-05 22:14:36,0,0
18855,2024-05-05 22:14:48,0,0
18856,2024-05-05 22:15:00,0,0
18857,2024-05-05 22:15:12,0,0
18858,2024-05-05 22:15:24,0,0
18859,2024-05-05 22:15:36,0,0
18860,2024-05-05 22:15:48,0,0
18861,2024-05-05 22:16:00,0,0
18862,2024-05-05 22:16:12,0,0
18863,2024-05-05 22:16:24,0,0
18864,2024-05-05 22:16:36,0,0
18865,2024-05-05 22:16:48,0,0
18866,2024-05-05 22:17:00,0,0
18867,2024-05-05 22:17:12,0,0
18868,2024-05-05 22:17:24,0,0
18869,2024-05-05 22:17:36,0,0
18870,2024-05-05 22:17:48,0,0
18871,2024-05-05 22:18:00,0,0
18872,2024-05-05 22:18:12,0,0
18873,2024-05-05 22:18:24,0,0
18874,2024-05-05 22:18:36,0,0
18875,2024-05-05 22:18:48,0,0
18876,2024-05-05 22:19:00,0,0
18877,2024-05-05 22:19:12,0,0
18878,2024-05-05 22:19:24,0,0
18879,2024-05-05 22:19:36,0,0
18880,2024-05-05 22:19:48,0,0
18881,2024-05-05 22:20:00,0,0
18882,2024-05-05 22:20:12,0,0
18883,2024-05-05 22:20:24,0,0
18884,2024-05-05 22:20:36,0,0
18885,2024-05-05 22:20:48,0,0
18886,2024-05-05 22:21:00,0,0
18887,2024-05-05 22:21:12,0,0
18888,2024-05-05 22:21:24,0,0
18889,2024-05-05 22:21:36,0,0
18890,2024-05-05 22:21:48,0,0
18891,2024-05-05 22:22:00,0,0
18892,2024-05-05 22:22:12,0,0
18893,2024-05-05 22:22:24,0,0
18894,2024-05-05 22:22:36,0,0
18895,2024-05-05 22:22:48,0,0
18896,2024-05-05 22:23:00,0,0
18897,2024-05-05 22:23:12,0,0
18898,2024-05-05 22:23:24,0,0
18899,2024-05-05 22:23:36,0,0
18900,2024-05-05 22:23:48,0,0
18901,2024-05-05 22:24:00,0,0
18902,2024-05-05 22:24:12,0,0
18903,2024-05-05 22:24:24,0,0
18904,2024-05-05 22:24:36,0,0
18905,2024-05-05 22:24:48,0,0
18906,2024-05-05 22:25:00,0,0
18907,2024-05-05 22:25:12,0,0
18908,2024-05-05 22:25:24,0,0
18909,2024-05-05 22:25:36,0,0
18910,2024-05-05 22:25:48,0,0
18911,2024-05-05 22:26:00,0,0
18912,2024-05-05 22:26:12,0,0
18913,2024-05-05 22:26:24,0,0
18914,2024-05-05 22:26:36,0,0
18915,2024-05-05 22:26:48,0,0
18916,2024-05-05 22:27:00,0,0
18917,2024-05-05 22:27:12,0,0
18918,2024-05-05 22:27:24,0,0
18919,2024-05-05 22:27:36,0,0
18920,2024-05-05 22:27:48,0,0
18921,2024-05-05 22:28:00,0,0
18922,2024-05-05 22:28:12,0,0
18923,2024-05-05 22:28:24,0,0
18924,2024-05-05 22:28:36,0,0
18925,2024-05-05 22:28:48,0,0
18926,2024-05-05 22:29:00,0,0
18927,2024-05-05 22:29:12,0,0
18928,2024-05-05 22:29:24,0,0
18929,2024-05-05 22:29:36,0,0
18930,2024-05-05 22:29:48,0,0
18931,2024-05-05 22:30:00,0,0
18932,2024-05-05 22:30:12,0,0
18933,2024-05-05 22:30:24,0,0
18934,2024-05-05 22:30:36,0,0
18935,2024-05-05 22:30:48,0,0
18936,2024-05-05 22:31:00,0,0
18937,2024-05-05 22:31:12,0,0
18938,2024-05-05 22:31:24,0,0
18939,2024-05-05 22:31:36,0,0
18940,2024-05-05 22:31:48,0,0
18941,2024-05-05 22:32:00,0,0
18942,2024-05-05 22:32:12,0,0
18943,2024-05-05 22:32:24,0,0
18944,2024-05-05 22:32:36,0,0
18945,2024-05-05 22:32:48,0,0
18946,2024-05-05 22:33:00,0,0
18947,2024-05-05 22:33:12,0,0
18948,2024-05-05 22:33:24,0,0
18949,2024-05-05 22:33:36,0,0
18950,2024-05-05 22:33:48,0,0
18951,2024-05-05 22:34:00,0,0
18952,2024-05-05 22:34:12,0,0
18953,2024-05-05 22:34:24,0,0
18954,2024-05-05 22:34:36,0,0
18955,2024-05-05 22:34:48,0,0
18956,2024-05-05 22:35:00,0,0
18957,2024-05-05 22:35:12,0,0
18958,2024-05-05 22:35:24,0,0
18959,2024-05-05 22:35:36,0,0
18960,2024-05-05 22:35:48,0,0
18961,2024-05-05 22:36:00,0,0
18962,2024-05-05 22:36:12,0,0
18963,2024-05-05 22:36:24,0,0
18964,2024-05-05 22:36:36,0,0
18965,2024-05-05 22:36:48,0,0
18966,2024-05-05 22:37:00,0,0
18967,2024-05-05 22:37:12,0,0
18968,2024-05-05 22:37:24,0,0
18969,2024-05-05 22:37:36,0,0
18970,2024-05-05 22:37:48,0,0
18971,2024-05-05 22:38:00,0,0
18972,2024-05-05 22:38:12,0,0
18973,2024-05-05 22:38:24,0,0
18974,2024-05-05 22:38:36,0,0
18975,2024-05-05 22:38:48,0,0
18976,2024-05-05 22:39:00,0,0
18977,2024-05-05 22:39:12,0,0
18978,2024-05-05 22:39:24,0,0
18979,2024-05-05 22:39:36,0,0
18980,2024-05-05 22:39:48,0,0
18981,2024-05-05 22:40:00,0,0
18982,2024-05-05 22:40:12,0,0
18983,2024-05-05 22:40:24,0,0
18984,2024-05-05 22:40:36,0,0
18985,2024-05-05 22:40:48,0,0
18986,2024-05-05 22:41:00,0,0
18987,2024-05-05 22:41:12,0,0
18988,2024-05-05 22:41:24,0,0
18989,2024-05-05 22:41:36,0,0
18990,2024-05-05 22:41:48,0,0
18991,2024-05-05 22:42:00,0,0
18992,2024-05-05 22:42:12,0,0
18993,2024-05-05 22:42:24,0,0
18994,2024-05-05 22:42:36,0,0
18995,2024-05-05 22:42:48,0,0
18996,2024-05-05 22:43:00,0,0
18997,2024-05-05 22:43:12,0,0
18998,2024-05-05 22:43:24,0,0
18999,2024-05-05 22:43:36,0,0
19000,2024-05-05 22:43:48,0,0
19001,2024-05-05 22:44:00,0,0
19002,2024-05-05 22:44:12,0,0
19003,2024-05-05 22:44:24,0,0
19004,2024-05-05 22:44:36,0,0
19005,2024-05-05 22:44:48,0,0
19006,2024-05-05 22:45:00,0,0
19007,2024-05-05 22:45:12,0,0
19008,2024-05-05 22:45:24,0,0
19009,2024-05-05 22:45:36,0,0
19010,2024-05-05 22:45:48,0,0
19011,2024-05-05 22:46:00,0,0
19012,2024-05-05 22:46:12,0,0
19013,2024-05-05 22:46:24,0,0
19014,2024-05-05 22:46:36,0,0
19015,2024-05-05 22:46:48,0,0
19016,2024-05-05 22:47:00,0,0
19017,2024-05-05 22:47:12,0,0
19018,2024-05-05 22:47:24,0,0
19019,2024-05-05 22:47:36,0,0
19020,2024-05-05 22:47:48,0,0
19021,2024-05-05 22:48:00,0,0
19022,2024-05-05 22:48:12,0,0
19023,2024-05-05 22:48:24,0,0
19024,2024-05-05 22:48:36,0,0
19025,2024-05-05 22:48:48,0,0
19026,2024-05-05 22:49:00,0,0
19027,2024-05-05 22:49:12,0,0
19028,2024-05-05 22:49:24,0,0
19029,2024-05-05 22:49:36,0,0
19030,2024-05-05 22:49:48,0,0
19031,2024-05-05 22:50:00,0,0
19032,2024-05-05 22:50:12,0,0
19033,2024-05-05 22:50:24,0,0
19034,2024-05-05 22:50:36,0,0
19035,2024-05-05 22:50:48,0,0
19036,2024-05-05 22:51:00,0,0
19037,2024-05-05 22:51:12,0,0
19038,2024-05-05 22:51:24,0,0
19039,2024-05-05 22:51:36,0,0
19040,2024-05-05 22:51:48,0,0
19041,2024-05-05 22:52:00,0,0
19042,2024-05-05 22:52:12,0,0
19043,2024-05-05 22:52:24,0,0
19044,2024-05-05 22:52:36,0,0
19045,2024-05-05 22:52:48,0,0
19046,2024-05-05 22:53:00,0,0
19047,2024-05-05 22:53:12,0,0
19048,2024-05-05 22:53:24,0,0
19049,2024-05-05 22:53:36,0,0
19050,2024-05-05 22:53:48,0,0
19051,2024-05-05 22:54:00,0,0
19052,2024-05-05 22:54:12,0,0
19053,2024-05-05 22:54:24,0,0
19054,2024-05-05 22:54:36,0,0
19055,2024-05-05 22:54:48,0,0
19056,2024-05-05 22:55:00,0,0
19057,2024-05-05 22:55:12,0,0
19058,2024-05-05 22:55:24,0,0
19059,2024-05-05 22:55:36,0,0
19060,2024-05-05 22:55:48,0,0
19061,2024-05-05 22:56:00,0,0
19062,2024-05-05 22:56:12,0,0
19063,2024-05-05 22:56:24,0,0
19064,2024-05-05 22:56:36,0,0
19065,2024-05-05 22:56:48,0,0
19066,2024-05-05 22:57:00,0,0
19067,2024-05-05 22:57:12,0,0
19068,2024-05-05 22:57:24,0,0
19069,2024-05-05 22:57:36,0,0
19070,2024-05-05 22:57:48,0,0
19071,2024-05-05 22:58:00,0,0
19072,2024-05-05 22:58:12,0,0
19073,2024-05-05 22:58:24,0,0
19074,2024-05-05 22:58:36,0,0
19075,2024-05-05 22:58:48,0,0
19076,2024-05-05 22:59:00,0,0
19077,2024-05-05 22:59:12,0,0
19078,2024-05-05 22:59:24,0,0
19079,2024-05-05 22:59:36,0,0
19080,2024-05-05 22:59:48,0,0
19081,2024-05-05 23:00:00,0,0
19082,2024-05-05 23:00:12,0,0
19083,2024-05-05 23:00:24,0,0
19084,2024-05-05 23:00:36,0,0
19085,2024-05-05 23:00:48,0,0
19086,2024-05-05 23:01:00,0,0
19087,2024-05-05 23:01:12,0,0
19088,2024-05-05 23:01:24,0,0
19089,2024-05-05 23:01:36,0,0
19090,2024-05-05 23:01:48,0,0
19091,2024-05-05 23:02:00,0,0
19092,2024-05-05 23:02:12,0,0
19093,2024-05-05 23:02:24,0,0
19094,2024-05-05 23:02:36,0,0
19095,2024-05-05 23:02:48,0,0
19096,2024-05-05 23:03:00,0,0
19097,2024-05-05 23:03:12,0,0
19098,2024-05-05 23:03:24,0,0
19099,2024-05-05 23:03:36,0,0
19100,2024-05-05 23:03:48,0,0
19101,2024-05-05 23:04:00,0,0
19102,2024-05-05 23:04:12,0,0
19103,2024-05-05 23:04:24,0,0
19104,2024-05-05 23:04:36,0,0
19105,2024-05-05 23:04:48,0,0
19106,2024-05-05 23:05:00,0,0
19107,2024-05-05 23:05:12,0,0
19108,2024-05-05 23:05:24,0,0
19109,2024-05-05 23:05:36,0,0
19110,2024-05-05 23:05:48,0,0
19111,2024-05-05 23:06:00,0,0
19112,2024-05-05 23:06:12,0,0
19113,2024-05-05 23:06:24,0,0
19114,2024-05-05 23:06:36,0,0
19115,2024-05-05 23:06:48,0,0
19116,2024-05-05 23:07:00,0,0
19117,2024-05-05 23:07:12,0,0
19118,2024-05-05 23:07:24,0,0
19119,2024-05-05 23:07:36,0,0
19120,2024-05-05 23:07:48,0,0
19121,2024-05-05 23:08:00,0,0
19122,2024-05-05 23:08:12,0,0
19123,2024-05-05 23:08:24,0,0
19124,2024-05-05 23:08:36,0,0
19125,2024-05-05 23:08:48,0,0
19126,2024-05-05 23:09:00,0,0
19127,2024-05-05 23:09:12,0,0
19128,2024-05-05 23:09:24,0,0
19129,2024-05-05 23:09:36,0,0
19130,2024-05-05 23:09:48,0,0
19131,2024-05-05 23:10:00,0,0
19132,2024-05-05 23:10:12,0,0
19133,2024-05-05 23:10:24,0,0
19134,2024-05-05 23:10:36,0,0
19135,2024-05-05 23:10:48,0,0
19136,2024-05-05 23:11:00,0,0
19137,2024-05-05 23:11:12,0,0
19138,2024-05-05 23:11:24,0,0
19139,2024-05-05 23:11:36,0,0
19140,2024-05-05 23:11:48,0,0
19141,2024-05-05 23:12:00,0,0
19142,2024-05-05 23:12:12,0,0
19143,2024-05-05 23:12:24,0,0
19144,2024-05-05 23:12:36,0,0
19145,2024-05-05 23:12:48,0,0
19146,2024-05-05 23:13:00,0,0
19147,2024-05-05 23:13:12,0,0
19148,2024-05-05 23:13:24,0,0
19149,2024-05-05 23:13:36,0,0
19150,2024-05-05 23:13:48,0,0
19151,2024-05-05 23:14:00,0,0
19152,2024-05-05 23:14:12,0,0
19153,2024-05-05 23:14:24,0,0
19154,2024-05-05 23:14:36,0,0
19155,2024-05-05 23:14:48,0,0
19156,2024-05-05 23:15:00,0,0
19157,2024-05-05 23:15:12,0,0
19158,2024-05-05 23:15:24,0,0
19159,2024-05-05 23:15:36,0,0
19160,2024-05-05 23:15:48,0,0
19161,2024-05-05 23:16:00,0,0
19162,2024-05-05 23:16:12,0,0
19163,2024-05-05 23:16:24,0,0
19164,2024-05-05 23:16:36,0,0
19165,2024-05-05 23:16:48,0,0
19166,2024-05-05 23:17:00,0,0
19167,2024-05-05 23:17:12,0,0
19168,2024-05-05 23:17:24,0,0
19169,2024-05-05 23:17:36,0,0
19170,2024-05-05 23:17:48,0,0
19171,2024-05-05 23:18:00,0,0
19172,2024-05-05 23:18:12,0,0
19173,2024-05-05 23:18:24,0,0
19174,2024-05-05 23:18:36,0,0
19175,2024-05-05 23:18:48,0,0
19176,2024-05-05 23:19:00,0,0
19177,2024-05-05 23:19:12,0,0
19178,2024-05-05 23:19:24,0,0
19179,2024-05-05 23:19:36,0,0
19180,2024-05-05 23:19:48,0,0
19181,2024-05-05 23:20:00,0,0
19182,2024-05-05 23:20:12,0,0
19183,2024-05-05 23:20:24,0,0
19184,2024-05-05 23:20:36,0,0
19185,2024-05-05 23:20:48,0,0
19186,2024-05-05 23:21:00,0,0
19187,2024-05-05 23:21:12,0,0
19188,2024-05-05 23:21:24,0,0
19189,2024-05-05 23:21:36,0,0
19190,2024-05-05 23:21:48,0,0
19191,2024-05-05 23:22:00,0,0
19192,2024-05-05 23:22:12,0,0
19193,2024-05-05 23:22:24,0,0
19194,2024-05-05 23:22:36,0,0
19195,2024-05-05 23:22:48,0,0
19196,2024-05-05 23:23:00,0,0
19197,2024-05-05 23:23:12,0,0
19198,2024-05-05 23:23:24,0,0
19199,2024-05-05 23:23:36,0,0
19200,2024-05-05 23:23:48,0,0
19201,2024-05-05 23:24:00,0,0
19202,2024-05-05 23:24:12,0,0
19203,2024-05-05 23:24:24,0,0
19204,2024-05-05 23:24:36,0,0
19205,2024-05-05 23:24:48,0,0
19206,2024-05-05 23:25:00,0,0
19207,2024-05-05 23:25:12,0,0
19208,2024-05-05 23:25:24,0,0
19209,2024-05-05 23:25:36,0,0
19210,2024-05-05 23:25:48,0,0
19211,2024-05-05 23:26:00,0,0
19212,2024-05-05 23:26:12,0,0
19213,2024-05-05 23:26:24,0,0
19214,2024-05-05 23:26:36,0,0
19215,2024-05-05 23:26:48,0,0
19216,2024-05-05 23:27:00,0,0
19217,2024-05-05 23:27:12,0,0
19218,2024-05-05 23:27:24,0,0
19219,2024-05-05 23:27:36,0,0
19220,2024-05-05 23:27:48,0,0
19221,2024-05-05 23:28:00,0,0
19222,2024-05-05 23:28:12,0,0
19223,2024-05-05 23:28:24,0,0
19224,2024-05-05 23:28:36,0,0
19225,2024-05-05 23:28:48,0,0
19226,2024-05-05 23:29:00,0,0
19227,2024-05-05 23:29:12,0,0
19228,2024-05-05 23:29:24,0,0
19229,2024-05-05 23:29:36,0,0
19230,2024-05-05 23:29:48,0,0
19231,2024-05-05 23:30:00,0,0
19232,2024-05-05 23:30:12,0,0
19233,2024-05-05 23:30:24,0,0
19234,2024-05-05 23:30:36,0,0
19235,2024-05-05 23:30:48,0,0
19236,2024-05-05 23:31:00,0,0
19237,2024-05-05 23:31:12,0,0
19238,2024-05-05 23:31:24,0,0
19239,2024-05-05 23:31:36,0,0
19240,2024-05-05 23:31:48,0,0
19241,2024-05-05 23:32:00,0,0
19242,2024-05-05 23:32:12,0,0
19243,2024-05-05 23:32:24,0,0
19244,2024-05-05 23:32:36,0,0
19245,2024-05-05 23:32:48,0,0
19246,2024-05-05 23:33:00,0,0
19247,2024-05-05 23:33:12,0,0
19248,2024-05-05 23:33:24,0,0
19249,2024-05-05 23:33:36,0,0
19250,2024-05-05 23:33:48,0,0
19251,2024-05-05 23:34:00,0,0
19252,2024-05-05 23:34:12,0,0
19253,2024-05-05 23:34:24,0,0
19254,2024-05-05 23:34:36,0,0
19255,2024-05-05 23:34:48,0,0
19256,2024-05-05 23:35:00,0,0
19257,2024-05-05 23:35:12,0,0
19258,2024-05-05 23:35:24,0,0
19259,2024-05-05 23:35:36,0,0
19260,2024-05-05 23:35:48,0,0
19261,2024-05-05 23:36:00,0,0
19262,2024-05-05 23:36:12,0,0
19263,2024-05-05 23:36:24,0,0
19264,2024-05-05 23:36:36,0,0
19265,2024-05-05 23:36:48,0,0
19266,2024-05-05 23:37:00,0,0
19267,2024-05-05 23:37:12,0,0
19268,2024-05-05 23:37:24,0,0
19269,2024-05-05 23:37:36,0,0
19270,2024-05-05 23:37:48,0,0
19271,2024-05-05 23:38:00,0,0
19272,2024-05-05 23:38:12,0,0
19273,2024-05-05 23:38:24,0,0
19274,2024-05-05 23:38:36,0,0
19275,2024-05-05 23:38:48,0,0
19276,2024-05-05 23:39:00,0,0
19277,2024-05-05 23:39:12,0,0
19278,2024-05-05 23:39:24,0,0
19279,2024-05-05 23:39:36,0,0
19280,2024-05-05 23:39:48,0,0
19281,2024-05-05 23:40:00,0,0
19282,2024-05-05 23:40:12,0,0
19283,2024-05-05 23:40:24,0,0
19284,2024-05-05 23:40:36,0,0
19285,2024-05-05 23:40:48,0,0
19286,2024-05-05 23:41:00,0,0
19287,2024-05-05 23:41:12,0,0
19288,2024-05-05 23:41:24,0,0
19289,2024-05-05 23:41:36,0,0
19290,2024-05-05 23:41:48,0,0
19291,2024-05-05 23:42:00,0,0
19292,2024-05-05 23:42:12,0,0
19293,2024-05-05 23:42:24,0,0
19294,2024-05-05 23:42:36,0,0
19295,2024-05-05 23:42:48,0,0
19296,2024-05-05 23:43:00,0,0
19297,2024-05-05 23:43:12,0,0
19298,2024-05-05 23:43:24,0,0
19299,2024-05-05 23:43:36,0,0
19300,2024-05-05 23:43:48,0,0
19301,2024-05-05 23:44:00,0,0
19302,2024-05-05 23:44:12,0,0
19303,2024-05-05 23:44:24,0,0
19304,2024-05-05 23:44:36,0,0
19305,2024-05-05 23:44:48,0,0
19306,2024-05-05 23:45:00,0,0
19307,2024-05-05 23:45:12,0,0
19308,2024-05-05 23:45:24,0,0
19309,2024-05-05 23:45:36,0,0
19310,2024-05-05 23:45:48,0,0
19311,2024-05-05 23:46:00,0,0
19312,2024-05-05 23:46:12,0,0
19313,2024-05-05 23:46:24,0,0
19314,2024-05-05 23:46:36,0,0
19315,2024-05-05 23:46:48,0,0
19316,2024-05-05 23:47:00,0,0
19317,2024-05-05 23:47:12,0,0
19318,2024-05-05 23:47:24,0,0
19319,2024-05-05 23:47:36,0,0
19320,2024-05-05 23:47:48,0,0
19321,2024-05-05 23:48:00,0,0
19322,2024-05-05 23:48:12,0,0
19323,2024-05-05 23:48:24,0,0
19324,2024-05-05 23:48:36,0,0
19325,2024-05-05 23:48:48,0,0
19326,2024-05-05 23:49:00,0,0
19327,2024-05-05 23:49:12,0,0
19328,2024-05-05 23:49:24,0,0
19329,2024-05-05 23:49:36,0,0
19330,2024-05-05 23:49:48,0,0
19331,2024-05-05 23:50:00,0,0
19332,2024-05-05 23:50:12,0,0
19333,2024-05-05 23:50:24,0,0
19334,2024-05-05 23:50:36,0,0
19335,2024-05-05 23:50:48,0,0
19336,2024-05-05 23:51:00,0,0
19337,2024-05-05 23:51:12,0,0
19338,2024-05-05 23:51:24,0,0
19339,2024-05-05 23:51:36,0,0
19340,2024-05-05 23:51:48,0,0
19341,2024-05-05 23:52:00,0,0
19342,2024-05-05 23:52:12,0,0
19343,2024-05-05 23:52:24,0,0
19344,2024-05-05 23:52:36,0,0
19345,2024-05-05 23:52:48,0,0
19346,2024-05-05 23:53:00,0,0
19347,2024-05-05 23:53:12,0,0
19348,2024-05-05 23:53:24,0,0
19349,2024-05-05 23:53:36,0,0
19350,2024-05-05 23:53:48,0,0
19351,2024-05-05 23:54:00,0,0
19352,2024-05-05 23:54:12,0,0
19353,2024-05-05 23:54:24,0,0
19354,2024-05-05 23:54:36,0,0
19355,2024-05-05 23:54:48,0,0
19356,2024-05-05 23:55:00,0,0
19357,2024-05-05 23:55:12,0,0
19358,2024-05-05 23:55:24,0,0
19359,2024-05-05 23:55:36,0,0
19360,2024-05-05 23:55:48,0,0
19361,2024-05-05 23:56:00,0,0
19362,2024-05-05 23:56:12,0,0
19363,2024-05-05 23:56:24,0,0
19364,2024-05-05 23:56:36,0,0
19365,2024-05-05 23:56:48,0,0
19366,2024-05-05 23:57:00,0,0
19367,2024-05-05 23:57:12,0,0
19368,2024-05-05 23:57:24,0,0
19369,2024-05-05 23:57:36,0,0
19370,2024-05-05 23:57:48,0,0
19371,2024-05-05 23:58:00,0,0
19372,2024-05-05 23:58:12,0,0
19373,2024-05-05 23:58:24,0,0
19374,2024-05-05 23:58:36,0,0
19375,2024-05-05 23:58:48,0,0
19376,2024-05-05 23:59:00,0,0
19377,2024-05-05 23:59:12,0,0
19378,2024-05-05 23:59:24,0,0
19379,2024-05-05 23:59:36,0,0
19380,2024-05-05 23:59:48,0,0
