,#,Timestamp,P1 PSI
0,753,2024-01-09 10:00:00,118.41
1,754,2024-01-09 10:00:12,118.06
2,755,2024-01-09 10:00:24,117.58
3,756,2024-01-09 10:00:36,117.23
4,757,2024-01-09 10:00:48,116.83
5,758,2024-01-09 10:01:00,116.48
6,759,2024-01-09 10:01:12,116.05
7,760,2024-01-09 10:01:24,115.65
8,761,2024-01-09 10:01:36,115.12
9,762,2024-01-09 10:01:48,114.73
10,763,2024-01-09 10:02:00,114.29
11,764,2024-01-09 10:02:12,113.85
12,765,2024-01-09 10:02:24,113.5
13,766,2024-01-09 10:02:36,113.15
14,767,2024-01-09 10:02:48,112.89
15,768,2024-01-09 10:03:00,112.45
16,769,2024-01-09 10:03:12,112.1
17,770,2024-01-09 10:03:24,111.75
18,771,2024-01-09 10:03:36,111.4
19,772,2024-01-09 10:03:48,111.05
20,773,2024-01-09 10:04:00,110.7
21,774,2024-01-09 10:04:12,110.39
22,775,2024-01-09 10:04:24,110.04
23,776,2024-01-09 10:04:36,109.65
24,777,2024-01-09 10:04:48,109.34
25,778,2024-01-09 10:05:00,108.99
26,779,2024-01-09 10:05:12,108.68
27,780,2024-01-09 10:05:24,108.29
28,781,2024-01-09 10:05:36,107.98
29,782,2024-01-09 10:05:48,107.63
30,783,2024-01-09 10:06:00,107.37
31,784,2024-01-09 10:06:12,106.97
32,785,2024-01-09 10:06:24,106.58
33,786,2024-01-09 10:06:36,106.27
34,787,2024-01-09 10:06:48,105.96
35,788,2024-01-09 10:07:00,105.7
36,789,2024-01-09 10:07:12,105.39
37,790,2024-01-09 10:07:24,105.09
38,791,2024-01-09 10:07:36,104.61
39,792,2024-01-09 10:07:48,104.12
40,793,2024-01-09 10:08:00,103.86
41,794,2024-01-09 10:08:12,103.55
42,795,2024-01-09 10:08:24,103.2
43,796,2024-01-09 10:08:36,102.98
44,797,2024-01-09 10:08:48,102.63
45,798,2024-01-09 10:09:00,102.41
46,799,2024-01-09 10:09:12,102.11
47,800,2024-01-09 10:09:24,101.76
48,801,2024-01-09 10:09:36,101.45
49,802,2024-01-09 10:09:48,101.19
50,803,2024-01-09 10:10:00,100.88
51,804,2024-01-09 10:10:12,100.57
52,805,2024-01-09 10:10:24,100.27
53,806,2024-01-09 10:10:36,99.96
54,807,2024-01-09 10:10:48,99.65
55,808,2024-01-09 10:11:00,99.43
56,809,2024-01-09 10:11:12,99.08
57,810,2024-01-09 10:11:24,98.78
58,811,2024-01-09 10:11:36,98.51
59,812,2024-01-09 10:11:48,99.26
60,813,2024-01-09 10:12:00,100.22
61,814,2024-01-09 10:12:12,99.96
62,815,2024-01-09 10:12:24,100.4
63,816,2024-01-09 10:12:36,100.7
64,817,2024-01-09 10:12:48,100.05
65,818,2024-01-09 10:13:00,101.36
66,819,2024-01-09 10:13:12,100.97
67,820,2024-01-09 10:13:24,101.8
68,821,2024-01-09 10:13:36,102.54
69,822,2024-01-09 10:13:48,102.59
70,823,2024-01-09 10:14:00,103.03
71,824,2024-01-09 10:14:12,102.85
72,825,2024-01-09 10:14:24,102.59
73,826,2024-01-09 10:14:36,103.29
74,827,2024-01-09 10:14:48,103.2
75,828,2024-01-09 10:15:00,103.82
76,829,2024-01-09 10:15:12,104.21
77,830,2024-01-09 10:15:24,104.65
78,831,2024-01-09 10:15:36,104.61
79,832,2024-01-09 10:15:48,105.17
80,833,2024-01-09 10:16:00,105.53
81,834,2024-01-09 10:16:12,105.13
82,835,2024-01-09 10:16:24,106.49
83,836,2024-01-09 10:16:36,106.01
84,837,2024-01-09 10:16:48,106.31
85,838,2024-01-09 10:17:00,106.27
86,839,2024-01-09 10:17:12,106.84
87,840,2024-01-09 10:17:24,106.97
88,841,2024-01-09 10:17:36,107.41
89,842,2024-01-09 10:17:48,106.84
90,843,2024-01-09 10:18:00,107.63
91,844,2024-01-09 10:18:12,107.8
92,845,2024-01-09 10:18:24,107.41
93,846,2024-01-09 10:18:36,108.02
94,847,2024-01-09 10:18:48,108.81
95,848,2024-01-09 10:19:00,108.16
96,849,2024-01-09 10:19:12,108.81
97,850,2024-01-09 10:19:24,109.43
98,851,2024-01-09 10:19:36,109.38
99,852,2024-01-09 10:19:48,109.25
100,853,2024-01-09 10:20:00,109.47
101,854,2024-01-09 10:20:12,109.69
102,855,2024-01-09 10:20:24,110.43
103,856,2024-01-09 10:20:36,110.0
104,857,2024-01-09 10:20:48,110.7
105,858,2024-01-09 10:21:00,110.61
106,859,2024-01-09 10:21:12,110.35
107,860,2024-01-09 10:21:24,110.3
108,861,2024-01-09 10:21:36,111.27
109,862,2024-01-09 10:21:48,111.66
110,863,2024-01-09 10:22:00,110.96
111,864,2024-01-09 10:22:12,111.22
112,865,2024-01-09 10:22:24,112.28
113,866,2024-01-09 10:22:36,111.97
114,867,2024-01-09 10:22:48,111.44
115,868,2024-01-09 10:23:00,111.97
116,869,2024-01-09 10:23:12,112.54
117,870,2024-01-09 10:23:24,112.41
118,871,2024-01-09 10:23:36,113.24
119,872,2024-01-09 10:23:48,113.28
120,873,2024-01-09 10:24:00,113.5
121,874,2024-01-09 10:24:12,112.98
122,875,2024-01-09 10:24:24,113.68
123,876,2024-01-09 10:24:36,113.85
124,877,2024-01-09 10:24:48,113.77
125,878,2024-01-09 10:25:00,114.25
126,879,2024-01-09 10:25:12,113.33
127,880,2024-01-09 10:25:24,114.29
128,881,2024-01-09 10:25:36,114.77
129,882,2024-01-09 10:25:48,113.77
130,883,2024-01-09 10:26:00,114.64
131,884,2024-01-09 10:26:12,114.77
132,885,2024-01-09 10:26:24,115.69
133,886,2024-01-09 10:26:36,115.43
134,887,2024-01-09 10:26:48,115.69
135,888,2024-01-09 10:27:00,115.83
136,889,2024-01-09 10:27:12,115.61
137,890,2024-01-09 10:27:24,116.13
138,891,2024-01-09 10:27:36,115.61
139,892,2024-01-09 10:27:48,116.53
140,893,2024-01-09 10:28:00,116.53
141,894,2024-01-09 10:28:12,116.79
142,895,2024-01-09 10:28:24,116.18
143,896,2024-01-09 10:28:36,116.88
144,897,2024-01-09 10:28:48,117.19
145,898,2024-01-09 10:29:00,117.49
146,899,2024-01-09 10:29:12,116.75
147,900,2024-01-09 10:29:24,117.84
148,901,2024-01-09 10:29:36,118.15
149,902,2024-01-09 10:29:48,118.28
150,903,2024-01-09 10:30:00,118.15
151,904,2024-01-09 10:30:12,118.32
152,905,2024-01-09 10:30:24,117.97
153,906,2024-01-09 10:30:36,118.28
154,907,2024-01-09 10:30:48,119.51
155,908,2024-01-09 10:31:00,119.03
156,909,2024-01-09 10:31:12,119.6
157,910,2024-01-09 10:31:24,119.2
158,911,2024-01-09 10:31:36,118.41
159,912,2024-01-09 10:31:48,118.98
160,913,2024-01-09 10:32:00,119.29
161,914,2024-01-09 10:32:12,119.64
162,915,2024-01-09 10:32:24,120.03
163,916,2024-01-09 10:32:36,120.3
164,917,2024-01-09 10:32:48,120.38
165,918,2024-01-09 10:33:00,120.47
166,919,2024-01-09 10:33:12,120.25
167,920,2024-01-09 10:33:24,120.91
168,921,2024-01-09 10:33:36,120.03
169,922,2024-01-09 10:33:48,121.39
170,923,2024-01-09 10:34:00,121.39
171,924,2024-01-09 10:34:12,121.31
172,925,2024-01-09 10:34:24,121.57
173,926,2024-01-09 10:34:36,121.96
174,927,2024-01-09 10:34:48,121.74
175,928,2024-01-09 10:35:00,122.31
176,929,2024-01-09 10:35:12,122.36
177,930,2024-01-09 10:35:24,122.27
178,931,2024-01-09 10:35:36,122.31
179,932,2024-01-09 10:35:48,122.84
180,933,2024-01-09 10:36:00,122.8
181,934,2024-01-09 10:36:12,122.8
182,935,2024-01-09 10:36:24,122.27
183,936,2024-01-09 10:36:36,123.37
184,937,2024-01-09 10:36:48,122.84
185,938,2024-01-09 10:37:00,123.23
186,939,2024-01-09 10:37:12,124.24
187,940,2024-01-09 10:37:24,123.98
188,941,2024-01-09 10:37:36,123.76
189,942,2024-01-09 10:37:48,124.51
190,943,2024-01-09 10:38:00,124.11
191,944,2024-01-09 10:38:12,124.42
192,945,2024-01-09 10:38:24,124.99
193,946,2024-01-09 10:38:36,124.33
194,947,2024-01-09 10:38:48,123.67
195,948,2024-01-09 10:39:00,123.19
196,949,2024-01-09 10:39:12,122.71
197,950,2024-01-09 10:39:24,122.18
198,951,2024-01-09 10:39:36,121.66
199,952,2024-01-09 10:39:48,121.22
200,953,2024-01-09 10:40:00,120.74
201,954,2024-01-09 10:40:12,120.21
202,955,2024-01-09 10:40:24,119.82
203,956,2024-01-09 10:40:36,119.33
204,957,2024-01-09 10:40:48,118.94
205,958,2024-01-09 10:41:00,118.46
206,959,2024-01-09 10:41:12,118.06
207,960,2024-01-09 10:41:24,117.62
208,961,2024-01-09 10:41:36,117.19
209,962,2024-01-09 10:41:48,116.79
210,963,2024-01-09 10:42:00,116.4
211,964,2024-01-09 10:42:12,115.96
212,965,2024-01-09 10:42:24,115.61
213,966,2024-01-09 10:42:36,115.21
214,967,2024-01-09 10:42:48,114.77
215,968,2024-01-09 10:43:00,114.42
216,969,2024-01-09 10:43:12,114.03
217,970,2024-01-09 10:43:24,113.63
218,971,2024-01-09 10:43:36,113.24
219,972,2024-01-09 10:43:48,112.89
220,973,2024-01-09 10:44:00,112.54
221,974,2024-01-09 10:44:12,112.19
222,975,2024-01-09 10:44:24,111.79
223,976,2024-01-09 10:44:36,111.44
224,977,2024-01-09 10:44:48,111.05
225,978,2024-01-09 10:45:00,110.74
226,979,2024-01-09 10:45:12,110.43
227,980,2024-01-09 10:45:24,110.08
228,981,2024-01-09 10:45:36,109.73
229,982,2024-01-09 10:45:48,109.34
230,983,2024-01-09 10:46:00,109.03
231,984,2024-01-09 10:46:12,108.73
232,985,2024-01-09 10:46:24,108.37
233,986,2024-01-09 10:46:36,108.02
234,987,2024-01-09 10:46:48,107.72
235,988,2024-01-09 10:47:00,107.37
236,989,2024-01-09 10:47:12,107.19
237,990,2024-01-09 10:47:24,106.84
238,991,2024-01-09 10:47:36,106.53
239,992,2024-01-09 10:47:48,106.27
240,993,2024-01-09 10:48:00,105.96
241,994,2024-01-09 10:48:12,105.7
242,995,2024-01-09 10:48:24,105.44
243,996,2024-01-09 10:48:36,105.04
244,997,2024-01-09 10:48:48,104.74
245,998,2024-01-09 10:49:00,104.39
246,999,2024-01-09 10:49:12,104.12
247,1000,2024-01-09 10:49:24,103.82
248,1001,2024-01-09 10:49:36,103.55
249,1002,2024-01-09 10:49:48,103.29
250,1003,2024-01-09 10:50:00,102.94
251,1004,2024-01-09 10:50:12,102.72
252,1005,2024-01-09 10:50:24,102.33
253,1006,2024-01-09 10:50:36,102.15
254,1007,2024-01-09 10:50:48,101.76
255,1008,2024-01-09 10:51:00,101.58
256,1009,2024-01-09 10:51:12,101.23
257,1010,2024-01-09 10:51:24,101.01
258,1011,2024-01-09 10:51:36,100.7
259,1012,2024-01-09 10:51:48,100.4
260,1013,2024-01-09 10:52:00,100.13
261,1014,2024-01-09 10:52:12,99.91
262,1015,2024-01-09 10:52:24,99.65
263,1016,2024-01-09 10:52:36,99.26
264,1017,2024-01-09 10:52:48,98.99
265,1018,2024-01-09 10:53:00,98.78
266,1019,2024-01-09 10:53:12,98.51
267,1020,2024-01-09 10:53:24,99.43
268,1021,2024-01-09 10:53:36,99.96
269,1022,2024-01-09 10:53:48,100.4
270,1023,2024-01-09 10:54:00,100.4
271,1024,2024-01-09 10:54:12,100.79
272,1025,2024-01-09 10:54:24,100.97
273,1026,2024-01-09 10:54:36,100.66
274,1027,2024-01-09 10:54:48,101.58
275,1028,2024-01-09 10:55:00,101.67
276,1029,2024-01-09 10:55:12,102.37
277,1030,2024-01-09 10:55:24,102.33
278,1031,2024-01-09 10:55:36,102.81
279,1032,2024-01-09 10:55:48,102.94
280,1033,2024-01-09 10:56:00,103.86
281,1034,2024-01-09 10:56:12,103.51
282,1035,2024-01-09 10:56:24,104.04
283,1036,2024-01-09 10:56:36,104.3
284,1037,2024-01-09 10:56:48,104.96
285,1038,2024-01-09 10:57:00,104.08
286,1039,2024-01-09 10:57:12,105.53
287,1040,2024-01-09 10:57:24,105.04
288,1041,2024-01-09 10:57:36,105.26
289,1042,2024-01-09 10:57:48,105.83
290,1043,2024-01-09 10:58:00,106.49
291,1044,2024-01-09 10:58:12,106.31
292,1045,2024-01-09 10:58:24,106.31
293,1046,2024-01-09 10:58:36,106.53
294,1047,2024-01-09 10:58:48,107.02
295,1048,2024-01-09 10:59:00,107.24
296,1049,2024-01-09 10:59:12,107.06
297,1050,2024-01-09 10:59:24,107.45
298,1051,2024-01-09 10:59:36,108.33
299,1052,2024-01-09 10:59:48,108.11
300,1053,2024-01-09 11:00:00,108.81
301,1054,2024-01-09 11:00:12,109.03
302,1055,2024-01-09 11:00:24,108.99
303,1056,2024-01-09 11:00:36,108.68
304,1057,2024-01-09 11:00:48,108.81
305,1058,2024-01-09 11:01:00,109.43
306,1059,2024-01-09 11:01:12,109.82
307,1060,2024-01-09 11:01:24,110.26
308,1061,2024-01-09 11:01:36,110.57
309,1062,2024-01-09 11:01:48,110.65
310,1063,2024-01-09 11:02:00,111.4
311,1064,2024-01-09 11:02:12,110.79
312,1065,2024-01-09 11:02:24,111.4
313,1066,2024-01-09 11:02:36,111.53
314,1067,2024-01-09 11:02:48,112.45
315,1068,2024-01-09 11:03:00,111.62
316,1069,2024-01-09 11:03:12,111.93
317,1070,2024-01-09 11:03:24,112.14
318,1071,2024-01-09 11:03:36,111.4
319,1072,2024-01-09 11:03:48,112.76
320,1073,2024-01-09 11:04:00,112.67
321,1074,2024-01-09 11:04:12,113.02
322,1075,2024-01-09 11:04:24,112.89
323,1076,2024-01-09 11:04:36,113.5
324,1077,2024-01-09 11:04:48,112.89
325,1078,2024-01-09 11:05:00,114.12
326,1079,2024-01-09 11:05:12,114.2
327,1080,2024-01-09 11:05:24,114.03
328,1081,2024-01-09 11:05:36,115.26
329,1082,2024-01-09 11:05:48,114.29
330,1083,2024-01-09 11:06:00,114.42
331,1084,2024-01-09 11:06:12,114.69
332,1085,2024-01-09 11:06:24,114.82
333,1086,2024-01-09 11:06:36,114.77
334,1087,2024-01-09 11:06:48,115.52
335,1088,2024-01-09 11:07:00,115.34
336,1089,2024-01-09 11:07:12,115.26
337,1090,2024-01-09 11:07:24,115.65
338,1091,2024-01-09 11:07:36,116.13
339,1092,2024-01-09 11:07:48,116.18
340,1093,2024-01-09 11:08:00,117.1
341,1094,2024-01-09 11:08:12,116.35
342,1095,2024-01-09 11:08:24,116.05
343,1096,2024-01-09 11:08:36,117.05
344,1097,2024-01-09 11:08:48,117.23
345,1098,2024-01-09 11:09:00,116.57
346,1099,2024-01-09 11:09:12,117.19
347,1100,2024-01-09 11:09:24,117.97
348,1101,2024-01-09 11:09:36,117.89
349,1102,2024-01-09 11:09:48,117.75
350,1103,2024-01-09 11:10:00,117.89
351,1104,2024-01-09 11:10:12,118.54
352,1105,2024-01-09 11:10:24,118.06
353,1106,2024-01-09 11:10:36,118.98
354,1107,2024-01-09 11:10:48,119.42
355,1108,2024-01-09 11:11:00,118.98
356,1109,2024-01-09 11:11:12,119.77
357,1110,2024-01-09 11:11:24,119.6
358,1111,2024-01-09 11:11:36,119.99
359,1112,2024-01-09 11:11:48,119.6
360,1113,2024-01-09 11:12:00,120.34
361,1114,2024-01-09 11:12:12,119.95
362,1115,2024-01-09 11:12:24,120.95
363,1116,2024-01-09 11:12:36,120.91
364,1117,2024-01-09 11:12:48,120.38
365,1118,2024-01-09 11:13:00,120.82
366,1119,2024-01-09 11:13:12,121.31
367,1120,2024-01-09 11:13:24,121.22
368,1121,2024-01-09 11:13:36,121.39
369,1122,2024-01-09 11:13:48,121.96
370,1123,2024-01-09 11:14:00,121.44
371,1124,2024-01-09 11:14:12,122.49
372,1125,2024-01-09 11:14:24,121.66
373,1126,2024-01-09 11:14:36,122.58
374,1127,2024-01-09 11:14:48,121.74
375,1128,2024-01-09 11:15:00,122.27
376,1129,2024-01-09 11:15:12,122.8
377,1130,2024-01-09 11:15:24,123.06
378,1131,2024-01-09 11:15:36,122.84
379,1132,2024-01-09 11:15:48,123.06
380,1133,2024-01-09 11:16:00,123.67
381,1134,2024-01-09 11:16:12,123.63
382,1135,2024-01-09 11:16:24,123.85
383,1136,2024-01-09 11:16:36,123.63
384,1137,2024-01-09 11:16:48,124.46
385,1138,2024-01-09 11:17:00,124.42
386,1139,2024-01-09 11:17:12,124.11
387,1140,2024-01-09 11:17:24,124.51
388,1141,2024-01-09 11:17:36,124.72
389,1142,2024-01-09 11:17:48,123.98
390,1143,2024-01-09 11:18:00,123.5
391,1144,2024-01-09 11:18:12,122.97
392,1145,2024-01-09 11:18:24,122.45
393,1146,2024-01-09 11:18:36,121.92
394,1147,2024-01-09 11:18:48,121.44
395,1148,2024-01-09 11:19:00,121.13
396,1149,2024-01-09 11:19:12,120.69
397,1150,2024-01-09 11:19:24,120.21
398,1151,2024-01-09 11:19:36,119.68
399,1152,2024-01-09 11:19:48,119.33
400,1153,2024-01-09 11:20:00,118.98
401,1154,2024-01-09 11:20:12,118.54
402,1155,2024-01-09 11:20:24,118.15
403,1156,2024-01-09 11:20:36,117.75
404,1157,2024-01-09 11:20:48,117.23
405,1158,2024-01-09 11:21:00,116.92
406,1159,2024-01-09 11:21:12,116.57
407,1160,2024-01-09 11:21:24,116.18
408,1161,2024-01-09 11:21:36,115.78
409,1162,2024-01-09 11:21:48,115.39
410,1163,2024-01-09 11:22:00,115.08
411,1164,2024-01-09 11:22:12,114.69
412,1165,2024-01-09 11:22:24,114.34
413,1166,2024-01-09 11:22:36,113.99
414,1167,2024-01-09 11:22:48,113.68
415,1168,2024-01-09 11:23:00,113.28
416,1169,2024-01-09 11:23:12,112.89
417,1170,2024-01-09 11:23:24,112.58
418,1171,2024-01-09 11:23:36,112.28
419,1172,2024-01-09 11:23:48,111.88
420,1173,2024-01-09 11:24:00,111.57
421,1174,2024-01-09 11:24:12,111.27
422,1175,2024-01-09 11:24:24,110.87
423,1176,2024-01-09 11:24:36,110.65
424,1177,2024-01-09 11:24:48,110.22
425,1178,2024-01-09 11:25:00,109.91
426,1179,2024-01-09 11:25:12,109.6
427,1180,2024-01-09 11:25:24,109.3
428,1181,2024-01-09 11:25:36,108.94
429,1182,2024-01-09 11:25:48,108.64
430,1183,2024-01-09 11:26:00,108.37
431,1184,2024-01-09 11:26:12,108.07
432,1185,2024-01-09 11:26:24,107.76
433,1186,2024-01-09 11:26:36,107.41
434,1187,2024-01-09 11:26:48,107.06
435,1188,2024-01-09 11:27:00,106.8
436,1189,2024-01-09 11:27:12,106.53
437,1190,2024-01-09 11:27:24,106.23
438,1191,2024-01-09 11:27:36,105.88
439,1192,2024-01-09 11:27:48,105.57
440,1193,2024-01-09 11:28:00,105.31
441,1194,2024-01-09 11:28:12,105.04
442,1195,2024-01-09 11:28:24,104.74
443,1196,2024-01-09 11:28:36,104.47
444,1197,2024-01-09 11:28:48,104.12
445,1198,2024-01-09 11:29:00,103.86
446,1199,2024-01-09 11:29:12,103.51
447,1200,2024-01-09 11:29:24,103.29
448,1201,2024-01-09 11:29:36,102.94
449,1202,2024-01-09 11:29:48,102.72
450,1203,2024-01-09 11:30:00,102.46
451,1204,2024-01-09 11:30:12,102.11
452,1205,2024-01-09 11:30:24,101.8
453,1206,2024-01-09 11:30:36,101.54
454,1207,2024-01-09 11:30:48,101.32
455,1208,2024-01-09 11:31:00,101.05
456,1209,2024-01-09 11:31:12,100.75
457,1210,2024-01-09 11:31:24,100.48
458,1211,2024-01-09 11:31:36,100.18
459,1212,2024-01-09 11:31:48,99.96
460,1213,2024-01-09 11:32:00,99.65
461,1214,2024-01-09 11:32:12,99.48
462,1215,2024-01-09 11:32:24,99.13
463,1216,2024-01-09 11:32:36,98.91
464,1217,2024-01-09 11:32:48,98.6
465,1218,2024-01-09 11:33:00,98.78
466,1219,2024-01-09 11:33:12,100.0
467,1220,2024-01-09 11:33:24,99.7
468,1221,2024-01-09 11:33:36,100.05
469,1222,2024-01-09 11:33:48,100.27
470,1223,2024-01-09 11:34:00,100.18
471,1224,2024-01-09 11:34:12,101.01
472,1225,2024-01-09 11:34:24,102.02
473,1226,2024-01-09 11:34:36,101.76
474,1227,2024-01-09 11:34:48,102.63
475,1228,2024-01-09 11:35:00,102.33
476,1229,2024-01-09 11:35:12,102.98
477,1230,2024-01-09 11:35:24,103.25
478,1231,2024-01-09 11:35:36,103.03
479,1232,2024-01-09 11:35:48,103.77
480,1233,2024-01-09 11:36:00,103.9
481,1234,2024-01-09 11:36:12,104.12
482,1235,2024-01-09 11:36:24,104.91
483,1236,2024-01-09 11:36:36,104.34
484,1237,2024-01-09 11:36:48,104.61
485,1238,2024-01-09 11:37:00,105.22
486,1239,2024-01-09 11:37:12,106.49
487,1240,2024-01-09 11:37:24,105.7
488,1241,2024-01-09 11:37:36,106.14
489,1242,2024-01-09 11:37:48,106.71
490,1243,2024-01-09 11:38:00,106.36
491,1244,2024-01-09 11:38:12,107.06
492,1245,2024-01-09 11:38:24,107.28
493,1246,2024-01-09 11:38:36,107.06
494,1247,2024-01-09 11:38:48,108.07
495,1248,2024-01-09 11:39:00,107.94
496,1249,2024-01-09 11:39:12,108.07
497,1250,2024-01-09 11:39:24,108.9
498,1251,2024-01-09 11:39:36,108.33
499,1252,2024-01-09 11:39:48,109.03
500,1253,2024-01-09 11:40:00,108.16
501,1254,2024-01-09 11:40:12,108.9
502,1255,2024-01-09 11:40:24,109.3
503,1256,2024-01-09 11:40:36,109.95
504,1257,2024-01-09 11:40:48,109.56
505,1258,2024-01-09 11:41:00,110.3
506,1259,2024-01-09 11:41:12,110.87
507,1260,2024-01-09 11:41:24,110.52
508,1261,2024-01-09 11:41:36,110.87
509,1262,2024-01-09 11:41:48,110.61
510,1263,2024-01-09 11:42:00,110.79
511,1264,2024-01-09 11:42:12,111.62
512,1265,2024-01-09 11:42:24,111.62
513,1266,2024-01-09 11:42:36,111.84
514,1267,2024-01-09 11:42:48,111.62
515,1268,2024-01-09 11:43:00,112.41
516,1269,2024-01-09 11:43:12,112.28
517,1270,2024-01-09 11:43:24,112.85
518,1271,2024-01-09 11:43:36,112.8
519,1272,2024-01-09 11:43:48,113.55
520,1273,2024-01-09 11:44:00,112.98
521,1274,2024-01-09 11:44:12,113.28
522,1275,2024-01-09 11:44:24,112.89
523,1276,2024-01-09 11:44:36,113.5
524,1277,2024-01-09 11:44:48,114.38
525,1278,2024-01-09 11:45:00,114.56
526,1279,2024-01-09 11:45:12,114.2
527,1280,2024-01-09 11:45:24,114.6
528,1281,2024-01-09 11:45:36,114.77
529,1282,2024-01-09 11:45:48,115.26
530,1283,2024-01-09 11:46:00,115.69
531,1284,2024-01-09 11:46:12,115.17
532,1285,2024-01-09 11:46:24,116.22
533,1286,2024-01-09 11:46:36,115.65
534,1287,2024-01-09 11:46:48,116.4
535,1288,2024-01-09 11:47:00,116.66
536,1289,2024-01-09 11:47:12,115.96
537,1290,2024-01-09 11:47:24,116.57
538,1291,2024-01-09 11:47:36,116.66
539,1292,2024-01-09 11:47:48,117.19
540,1293,2024-01-09 11:48:00,117.23
541,1294,2024-01-09 11:48:12,117.14
542,1295,2024-01-09 11:48:24,116.88
543,1296,2024-01-09 11:48:36,117.89
544,1297,2024-01-09 11:48:48,117.8
545,1298,2024-01-09 11:49:00,118.19
546,1299,2024-01-09 11:49:12,117.8
547,1300,2024-01-09 11:49:24,118.37
548,1301,2024-01-09 11:49:36,118.81
549,1302,2024-01-09 11:49:48,118.68
550,1303,2024-01-09 11:50:00,119.38
551,1304,2024-01-09 11:50:12,118.85
552,1305,2024-01-09 11:50:24,119.77
553,1306,2024-01-09 11:50:36,119.73
554,1307,2024-01-09 11:50:48,119.9
555,1308,2024-01-09 11:51:00,120.12
556,1309,2024-01-09 11:51:12,119.46
557,1310,2024-01-09 11:51:24,120.65
558,1311,2024-01-09 11:51:36,120.34
559,1312,2024-01-09 11:51:48,120.95
560,1313,2024-01-09 11:52:00,120.82
561,1314,2024-01-09 11:52:12,120.47
562,1315,2024-01-09 11:52:24,120.38
563,1316,2024-01-09 11:52:36,121.83
564,1317,2024-01-09 11:52:48,120.95
565,1318,2024-01-09 11:53:00,121.22
566,1319,2024-01-09 11:53:12,121.66
567,1320,2024-01-09 11:53:24,121.44
568,1321,2024-01-09 11:53:36,122.45
569,1322,2024-01-09 11:53:48,122.36
570,1323,2024-01-09 11:54:00,122.8
571,1324,2024-01-09 11:54:12,122.49
572,1325,2024-01-09 11:54:24,122.36
573,1326,2024-01-09 11:54:36,123.1
574,1327,2024-01-09 11:54:48,123.5
575,1328,2024-01-09 11:55:00,123.8
576,1329,2024-01-09 11:55:12,123.15
577,1330,2024-01-09 11:55:24,123.45
578,1331,2024-01-09 11:55:36,123.89
579,1332,2024-01-09 11:55:48,124.68
580,1333,2024-01-09 11:56:00,124.11
581,1334,2024-01-09 11:56:12,124.29
582,1335,2024-01-09 11:56:24,123.67
583,1336,2024-01-09 11:56:36,123.19
584,1337,2024-01-09 11:56:48,122.71
585,1338,2024-01-09 11:57:00,122.23
586,1339,2024-01-09 11:57:12,121.74
587,1340,2024-01-09 11:57:24,121.26
588,1341,2024-01-09 11:57:36,120.87
589,1342,2024-01-09 11:57:48,120.43
590,1343,2024-01-09 11:58:00,120.03
591,1344,2024-01-09 11:58:12,119.55
592,1345,2024-01-09 11:58:24,119.2
593,1346,2024-01-09 11:58:36,118.63
594,1347,2024-01-09 11:58:48,118.24
595,1348,2024-01-09 11:59:00,117.84
596,1349,2024-01-09 11:59:12,117.45
597,1350,2024-01-09 11:59:24,117.05
598,1351,2024-01-09 11:59:36,116.7
599,1352,2024-01-09 11:59:48,116.31
600,1353,2024-01-09 12:00:00,115.96
601,1354,2024-01-09 12:00:12,115.61
602,1355,2024-01-09 12:00:24,115.26
603,1356,2024-01-09 12:00:36,114.86
604,1357,2024-01-09 12:00:48,114.42
605,1358,2024-01-09 12:01:00,114.16
606,1359,2024-01-09 12:01:12,113.85
607,1360,2024-01-09 12:01:24,113.46
608,1361,2024-01-09 12:01:36,113.15
609,1362,2024-01-09 12:01:48,112.8
610,1363,2024-01-09 12:02:00,112.45
611,1364,2024-01-09 12:02:12,112.1
612,1365,2024-01-09 12:02:24,111.79
613,1366,2024-01-09 12:02:36,111.44
614,1367,2024-01-09 12:02:48,110.96
615,1368,2024-01-09 12:03:00,110.65
616,1369,2024-01-09 12:03:12,110.43
617,1370,2024-01-09 12:03:24,109.95
618,1371,2024-01-09 12:03:36,109.65
619,1372,2024-01-09 12:03:48,109.3
620,1373,2024-01-09 12:04:00,108.94
621,1374,2024-01-09 12:04:12,108.55
622,1375,2024-01-09 12:04:24,108.29
623,1376,2024-01-09 12:04:36,107.89
624,1377,2024-01-09 12:04:48,107.59
625,1378,2024-01-09 12:05:00,107.28
626,1379,2024-01-09 12:05:12,106.84
627,1380,2024-01-09 12:05:24,106.58
628,1381,2024-01-09 12:05:36,106.31
629,1382,2024-01-09 12:05:48,105.92
630,1383,2024-01-09 12:06:00,105.61
631,1384,2024-01-09 12:06:12,105.26
632,1385,2024-01-09 12:06:24,104.96
633,1386,2024-01-09 12:06:36,104.61
634,1387,2024-01-09 12:06:48,104.34
635,1388,2024-01-09 12:07:00,104.04
636,1389,2024-01-09 12:07:12,103.77
637,1390,2024-01-09 12:07:24,103.38
638,1391,2024-01-09 12:07:36,103.07
639,1392,2024-01-09 12:07:48,102.76
640,1393,2024-01-09 12:08:00,102.46
641,1394,2024-01-09 12:08:12,102.15
642,1395,2024-01-09 12:08:24,101.8
643,1396,2024-01-09 12:08:36,101.49
644,1397,2024-01-09 12:08:48,101.23
645,1398,2024-01-09 12:09:00,100.92
646,1399,2024-01-09 12:09:12,100.62
647,1400,2024-01-09 12:09:24,100.31
648,1401,2024-01-09 12:09:36,100.0
649,1402,2024-01-09 12:09:48,99.74
650,1403,2024-01-09 12:10:00,99.35
651,1404,2024-01-09 12:10:12,99.04
652,1405,2024-01-09 12:10:24,100.27
653,1406,2024-01-09 12:10:36,100.31
654,1407,2024-01-09 12:10:48,100.88
655,1408,2024-01-09 12:11:00,100.84
656,1409,2024-01-09 12:11:12,101.41
657,1410,2024-01-09 12:11:24,101.62
658,1411,2024-01-09 12:11:36,101.8
659,1412,2024-01-09 12:11:48,101.54
660,1413,2024-01-09 12:12:00,101.76
661,1414,2024-01-09 12:12:12,102.81
662,1415,2024-01-09 12:12:24,103.07
663,1416,2024-01-09 12:12:36,103.2
664,1417,2024-01-09 12:12:48,103.47
665,1418,2024-01-09 12:13:00,104.21
666,1419,2024-01-09 12:13:12,103.82
667,1420,2024-01-09 12:13:24,103.82
668,1421,2024-01-09 12:13:36,104.56
669,1422,2024-01-09 12:13:48,104.47
670,1423,2024-01-09 12:14:00,105.09
671,1424,2024-01-09 12:14:12,105.35
672,1425,2024-01-09 12:14:24,105.88
673,1426,2024-01-09 12:14:36,105.31
674,1427,2024-01-09 12:14:48,105.96
675,1428,2024-01-09 12:15:00,106.49
676,1429,2024-01-09 12:15:12,106.36
677,1430,2024-01-09 12:15:24,106.88
678,1431,2024-01-09 12:15:36,106.36
679,1432,2024-01-09 12:15:48,107.32
680,1433,2024-01-09 12:16:00,107.02
681,1434,2024-01-09 12:16:12,106.97
682,1435,2024-01-09 12:16:24,107.02
683,1436,2024-01-09 12:16:36,107.5
684,1437,2024-01-09 12:16:48,108.51
685,1438,2024-01-09 12:17:00,108.29
686,1439,2024-01-09 12:17:12,108.16
687,1440,2024-01-09 12:17:24,108.99
688,1441,2024-01-09 12:17:36,109.03
689,1442,2024-01-09 12:17:48,108.9
690,1443,2024-01-09 12:18:00,109.34
691,1444,2024-01-09 12:18:12,109.47
692,1445,2024-01-09 12:18:24,109.86
693,1446,2024-01-09 12:18:36,109.69
694,1447,2024-01-09 12:18:48,110.57
695,1448,2024-01-09 12:19:00,110.22
696,1449,2024-01-09 12:19:12,110.48
697,1450,2024-01-09 12:19:24,111.44
698,1451,2024-01-09 12:19:36,110.57
699,1452,2024-01-09 12:19:48,111.49
700,1453,2024-01-09 12:20:00,110.79
701,1454,2024-01-09 12:20:12,111.44
702,1455,2024-01-09 12:20:24,111.53
703,1456,2024-01-09 12:20:36,112.41
704,1457,2024-01-09 12:20:48,112.45
705,1458,2024-01-09 12:21:00,112.23
706,1459,2024-01-09 12:21:12,112.41
707,1460,2024-01-09 12:21:24,112.1
708,1461,2024-01-09 12:21:36,112.98
709,1462,2024-01-09 12:21:48,113.11
710,1463,2024-01-09 12:22:00,112.67
711,1464,2024-01-09 12:22:12,113.37
712,1465,2024-01-09 12:22:24,114.29
713,1466,2024-01-09 12:22:36,113.85
714,1467,2024-01-09 12:22:48,113.85
715,1468,2024-01-09 12:23:00,114.16
716,1469,2024-01-09 12:23:12,113.59
717,1470,2024-01-09 12:23:24,114.47
718,1471,2024-01-09 12:23:36,114.03
719,1472,2024-01-09 12:23:48,114.77
720,1473,2024-01-09 12:24:00,114.95
721,1474,2024-01-09 12:24:12,114.95
722,1475,2024-01-09 12:24:24,114.73
723,1476,2024-01-09 12:24:36,115.21
724,1477,2024-01-09 12:24:48,115.26
725,1478,2024-01-09 12:25:00,115.91
726,1479,2024-01-09 12:25:12,115.83
727,1480,2024-01-09 12:25:24,115.78
728,1481,2024-01-09 12:25:36,115.78
729,1482,2024-01-09 12:25:48,116.7
730,1483,2024-01-09 12:26:00,117.01
731,1484,2024-01-09 12:26:12,116.7
732,1485,2024-01-09 12:26:24,116.48
733,1486,2024-01-09 12:26:36,117.19
734,1487,2024-01-09 12:26:48,116.83
735,1488,2024-01-09 12:27:00,117.19
736,1489,2024-01-09 12:27:12,117.45
737,1490,2024-01-09 12:27:24,117.67
738,1491,2024-01-09 12:27:36,118.24
739,1492,2024-01-09 12:27:48,117.97
740,1493,2024-01-09 12:28:00,118.76
741,1494,2024-01-09 12:28:12,117.93
742,1495,2024-01-09 12:28:24,118.06
743,1496,2024-01-09 12:28:36,118.81
744,1497,2024-01-09 12:28:48,118.63
745,1498,2024-01-09 12:29:00,119.03
746,1499,2024-01-09 12:29:12,118.59
747,1500,2024-01-09 12:29:24,119.07
748,1501,2024-01-09 12:29:36,119.11
749,1502,2024-01-09 12:29:48,119.6
750,1503,2024-01-09 12:30:00,119.25
751,1504,2024-01-09 12:30:12,120.34
752,1505,2024-01-09 12:30:24,119.55
753,1506,2024-01-09 12:30:36,119.95
754,1507,2024-01-09 12:30:48,120.95
755,1508,2024-01-09 12:31:00,120.47
756,1509,2024-01-09 12:31:12,121.04
757,1510,2024-01-09 12:31:24,120.6
758,1511,2024-01-09 12:31:36,121.31
759,1512,2024-01-09 12:31:48,121.17
760,1513,2024-01-09 12:32:00,121.31
761,1514,2024-01-09 12:32:12,121.22
762,1515,2024-01-09 12:32:24,122.09
763,1516,2024-01-09 12:32:36,121.92
764,1517,2024-01-09 12:32:48,121.74
765,1518,2024-01-09 12:33:00,121.83
766,1519,2024-01-09 12:33:12,121.74
767,1520,2024-01-09 12:33:24,122.53
768,1521,2024-01-09 12:33:36,122.01
769,1522,2024-01-09 12:33:48,122.66
770,1523,2024-01-09 12:34:00,122.84
771,1524,2024-01-09 12:34:12,123.01
772,1525,2024-01-09 12:34:24,123.19
773,1526,2024-01-09 12:34:36,123.1
774,1527,2024-01-09 12:34:48,123.76
775,1528,2024-01-09 12:35:00,123.63
776,1529,2024-01-09 12:35:12,124.11
777,1530,2024-01-09 12:35:24,124.24
778,1531,2024-01-09 12:35:36,123.63
779,1532,2024-01-09 12:35:48,123.8
780,1533,2024-01-09 12:36:00,123.89
781,1534,2024-01-09 12:36:12,124.51
782,1535,2024-01-09 12:36:24,123.89
783,1536,2024-01-09 12:36:36,123.41
784,1537,2024-01-09 12:36:48,122.84
785,1538,2024-01-09 12:37:00,122.36
786,1539,2024-01-09 12:37:12,121.92
787,1540,2024-01-09 12:37:24,121.35
788,1541,2024-01-09 12:37:36,120.91
789,1542,2024-01-09 12:37:48,120.47
790,1543,2024-01-09 12:38:00,119.99
791,1544,2024-01-09 12:38:12,119.51
792,1545,2024-01-09 12:38:24,119.11
793,1546,2024-01-09 12:38:36,118.68
794,1547,2024-01-09 12:38:48,118.24
795,1548,2024-01-09 12:39:00,117.75
796,1549,2024-01-09 12:39:12,117.36
797,1550,2024-01-09 12:39:24,116.92
798,1551,2024-01-09 12:39:36,116.48
799,1552,2024-01-09 12:39:48,116.13
800,1553,2024-01-09 12:40:00,115.78
801,1554,2024-01-09 12:40:12,115.39
802,1555,2024-01-09 12:40:24,114.99
803,1556,2024-01-09 12:40:36,114.56
804,1557,2024-01-09 12:40:48,114.2
805,1558,2024-01-09 12:41:00,113.85
806,1559,2024-01-09 12:41:12,113.37
807,1560,2024-01-09 12:41:24,113.11
808,1561,2024-01-09 12:41:36,112.67
809,1562,2024-01-09 12:41:48,112.32
810,1563,2024-01-09 12:42:00,111.97
811,1564,2024-01-09 12:42:12,111.62
812,1565,2024-01-09 12:42:24,111.27
813,1566,2024-01-09 12:42:36,110.87
814,1567,2024-01-09 12:42:48,110.57
815,1568,2024-01-09 12:43:00,110.26
816,1569,2024-01-09 12:43:12,109.82
817,1570,2024-01-09 12:43:24,109.56
818,1571,2024-01-09 12:43:36,109.16
819,1572,2024-01-09 12:43:48,108.86
820,1573,2024-01-09 12:44:00,108.46
821,1574,2024-01-09 12:44:12,108.2
822,1575,2024-01-09 12:44:24,107.89
823,1576,2024-01-09 12:44:36,107.54
824,1577,2024-01-09 12:44:48,107.19
825,1578,2024-01-09 12:45:00,106.8
826,1579,2024-01-09 12:45:12,106.49
827,1580,2024-01-09 12:45:24,106.14
828,1581,2024-01-09 12:45:36,105.88
829,1582,2024-01-09 12:45:48,105.39
830,1583,2024-01-09 12:46:00,105.09
831,1584,2024-01-09 12:46:12,104.74
832,1585,2024-01-09 12:46:24,104.43
833,1586,2024-01-09 12:46:36,104.12
834,1587,2024-01-09 12:46:48,103.82
835,1588,2024-01-09 12:47:00,103.51
836,1589,2024-01-09 12:47:12,103.2
837,1590,2024-01-09 12:47:24,102.94
838,1591,2024-01-09 12:47:36,102.63
839,1592,2024-01-09 12:47:48,102.28
840,1593,2024-01-09 12:48:00,101.93
841,1594,2024-01-09 12:48:12,101.67
842,1595,2024-01-09 12:48:24,101.41
843,1596,2024-01-09 12:48:36,101.1
844,1597,2024-01-09 12:48:48,100.75
845,1598,2024-01-09 12:49:00,100.48
846,1599,2024-01-09 12:49:12,100.22
847,1600,2024-01-09 12:49:24,99.91
848,1601,2024-01-09 12:49:36,99.65
849,1602,2024-01-09 12:49:48,99.3
850,1603,2024-01-09 12:50:00,98.99
851,1604,2024-01-09 12:50:12,99.74
852,1605,2024-01-09 12:50:24,99.74
853,1606,2024-01-09 12:50:36,100.22
854,1607,2024-01-09 12:50:48,99.83
855,1608,2024-01-09 12:51:00,100.05
856,1609,2024-01-09 12:51:12,100.88
857,1610,2024-01-09 12:51:24,100.79
858,1611,2024-01-09 12:51:36,100.27
859,1612,2024-01-09 12:51:48,101.58
860,1613,2024-01-09 12:52:00,102.11
861,1614,2024-01-09 12:52:12,102.19
862,1615,2024-01-09 12:52:24,102.54
863,1616,2024-01-09 12:52:36,102.76
864,1617,2024-01-09 12:52:48,103.11
865,1618,2024-01-09 12:53:00,102.85
866,1619,2024-01-09 12:53:12,103.82
867,1620,2024-01-09 12:53:24,103.68
868,1621,2024-01-09 12:53:36,104.12
869,1622,2024-01-09 12:53:48,104.21
870,1623,2024-01-09 12:54:00,104.74
871,1624,2024-01-09 12:54:12,104.39
872,1625,2024-01-09 12:54:24,104.43
873,1626,2024-01-09 12:54:36,105.31
874,1627,2024-01-09 12:54:48,105.0
875,1628,2024-01-09 12:55:00,105.53
876,1629,2024-01-09 12:55:12,105.79
877,1630,2024-01-09 12:55:24,106.14
878,1631,2024-01-09 12:55:36,106.36
879,1632,2024-01-09 12:55:48,106.62
880,1633,2024-01-09 12:56:00,107.06
881,1634,2024-01-09 12:56:12,106.88
882,1635,2024-01-09 12:56:24,107.24
883,1636,2024-01-09 12:56:36,107.59
884,1637,2024-01-09 12:56:48,107.02
885,1638,2024-01-09 12:57:00,107.72
886,1639,2024-01-09 12:57:12,108.24
887,1640,2024-01-09 12:57:24,108.2
888,1641,2024-01-09 12:57:36,107.98
889,1642,2024-01-09 12:57:48,108.55
890,1643,2024-01-09 12:58:00,108.94
891,1644,2024-01-09 12:58:12,108.99
892,1645,2024-01-09 12:58:24,109.73
893,1646,2024-01-09 12:58:36,109.38
894,1647,2024-01-09 12:58:48,108.81
895,1648,2024-01-09 12:59:00,109.08
896,1649,2024-01-09 12:59:12,109.51
897,1650,2024-01-09 12:59:24,110.61
898,1651,2024-01-09 12:59:36,110.87
899,1652,2024-01-09 12:59:48,110.7
900,1653,2024-01-09 13:00:00,110.57
901,1654,2024-01-09 13:00:12,110.83
902,1655,2024-01-09 13:00:24,111.4
903,1656,2024-01-09 13:00:36,111.44
904,1657,2024-01-09 13:00:48,111.05
905,1658,2024-01-09 13:01:00,111.44
906,1659,2024-01-09 13:01:12,111.4
907,1660,2024-01-09 13:01:24,112.1
908,1661,2024-01-09 13:01:36,112.67
909,1662,2024-01-09 13:01:48,112.06
910,1663,2024-01-09 13:02:00,112.63
911,1664,2024-01-09 13:02:12,112.14
912,1665,2024-01-09 13:02:24,112.45
913,1666,2024-01-09 13:02:36,112.63
914,1667,2024-01-09 13:02:48,112.63
915,1668,2024-01-09 13:03:00,113.5
916,1669,2024-01-09 13:03:12,113.02
917,1670,2024-01-09 13:03:24,113.81
918,1671,2024-01-09 13:03:36,113.33
919,1672,2024-01-09 13:03:48,113.28
920,1673,2024-01-09 13:04:00,112.98
921,1674,2024-01-09 13:04:12,114.34
922,1675,2024-01-09 13:04:24,114.29
923,1676,2024-01-09 13:04:36,114.47
924,1677,2024-01-09 13:04:48,114.99
925,1678,2024-01-09 13:05:00,114.91
926,1679,2024-01-09 13:05:12,115.3
927,1680,2024-01-09 13:05:24,115.48
928,1681,2024-01-09 13:05:36,115.26
929,1682,2024-01-09 13:05:48,115.26
930,1683,2024-01-09 13:06:00,115.83
931,1684,2024-01-09 13:06:12,115.17
932,1685,2024-01-09 13:06:24,116.31
933,1686,2024-01-09 13:06:36,116.53
934,1687,2024-01-09 13:06:48,116.66
935,1688,2024-01-09 13:07:00,116.4
936,1689,2024-01-09 13:07:12,116.88
937,1690,2024-01-09 13:07:24,117.23
938,1691,2024-01-09 13:07:36,116.31
939,1692,2024-01-09 13:07:48,116.53
940,1693,2024-01-09 13:08:00,116.88
941,1694,2024-01-09 13:08:12,117.67
942,1695,2024-01-09 13:08:24,117.97
943,1696,2024-01-09 13:08:36,117.71
944,1697,2024-01-09 13:08:48,117.89
945,1698,2024-01-09 13:09:00,118.32
946,1699,2024-01-09 13:09:12,118.24
947,1700,2024-01-09 13:09:24,118.46
948,1701,2024-01-09 13:09:36,118.63
949,1702,2024-01-09 13:09:48,118.68
950,1703,2024-01-09 13:10:00,118.41
951,1704,2024-01-09 13:10:12,118.76
952,1705,2024-01-09 13:10:24,118.98
953,1706,2024-01-09 13:10:36,119.03
954,1707,2024-01-09 13:10:48,119.29
955,1708,2024-01-09 13:11:00,119.51
956,1709,2024-01-09 13:11:12,119.99
957,1710,2024-01-09 13:11:24,119.99
958,1711,2024-01-09 13:11:36,120.17
959,1712,2024-01-09 13:11:48,119.99
960,1713,2024-01-09 13:12:00,120.87
961,1714,2024-01-09 13:12:12,120.82
962,1715,2024-01-09 13:12:24,120.3
963,1716,2024-01-09 13:12:36,120.65
964,1717,2024-01-09 13:12:48,121.04
965,1718,2024-01-09 13:13:00,120.65
966,1719,2024-01-09 13:13:12,121.04
967,1720,2024-01-09 13:13:24,121.35
968,1721,2024-01-09 13:13:36,121.17
969,1722,2024-01-09 13:13:48,121.7
970,1723,2024-01-09 13:14:00,122.09
971,1724,2024-01-09 13:14:12,122.23
972,1725,2024-01-09 13:14:24,122.01
973,1726,2024-01-09 13:14:36,122.84
974,1727,2024-01-09 13:14:48,122.01
975,1728,2024-01-09 13:15:00,122.88
976,1729,2024-01-09 13:15:12,122.27
977,1730,2024-01-09 13:15:24,123.45
978,1731,2024-01-09 13:15:36,122.49
979,1732,2024-01-09 13:15:48,123.06
980,1733,2024-01-09 13:16:00,123.5
981,1734,2024-01-09 13:16:12,123.01
982,1735,2024-01-09 13:16:24,123.76
983,1736,2024-01-09 13:16:36,123.98
984,1737,2024-01-09 13:16:48,123.89
985,1738,2024-01-09 13:17:00,124.07
986,1739,2024-01-09 13:17:12,124.72
987,1740,2024-01-09 13:17:24,124.15
988,1741,2024-01-09 13:17:36,123.89
989,1742,2024-01-09 13:17:48,123.41
990,1743,2024-01-09 13:18:00,122.84
991,1744,2024-01-09 13:18:12,122.36
992,1745,2024-01-09 13:18:24,121.92
993,1746,2024-01-09 13:18:36,121.31
994,1747,2024-01-09 13:18:48,120.87
995,1748,2024-01-09 13:19:00,120.43
996,1749,2024-01-09 13:19:12,119.95
997,1750,2024-01-09 13:19:24,119.42
998,1751,2024-01-09 13:19:36,118.98
999,1752,2024-01-09 13:19:48,118.54
1000,1753,2024-01-09 13:20:00,118.15
1001,1754,2024-01-09 13:20:12,117.71
1002,1755,2024-01-09 13:20:24,117.23
1003,1756,2024-01-09 13:20:36,116.88
1004,1757,2024-01-09 13:20:48,116.48
1005,1758,2024-01-09 13:21:00,116.09
1006,1759,2024-01-09 13:21:12,115.74
1007,1760,2024-01-09 13:21:24,115.26
1008,1761,2024-01-09 13:21:36,114.91
1009,1762,2024-01-09 13:21:48,114.56
1010,1763,2024-01-09 13:22:00,114.2
1011,1764,2024-01-09 13:22:12,113.85
1012,1765,2024-01-09 13:22:24,113.37
1013,1766,2024-01-09 13:22:36,113.02
1014,1767,2024-01-09 13:22:48,112.63
1015,1768,2024-01-09 13:23:00,112.23
1016,1769,2024-01-09 13:23:12,111.84
1017,1770,2024-01-09 13:23:24,111.53
1018,1771,2024-01-09 13:23:36,111.14
1019,1772,2024-01-09 13:23:48,110.79
1020,1773,2024-01-09 13:24:00,110.52
1021,1774,2024-01-09 13:24:12,109.86
1022,1775,2024-01-09 13:24:24,109.16
1023,1776,2024-01-09 13:24:36,108.55
1024,1777,2024-01-09 13:24:48,107.76
1025,1778,2024-01-09 13:25:00,107.37
1026,1779,2024-01-09 13:25:12,107.19
1027,1780,2024-01-09 13:25:24,106.84
1028,1781,2024-01-09 13:25:36,106.49
1029,1782,2024-01-09 13:25:48,106.18
1030,1783,2024-01-09 13:26:00,105.88
1031,1784,2024-01-09 13:26:12,105.57
1032,1785,2024-01-09 13:26:24,105.26
1033,1786,2024-01-09 13:26:36,104.96
1034,1787,2024-01-09 13:26:48,104.61
1035,1788,2024-01-09 13:27:00,104.34
1036,1789,2024-01-09 13:27:12,104.04
1037,1790,2024-01-09 13:27:24,103.73
1038,1791,2024-01-09 13:27:36,103.16
1039,1792,2024-01-09 13:27:48,102.5
1040,1793,2024-01-09 13:28:00,102.02
1041,1794,2024-01-09 13:28:12,101.71
1042,1795,2024-01-09 13:28:24,101.45
1043,1796,2024-01-09 13:28:36,101.19
1044,1797,2024-01-09 13:28:48,100.92
1045,1798,2024-01-09 13:29:00,100.57
1046,1799,2024-01-09 13:29:12,100.35
1047,1800,2024-01-09 13:29:24,100.0
1048,1801,2024-01-09 13:29:36,99.7
1049,1802,2024-01-09 13:29:48,99.48
1050,1803,2024-01-09 13:30:00,99.13
1051,1804,2024-01-09 13:30:12,98.86
1052,1805,2024-01-09 13:30:24,98.6
1053,1806,2024-01-09 13:30:36,99.48
1054,1807,2024-01-09 13:30:48,99.3
1055,1808,2024-01-09 13:31:00,99.78
1056,1809,2024-01-09 13:31:12,98.99
1057,1810,2024-01-09 13:31:24,100.7
1058,1811,2024-01-09 13:31:36,100.35
1059,1812,2024-01-09 13:31:48,100.22
1060,1813,2024-01-09 13:32:00,101.76
1061,1814,2024-01-09 13:32:12,101.19
1062,1815,2024-01-09 13:32:24,102.11
1063,1816,2024-01-09 13:32:36,102.33
1064,1817,2024-01-09 13:32:48,102.54
1065,1818,2024-01-09 13:33:00,102.98
1066,1819,2024-01-09 13:33:12,103.16
1067,1820,2024-01-09 13:33:24,103.47
1068,1821,2024-01-09 13:33:36,103.55
1069,1822,2024-01-09 13:33:48,103.33
1070,1823,2024-01-09 13:34:00,104.61
1071,1824,2024-01-09 13:34:12,104.3
1072,1825,2024-01-09 13:34:24,103.77
1073,1826,2024-01-09 13:34:36,105.09
1074,1827,2024-01-09 13:34:48,104.21
1075,1828,2024-01-09 13:35:00,105.66
1076,1829,2024-01-09 13:35:12,105.61
1077,1830,2024-01-09 13:35:24,105.61
1078,1831,2024-01-09 13:35:36,106.01
1079,1832,2024-01-09 13:35:48,106.27
1080,1833,2024-01-09 13:36:00,106.49
1081,1834,2024-01-09 13:36:12,106.8
1082,1835,2024-01-09 13:36:24,106.93
1083,1836,2024-01-09 13:36:36,106.71
1084,1837,2024-01-09 13:36:48,106.84
1085,1838,2024-01-09 13:37:00,107.8
1086,1839,2024-01-09 13:37:12,108.07
1087,1840,2024-01-09 13:37:24,107.72
1088,1841,2024-01-09 13:37:36,107.98
1089,1842,2024-01-09 13:37:48,108.2
1090,1843,2024-01-09 13:38:00,108.73
1091,1844,2024-01-09 13:38:12,108.73
1092,1845,2024-01-09 13:38:24,109.16
1093,1846,2024-01-09 13:38:36,109.03
1094,1847,2024-01-09 13:38:48,109.51
1095,1848,2024-01-09 13:39:00,109.56
1096,1849,2024-01-09 13:39:12,109.82
1097,1850,2024-01-09 13:39:24,110.0
1098,1851,2024-01-09 13:39:36,109.51
1099,1852,2024-01-09 13:39:48,110.65
1100,1853,2024-01-09 13:40:00,110.87
1101,1854,2024-01-09 13:40:12,110.87
1102,1855,2024-01-09 13:40:24,110.79
1103,1856,2024-01-09 13:40:36,110.79
1104,1857,2024-01-09 13:40:48,111.4
1105,1858,2024-01-09 13:41:00,111.05
1106,1859,2024-01-09 13:41:12,111.62
1107,1860,2024-01-09 13:41:24,111.4
1108,1861,2024-01-09 13:41:36,112.32
1109,1862,2024-01-09 13:41:48,112.41
1110,1863,2024-01-09 13:42:00,112.71
1111,1864,2024-01-09 13:42:12,112.14
1112,1865,2024-01-09 13:42:24,112.54
1113,1866,2024-01-09 13:42:36,112.32
1114,1867,2024-01-09 13:42:48,112.98
1115,1868,2024-01-09 13:43:00,113.06
1116,1869,2024-01-09 13:43:12,112.67
1117,1870,2024-01-09 13:43:24,113.68
1118,1871,2024-01-09 13:43:36,113.94
1119,1872,2024-01-09 13:43:48,113.59
1120,1873,2024-01-09 13:44:00,113.81
1121,1874,2024-01-09 13:44:12,114.69
1122,1875,2024-01-09 13:44:24,114.25
1123,1876,2024-01-09 13:44:36,114.47
1124,1877,2024-01-09 13:44:48,114.99
1125,1878,2024-01-09 13:45:00,114.91
1126,1879,2024-01-09 13:45:12,115.26
1127,1880,2024-01-09 13:45:24,114.82
1128,1881,2024-01-09 13:45:36,114.91
1129,1882,2024-01-09 13:45:48,115.91
1130,1883,2024-01-09 13:46:00,115.78
1131,1884,2024-01-09 13:46:12,115.65
1132,1885,2024-01-09 13:46:24,116.13
1133,1886,2024-01-09 13:46:36,115.04
1134,1887,2024-01-09 13:46:48,116.09
1135,1888,2024-01-09 13:47:00,116.62
1136,1889,2024-01-09 13:47:12,116.7
1137,1890,2024-01-09 13:47:24,116.18
1138,1891,2024-01-09 13:47:36,116.22
1139,1892,2024-01-09 13:47:48,117.05
1140,1893,2024-01-09 13:48:00,117.19
1141,1894,2024-01-09 13:48:12,117.54
1142,1895,2024-01-09 13:48:24,117.23
1143,1896,2024-01-09 13:48:36,117.75
1144,1897,2024-01-09 13:48:48,117.19
1145,1898,2024-01-09 13:49:00,117.67
1146,1899,2024-01-09 13:49:12,118.06
1147,1900,2024-01-09 13:49:24,118.11
1148,1901,2024-01-09 13:49:36,117.8
1149,1902,2024-01-09 13:49:48,118.5
1150,1903,2024-01-09 13:50:00,117.97
1151,1904,2024-01-09 13:50:12,117.93
1152,1905,2024-01-09 13:50:24,118.63
1153,1906,2024-01-09 13:50:36,118.85
1154,1907,2024-01-09 13:50:48,119.11
1155,1908,2024-01-09 13:51:00,119.33
1156,1909,2024-01-09 13:51:12,118.94
1157,1910,2024-01-09 13:51:24,119.2
1158,1911,2024-01-09 13:51:36,120.03
1159,1912,2024-01-09 13:51:48,119.77
1160,1913,2024-01-09 13:52:00,120.03
1161,1914,2024-01-09 13:52:12,119.77
1162,1915,2024-01-09 13:52:24,120.6
1163,1916,2024-01-09 13:52:36,120.25
1164,1917,2024-01-09 13:52:48,120.82
1165,1918,2024-01-09 13:53:00,120.91
1166,1919,2024-01-09 13:53:12,120.82
1167,1920,2024-01-09 13:53:24,120.69
1168,1921,2024-01-09 13:53:36,121.44
1169,1922,2024-01-09 13:53:48,120.78
1170,1923,2024-01-09 13:54:00,121.04
1171,1924,2024-01-09 13:54:12,121.66
1172,1925,2024-01-09 13:54:24,121.92
1173,1926,2024-01-09 13:54:36,121.57
1174,1927,2024-01-09 13:54:48,121.31
1175,1928,2024-01-09 13:55:00,122.53
1176,1929,2024-01-09 13:55:12,122.09
1177,1930,2024-01-09 13:55:24,122.4
1178,1931,2024-01-09 13:55:36,122.97
1179,1932,2024-01-09 13:55:48,123.23
1180,1933,2024-01-09 13:56:00,122.8
1181,1934,2024-01-09 13:56:12,123.32
1182,1935,2024-01-09 13:56:24,123.45
1183,1936,2024-01-09 13:56:36,123.06
1184,1937,2024-01-09 13:56:48,123.5
1185,1938,2024-01-09 13:57:00,123.01
1186,1939,2024-01-09 13:57:12,123.85
1187,1940,2024-01-09 13:57:24,123.98
1188,1941,2024-01-09 13:57:36,123.76
1189,1942,2024-01-09 13:57:48,123.72
1190,1943,2024-01-09 13:58:00,123.85
1191,1944,2024-01-09 13:58:12,124.2
1192,1945,2024-01-09 13:58:24,124.02
1193,1946,2024-01-09 13:58:36,123.41
1194,1947,2024-01-09 13:58:48,122.84
1195,1948,2024-01-09 13:59:00,122.4
1196,1949,2024-01-09 13:59:12,121.92
1197,1950,2024-01-09 13:59:24,121.39
1198,1951,2024-01-09 13:59:36,120.91
1199,1952,2024-01-09 13:59:48,120.47
1200,1953,2024-01-09 14:00:00,119.99
1201,1954,2024-01-09 14:00:12,119.55
1202,1955,2024-01-09 14:00:24,119.11
1203,1956,2024-01-09 14:00:36,118.59
1204,1957,2024-01-09 14:00:48,118.24
1205,1958,2024-01-09 14:01:00,117.75
1206,1959,2024-01-09 14:01:12,117.23
1207,1960,2024-01-09 14:01:24,116.92
1208,1961,2024-01-09 14:01:36,116.48
1209,1962,2024-01-09 14:01:48,116.09
1210,1963,2024-01-09 14:02:00,115.74
1211,1964,2024-01-09 14:02:12,115.26
1212,1965,2024-01-09 14:02:24,114.77
1213,1966,2024-01-09 14:02:36,114.51
1214,1967,2024-01-09 14:02:48,114.07
1215,1968,2024-01-09 14:03:00,113.72
1216,1969,2024-01-09 14:03:12,113.33
1217,1970,2024-01-09 14:03:24,112.98
1218,1971,2024-01-09 14:03:36,112.54
1219,1972,2024-01-09 14:03:48,112.23
1220,1973,2024-01-09 14:04:00,111.88
1221,1974,2024-01-09 14:04:12,111.53
1222,1975,2024-01-09 14:04:24,111.14
1223,1976,2024-01-09 14:04:36,110.74
1224,1977,2024-01-09 14:04:48,110.43
1225,1978,2024-01-09 14:05:00,110.04
1226,1979,2024-01-09 14:05:12,109.73
1227,1980,2024-01-09 14:05:24,109.34
1228,1981,2024-01-09 14:05:36,109.03
1229,1982,2024-01-09 14:05:48,108.73
1230,1983,2024-01-09 14:06:00,108.33
1231,1984,2024-01-09 14:06:12,107.98
1232,1985,2024-01-09 14:06:24,107.63
1233,1986,2024-01-09 14:06:36,107.32
1234,1987,2024-01-09 14:06:48,107.02
1235,1988,2024-01-09 14:07:00,106.67
1236,1989,2024-01-09 14:07:12,106.31
1237,1990,2024-01-09 14:07:24,105.92
1238,1991,2024-01-09 14:07:36,105.66
1239,1992,2024-01-09 14:07:48,105.35
1240,1993,2024-01-09 14:08:00,105.0
1241,1994,2024-01-09 14:08:12,104.82
1242,1995,2024-01-09 14:08:24,104.47
1243,1996,2024-01-09 14:08:36,104.25
1244,1997,2024-01-09 14:08:48,103.9
1245,1998,2024-01-09 14:09:00,103.68
1246,1999,2024-01-09 14:09:12,103.42
1247,2000,2024-01-09 14:09:24,103.11
1248,2001,2024-01-09 14:09:36,102.76
1249,2002,2024-01-09 14:09:48,102.54
1250,2003,2024-01-09 14:10:00,102.28
1251,2004,2024-01-09 14:10:12,102.02
1252,2005,2024-01-09 14:10:24,101.76
1253,2006,2024-01-09 14:10:36,101.41
1254,2007,2024-01-09 14:10:48,101.19
1255,2008,2024-01-09 14:11:00,100.97
1256,2009,2024-01-09 14:11:12,100.7
1257,2010,2024-01-09 14:11:24,100.35
1258,2011,2024-01-09 14:11:36,100.18
1259,2012,2024-01-09 14:11:48,99.83
1260,2013,2024-01-09 14:12:00,99.56
1261,2014,2024-01-09 14:12:12,99.35
1262,2015,2024-01-09 14:12:24,98.99
1263,2016,2024-01-09 14:12:36,99.65
1264,2017,2024-01-09 14:12:48,100.22
1265,2018,2024-01-09 14:13:00,99.43
1266,2019,2024-01-09 14:13:12,100.7
1267,2020,2024-01-09 14:13:24,100.66
1268,2021,2024-01-09 14:13:36,100.66
1269,2022,2024-01-09 14:13:48,101.8
1270,2023,2024-01-09 14:14:00,102.28
1271,2024,2024-01-09 14:14:12,102.37
1272,2025,2024-01-09 14:14:24,101.98
1273,2026,2024-01-09 14:14:36,103.11
1274,2027,2024-01-09 14:14:48,103.42
1275,2028,2024-01-09 14:15:00,102.72
1276,2029,2024-01-09 14:15:12,104.12
1277,2030,2024-01-09 14:15:24,103.55
1278,2031,2024-01-09 14:15:36,104.61
1279,2032,2024-01-09 14:15:48,105.17
1280,2033,2024-01-09 14:16:00,105.17
1281,2034,2024-01-09 14:16:12,105.48
1282,2035,2024-01-09 14:16:24,105.66
1283,2036,2024-01-09 14:16:36,104.65
1284,2037,2024-01-09 14:16:48,105.61
1285,2038,2024-01-09 14:17:00,105.83
1286,2039,2024-01-09 14:17:12,106.18
1287,2040,2024-01-09 14:17:24,106.01
1288,2041,2024-01-09 14:17:36,107.19
1289,2042,2024-01-09 14:17:48,106.36
1290,2043,2024-01-09 14:18:00,107.19
1291,2044,2024-01-09 14:18:12,107.06
1292,2045,2024-01-09 14:18:24,107.37
1293,2046,2024-01-09 14:18:36,107.37
1294,2047,2024-01-09 14:18:48,108.07
1295,2048,2024-01-09 14:19:00,107.89
1296,2049,2024-01-09 14:19:12,108.16
1297,2050,2024-01-09 14:19:24,108.2
1298,2051,2024-01-09 14:19:36,109.21
1299,2052,2024-01-09 14:19:48,108.55
1300,2053,2024-01-09 14:20:00,109.51
1301,2054,2024-01-09 14:20:12,109.65
1302,2055,2024-01-09 14:20:24,109.91
1303,2056,2024-01-09 14:20:36,109.65
1304,2057,2024-01-09 14:20:48,110.08
1305,2058,2024-01-09 14:21:00,110.3
1306,2059,2024-01-09 14:21:12,110.92
1307,2060,2024-01-09 14:21:24,110.96
1308,2061,2024-01-09 14:21:36,110.57
1309,2062,2024-01-09 14:21:48,111.27
1310,2063,2024-01-09 14:22:00,112.1
1311,2064,2024-01-09 14:22:12,112.06
1312,2065,2024-01-09 14:22:24,111.62
1313,2066,2024-01-09 14:22:36,112.23
1314,2067,2024-01-09 14:22:48,111.75
1315,2068,2024-01-09 14:23:00,112.36
1316,2069,2024-01-09 14:23:12,112.54
1317,2070,2024-01-09 14:23:24,113.15
1318,2071,2024-01-09 14:23:36,112.28
1319,2072,2024-01-09 14:23:48,113.63
1320,2073,2024-01-09 14:24:00,113.02
1321,2074,2024-01-09 14:24:12,112.98
1322,2075,2024-01-09 14:24:24,113.9
1323,2076,2024-01-09 14:24:36,113.94
1324,2077,2024-01-09 14:24:48,113.85
1325,2078,2024-01-09 14:25:00,114.12
1326,2079,2024-01-09 14:25:12,114.73
1327,2080,2024-01-09 14:25:24,114.99
1328,2081,2024-01-09 14:25:36,115.17
1329,2082,2024-01-09 14:25:48,115.43
1330,2083,2024-01-09 14:26:00,114.73
1331,2084,2024-01-09 14:26:12,115.17
1332,2085,2024-01-09 14:26:24,115.83
1333,2086,2024-01-09 14:26:36,116.09
1334,2087,2024-01-09 14:26:48,116.44
1335,2088,2024-01-09 14:27:00,116.75
1336,2089,2024-01-09 14:27:12,115.43
1337,2090,2024-01-09 14:27:24,116.13
1338,2091,2024-01-09 14:27:36,117.01
1339,2092,2024-01-09 14:27:48,116.48
1340,2093,2024-01-09 14:28:00,117.45
1341,2094,2024-01-09 14:28:12,117.4
1342,2095,2024-01-09 14:28:24,117.8
1343,2096,2024-01-09 14:28:36,117.71
1344,2097,2024-01-09 14:28:48,117.23
1345,2098,2024-01-09 14:29:00,117.75
1346,2099,2024-01-09 14:29:12,118.46
1347,2100,2024-01-09 14:29:24,117.93
1348,2101,2024-01-09 14:29:36,118.85
1349,2102,2024-01-09 14:29:48,118.76
1350,2103,2024-01-09 14:30:00,119.38
1351,2104,2024-01-09 14:30:12,119.42
1352,2105,2024-01-09 14:30:24,118.63
1353,2106,2024-01-09 14:30:36,119.03
1354,2107,2024-01-09 14:30:48,119.6
1355,2108,2024-01-09 14:31:00,119.25
1356,2109,2024-01-09 14:31:12,119.51
1357,2110,2024-01-09 14:31:24,119.95
1358,2111,2024-01-09 14:31:36,120.03
1359,2112,2024-01-09 14:31:48,120.74
1360,2113,2024-01-09 14:32:00,120.12
1361,2114,2024-01-09 14:32:12,120.69
1362,2115,2024-01-09 14:32:24,120.82
1363,2116,2024-01-09 14:32:36,120.74
1364,2117,2024-01-09 14:32:48,121.66
1365,2118,2024-01-09 14:33:00,121.35
1366,2119,2024-01-09 14:33:12,121.31
1367,2120,2024-01-09 14:33:24,121.88
1368,2121,2024-01-09 14:33:36,121.79
1369,2122,2024-01-09 14:33:48,122.05
1370,2123,2024-01-09 14:34:00,122.84
1371,2124,2024-01-09 14:34:12,122.23
1372,2125,2024-01-09 14:34:24,122.14
1373,2126,2024-01-09 14:34:36,122.88
1374,2127,2024-01-09 14:34:48,123.32
1375,2128,2024-01-09 14:35:00,122.8
1376,2129,2024-01-09 14:35:12,123.06
1377,2130,2024-01-09 14:35:24,123.37
1378,2131,2024-01-09 14:35:36,124.2
1379,2132,2024-01-09 14:35:48,123.98
1380,2133,2024-01-09 14:36:00,124.59
1381,2134,2024-01-09 14:36:12,123.89
1382,2135,2024-01-09 14:36:24,124.59
1383,2136,2024-01-09 14:36:36,124.2
1384,2137,2024-01-09 14:36:48,124.02
1385,2138,2024-01-09 14:37:00,123.54
1386,2139,2024-01-09 14:37:12,123.1
1387,2140,2024-01-09 14:37:24,122.58
1388,2141,2024-01-09 14:37:36,122.14
1389,2142,2024-01-09 14:37:48,121.61
1390,2143,2024-01-09 14:38:00,121.22
1391,2144,2024-01-09 14:38:12,120.82
1392,2145,2024-01-09 14:38:24,120.38
1393,2146,2024-01-09 14:38:36,120.03
1394,2147,2024-01-09 14:38:48,119.55
1395,2148,2024-01-09 14:39:00,119.16
1396,2149,2024-01-09 14:39:12,118.63
1397,2150,2024-01-09 14:39:24,118.32
1398,2151,2024-01-09 14:39:36,117.93
1399,2152,2024-01-09 14:39:48,117.62
1400,2153,2024-01-09 14:40:00,117.19
1401,2154,2024-01-09 14:40:12,116.83
1402,2155,2024-01-09 14:40:24,116.4
1403,2156,2024-01-09 14:40:36,116.09
1404,2157,2024-01-09 14:40:48,115.69
1405,2158,2024-01-09 14:41:00,115.39
1406,2159,2024-01-09 14:41:12,114.99
1407,2160,2024-01-09 14:41:24,114.64
1408,2161,2024-01-09 14:41:36,114.34
1409,2162,2024-01-09 14:41:48,113.99
1410,2163,2024-01-09 14:42:00,113.59
1411,2164,2024-01-09 14:42:12,113.28
1412,2165,2024-01-09 14:42:24,113.02
1413,2166,2024-01-09 14:42:36,112.58
1414,2167,2024-01-09 14:42:48,112.28
1415,2168,2024-01-09 14:43:00,111.93
1416,2169,2024-01-09 14:43:12,111.62
1417,2170,2024-01-09 14:43:24,111.36
1418,2171,2024-01-09 14:43:36,110.96
1419,2172,2024-01-09 14:43:48,110.7
1420,2173,2024-01-09 14:44:00,110.35
1421,2174,2024-01-09 14:44:12,110.08
1422,2175,2024-01-09 14:44:24,109.78
1423,2176,2024-01-09 14:44:36,109.43
1424,2177,2024-01-09 14:44:48,109.12
1425,2178,2024-01-09 14:45:00,108.86
1426,2179,2024-01-09 14:45:12,108.55
1427,2180,2024-01-09 14:45:24,108.24
1428,2181,2024-01-09 14:45:36,107.98
1429,2182,2024-01-09 14:45:48,107.59
1430,2183,2024-01-09 14:46:00,107.28
1431,2184,2024-01-09 14:46:12,107.06
1432,2185,2024-01-09 14:46:24,106.75
1433,2186,2024-01-09 14:46:36,106.49
1434,2187,2024-01-09 14:46:48,106.23
1435,2188,2024-01-09 14:47:00,105.92
1436,2189,2024-01-09 14:47:12,105.61
1437,2190,2024-01-09 14:47:24,105.35
1438,2191,2024-01-09 14:47:36,105.09
1439,2192,2024-01-09 14:47:48,104.74
1440,2193,2024-01-09 14:48:00,104.56
1441,2194,2024-01-09 14:48:12,104.21
1442,2195,2024-01-09 14:48:24,103.9
1443,2196,2024-01-09 14:48:36,103.64
1444,2197,2024-01-09 14:48:48,103.33
1445,2198,2024-01-09 14:49:00,103.11
1446,2199,2024-01-09 14:49:12,102.81
1447,2200,2024-01-09 14:49:24,102.54
1448,2201,2024-01-09 14:49:36,102.28
1449,2202,2024-01-09 14:49:48,101.98
1450,2203,2024-01-09 14:50:00,101.67
1451,2204,2024-01-09 14:50:12,101.45
1452,2205,2024-01-09 14:50:24,101.23
1453,2206,2024-01-09 14:50:36,100.88
1454,2207,2024-01-09 14:50:48,100.62
1455,2208,2024-01-09 14:51:00,100.31
1456,2209,2024-01-09 14:51:12,100.05
1457,2210,2024-01-09 14:51:24,99.74
1458,2211,2024-01-09 14:51:36,99.35
1459,2212,2024-01-09 14:51:48,99.04
1460,2213,2024-01-09 14:52:00,98.69
1461,2214,2024-01-09 14:52:12,98.47
1462,2215,2024-01-09 14:52:24,98.78
1463,2216,2024-01-09 14:52:36,99.52
1464,2217,2024-01-09 14:52:48,99.65
1465,2218,2024-01-09 14:53:00,99.83
1466,2219,2024-01-09 14:53:12,100.4
1467,2220,2024-01-09 14:53:24,100.92
1468,2221,2024-01-09 14:53:36,100.35
1469,2222,2024-01-09 14:53:48,101.19
1470,2223,2024-01-09 14:54:00,101.58
1471,2224,2024-01-09 14:54:12,101.8
1472,2225,2024-01-09 14:54:24,102.68
1473,2226,2024-01-09 14:54:36,102.46
1474,2227,2024-01-09 14:54:48,103.2
1475,2228,2024-01-09 14:55:00,103.38
1476,2229,2024-01-09 14:55:12,103.64
1477,2230,2024-01-09 14:55:24,103.55
1478,2231,2024-01-09 14:55:36,103.55
1479,2232,2024-01-09 14:55:48,104.04
1480,2233,2024-01-09 14:56:00,103.68
1481,2234,2024-01-09 14:56:12,104.21
1482,2235,2024-01-09 14:56:24,105.0
1483,2236,2024-01-09 14:56:36,105.26
1484,2237,2024-01-09 14:56:48,104.91
1485,2238,2024-01-09 14:57:00,105.44
1486,2239,2024-01-09 14:57:12,104.56
1487,2240,2024-01-09 14:57:24,106.05
1488,2241,2024-01-09 14:57:36,105.96
1489,2242,2024-01-09 14:57:48,106.71
1490,2243,2024-01-09 14:58:00,106.23
1491,2244,2024-01-09 14:58:12,107.02
1492,2245,2024-01-09 14:58:24,107.41
1493,2246,2024-01-09 14:58:36,107.32
1494,2247,2024-01-09 14:58:48,108.16
1495,2248,2024-01-09 14:59:00,107.28
1496,2249,2024-01-09 14:59:12,107.89
1497,2250,2024-01-09 14:59:24,107.89
1498,2251,2024-01-09 14:59:36,108.29
1499,2252,2024-01-09 14:59:48,109.03
1500,2253,2024-01-09 15:00:00,108.81
1501,2254,2024-01-09 15:00:12,108.77
1502,2255,2024-01-09 15:00:24,109.6
1503,2256,2024-01-09 15:00:36,108.73
1504,2257,2024-01-09 15:00:48,109.08
1505,2258,2024-01-09 15:01:00,109.56
1506,2259,2024-01-09 15:01:12,109.56
1507,2260,2024-01-09 15:01:24,110.3
1508,2261,2024-01-09 15:01:36,110.61
1509,2262,2024-01-09 15:01:48,111.14
1510,2263,2024-01-09 15:02:00,110.96
1511,2264,2024-01-09 15:02:12,110.87
1512,2265,2024-01-09 15:02:24,111.22
1513,2266,2024-01-09 15:02:36,111.31
1514,2267,2024-01-09 15:02:48,111.62
1515,2268,2024-01-09 15:03:00,111.36
1516,2269,2024-01-09 15:03:12,112.1
1517,2270,2024-01-09 15:03:24,112.67
1518,2271,2024-01-09 15:03:36,111.49
1519,2272,2024-01-09 15:03:48,112.32
1520,2273,2024-01-09 15:04:00,112.67
1521,2274,2024-01-09 15:04:12,112.71
1522,2275,2024-01-09 15:04:24,113.77
1523,2276,2024-01-09 15:04:36,112.76
1524,2277,2024-01-09 15:04:48,113.77
1525,2278,2024-01-09 15:05:00,113.24
1526,2279,2024-01-09 15:05:12,113.59
1527,2280,2024-01-09 15:05:24,113.55
1528,2281,2024-01-09 15:05:36,114.56
1529,2282,2024-01-09 15:05:48,114.34
1530,2283,2024-01-09 15:06:00,115.34
1531,2284,2024-01-09 15:06:12,114.34
1532,2285,2024-01-09 15:06:24,113.77
1533,2286,2024-01-09 15:06:36,114.95
1534,2287,2024-01-09 15:06:48,114.77
1535,2288,2024-01-09 15:07:00,115.17
1536,2289,2024-01-09 15:07:12,114.99
1537,2290,2024-01-09 15:07:24,114.95
1538,2291,2024-01-09 15:07:36,115.83
1539,2292,2024-01-09 15:07:48,116.0
1540,2293,2024-01-09 15:08:00,116.4
1541,2294,2024-01-09 15:08:12,115.78
1542,2295,2024-01-09 15:08:24,116.4
1543,2296,2024-01-09 15:08:36,116.44
1544,2297,2024-01-09 15:08:48,117.23
1545,2298,2024-01-09 15:09:00,116.88
1546,2299,2024-01-09 15:09:12,117.89
1547,2300,2024-01-09 15:09:24,117.49
1548,2301,2024-01-09 15:09:36,117.71
1549,2302,2024-01-09 15:09:48,117.45
1550,2303,2024-01-09 15:10:00,118.06
1551,2304,2024-01-09 15:10:12,118.11
1552,2305,2024-01-09 15:10:24,118.46
1553,2306,2024-01-09 15:10:36,118.94
1554,2307,2024-01-09 15:10:48,118.24
1555,2308,2024-01-09 15:11:00,118.81
1556,2309,2024-01-09 15:11:12,118.98
1557,2310,2024-01-09 15:11:24,119.11
1558,2311,2024-01-09 15:11:36,118.76
1559,2312,2024-01-09 15:11:48,119.77
1560,2313,2024-01-09 15:12:00,118.98
1561,2314,2024-01-09 15:12:12,119.51
1562,2315,2024-01-09 15:12:24,119.64
1563,2316,2024-01-09 15:12:36,119.73
1564,2317,2024-01-09 15:12:48,120.52
1565,2318,2024-01-09 15:13:00,120.3
1566,2319,2024-01-09 15:13:12,120.38
1567,2320,2024-01-09 15:13:24,120.95
1568,2321,2024-01-09 15:13:36,120.87
1569,2322,2024-01-09 15:13:48,121.04
1570,2323,2024-01-09 15:14:00,120.95
1571,2324,2024-01-09 15:14:12,121.44
1572,2325,2024-01-09 15:14:24,121.04
1573,2326,2024-01-09 15:14:36,121.52
1574,2327,2024-01-09 15:14:48,120.74
1575,2328,2024-01-09 15:15:00,120.95
1576,2329,2024-01-09 15:15:12,121.44
1577,2330,2024-01-09 15:15:24,121.57
1578,2331,2024-01-09 15:15:36,121.74
1579,2332,2024-01-09 15:15:48,122.05
1580,2333,2024-01-09 15:16:00,122.62
1581,2334,2024-01-09 15:16:12,122.45
1582,2335,2024-01-09 15:16:24,122.97
1583,2336,2024-01-09 15:16:36,122.71
1584,2337,2024-01-09 15:16:48,123.32
1585,2338,2024-01-09 15:17:00,123.15
1586,2339,2024-01-09 15:17:12,123.5
1587,2340,2024-01-09 15:17:24,123.5
1588,2341,2024-01-09 15:17:36,123.32
1589,2342,2024-01-09 15:17:48,124.2
1590,2343,2024-01-09 15:18:00,123.89
1591,2344,2024-01-09 15:18:12,124.15
1592,2345,2024-01-09 15:18:24,124.24
1593,2346,2024-01-09 15:18:36,124.15
1594,2347,2024-01-09 15:18:48,124.72
1595,2348,2024-01-09 15:19:00,124.2
1596,2349,2024-01-09 15:19:12,123.41
1597,2350,2024-01-09 15:19:24,124.15
1598,2351,2024-01-09 15:19:36,123.76
1599,2352,2024-01-09 15:19:48,123.19
1600,2353,2024-01-09 15:20:00,122.62
1601,2354,2024-01-09 15:20:12,121.96
1602,2355,2024-01-09 15:20:24,121.39
1603,2356,2024-01-09 15:20:36,120.87
1604,2357,2024-01-09 15:20:48,120.38
1605,2358,2024-01-09 15:21:00,119.95
1606,2359,2024-01-09 15:21:12,119.55
1607,2360,2024-01-09 15:21:24,119.07
1608,2361,2024-01-09 15:21:36,118.63
1609,2362,2024-01-09 15:21:48,118.28
1610,2363,2024-01-09 15:22:00,117.89
1611,2364,2024-01-09 15:22:12,117.4
1612,2365,2024-01-09 15:22:24,117.14
1613,2366,2024-01-09 15:22:36,116.79
1614,2367,2024-01-09 15:22:48,116.31
1615,2368,2024-01-09 15:23:00,116.0
1616,2369,2024-01-09 15:23:12,115.61
1617,2370,2024-01-09 15:23:24,115.34
1618,2371,2024-01-09 15:23:36,114.91
1619,2372,2024-01-09 15:23:48,114.51
1620,2373,2024-01-09 15:24:00,114.12
1621,2374,2024-01-09 15:24:12,113.72
1622,2375,2024-01-09 15:24:24,113.24
1623,2376,2024-01-09 15:24:36,112.67
1624,2377,2024-01-09 15:24:48,112.19
1625,2378,2024-01-09 15:25:00,111.75
1626,2379,2024-01-09 15:25:12,111.27
1627,2380,2024-01-09 15:25:24,110.87
1628,2381,2024-01-09 15:25:36,110.43
1629,2382,2024-01-09 15:25:48,110.0
1630,2383,2024-01-09 15:26:00,109.6
1631,2384,2024-01-09 15:26:12,109.16
1632,2385,2024-01-09 15:26:24,108.81
1633,2386,2024-01-09 15:26:36,108.51
1634,2387,2024-01-09 15:26:48,108.16
1635,2388,2024-01-09 15:27:00,107.85
1636,2389,2024-01-09 15:27:12,107.63
1637,2390,2024-01-09 15:27:24,107.28
1638,2391,2024-01-09 15:27:36,107.02
1639,2392,2024-01-09 15:27:48,106.67
1640,2393,2024-01-09 15:28:00,106.36
1641,2394,2024-01-09 15:28:12,106.05
1642,2395,2024-01-09 15:28:24,105.79
1643,2396,2024-01-09 15:28:36,105.53
1644,2397,2024-01-09 15:28:48,105.22
1645,2398,2024-01-09 15:29:00,104.96
1646,2399,2024-01-09 15:29:12,104.56
1647,2400,2024-01-09 15:29:24,104.3
1648,2401,2024-01-09 15:29:36,103.99
1649,2402,2024-01-09 15:29:48,103.68
1650,2403,2024-01-09 15:30:00,103.42
1651,2404,2024-01-09 15:30:12,103.16
1652,2405,2024-01-09 15:30:24,102.85
1653,2406,2024-01-09 15:30:36,102.54
1654,2407,2024-01-09 15:30:48,102.28
1655,2408,2024-01-09 15:31:00,101.98
1656,2409,2024-01-09 15:31:12,101.67
1657,2410,2024-01-09 15:31:24,101.36
1658,2411,2024-01-09 15:31:36,101.05
1659,2412,2024-01-09 15:31:48,100.79
1660,2413,2024-01-09 15:32:00,100.4
1661,2414,2024-01-09 15:32:12,100.13
1662,2415,2024-01-09 15:32:24,99.83
1663,2416,2024-01-09 15:32:36,99.56
1664,2417,2024-01-09 15:32:48,99.21
1665,2418,2024-01-09 15:33:00,98.99
1666,2419,2024-01-09 15:33:12,98.73
1667,2420,2024-01-09 15:33:24,98.99
1668,2421,2024-01-09 15:33:36,99.74
1669,2422,2024-01-09 15:33:48,99.96
1670,2423,2024-01-09 15:34:00,98.99
1671,2424,2024-01-09 15:34:12,100.66
1672,2425,2024-01-09 15:34:24,100.92
1673,2426,2024-01-09 15:34:36,101.45
1674,2427,2024-01-09 15:34:48,101.41
1675,2428,2024-01-09 15:35:00,101.36
1676,2429,2024-01-09 15:35:12,101.8
1677,2430,2024-01-09 15:35:24,101.89
1678,2431,2024-01-09 15:35:36,102.46
1679,2432,2024-01-09 15:35:48,102.59
1680,2433,2024-01-09 15:36:00,103.03
1681,2434,2024-01-09 15:36:12,103.11
1682,2435,2024-01-09 15:36:24,103.77
1683,2436,2024-01-09 15:36:36,103.55
1684,2437,2024-01-09 15:36:48,104.12
1685,2438,2024-01-09 15:37:00,104.43
1686,2439,2024-01-09 15:37:12,104.56
1687,2440,2024-01-09 15:37:24,104.69
1688,2441,2024-01-09 15:37:36,104.43
1689,2442,2024-01-09 15:37:48,105.35
1690,2443,2024-01-09 15:38:00,105.53
1691,2444,2024-01-09 15:38:12,105.7
1692,2445,2024-01-09 15:38:24,106.93
1693,2446,2024-01-09 15:38:36,106.45
1694,2447,2024-01-09 15:38:48,105.88
1695,2448,2024-01-09 15:39:00,106.14
1696,2449,2024-01-09 15:39:12,107.02
1697,2450,2024-01-09 15:39:24,107.41
1698,2451,2024-01-09 15:39:36,107.76
1699,2452,2024-01-09 15:39:48,107.98
1700,2453,2024-01-09 15:40:00,108.16
1701,2454,2024-01-09 15:40:12,108.11
1702,2455,2024-01-09 15:40:24,107.63
1703,2456,2024-01-09 15:40:36,108.77
1704,2457,2024-01-09 15:40:48,108.68
1705,2458,2024-01-09 15:41:00,109.56
1706,2459,2024-01-09 15:41:12,108.68
1707,2460,2024-01-09 15:41:24,108.94
1708,2461,2024-01-09 15:41:36,109.56
1709,2462,2024-01-09 15:41:48,109.78
1710,2463,2024-01-09 15:42:00,109.3
1711,2464,2024-01-09 15:42:12,109.78
1712,2465,2024-01-09 15:42:24,109.47
1713,2466,2024-01-09 15:42:36,110.04
1714,2467,2024-01-09 15:42:48,109.82
1715,2468,2024-01-09 15:43:00,110.87
1716,2469,2024-01-09 15:43:12,110.87
1717,2470,2024-01-09 15:43:24,111.09
1718,2471,2024-01-09 15:43:36,111.22
1719,2472,2024-01-09 15:43:48,111.79
1720,2473,2024-01-09 15:44:00,111.4
1721,2474,2024-01-09 15:44:12,111.79
1722,2475,2024-01-09 15:44:24,112.89
1723,2476,2024-01-09 15:44:36,112.45
1724,2477,2024-01-09 15:44:48,112.45
1725,2478,2024-01-09 15:45:00,112.1
1726,2479,2024-01-09 15:45:12,112.32
1727,2480,2024-01-09 15:45:24,113.46
1728,2481,2024-01-09 15:45:36,113.02
1729,2482,2024-01-09 15:45:48,113.02
1730,2483,2024-01-09 15:46:00,113.68
1731,2484,2024-01-09 15:46:12,113.55
1732,2485,2024-01-09 15:46:24,114.56
1733,2486,2024-01-09 15:46:36,114.29
1734,2487,2024-01-09 15:46:48,114.25
1735,2488,2024-01-09 15:47:00,114.34
1736,2489,2024-01-09 15:47:12,115.26
1737,2490,2024-01-09 15:47:24,114.95
1738,2491,2024-01-09 15:47:36,115.08
1739,2492,2024-01-09 15:47:48,115.39
1740,2493,2024-01-09 15:48:00,114.91
1741,2494,2024-01-09 15:48:12,115.04
1742,2495,2024-01-09 15:48:24,116.05
1743,2496,2024-01-09 15:48:36,115.39
1744,2497,2024-01-09 15:48:48,115.61
1745,2498,2024-01-09 15:49:00,116.18
1746,2499,2024-01-09 15:49:12,115.83
1747,2500,2024-01-09 15:49:24,116.48
1748,2501,2024-01-09 15:49:36,116.31
1749,2502,2024-01-09 15:49:48,116.7
1750,2503,2024-01-09 15:50:00,116.66
1751,2504,2024-01-09 15:50:12,117.05
1752,2505,2024-01-09 15:50:24,117.58
1753,2506,2024-01-09 15:50:36,117.62
1754,2507,2024-01-09 15:50:48,117.58
1755,2508,2024-01-09 15:51:00,117.75
1756,2509,2024-01-09 15:51:12,117.45
1757,2510,2024-01-09 15:51:24,118.32
1758,2511,2024-01-09 15:51:36,117.58
1759,2512,2024-01-09 15:51:48,118.15
1760,2513,2024-01-09 15:52:00,118.28
1761,2514,2024-01-09 15:52:12,118.24
1762,2515,2024-01-09 15:52:24,119.2
1763,2516,2024-01-09 15:52:36,119.25
1764,2517,2024-01-09 15:52:48,119.29
1765,2518,2024-01-09 15:53:00,119.03
1766,2519,2024-01-09 15:53:12,119.51
1767,2520,2024-01-09 15:53:24,119.9
1768,2521,2024-01-09 15:53:36,119.29
1769,2522,2024-01-09 15:53:48,120.12
1770,2523,2024-01-09 15:54:00,120.34
1771,2524,2024-01-09 15:54:12,119.9
1772,2525,2024-01-09 15:54:24,120.69
1773,2526,2024-01-09 15:54:36,120.52
1774,2527,2024-01-09 15:54:48,120.34
1775,2528,2024-01-09 15:55:00,120.91
1776,2529,2024-01-09 15:55:12,121.31
1777,2530,2024-01-09 15:55:24,121.26
1778,2531,2024-01-09 15:55:36,121.04
1779,2532,2024-01-09 15:55:48,121.52
1780,2533,2024-01-09 15:56:00,122.49
1781,2534,2024-01-09 15:56:12,121.74
1782,2535,2024-01-09 15:56:24,121.13
1783,2536,2024-01-09 15:56:36,121.88
1784,2537,2024-01-09 15:56:48,121.92
1785,2538,2024-01-09 15:57:00,122.36
1786,2539,2024-01-09 15:57:12,122.97
1787,2540,2024-01-09 15:57:24,122.97
1788,2541,2024-01-09 15:57:36,123.19
1789,2542,2024-01-09 15:57:48,122.45
1790,2543,2024-01-09 15:58:00,123.85
1791,2544,2024-01-09 15:58:12,123.32
1792,2545,2024-01-09 15:58:24,123.5
1793,2546,2024-01-09 15:58:36,123.54
1794,2547,2024-01-09 15:58:48,123.76
1795,2548,2024-01-09 15:59:00,123.98
1796,2549,2024-01-09 15:59:12,123.67
1797,2550,2024-01-09 15:59:24,123.94
1798,2551,2024-01-09 15:59:36,124.9
1799,2552,2024-01-09 15:59:48,123.94
1800,6753,2024-01-10 06:00:00,92.9
1801,6754,2024-01-10 06:00:12,93.73
1802,6755,2024-01-10 06:00:24,92.68
1803,6756,2024-01-10 06:00:36,92.51
1804,6757,2024-01-10 06:00:48,93.38
1805,6758,2024-01-10 06:01:00,93.52
1806,6759,2024-01-10 06:01:12,93.73
1807,6760,2024-01-10 06:01:24,94.09
1808,6761,2024-01-10 06:01:36,93.65
1809,6762,2024-01-10 06:01:48,94.48
1810,6763,2024-01-10 06:02:00,94.79
1811,6764,2024-01-10 06:02:12,95.01
1812,6765,2024-01-10 06:02:24,94.7
1813,6766,2024-01-10 06:02:36,94.74
1814,6767,2024-01-10 06:02:48,94.7
1815,6768,2024-01-10 06:03:00,95.49
1816,6769,2024-01-10 06:03:12,95.62
1817,6770,2024-01-10 06:03:24,96.36
1818,6771,2024-01-10 06:03:36,96.32
1819,6772,2024-01-10 06:03:48,96.89
1820,6773,2024-01-10 06:04:00,96.15
1821,6774,2024-01-10 06:04:12,97.2
1822,6775,2024-01-10 06:04:24,96.85
1823,6776,2024-01-10 06:04:36,97.55
1824,6777,2024-01-10 06:04:48,97.59
1825,6778,2024-01-10 06:05:00,97.07
1826,6779,2024-01-10 06:05:12,96.72
1827,6780,2024-01-10 06:05:24,98.21
1828,6781,2024-01-10 06:05:36,98.51
1829,6782,2024-01-10 06:05:48,98.21
1830,6783,2024-01-10 06:06:00,98.95
1831,6784,2024-01-10 06:06:12,98.82
1832,6785,2024-01-10 06:06:24,98.07
1833,6786,2024-01-10 06:06:36,99.26
1834,6787,2024-01-10 06:06:48,99.91
1835,6788,2024-01-10 06:07:00,99.65
1836,6789,2024-01-10 06:07:12,98.95
1837,6790,2024-01-10 06:07:24,99.56
1838,6791,2024-01-10 06:07:36,99.13
1839,6792,2024-01-10 06:07:48,99.87
1840,6793,2024-01-10 06:08:00,100.88
1841,6794,2024-01-10 06:08:12,100.22
1842,6795,2024-01-10 06:08:24,101.27
1843,6796,2024-01-10 06:08:36,100.97
1844,6797,2024-01-10 06:08:48,100.75
1845,6798,2024-01-10 06:09:00,101.27
1846,6799,2024-01-10 06:09:12,102.28
1847,6800,2024-01-10 06:09:24,101.62
1848,6801,2024-01-10 06:09:36,102.68
1849,6802,2024-01-10 06:09:48,101.76
1850,6803,2024-01-10 06:10:00,101.36
1851,6804,2024-01-10 06:10:12,101.89
1852,6805,2024-01-10 06:10:24,102.46
1853,6806,2024-01-10 06:10:36,102.85
1854,6807,2024-01-10 06:10:48,102.81
1855,6808,2024-01-10 06:11:00,103.42
1856,6809,2024-01-10 06:11:12,102.54
1857,6810,2024-01-10 06:11:24,103.07
1858,6811,2024-01-10 06:11:36,103.55
1859,6812,2024-01-10 06:11:48,103.68
1860,6813,2024-01-10 06:12:00,103.03
1861,6814,2024-01-10 06:12:12,103.73
1862,6815,2024-01-10 06:12:24,104.56
1863,6816,2024-01-10 06:12:36,104.65
1864,6817,2024-01-10 06:12:48,104.3
1865,6818,2024-01-10 06:13:00,104.61
1866,6819,2024-01-10 06:13:12,105.09
1867,6820,2024-01-10 06:13:24,105.31
1868,6821,2024-01-10 06:13:36,105.61
1869,6822,2024-01-10 06:13:48,105.26
1870,6823,2024-01-10 06:14:00,105.96
1871,6824,2024-01-10 06:14:12,105.79
1872,6825,2024-01-10 06:14:24,106.58
1873,6826,2024-01-10 06:14:36,106.36
1874,6827,2024-01-10 06:14:48,105.88
1875,6828,2024-01-10 06:15:00,106.14
1876,6829,2024-01-10 06:15:12,106.93
1877,6830,2024-01-10 06:15:24,106.8
1878,6831,2024-01-10 06:15:36,106.58
1879,6832,2024-01-10 06:15:48,107.28
1880,6833,2024-01-10 06:16:00,107.37
1881,6834,2024-01-10 06:16:12,107.5
1882,6835,2024-01-10 06:16:24,107.89
1883,6836,2024-01-10 06:16:36,108.07
1884,6837,2024-01-10 06:16:48,107.32
1885,6838,2024-01-10 06:17:00,108.11
1886,6839,2024-01-10 06:17:12,107.76
1887,6840,2024-01-10 06:17:24,108.64
1888,6841,2024-01-10 06:17:36,108.9
1889,6842,2024-01-10 06:17:48,109.43
1890,6843,2024-01-10 06:18:00,108.73
1891,6844,2024-01-10 06:18:12,109.51
1892,6845,2024-01-10 06:18:24,109.3
1893,6846,2024-01-10 06:18:36,109.6
1894,6847,2024-01-10 06:18:48,109.43
1895,6848,2024-01-10 06:19:00,110.04
1896,6849,2024-01-10 06:19:12,110.22
1897,6850,2024-01-10 06:19:24,110.17
1898,6851,2024-01-10 06:19:36,110.0
1899,6852,2024-01-10 06:19:48,111.0
1900,6853,2024-01-10 06:20:00,110.57
1901,6854,2024-01-10 06:20:12,111.09
1902,6855,2024-01-10 06:20:24,111.22
1903,6856,2024-01-10 06:20:36,111.44
1904,6857,2024-01-10 06:20:48,111.62
1905,6858,2024-01-10 06:21:00,111.05
1906,6859,2024-01-10 06:21:12,111.97
1907,6860,2024-01-10 06:21:24,112.1
1908,6861,2024-01-10 06:21:36,111.4
1909,6862,2024-01-10 06:21:48,112.76
1910,6863,2024-01-10 06:22:00,111.79
1911,6864,2024-01-10 06:22:12,112.49
1912,6865,2024-01-10 06:22:24,113.02
1913,6866,2024-01-10 06:22:36,112.76
1914,6867,2024-01-10 06:22:48,113.33
1915,6868,2024-01-10 06:23:00,113.46
1916,6869,2024-01-10 06:23:12,113.24
1917,6870,2024-01-10 06:23:24,113.81
1918,6871,2024-01-10 06:23:36,114.2
1919,6872,2024-01-10 06:23:48,113.77
1920,6873,2024-01-10 06:24:00,113.24
1921,6874,2024-01-10 06:24:12,114.29
1922,6875,2024-01-10 06:24:24,114.51
1923,6876,2024-01-10 06:24:36,114.03
1924,6877,2024-01-10 06:24:48,113.81
1925,6878,2024-01-10 06:25:00,114.73
1926,6879,2024-01-10 06:25:12,114.64
1927,6880,2024-01-10 06:25:24,114.99
1928,6881,2024-01-10 06:25:36,115.17
1929,6882,2024-01-10 06:25:48,115.61
1930,6883,2024-01-10 06:26:00,115.74
1931,6884,2024-01-10 06:26:12,115.56
1932,6885,2024-01-10 06:26:24,115.39
1933,6886,2024-01-10 06:26:36,116.35
1934,6887,2024-01-10 06:26:48,116.66
1935,6888,2024-01-10 06:27:00,116.44
1936,6889,2024-01-10 06:27:12,116.66
1937,6890,2024-01-10 06:27:24,117.01
1938,6891,2024-01-10 06:27:36,116.48
1939,6892,2024-01-10 06:27:48,116.66
1940,6893,2024-01-10 06:28:00,117.58
1941,6894,2024-01-10 06:28:12,117.4
1942,6895,2024-01-10 06:28:24,117.45
1943,6896,2024-01-10 06:28:36,117.01
1944,6897,2024-01-10 06:28:48,117.1
1945,6898,2024-01-10 06:29:00,117.4
1946,6899,2024-01-10 06:29:12,118.5
1947,6900,2024-01-10 06:29:24,117.4
1948,6901,2024-01-10 06:29:36,117.23
1949,6902,2024-01-10 06:29:48,118.32
1950,6903,2024-01-10 06:30:00,118.46
1951,6904,2024-01-10 06:30:12,118.41
1952,6905,2024-01-10 06:30:24,118.98
1953,6906,2024-01-10 06:30:36,118.76
1954,6907,2024-01-10 06:30:48,119.29
1955,6908,2024-01-10 06:31:00,118.98
1956,6909,2024-01-10 06:31:12,118.76
1957,6910,2024-01-10 06:31:24,119.86
1958,6911,2024-01-10 06:31:36,119.77
1959,6912,2024-01-10 06:31:48,119.9
1960,6913,2024-01-10 06:32:00,120.17
1961,6914,2024-01-10 06:32:12,119.82
1962,6915,2024-01-10 06:32:24,119.64
1963,6916,2024-01-10 06:32:36,120.65
1964,6917,2024-01-10 06:32:48,120.69
1965,6918,2024-01-10 06:33:00,120.17
1966,6919,2024-01-10 06:33:12,121.13
1967,6920,2024-01-10 06:33:24,121.13
1968,6921,2024-01-10 06:33:36,120.17
1969,6922,2024-01-10 06:33:48,121.31
1970,6923,2024-01-10 06:34:00,120.65
1971,6924,2024-01-10 06:34:12,120.87
1972,6925,2024-01-10 06:34:24,121.0
1973,6926,2024-01-10 06:34:36,121.7
1974,6927,2024-01-10 06:34:48,122.27
1975,6928,2024-01-10 06:35:00,122.01
1976,6929,2024-01-10 06:35:12,122.14
1977,6930,2024-01-10 06:35:24,121.79
1978,6931,2024-01-10 06:35:36,121.57
1979,6932,2024-01-10 06:35:48,122.53
1980,6933,2024-01-10 06:36:00,122.14
1981,6934,2024-01-10 06:36:12,122.4
1982,6935,2024-01-10 06:36:24,123.19
1983,6936,2024-01-10 06:36:36,123.37
1984,6937,2024-01-10 06:36:48,122.97
1985,6938,2024-01-10 06:37:00,123.45
1986,6939,2024-01-10 06:37:12,123.67
1987,6940,2024-01-10 06:37:24,124.02
1988,6941,2024-01-10 06:37:36,123.15
1989,6942,2024-01-10 06:37:48,123.94
1990,6943,2024-01-10 06:38:00,124.55
1991,6944,2024-01-10 06:38:12,124.33
1992,6945,2024-01-10 06:38:24,124.72
1993,6946,2024-01-10 06:38:36,124.9
1994,6947,2024-01-10 06:38:48,125.16
1995,6948,2024-01-10 06:39:00,124.02
1996,6949,2024-01-10 06:39:12,123.5
1997,6950,2024-01-10 06:39:24,122.97
1998,6951,2024-01-10 06:39:36,122.45
1999,6952,2024-01-10 06:39:48,121.92
2000,6953,2024-01-10 06:40:00,121.44
2001,6954,2024-01-10 06:40:12,120.95
2002,6955,2024-01-10 06:40:24,120.6
2003,6956,2024-01-10 06:40:36,120.08
2004,6957,2024-01-10 06:40:48,119.64
2005,6958,2024-01-10 06:41:00,119.2
2006,6959,2024-01-10 06:41:12,118.63
2007,6960,2024-01-10 06:41:24,118.32
2008,6961,2024-01-10 06:41:36,117.89
2009,6962,2024-01-10 06:41:48,117.4
2010,6963,2024-01-10 06:42:00,117.01
2011,6964,2024-01-10 06:42:12,116.66
2012,6965,2024-01-10 06:42:24,116.31
2013,6966,2024-01-10 06:42:36,115.87
2014,6967,2024-01-10 06:42:48,115.52
2015,6968,2024-01-10 06:43:00,115.12
2016,6969,2024-01-10 06:43:12,114.73
2017,6970,2024-01-10 06:43:24,114.34
2018,6971,2024-01-10 06:43:36,113.9
2019,6972,2024-01-10 06:43:48,113.55
2020,6973,2024-01-10 06:44:00,113.02
2021,6974,2024-01-10 06:44:12,112.85
2022,6975,2024-01-10 06:44:24,112.32
2023,6976,2024-01-10 06:44:36,111.97
2024,6977,2024-01-10 06:44:48,111.57
2025,6978,2024-01-10 06:45:00,111.31
2026,6979,2024-01-10 06:45:12,110.92
2027,6980,2024-01-10 06:45:24,110.52
2028,6981,2024-01-10 06:45:36,110.17
2029,6982,2024-01-10 06:45:48,109.78
2030,6983,2024-01-10 06:46:00,109.47
2031,6984,2024-01-10 06:46:12,109.16
2032,6985,2024-01-10 06:46:24,108.81
2033,6986,2024-01-10 06:46:36,108.42
2034,6987,2024-01-10 06:46:48,108.16
2035,6988,2024-01-10 06:47:00,107.76
2036,6989,2024-01-10 06:47:12,107.41
2037,6990,2024-01-10 06:47:24,107.1
2038,6991,2024-01-10 06:47:36,106.75
2039,6992,2024-01-10 06:47:48,106.4
2040,6993,2024-01-10 06:48:00,106.01
2041,6994,2024-01-10 06:48:12,105.79
2042,6995,2024-01-10 06:48:24,105.44
2043,6996,2024-01-10 06:48:36,105.13
2044,6997,2024-01-10 06:48:48,104.82
2045,6998,2024-01-10 06:49:00,104.47
2046,6999,2024-01-10 06:49:12,104.17
2047,7000,2024-01-10 06:49:24,103.82
2048,7001,2024-01-10 06:49:36,103.55
2049,7002,2024-01-10 06:49:48,103.25
2050,7003,2024-01-10 06:50:00,102.85
2051,7004,2024-01-10 06:50:12,102.54
2052,7005,2024-01-10 06:50:24,102.15
2053,7006,2024-01-10 06:50:36,101.89
2054,7007,2024-01-10 06:50:48,101.58
2055,7008,2024-01-10 06:51:00,101.27
2056,7009,2024-01-10 06:51:12,100.97
2057,7010,2024-01-10 06:51:24,100.57
2058,7011,2024-01-10 06:51:36,100.35
2059,7012,2024-01-10 06:51:48,100.05
2060,7013,2024-01-10 06:52:00,99.7
2061,7014,2024-01-10 06:52:12,99.48
2062,7015,2024-01-10 06:52:24,99.13
2063,7016,2024-01-10 06:52:36,100.05
2064,7017,2024-01-10 06:52:48,99.83
2065,7018,2024-01-10 06:53:00,100.57
2066,7019,2024-01-10 06:53:12,100.75
2067,7020,2024-01-10 06:53:24,100.53
2068,7021,2024-01-10 06:53:36,101.23
2069,7022,2024-01-10 06:53:48,101.84
2070,7023,2024-01-10 06:54:00,101.27
2071,7024,2024-01-10 06:54:12,101.8
2072,7025,2024-01-10 06:54:24,102.02
2073,7026,2024-01-10 06:54:36,102.85
2074,7027,2024-01-10 06:54:48,102.98
2075,7028,2024-01-10 06:55:00,102.98
2076,7029,2024-01-10 06:55:12,103.82
2077,7030,2024-01-10 06:55:24,103.9
2078,7031,2024-01-10 06:55:36,104.04
2079,7032,2024-01-10 06:55:48,104.56
2080,7033,2024-01-10 06:56:00,104.12
2081,7034,2024-01-10 06:56:12,104.87
2082,7035,2024-01-10 06:56:24,105.53
2083,7036,2024-01-10 06:56:36,105.26
2084,7037,2024-01-10 06:56:48,105.53
2085,7038,2024-01-10 06:57:00,105.13
2086,7039,2024-01-10 06:57:12,106.18
2087,7040,2024-01-10 06:57:24,105.92
2088,7041,2024-01-10 06:57:36,106.58
2089,7042,2024-01-10 06:57:48,106.36
2090,7043,2024-01-10 06:58:00,106.36
2091,7044,2024-01-10 06:58:12,106.8
2092,7045,2024-01-10 06:58:24,106.67
2093,7046,2024-01-10 06:58:36,107.37
2094,7047,2024-01-10 06:58:48,107.76
2095,7048,2024-01-10 06:59:00,107.19
2096,7049,2024-01-10 06:59:12,107.28
2097,7050,2024-01-10 06:59:24,107.5
2098,7051,2024-01-10 06:59:36,107.59
2099,7052,2024-01-10 06:59:48,107.76
2100,7053,2024-01-10 07:00:00,108.81
2101,7054,2024-01-10 07:00:12,108.2
2102,7055,2024-01-10 07:00:24,109.12
2103,7056,2024-01-10 07:00:36,108.94
2104,7057,2024-01-10 07:00:48,109.03
2105,7058,2024-01-10 07:01:00,109.38
2106,7059,2024-01-10 07:01:12,109.38
2107,7060,2024-01-10 07:01:24,110.22
2108,7061,2024-01-10 07:01:36,109.73
2109,7062,2024-01-10 07:01:48,110.04
2110,7063,2024-01-10 07:02:00,110.35
2111,7064,2024-01-10 07:02:12,110.04
2112,7065,2024-01-10 07:02:24,110.79
2113,7066,2024-01-10 07:02:36,111.09
2114,7067,2024-01-10 07:02:48,110.87
2115,7068,2024-01-10 07:03:00,111.05
2116,7069,2024-01-10 07:03:12,111.22
2117,7070,2024-01-10 07:03:24,111.57
2118,7071,2024-01-10 07:03:36,111.4
2119,7072,2024-01-10 07:03:48,111.71
2120,7073,2024-01-10 07:04:00,111.22
2121,7074,2024-01-10 07:04:12,111.88
2122,7075,2024-01-10 07:04:24,111.4
2123,7076,2024-01-10 07:04:36,112.32
2124,7077,2024-01-10 07:04:48,111.57
2125,7078,2024-01-10 07:05:00,112.63
2126,7079,2024-01-10 07:05:12,112.89
2127,7080,2024-01-10 07:05:24,112.98
2128,7081,2024-01-10 07:05:36,113.59
2129,7082,2024-01-10 07:05:48,113.24
2130,7083,2024-01-10 07:06:00,113.24
2131,7084,2024-01-10 07:06:12,113.55
2132,7085,2024-01-10 07:06:24,113.15
2133,7086,2024-01-10 07:06:36,114.34
2134,7087,2024-01-10 07:06:48,113.85
2135,7088,2024-01-10 07:07:00,114.29
2136,7089,2024-01-10 07:07:12,114.56
2137,7090,2024-01-10 07:07:24,114.47
2138,7091,2024-01-10 07:07:36,114.07
2139,7092,2024-01-10 07:07:48,114.47
2140,7093,2024-01-10 07:08:00,114.38
2141,7094,2024-01-10 07:08:12,114.34
2142,7095,2024-01-10 07:08:24,114.42
2143,7096,2024-01-10 07:08:36,115.21
2144,7097,2024-01-10 07:08:48,115.43
2145,7098,2024-01-10 07:09:00,115.61
2146,7099,2024-01-10 07:09:12,115.78
2147,7100,2024-01-10 07:09:24,115.61
2148,7101,2024-01-10 07:09:36,115.08
2149,7102,2024-01-10 07:09:48,116.09
2150,7103,2024-01-10 07:10:00,115.78
2151,7104,2024-01-10 07:10:12,116.13
2152,7105,2024-01-10 07:10:24,116.22
2153,7106,2024-01-10 07:10:36,116.44
2154,7107,2024-01-10 07:10:48,117.23
2155,7108,2024-01-10 07:11:00,116.88
2156,7109,2024-01-10 07:11:12,116.83
2157,7110,2024-01-10 07:11:24,117.19
2158,7111,2024-01-10 07:11:36,117.23
2159,7112,2024-01-10 07:11:48,118.02
2160,7113,2024-01-10 07:12:00,118.24
2161,7114,2024-01-10 07:12:12,118.28
2162,7115,2024-01-10 07:12:24,118.41
2163,7116,2024-01-10 07:12:36,118.28
2164,7117,2024-01-10 07:12:48,118.46
2165,7118,2024-01-10 07:13:00,117.93
2166,7119,2024-01-10 07:13:12,118.24
2167,7120,2024-01-10 07:13:24,118.46
2168,7121,2024-01-10 07:13:36,118.63
2169,7122,2024-01-10 07:13:48,118.54
2170,7123,2024-01-10 07:14:00,119.68
2171,7124,2024-01-10 07:14:12,119.29
2172,7125,2024-01-10 07:14:24,119.51
2173,7126,2024-01-10 07:14:36,119.77
2174,7127,2024-01-10 07:14:48,119.6
2175,7128,2024-01-10 07:15:00,119.68
2176,7129,2024-01-10 07:15:12,120.38
2177,7130,2024-01-10 07:15:24,119.42
2178,7131,2024-01-10 07:15:36,119.46
2179,7132,2024-01-10 07:15:48,120.25
2180,7133,2024-01-10 07:16:00,120.38
2181,7134,2024-01-10 07:16:12,120.43
2182,7135,2024-01-10 07:16:24,120.34
2183,7136,2024-01-10 07:16:36,120.12
2184,7137,2024-01-10 07:16:48,120.17
2185,7138,2024-01-10 07:17:00,120.38
2186,7139,2024-01-10 07:17:12,121.13
2187,7140,2024-01-10 07:17:24,120.91
2188,7141,2024-01-10 07:17:36,120.3
2189,7142,2024-01-10 07:17:48,121.39
2190,7143,2024-01-10 07:18:00,121.22
2191,7144,2024-01-10 07:18:12,121.13
2192,7145,2024-01-10 07:18:24,120.87
2193,7146,2024-01-10 07:18:36,121.7
2194,7147,2024-01-10 07:18:48,121.57
2195,7148,2024-01-10 07:19:00,122.31
2196,7149,2024-01-10 07:19:12,122.71
2197,7150,2024-01-10 07:19:24,121.57
2198,7151,2024-01-10 07:19:36,122.71
2199,7152,2024-01-10 07:19:48,122.8
2200,7153,2024-01-10 07:20:00,122.97
2201,7154,2024-01-10 07:20:12,122.62
2202,7155,2024-01-10 07:20:24,122.45
2203,7156,2024-01-10 07:20:36,123.1
2204,7157,2024-01-10 07:20:48,123.19
2205,7158,2024-01-10 07:21:00,123.37
2206,7159,2024-01-10 07:21:12,122.84
2207,7160,2024-01-10 07:21:24,123.63
2208,7161,2024-01-10 07:21:36,123.19
2209,7162,2024-01-10 07:21:48,123.45
2210,7163,2024-01-10 07:22:00,123.58
2211,7164,2024-01-10 07:22:12,124.68
2212,7165,2024-01-10 07:22:24,124.55
2213,7166,2024-01-10 07:22:36,124.07
2214,7167,2024-01-10 07:22:48,123.54
2215,7168,2024-01-10 07:23:00,123.01
2216,7169,2024-01-10 07:23:12,122.49
2217,7170,2024-01-10 07:23:24,121.96
2218,7171,2024-01-10 07:23:36,121.44
2219,7172,2024-01-10 07:23:48,121.04
2220,7173,2024-01-10 07:24:00,120.52
2221,7174,2024-01-10 07:24:12,120.08
2222,7175,2024-01-10 07:24:24,119.64
2223,7176,2024-01-10 07:24:36,119.2
2224,7177,2024-01-10 07:24:48,118.81
2225,7178,2024-01-10 07:25:00,118.37
2226,7179,2024-01-10 07:25:12,117.93
2227,7180,2024-01-10 07:25:24,117.4
2228,7181,2024-01-10 07:25:36,116.88
2229,7182,2024-01-10 07:25:48,116.48
2230,7183,2024-01-10 07:26:00,116.13
2231,7184,2024-01-10 07:26:12,115.69
2232,7185,2024-01-10 07:26:24,115.26
2233,7186,2024-01-10 07:26:36,114.86
2234,7187,2024-01-10 07:26:48,114.56
2235,7188,2024-01-10 07:27:00,114.07
2236,7189,2024-01-10 07:27:12,113.77
2237,7190,2024-01-10 07:27:24,113.37
2238,7191,2024-01-10 07:27:36,112.98
2239,7192,2024-01-10 07:27:48,112.58
2240,7193,2024-01-10 07:28:00,112.19
2241,7194,2024-01-10 07:28:12,111.79
2242,7195,2024-01-10 07:28:24,111.44
2243,7196,2024-01-10 07:28:36,111.14
2244,7197,2024-01-10 07:28:48,110.74
2245,7198,2024-01-10 07:29:00,110.35
2246,7199,2024-01-10 07:29:12,110.08
2247,7200,2024-01-10 07:29:24,109.65
2248,7201,2024-01-10 07:29:36,109.38
2249,7202,2024-01-10 07:29:48,109.03
2250,7203,2024-01-10 07:30:00,108.64
2251,7204,2024-01-10 07:30:12,108.29
2252,7205,2024-01-10 07:30:24,107.98
2253,7206,2024-01-10 07:30:36,107.67
2254,7207,2024-01-10 07:30:48,107.37
2255,7208,2024-01-10 07:31:00,107.02
2256,7209,2024-01-10 07:31:12,106.71
2257,7210,2024-01-10 07:31:24,106.36
2258,7211,2024-01-10 07:31:36,106.01
2259,7212,2024-01-10 07:31:48,105.83
2260,7213,2024-01-10 07:32:00,105.44
2261,7214,2024-01-10 07:32:12,105.09
2262,7215,2024-01-10 07:32:24,104.82
2263,7216,2024-01-10 07:32:36,104.52
2264,7217,2024-01-10 07:32:48,104.12
2265,7218,2024-01-10 07:33:00,103.86
2266,7219,2024-01-10 07:33:12,103.51
2267,7220,2024-01-10 07:33:24,103.25
2268,7221,2024-01-10 07:33:36,102.85
2269,7222,2024-01-10 07:33:48,102.63
2270,7223,2024-01-10 07:34:00,102.28
2271,7224,2024-01-10 07:34:12,101.98
2272,7225,2024-01-10 07:34:24,101.67
2273,7226,2024-01-10 07:34:36,101.41
2274,7227,2024-01-10 07:34:48,101.1
2275,7228,2024-01-10 07:35:00,100.79
2276,7229,2024-01-10 07:35:12,100.4
2277,7230,2024-01-10 07:35:24,100.18
2278,7231,2024-01-10 07:35:36,99.83
2279,7232,2024-01-10 07:35:48,99.61
2280,7233,2024-01-10 07:36:00,101.41
2281,7234,2024-01-10 07:36:12,100.53
2282,7235,2024-01-10 07:36:24,100.35
2283,7236,2024-01-10 07:36:36,100.44
2284,7237,2024-01-10 07:36:48,100.97
2285,7238,2024-01-10 07:37:00,101.54
2286,7239,2024-01-10 07:37:12,102.15
2287,7240,2024-01-10 07:37:24,102.06
2288,7241,2024-01-10 07:37:36,102.15
2289,7242,2024-01-10 07:37:48,102.98
2290,7243,2024-01-10 07:38:00,102.94
2291,7244,2024-01-10 07:38:12,102.68
2292,7245,2024-01-10 07:38:24,103.47
2293,7246,2024-01-10 07:38:36,103.77
2294,7247,2024-01-10 07:38:48,104.61
2295,7248,2024-01-10 07:39:00,104.12
2296,7249,2024-01-10 07:39:12,104.91
2297,7250,2024-01-10 07:39:24,104.78
2298,7251,2024-01-10 07:39:36,105.26
2299,7252,2024-01-10 07:39:48,105.61
2300,7253,2024-01-10 07:40:00,106.14
2301,7254,2024-01-10 07:40:12,105.88
2302,7255,2024-01-10 07:40:24,106.49
2303,7256,2024-01-10 07:40:36,106.53
2304,7257,2024-01-10 07:40:48,107.06
2305,7258,2024-01-10 07:41:00,107.15
2306,7259,2024-01-10 07:41:12,107.41
2307,7260,2024-01-10 07:41:24,107.15
2308,7261,2024-01-10 07:41:36,108.2
2309,7262,2024-01-10 07:41:48,108.11
2310,7263,2024-01-10 07:42:00,108.24
2311,7264,2024-01-10 07:42:12,108.07
2312,7265,2024-01-10 07:42:24,108.51
2313,7266,2024-01-10 07:42:36,109.16
2314,7267,2024-01-10 07:42:48,109.51
2315,7268,2024-01-10 07:43:00,109.73
2316,7269,2024-01-10 07:43:12,109.82
2317,7270,2024-01-10 07:43:24,110.22
2318,7271,2024-01-10 07:43:36,110.0
2319,7272,2024-01-10 07:43:48,110.61
2320,7273,2024-01-10 07:44:00,110.22
2321,7274,2024-01-10 07:44:12,111.09
2322,7275,2024-01-10 07:44:24,111.0
2323,7276,2024-01-10 07:44:36,111.18
2324,7277,2024-01-10 07:44:48,111.62
2325,7278,2024-01-10 07:45:00,111.4
2326,7279,2024-01-10 07:45:12,111.93
2327,7280,2024-01-10 07:45:24,111.62
2328,7281,2024-01-10 07:45:36,112.28
2329,7282,2024-01-10 07:45:48,111.93
2330,7283,2024-01-10 07:46:00,111.09
2331,7284,2024-01-10 07:46:12,112.49
2332,7285,2024-01-10 07:46:24,111.09
2333,7286,2024-01-10 07:46:36,112.28
2334,7287,2024-01-10 07:46:48,111.84
2335,7288,2024-01-10 07:47:00,112.32
2336,7289,2024-01-10 07:47:12,112.36
2337,7290,2024-01-10 07:47:24,113.02
2338,7291,2024-01-10 07:47:36,112.45
2339,7292,2024-01-10 07:47:48,113.24
2340,7293,2024-01-10 07:48:00,113.77
2341,7294,2024-01-10 07:48:12,113.9
2342,7295,2024-01-10 07:48:24,113.24
2343,7296,2024-01-10 07:48:36,113.85
2344,7297,2024-01-10 07:48:48,114.29
2345,7298,2024-01-10 07:49:00,114.03
2346,7299,2024-01-10 07:49:12,114.73
2347,7300,2024-01-10 07:49:24,115.26
2348,7301,2024-01-10 07:49:36,115.52
2349,7302,2024-01-10 07:49:48,114.99
2350,7303,2024-01-10 07:50:00,115.26
2351,7304,2024-01-10 07:50:12,114.69
2352,7305,2024-01-10 07:50:24,114.91
2353,7306,2024-01-10 07:50:36,115.65
2354,7307,2024-01-10 07:50:48,115.83
2355,7308,2024-01-10 07:51:00,115.91
2356,7309,2024-01-10 07:51:12,116.18
2357,7310,2024-01-10 07:51:24,116.7
2358,7311,2024-01-10 07:51:36,116.35
2359,7312,2024-01-10 07:51:48,117.32
2360,7313,2024-01-10 07:52:00,117.01
2361,7314,2024-01-10 07:52:12,117.32
2362,7315,2024-01-10 07:52:24,117.45
2363,7316,2024-01-10 07:52:36,117.45
2364,7317,2024-01-10 07:52:48,117.97
2365,7318,2024-01-10 07:53:00,117.62
2366,7319,2024-01-10 07:53:12,118.41
2367,7320,2024-01-10 07:53:24,118.06
2368,7321,2024-01-10 07:53:36,118.63
2369,7322,2024-01-10 07:53:48,118.32
2370,7323,2024-01-10 07:54:00,118.41
2371,7324,2024-01-10 07:54:12,119.07
2372,7325,2024-01-10 07:54:24,118.24
2373,7326,2024-01-10 07:54:36,119.38
2374,7327,2024-01-10 07:54:48,119.38
2375,7328,2024-01-10 07:55:00,119.29
2376,7329,2024-01-10 07:55:12,118.85
2377,7330,2024-01-10 07:55:24,119.6
2378,7331,2024-01-10 07:55:36,120.03
2379,7332,2024-01-10 07:55:48,119.38
2380,7333,2024-01-10 07:56:00,119.99
2381,7334,2024-01-10 07:56:12,119.86
2382,7335,2024-01-10 07:56:24,120.03
2383,7336,2024-01-10 07:56:36,120.6
2384,7337,2024-01-10 07:56:48,120.52
2385,7338,2024-01-10 07:57:00,120.21
2386,7339,2024-01-10 07:57:12,120.87
2387,7340,2024-01-10 07:57:24,120.65
2388,7341,2024-01-10 07:57:36,121.44
2389,7342,2024-01-10 07:57:48,121.26
2390,7343,2024-01-10 07:58:00,121.39
2391,7344,2024-01-10 07:58:12,121.26
2392,7345,2024-01-10 07:58:24,121.92
2393,7346,2024-01-10 07:58:36,122.09
2394,7347,2024-01-10 07:58:48,122.18
2395,7348,2024-01-10 07:59:00,122.18
2396,7349,2024-01-10 07:59:12,122.45
2397,7350,2024-01-10 07:59:24,122.62
2398,7351,2024-01-10 07:59:36,122.71
2399,7352,2024-01-10 07:59:48,122.18
2400,7353,2024-01-10 08:00:00,123.19
2401,7354,2024-01-10 08:00:12,122.4
2402,7355,2024-01-10 08:00:24,123.19
2403,7356,2024-01-10 08:00:36,123.19
2404,7357,2024-01-10 08:00:48,122.36
2405,7358,2024-01-10 08:01:00,122.84
2406,7359,2024-01-10 08:01:12,124.07
2407,7360,2024-01-10 08:01:24,124.07
2408,7361,2024-01-10 08:01:36,124.2
2409,7362,2024-01-10 08:01:48,124.07
2410,7363,2024-01-10 08:02:00,124.24
2411,7364,2024-01-10 08:02:12,123.98
2412,7365,2024-01-10 08:02:24,124.2
2413,7366,2024-01-10 08:02:36,124.77
2414,7367,2024-01-10 08:02:48,123.89
2415,7368,2024-01-10 08:03:00,123.37
2416,7369,2024-01-10 08:03:12,122.84
2417,7370,2024-01-10 08:03:24,122.4
2418,7371,2024-01-10 08:03:36,121.92
2419,7372,2024-01-10 08:03:48,121.44
2420,7373,2024-01-10 08:04:00,120.95
2421,7374,2024-01-10 08:04:12,120.56
2422,7375,2024-01-10 08:04:24,120.03
2423,7376,2024-01-10 08:04:36,119.68
2424,7377,2024-01-10 08:04:48,119.29
2425,7378,2024-01-10 08:05:00,118.81
2426,7379,2024-01-10 08:05:12,118.41
2427,7380,2024-01-10 08:05:24,117.93
2428,7381,2024-01-10 08:05:36,117.58
2429,7382,2024-01-10 08:05:48,117.14
2430,7383,2024-01-10 08:06:00,116.75
2431,7384,2024-01-10 08:06:12,116.26
2432,7385,2024-01-10 08:06:24,115.83
2433,7386,2024-01-10 08:06:36,115.48
2434,7387,2024-01-10 08:06:48,115.08
2435,7388,2024-01-10 08:07:00,114.69
2436,7389,2024-01-10 08:07:12,114.29
2437,7390,2024-01-10 08:07:24,113.94
2438,7391,2024-01-10 08:07:36,113.59
2439,7392,2024-01-10 08:07:48,113.2
2440,7393,2024-01-10 08:08:00,112.8
2441,7394,2024-01-10 08:08:12,112.45
2442,7395,2024-01-10 08:08:24,111.97
2443,7396,2024-01-10 08:08:36,111.44
2444,7397,2024-01-10 08:08:48,111.14
2445,7398,2024-01-10 08:09:00,110.79
2446,7399,2024-01-10 08:09:12,110.43
2447,7400,2024-01-10 08:09:24,110.08
2448,7401,2024-01-10 08:09:36,109.73
2449,7402,2024-01-10 08:09:48,109.34
2450,7403,2024-01-10 08:10:00,109.03
2451,7404,2024-01-10 08:10:12,108.68
2452,7405,2024-01-10 08:10:24,108.29
2453,7406,2024-01-10 08:10:36,107.98
2454,7407,2024-01-10 08:10:48,107.63
2455,7408,2024-01-10 08:11:00,107.32
2456,7409,2024-01-10 08:11:12,106.97
2457,7410,2024-01-10 08:11:24,106.67
2458,7411,2024-01-10 08:11:36,106.31
2459,7412,2024-01-10 08:11:48,105.96
2460,7413,2024-01-10 08:12:00,105.66
2461,7414,2024-01-10 08:12:12,105.35
2462,7415,2024-01-10 08:12:24,104.96
2463,7416,2024-01-10 08:12:36,104.74
2464,7417,2024-01-10 08:12:48,104.39
2465,7418,2024-01-10 08:13:00,104.08
2466,7419,2024-01-10 08:13:12,103.86
2467,7420,2024-01-10 08:13:24,103.47
2468,7421,2024-01-10 08:13:36,103.11
2469,7422,2024-01-10 08:13:48,102.85
2470,7423,2024-01-10 08:14:00,102.54
2471,7424,2024-01-10 08:14:12,102.19
2472,7425,2024-01-10 08:14:24,101.93
2473,7426,2024-01-10 08:14:36,101.62
2474,7427,2024-01-10 08:14:48,101.27
2475,7428,2024-01-10 08:15:00,100.97
2476,7429,2024-01-10 08:15:12,100.7
2477,7430,2024-01-10 08:15:24,100.31
2478,7431,2024-01-10 08:15:36,100.05
2479,7432,2024-01-10 08:15:48,99.74
2480,7433,2024-01-10 08:16:00,99.39
2481,7434,2024-01-10 08:16:12,99.13
2482,7435,2024-01-10 08:16:24,98.86
2483,7436,2024-01-10 08:16:36,98.42
2484,7437,2024-01-10 08:16:48,98.07
2485,7438,2024-01-10 08:17:00,100.09
2486,7439,2024-01-10 08:17:12,100.05
2487,7440,2024-01-10 08:17:24,100.09
2488,7441,2024-01-10 08:17:36,100.57
2489,7442,2024-01-10 08:17:48,101.01
2490,7443,2024-01-10 08:18:00,100.97
2491,7444,2024-01-10 08:18:12,101.01
2492,7445,2024-01-10 08:18:24,101.8
2493,7446,2024-01-10 08:18:36,101.8
2494,7447,2024-01-10 08:18:48,101.76
2495,7448,2024-01-10 08:19:00,102.24
2496,7449,2024-01-10 08:19:12,103.11
2497,7450,2024-01-10 08:19:24,103.16
2498,7451,2024-01-10 08:19:36,103.33
2499,7452,2024-01-10 08:19:48,103.42
2500,7453,2024-01-10 08:20:00,104.39
2501,7454,2024-01-10 08:20:12,103.95
2502,7455,2024-01-10 08:20:24,104.82
2503,7456,2024-01-10 08:20:36,104.21
2504,7457,2024-01-10 08:20:48,104.82
2505,7458,2024-01-10 08:21:00,104.52
2506,7459,2024-01-10 08:21:12,105.44
2507,7460,2024-01-10 08:21:24,105.17
2508,7461,2024-01-10 08:21:36,106.23
2509,7462,2024-01-10 08:21:48,105.57
2510,7463,2024-01-10 08:22:00,106.14
2511,7464,2024-01-10 08:22:12,106.58
2512,7465,2024-01-10 08:22:24,106.67
2513,7466,2024-01-10 08:22:36,106.58
2514,7467,2024-01-10 08:22:48,106.67
2515,7468,2024-01-10 08:23:00,107.59
2516,7469,2024-01-10 08:23:12,107.89
2517,7470,2024-01-10 08:23:24,107.54
2518,7471,2024-01-10 08:23:36,107.98
2519,7472,2024-01-10 08:23:48,107.67
2520,7473,2024-01-10 08:24:00,108.37
2521,7474,2024-01-10 08:24:12,108.73
2522,7475,2024-01-10 08:24:24,109.12
2523,7476,2024-01-10 08:24:36,108.77
2524,7477,2024-01-10 08:24:48,108.24
2525,7478,2024-01-10 08:25:00,108.55
2526,7479,2024-01-10 08:25:12,108.29
2527,7480,2024-01-10 08:25:24,109.78
2528,7481,2024-01-10 08:25:36,109.3
2529,7482,2024-01-10 08:25:48,109.16
2530,7483,2024-01-10 08:26:00,108.94
2531,7484,2024-01-10 08:26:12,110.08
2532,7485,2024-01-10 08:26:24,110.61
2533,7486,2024-01-10 08:26:36,110.43
2534,7487,2024-01-10 08:26:48,110.43
2535,7488,2024-01-10 08:27:00,110.79
2536,7489,2024-01-10 08:27:12,111.22
2537,7490,2024-01-10 08:27:24,111.36
2538,7491,2024-01-10 08:27:36,111.4
2539,7492,2024-01-10 08:27:48,111.57
2540,7493,2024-01-10 08:28:00,112.45
2541,7494,2024-01-10 08:28:12,112.54
2542,7495,2024-01-10 08:28:24,112.8
2543,7496,2024-01-10 08:28:36,112.06
2544,7497,2024-01-10 08:28:48,112.1
2545,7498,2024-01-10 08:29:00,112.36
2546,7499,2024-01-10 08:29:12,111.97
2547,7500,2024-01-10 08:29:24,112.93
2548,7501,2024-01-10 08:29:36,113.24
2549,7502,2024-01-10 08:29:48,113.33
2550,7503,2024-01-10 08:30:00,112.67
2551,7504,2024-01-10 08:30:12,113.46
2552,7505,2024-01-10 08:30:24,112.54
2553,7506,2024-01-10 08:30:36,113.85
2554,7507,2024-01-10 08:30:48,114.16
2555,7508,2024-01-10 08:31:00,114.42
2556,7509,2024-01-10 08:31:12,114.07
2557,7510,2024-01-10 08:31:24,113.99
2558,7511,2024-01-10 08:31:36,114.29
2559,7512,2024-01-10 08:31:48,114.6
2560,7513,2024-01-10 08:32:00,114.91
2561,7514,2024-01-10 08:32:12,115.21
2562,7515,2024-01-10 08:32:24,115.34
2563,7516,2024-01-10 08:32:36,115.83
2564,7517,2024-01-10 08:32:48,115.17
2565,7518,2024-01-10 08:33:00,115.83
2566,7519,2024-01-10 08:33:12,115.26
2567,7520,2024-01-10 08:33:24,115.96
2568,7521,2024-01-10 08:33:36,115.78
2569,7522,2024-01-10 08:33:48,116.48
2570,7523,2024-01-10 08:34:00,116.4
2571,7524,2024-01-10 08:34:12,116.48
2572,7525,2024-01-10 08:34:24,115.96
2573,7526,2024-01-10 08:34:36,116.7
2574,7527,2024-01-10 08:34:48,115.83
2575,7528,2024-01-10 08:35:00,117.45
2576,7529,2024-01-10 08:35:12,117.23
2577,7530,2024-01-10 08:35:24,117.01
2578,7531,2024-01-10 08:35:36,116.53
2579,7532,2024-01-10 08:35:48,118.02
2580,7533,2024-01-10 08:36:00,118.06
2581,7534,2024-01-10 08:36:12,117.49
2582,7535,2024-01-10 08:36:24,118.24
2583,7536,2024-01-10 08:36:36,118.41
2584,7537,2024-01-10 08:36:48,117.58
2585,7538,2024-01-10 08:37:00,118.28
2586,7539,2024-01-10 08:37:12,119.2
2587,7540,2024-01-10 08:37:24,118.63
2588,7541,2024-01-10 08:37:36,119.46
2589,7542,2024-01-10 08:37:48,119.03
2590,7543,2024-01-10 08:38:00,119.64
2591,7544,2024-01-10 08:38:12,119.42
2592,7545,2024-01-10 08:38:24,119.29
2593,7546,2024-01-10 08:38:36,119.73
2594,7547,2024-01-10 08:38:48,119.42
2595,7548,2024-01-10 08:39:00,119.86
2596,7549,2024-01-10 08:39:12,119.38
2597,7550,2024-01-10 08:39:24,120.03
2598,7551,2024-01-10 08:39:36,120.34
2599,7552,2024-01-10 08:39:48,120.56
2600,7553,2024-01-10 08:40:00,120.25
2601,7554,2024-01-10 08:40:12,121.22
2602,7555,2024-01-10 08:40:24,120.56
2603,7556,2024-01-10 08:40:36,121.26
2604,7557,2024-01-10 08:40:48,121.44
2605,7558,2024-01-10 08:41:00,121.39
2606,7559,2024-01-10 08:41:12,120.82
2607,7560,2024-01-10 08:41:24,121.44
2608,7561,2024-01-10 08:41:36,121.92
2609,7562,2024-01-10 08:41:48,122.23
2610,7563,2024-01-10 08:42:00,122.49
2611,7564,2024-01-10 08:42:12,121.96
2612,7565,2024-01-10 08:42:24,122.62
2613,7566,2024-01-10 08:42:36,122.49
2614,7567,2024-01-10 08:42:48,122.49
2615,7568,2024-01-10 08:43:00,123.1
2616,7569,2024-01-10 08:43:12,122.49
2617,7570,2024-01-10 08:43:24,123.28
2618,7571,2024-01-10 08:43:36,122.62
2619,7572,2024-01-10 08:43:48,122.88
2620,7573,2024-01-10 08:44:00,123.5
2621,7574,2024-01-10 08:44:12,122.84
2622,7575,2024-01-10 08:44:24,124.24
2623,7576,2024-01-10 08:44:36,124.15
2624,7577,2024-01-10 08:44:48,124.02
2625,7578,2024-01-10 08:45:00,124.2
2626,7579,2024-01-10 08:45:12,124.77
2627,7580,2024-01-10 08:45:24,124.15
2628,7581,2024-01-10 08:45:36,124.24
2629,7582,2024-01-10 08:45:48,123.67
2630,7583,2024-01-10 08:46:00,123.15
2631,7584,2024-01-10 08:46:12,122.62
2632,7585,2024-01-10 08:46:24,122.09
2633,7586,2024-01-10 08:46:36,121.66
2634,7587,2024-01-10 08:46:48,121.22
2635,7588,2024-01-10 08:47:00,120.69
2636,7589,2024-01-10 08:47:12,120.25
2637,7590,2024-01-10 08:47:24,119.77
2638,7591,2024-01-10 08:47:36,119.38
2639,7592,2024-01-10 08:47:48,118.94
2640,7593,2024-01-10 08:48:00,118.46
2641,7594,2024-01-10 08:48:12,118.06
2642,7595,2024-01-10 08:48:24,117.71
2643,7596,2024-01-10 08:48:36,117.19
2644,7597,2024-01-10 08:48:48,116.83
2645,7598,2024-01-10 08:49:00,116.48
2646,7599,2024-01-10 08:49:12,116.13
2647,7600,2024-01-10 08:49:24,115.65
2648,7601,2024-01-10 08:49:36,115.26
2649,7602,2024-01-10 08:49:48,114.86
2650,7603,2024-01-10 08:50:00,114.56
2651,7604,2024-01-10 08:50:12,114.12
2652,7605,2024-01-10 08:50:24,113.77
2653,7606,2024-01-10 08:50:36,113.33
2654,7607,2024-01-10 08:50:48,112.98
2655,7608,2024-01-10 08:51:00,112.58
2656,7609,2024-01-10 08:51:12,112.28
2657,7610,2024-01-10 08:51:24,111.93
2658,7611,2024-01-10 08:51:36,111.57
2659,7612,2024-01-10 08:51:48,111.27
2660,7613,2024-01-10 08:52:00,110.87
2661,7614,2024-01-10 08:52:12,110.52
2662,7615,2024-01-10 08:52:24,110.17
2663,7616,2024-01-10 08:52:36,109.86
2664,7617,2024-01-10 08:52:48,109.51
2665,7618,2024-01-10 08:53:00,109.12
2666,7619,2024-01-10 08:53:12,108.81
2667,7620,2024-01-10 08:53:24,108.46
2668,7621,2024-01-10 08:53:36,108.16
2669,7622,2024-01-10 08:53:48,107.72
2670,7623,2024-01-10 08:54:00,107.41
2671,7624,2024-01-10 08:54:12,107.06
2672,7625,2024-01-10 08:54:24,106.8
2673,7626,2024-01-10 08:54:36,106.45
2674,7627,2024-01-10 08:54:48,106.01
2675,7628,2024-01-10 08:55:00,105.79
2676,7629,2024-01-10 08:55:12,105.44
2677,7630,2024-01-10 08:55:24,105.13
2678,7631,2024-01-10 08:55:36,104.82
2679,7632,2024-01-10 08:55:48,104.52
2680,7633,2024-01-10 08:56:00,104.17
2681,7634,2024-01-10 08:56:12,103.9
2682,7635,2024-01-10 08:56:24,103.55
2683,7636,2024-01-10 08:56:36,103.25
2684,7637,2024-01-10 08:56:48,102.85
2685,7638,2024-01-10 08:57:00,102.63
2686,7639,2024-01-10 08:57:12,102.28
2687,7640,2024-01-10 08:57:24,102.02
2688,7641,2024-01-10 08:57:36,101.76
2689,7642,2024-01-10 08:57:48,101.45
2690,7643,2024-01-10 08:58:00,101.05
2691,7644,2024-01-10 08:58:12,100.53
2692,7645,2024-01-10 08:58:24,100.0
2693,7646,2024-01-10 08:58:36,99.52
2694,7647,2024-01-10 08:58:48,99.08
2695,7648,2024-01-10 08:59:00,98.6
2696,7649,2024-01-10 08:59:12,98.21
2697,7650,2024-01-10 08:59:24,99.17
2698,7651,2024-01-10 08:59:36,99.21
2699,7652,2024-01-10 08:59:48,99.35
2700,7653,2024-01-10 09:00:00,100.4
2701,7654,2024-01-10 09:00:12,99.3
2702,7655,2024-01-10 09:00:24,101.49
2703,7656,2024-01-10 09:00:36,100.88
2704,7657,2024-01-10 09:00:48,100.75
2705,7658,2024-01-10 09:01:00,101.14
2706,7659,2024-01-10 09:01:12,102.11
2707,7660,2024-01-10 09:01:24,102.46
2708,7661,2024-01-10 09:01:36,102.37
2709,7662,2024-01-10 09:01:48,103.07
2710,7663,2024-01-10 09:02:00,102.94
2711,7664,2024-01-10 09:02:12,103.38
2712,7665,2024-01-10 09:02:24,103.77
2713,7666,2024-01-10 09:02:36,103.33
2714,7667,2024-01-10 09:02:48,104.39
2715,7668,2024-01-10 09:03:00,104.39
2716,7669,2024-01-10 09:03:12,104.61
2717,7670,2024-01-10 09:03:24,104.61
2718,7671,2024-01-10 09:03:36,104.17
2719,7672,2024-01-10 09:03:48,105.44
2720,7673,2024-01-10 09:04:00,104.82
2721,7674,2024-01-10 09:04:12,105.31
2722,7675,2024-01-10 09:04:24,106.01
2723,7676,2024-01-10 09:04:36,106.01
2724,7677,2024-01-10 09:04:48,106.53
2725,7678,2024-01-10 09:05:00,106.71
2726,7679,2024-01-10 09:05:12,107.02
2727,7680,2024-01-10 09:05:24,106.75
2728,7681,2024-01-10 09:05:36,107.24
2729,7682,2024-01-10 09:05:48,107.94
2730,7683,2024-01-10 09:06:00,107.02
2731,7684,2024-01-10 09:06:12,107.89
2732,7685,2024-01-10 09:06:24,108.16
2733,7686,2024-01-10 09:06:36,108.29
2734,7687,2024-01-10 09:06:48,108.24
2735,7688,2024-01-10 09:07:00,107.94
2736,7689,2024-01-10 09:07:12,107.98
2737,7690,2024-01-10 09:07:24,109.12
2738,7691,2024-01-10 09:07:36,108.73
2739,7692,2024-01-10 09:07:48,109.21
2740,7693,2024-01-10 09:08:00,109.47
2741,7694,2024-01-10 09:08:12,108.94
2742,7695,2024-01-10 09:08:24,110.04
2743,7696,2024-01-10 09:08:36,110.08
2744,7697,2024-01-10 09:08:48,110.43
2745,7698,2024-01-10 09:09:00,110.22
2746,7699,2024-01-10 09:09:12,109.73
2747,7700,2024-01-10 09:09:24,110.57
2748,7701,2024-01-10 09:09:36,110.7
2749,7702,2024-01-10 09:09:48,111.05
2750,7703,2024-01-10 09:10:00,111.57
2751,7704,2024-01-10 09:10:12,111.44
2752,7705,2024-01-10 09:10:24,111.88
2753,7706,2024-01-10 09:10:36,111.79
2754,7707,2024-01-10 09:10:48,112.54
2755,7708,2024-01-10 09:11:00,111.49
2756,7709,2024-01-10 09:11:12,112.63
2757,7710,2024-01-10 09:11:24,112.06
2758,7711,2024-01-10 09:11:36,113.02
2759,7712,2024-01-10 09:11:48,113.15
2760,7713,2024-01-10 09:12:00,113.02
2761,7714,2024-01-10 09:12:12,113.2
2762,7715,2024-01-10 09:12:24,113.68
2763,7716,2024-01-10 09:12:36,113.42
2764,7717,2024-01-10 09:12:48,113.77
2765,7718,2024-01-10 09:13:00,113.37
2766,7719,2024-01-10 09:13:12,114.2
2767,7720,2024-01-10 09:13:24,114.69
2768,7721,2024-01-10 09:13:36,113.85
2769,7722,2024-01-10 09:13:48,114.51
2770,7723,2024-01-10 09:14:00,115.08
2771,7724,2024-01-10 09:14:12,114.91
2772,7725,2024-01-10 09:14:24,115.43
2773,7726,2024-01-10 09:14:36,114.91
2774,7727,2024-01-10 09:14:48,115.08
2775,7728,2024-01-10 09:15:00,116.44
2776,7729,2024-01-10 09:15:12,115.96
2777,7730,2024-01-10 09:15:24,116.09
2778,7731,2024-01-10 09:15:36,116.83
2779,7732,2024-01-10 09:15:48,116.0
2780,7733,2024-01-10 09:16:00,116.83
2781,7734,2024-01-10 09:16:12,116.53
2782,7735,2024-01-10 09:16:24,116.88
2783,7736,2024-01-10 09:16:36,117.19
2784,7737,2024-01-10 09:16:48,117.71
2785,7738,2024-01-10 09:17:00,118.24
2786,7739,2024-01-10 09:17:12,118.28
2787,7740,2024-01-10 09:17:24,117.05
2788,7741,2024-01-10 09:17:36,117.71
2789,7742,2024-01-10 09:17:48,118.02
2790,7743,2024-01-10 09:18:00,118.59
2791,7744,2024-01-10 09:18:12,118.72
2792,7745,2024-01-10 09:18:24,118.94
2793,7746,2024-01-10 09:18:36,118.54
2794,7747,2024-01-10 09:18:48,118.85
2795,7748,2024-01-10 09:19:00,119.2
2796,7749,2024-01-10 09:19:12,119.55
2797,7750,2024-01-10 09:19:24,118.76
2798,7751,2024-01-10 09:19:36,120.17
2799,7752,2024-01-10 09:19:48,119.68
2800,7753,2024-01-10 09:20:00,119.68
2801,7754,2024-01-10 09:20:12,120.25
2802,7755,2024-01-10 09:20:24,120.25
2803,7756,2024-01-10 09:20:36,119.73
2804,7757,2024-01-10 09:20:48,119.29
2805,7758,2024-01-10 09:21:00,120.03
2806,7759,2024-01-10 09:21:12,120.87
2807,7760,2024-01-10 09:21:24,120.17
2808,7761,2024-01-10 09:21:36,120.87
2809,7762,2024-01-10 09:21:48,121.13
2810,7763,2024-01-10 09:22:00,120.69
2811,7764,2024-01-10 09:22:12,121.22
2812,7765,2024-01-10 09:22:24,120.74
2813,7766,2024-01-10 09:22:36,121.22
2814,7767,2024-01-10 09:22:48,120.82
2815,7768,2024-01-10 09:23:00,121.44
2816,7769,2024-01-10 09:23:12,122.01
2817,7770,2024-01-10 09:23:24,122.05
2818,7771,2024-01-10 09:23:36,122.09
2819,7772,2024-01-10 09:23:48,121.79
2820,7773,2024-01-10 09:24:00,121.66
2821,7774,2024-01-10 09:24:12,122.71
2822,7775,2024-01-10 09:24:24,122.84
2823,7776,2024-01-10 09:24:36,123.01
2824,7777,2024-01-10 09:24:48,122.45
2825,7778,2024-01-10 09:25:00,123.01
2826,7779,2024-01-10 09:25:12,122.45
2827,7780,2024-01-10 09:25:24,123.01
2828,7781,2024-01-10 09:25:36,123.37
2829,7782,2024-01-10 09:25:48,123.72
2830,7783,2024-01-10 09:26:00,123.89
2831,7784,2024-01-10 09:26:12,123.8
2832,7785,2024-01-10 09:26:24,124.24
2833,7786,2024-01-10 09:26:36,123.89
2834,7787,2024-01-10 09:26:48,124.51
2835,7788,2024-01-10 09:27:00,124.29
2836,7789,2024-01-10 09:27:12,124.59
2837,7790,2024-01-10 09:27:24,124.2
2838,7791,2024-01-10 09:27:36,123.54
2839,7792,2024-01-10 09:27:48,122.97
2840,7793,2024-01-10 09:28:00,122.49
2841,7794,2024-01-10 09:28:12,122.05
2842,7795,2024-01-10 09:28:24,121.57
2843,7796,2024-01-10 09:28:36,121.22
2844,7797,2024-01-10 09:28:48,120.74
2845,7798,2024-01-10 09:29:00,120.34
2846,7799,2024-01-10 09:29:12,119.95
2847,7800,2024-01-10 09:29:24,119.51
2848,7801,2024-01-10 09:29:36,118.98
2849,7802,2024-01-10 09:29:48,118.59
2850,7803,2024-01-10 09:30:00,118.28
2851,7804,2024-01-10 09:30:12,117.93
2852,7805,2024-01-10 09:30:24,117.54
2853,7806,2024-01-10 09:30:36,117.14
2854,7807,2024-01-10 09:30:48,116.66
2855,7808,2024-01-10 09:31:00,116.35
2856,7809,2024-01-10 09:31:12,115.96
2857,7810,2024-01-10 09:31:24,115.61
2858,7811,2024-01-10 09:31:36,115.21
2859,7812,2024-01-10 09:31:48,114.95
2860,7813,2024-01-10 09:32:00,114.56
2861,7814,2024-01-10 09:32:12,114.2
2862,7815,2024-01-10 09:32:24,113.85
2863,7816,2024-01-10 09:32:36,113.55
2864,7817,2024-01-10 09:32:48,113.15
2865,7818,2024-01-10 09:33:00,112.8
2866,7819,2024-01-10 09:33:12,112.54
2867,7820,2024-01-10 09:33:24,112.19
2868,7821,2024-01-10 09:33:36,111.84
2869,7822,2024-01-10 09:33:48,111.53
2870,7823,2024-01-10 09:34:00,111.22
2871,7824,2024-01-10 09:34:12,110.92
2872,7825,2024-01-10 09:34:24,110.52
2873,7826,2024-01-10 09:34:36,110.26
2874,7827,2024-01-10 09:34:48,110.0
2875,7828,2024-01-10 09:35:00,109.65
2876,7829,2024-01-10 09:35:12,109.34
2877,7830,2024-01-10 09:35:24,109.08
2878,7831,2024-01-10 09:35:36,108.77
2879,7832,2024-01-10 09:35:48,108.46
2880,7833,2024-01-10 09:36:00,108.16
2881,7834,2024-01-10 09:36:12,107.85
2882,7835,2024-01-10 09:36:24,107.54
2883,7836,2024-01-10 09:36:36,107.24
2884,7837,2024-01-10 09:36:48,106.97
2885,7838,2024-01-10 09:37:00,106.71
2886,7839,2024-01-10 09:37:12,106.36
2887,7840,2024-01-10 09:37:24,106.05
2888,7841,2024-01-10 09:37:36,105.79
2889,7842,2024-01-10 09:37:48,105.57
2890,7843,2024-01-10 09:38:00,105.22
2891,7844,2024-01-10 09:38:12,105.0
2892,7845,2024-01-10 09:38:24,104.61
2893,7846,2024-01-10 09:38:36,104.39
2894,7847,2024-01-10 09:38:48,104.12
2895,7848,2024-01-10 09:39:00,103.86
2896,7849,2024-01-10 09:39:12,103.55
2897,7850,2024-01-10 09:39:24,103.33
2898,7851,2024-01-10 09:39:36,103.07
2899,7852,2024-01-10 09:39:48,102.76
2900,7853,2024-01-10 09:40:00,102.46
2901,7854,2024-01-10 09:40:12,102.15
2902,7855,2024-01-10 09:40:24,101.8
2903,7856,2024-01-10 09:40:36,101.67
2904,7857,2024-01-10 09:40:48,101.32
2905,7858,2024-01-10 09:41:00,101.14
2906,7859,2024-01-10 09:41:12,100.75
2907,7860,2024-01-10 09:41:24,100.53
2908,7861,2024-01-10 09:41:36,100.27
2909,7862,2024-01-10 09:41:48,100.0
2910,7863,2024-01-10 09:42:00,99.7
2911,7864,2024-01-10 09:42:12,99.52
2912,7865,2024-01-10 09:42:24,99.7
2913,7866,2024-01-10 09:42:36,100.57
2914,7867,2024-01-10 09:42:48,99.83
2915,7868,2024-01-10 09:43:00,100.57
2916,7869,2024-01-10 09:43:12,101.8
2917,7870,2024-01-10 09:43:24,101.01
2918,7871,2024-01-10 09:43:36,102.02
2919,7872,2024-01-10 09:43:48,102.54
2920,7873,2024-01-10 09:44:00,102.98
2921,7874,2024-01-10 09:44:12,102.76
2922,7875,2024-01-10 09:44:24,103.2
2923,7876,2024-01-10 09:44:36,103.29
2924,7877,2024-01-10 09:44:48,103.86
2925,7878,2024-01-10 09:45:00,103.86
2926,7879,2024-01-10 09:45:12,104.52
2927,7880,2024-01-10 09:45:24,104.52
2928,7881,2024-01-10 09:45:36,105.0
2929,7882,2024-01-10 09:45:48,105.31
2930,7883,2024-01-10 09:46:00,104.96
2931,7884,2024-01-10 09:46:12,105.39
2932,7885,2024-01-10 09:46:24,106.01
2933,7886,2024-01-10 09:46:36,106.58
2934,7887,2024-01-10 09:46:48,106.36
2935,7888,2024-01-10 09:47:00,106.93
2936,7889,2024-01-10 09:47:12,106.93
2937,7890,2024-01-10 09:47:24,107.45
2938,7891,2024-01-10 09:47:36,106.8
2939,7892,2024-01-10 09:47:48,106.8
2940,7893,2024-01-10 09:48:00,108.42
2941,7894,2024-01-10 09:48:12,108.16
2942,7895,2024-01-10 09:48:24,108.16
2943,7896,2024-01-10 09:48:36,108.99
2944,7897,2024-01-10 09:48:48,109.12
2945,7898,2024-01-10 09:49:00,109.73
2946,7899,2024-01-10 09:49:12,109.3
2947,7900,2024-01-10 09:49:24,109.34
2948,7901,2024-01-10 09:49:36,109.73
2949,7902,2024-01-10 09:49:48,110.04
2950,7903,2024-01-10 09:50:00,110.43
2951,7904,2024-01-10 09:50:12,111.09
2952,7905,2024-01-10 09:50:24,109.65
2953,7906,2024-01-10 09:50:36,111.05
2954,7907,2024-01-10 09:50:48,111.49
2955,7908,2024-01-10 09:51:00,111.44
2956,7909,2024-01-10 09:51:12,111.97
2957,7910,2024-01-10 09:51:24,111.44
2958,7911,2024-01-10 09:51:36,111.27
2959,7912,2024-01-10 09:51:48,112.63
2960,7913,2024-01-10 09:52:00,112.67
2961,7914,2024-01-10 09:52:12,112.45
2962,7915,2024-01-10 09:52:24,112.32
2963,7916,2024-01-10 09:52:36,113.55
2964,7917,2024-01-10 09:52:48,113.59
2965,7918,2024-01-10 09:53:00,113.63
2966,7919,2024-01-10 09:53:12,113.15
2967,7920,2024-01-10 09:53:24,114.2
2968,7921,2024-01-10 09:53:36,114.77
2969,7922,2024-01-10 09:53:48,114.56
2970,7923,2024-01-10 09:54:00,114.03
2971,7924,2024-01-10 09:54:12,114.82
2972,7925,2024-01-10 09:54:24,114.91
2973,7926,2024-01-10 09:54:36,115.08
2974,7927,2024-01-10 09:54:48,115.34
2975,7928,2024-01-10 09:55:00,115.74
2976,7929,2024-01-10 09:55:12,114.91
2977,7930,2024-01-10 09:55:24,115.87
2978,7931,2024-01-10 09:55:36,116.4
2979,7932,2024-01-10 09:55:48,116.26
2980,7933,2024-01-10 09:56:00,115.69
2981,7934,2024-01-10 09:56:12,116.26
2982,7935,2024-01-10 09:56:24,116.4
2983,7936,2024-01-10 09:56:36,116.88
2984,7937,2024-01-10 09:56:48,116.88
2985,7938,2024-01-10 09:57:00,117.14
2986,7939,2024-01-10 09:57:12,116.48
2987,7940,2024-01-10 09:57:24,117.62
2988,7941,2024-01-10 09:57:36,117.58
2989,7942,2024-01-10 09:57:48,117.8
2990,7943,2024-01-10 09:58:00,118.76
2991,7944,2024-01-10 09:58:12,118.32
2992,7945,2024-01-10 09:58:24,118.76
2993,7946,2024-01-10 09:58:36,119.16
2994,7947,2024-01-10 09:58:48,119.2
2995,7948,2024-01-10 09:59:00,118.59
2996,7949,2024-01-10 09:59:12,118.63
2997,7950,2024-01-10 09:59:24,119.29
2998,7951,2024-01-10 09:59:36,120.12
2999,7952,2024-01-10 09:59:48,119.6
3000,7953,2024-01-10 10:00:00,120.17
3001,7954,2024-01-10 10:00:12,119.77
3002,7955,2024-01-10 10:00:24,120.52
3003,7956,2024-01-10 10:00:36,120.6
3004,7957,2024-01-10 10:00:48,120.38
3005,7958,2024-01-10 10:01:00,120.21
3006,7959,2024-01-10 10:01:12,120.56
3007,7960,2024-01-10 10:01:24,121.31
3008,7961,2024-01-10 10:01:36,121.44
3009,7962,2024-01-10 10:01:48,121.57
3010,7963,2024-01-10 10:02:00,121.83
3011,7964,2024-01-10 10:02:12,121.74
3012,7965,2024-01-10 10:02:24,122.14
3013,7966,2024-01-10 10:02:36,122.45
3014,7967,2024-01-10 10:02:48,122.8
3015,7968,2024-01-10 10:03:00,123.06
3016,7969,2024-01-10 10:03:12,123.19
3017,7970,2024-01-10 10:03:24,122.49
3018,7971,2024-01-10 10:03:36,123.06
3019,7972,2024-01-10 10:03:48,123.06
3020,7973,2024-01-10 10:04:00,124.24
3021,7974,2024-01-10 10:04:12,123.45
3022,7975,2024-01-10 10:04:24,123.01
3023,7976,2024-01-10 10:04:36,122.75
3024,7977,2024-01-10 10:04:48,123.32
3025,7978,2024-01-10 10:05:00,122.97
3026,7979,2024-01-10 10:05:12,123.15
3027,7980,2024-01-10 10:05:24,122.27
3028,7981,2024-01-10 10:05:36,122.71
3029,7982,2024-01-10 10:05:48,122.53
3030,7983,2024-01-10 10:06:00,122.84
3031,7984,2024-01-10 10:06:12,122.01
3032,7985,2024-01-10 10:06:24,122.45
3033,7986,2024-01-10 10:06:36,121.31
3034,7987,2024-01-10 10:06:48,121.31
3035,7988,2024-01-10 10:07:00,122.05
3036,7989,2024-01-10 10:07:12,121.79
3037,7990,2024-01-10 10:07:24,122.4
3038,7991,2024-01-10 10:07:36,122.49
3039,7992,2024-01-10 10:07:48,123.15
3040,7993,2024-01-10 10:08:00,122.84
3041,7994,2024-01-10 10:08:12,123.1
3042,7995,2024-01-10 10:08:24,122.8
3043,7996,2024-01-10 10:08:36,123.72
3044,7997,2024-01-10 10:08:48,123.72
3045,7998,2024-01-10 10:09:00,124.24
3046,7999,2024-01-10 10:09:12,124.24
3047,8000,2024-01-10 10:09:24,124.02
3048,8001,2024-01-10 10:09:36,124.2
3049,8002,2024-01-10 10:09:48,124.11
3050,8003,2024-01-10 10:10:00,124.2
3051,8004,2024-01-10 10:10:12,123.67
3052,8005,2024-01-10 10:10:24,123.15
3053,8006,2024-01-10 10:10:36,122.62
3054,8007,2024-01-10 10:10:48,122.14
3055,8008,2024-01-10 10:11:00,121.61
3056,8009,2024-01-10 10:11:12,121.17
3057,8010,2024-01-10 10:11:24,120.69
3058,8011,2024-01-10 10:11:36,120.25
3059,8012,2024-01-10 10:11:48,119.82
3060,8013,2024-01-10 10:12:00,119.46
3061,8014,2024-01-10 10:12:12,119.07
3062,8015,2024-01-10 10:12:24,118.59
3063,8016,2024-01-10 10:12:36,118.19
3064,8017,2024-01-10 10:12:48,117.71
3065,8018,2024-01-10 10:13:00,117.36
3066,8019,2024-01-10 10:13:12,116.88
3067,8020,2024-01-10 10:13:24,116.57
3068,8021,2024-01-10 10:13:36,116.18
3069,8022,2024-01-10 10:13:48,115.78
3070,8023,2024-01-10 10:14:00,115.34
3071,8024,2024-01-10 10:14:12,114.95
3072,8025,2024-01-10 10:14:24,114.56
3073,8026,2024-01-10 10:14:36,114.2
3074,8027,2024-01-10 10:14:48,113.81
3075,8028,2024-01-10 10:15:00,113.24
3076,8029,2024-01-10 10:15:12,112.45
3077,8030,2024-01-10 10:15:24,111.71
3078,8031,2024-01-10 10:15:36,111.05
3079,8032,2024-01-10 10:15:48,110.39
3080,8033,2024-01-10 10:16:00,109.65
3081,8034,2024-01-10 10:16:12,109.03
3082,8035,2024-01-10 10:16:24,108.42
3083,8036,2024-01-10 10:16:36,107.76
3084,8037,2024-01-10 10:16:48,107.1
3085,8038,2024-01-10 10:17:00,106.53
3086,8039,2024-01-10 10:17:12,105.88
3087,8040,2024-01-10 10:17:24,105.39
3088,8041,2024-01-10 10:17:36,105.09
3089,8042,2024-01-10 10:17:48,104.74
3090,8043,2024-01-10 10:18:00,104.47
3091,8044,2024-01-10 10:18:12,104.21
3092,8045,2024-01-10 10:18:24,103.9
3093,8046,2024-01-10 10:18:36,103.64
3094,8047,2024-01-10 10:18:48,103.33
3095,8048,2024-01-10 10:19:00,103.07
3096,8049,2024-01-10 10:19:12,102.85
3097,8050,2024-01-10 10:19:24,102.59
3098,8051,2024-01-10 10:19:36,102.11
3099,8052,2024-01-10 10:19:48,101.54
3100,8053,2024-01-10 10:20:00,101.01
3101,8054,2024-01-10 10:20:12,100.44
3102,8055,2024-01-10 10:20:24,99.91
3103,8056,2024-01-10 10:20:36,99.39
3104,8057,2024-01-10 10:20:48,98.86
3105,8058,2024-01-10 10:21:00,97.72
3106,8059,2024-01-10 10:21:12,98.86
3107,8060,2024-01-10 10:21:24,99.26
3108,8061,2024-01-10 10:21:36,99.13
3109,8062,2024-01-10 10:21:48,98.42
3110,8063,2024-01-10 10:22:00,98.86
3111,8064,2024-01-10 10:22:12,99.08
3112,8065,2024-01-10 10:22:24,99.48
3113,8066,2024-01-10 10:22:36,99.26
3114,8067,2024-01-10 10:22:48,98.99
3115,8068,2024-01-10 10:23:00,99.17
3116,8069,2024-01-10 10:23:12,99.91
3117,8070,2024-01-10 10:23:24,100.09
3118,8071,2024-01-10 10:23:36,100.05
3119,8072,2024-01-10 10:23:48,101.1
3120,8073,2024-01-10 10:24:00,101.49
3121,8074,2024-01-10 10:24:12,100.84
3122,8075,2024-01-10 10:24:24,100.88
3123,8076,2024-01-10 10:24:36,101.62
3124,8077,2024-01-10 10:24:48,102.02
3125,8078,2024-01-10 10:25:00,102.33
3126,8079,2024-01-10 10:25:12,102.68
3127,8080,2024-01-10 10:25:24,102.63
3128,8081,2024-01-10 10:25:36,103.42
3129,8082,2024-01-10 10:25:48,103.2
3130,8083,2024-01-10 10:26:00,103.2
3131,8084,2024-01-10 10:26:12,104.25
3132,8085,2024-01-10 10:26:24,104.3
3133,8086,2024-01-10 10:26:36,104.43
3134,8087,2024-01-10 10:26:48,104.74
3135,8088,2024-01-10 10:27:00,105.61
3136,8089,2024-01-10 10:27:12,105.83
3137,8090,2024-01-10 10:27:24,105.61
3138,8091,2024-01-10 10:27:36,105.57
3139,8092,2024-01-10 10:27:48,106.01
3140,8093,2024-01-10 10:28:00,105.61
3141,8094,2024-01-10 10:28:12,106.05
3142,8095,2024-01-10 10:28:24,105.88
3143,8096,2024-01-10 10:28:36,107.06
3144,8097,2024-01-10 10:28:48,106.58
3145,8098,2024-01-10 10:29:00,107.5
3146,8099,2024-01-10 10:29:12,107.76
3147,8100,2024-01-10 10:29:24,108.02
3148,8101,2024-01-10 10:29:36,108.46
3149,8102,2024-01-10 10:29:48,108.29
3150,8103,2024-01-10 10:30:00,108.07
3151,8104,2024-01-10 10:30:12,108.68
3152,8105,2024-01-10 10:30:24,109.12
3153,8106,2024-01-10 10:30:36,109.3
3154,8107,2024-01-10 10:30:48,108.77
3155,8108,2024-01-10 10:31:00,109.6
3156,8109,2024-01-10 10:31:12,110.22
3157,8110,2024-01-10 10:31:24,109.65
3158,8111,2024-01-10 10:31:36,111.14
3159,8112,2024-01-10 10:31:48,110.3
3160,8113,2024-01-10 10:32:00,110.26
3161,8114,2024-01-10 10:32:12,110.83
3162,8115,2024-01-10 10:32:24,110.83
3163,8116,2024-01-10 10:32:36,111.66
3164,8117,2024-01-10 10:32:48,111.05
3165,8118,2024-01-10 10:33:00,111.84
3166,8119,2024-01-10 10:33:12,111.97
3167,8120,2024-01-10 10:33:24,112.63
3168,8121,2024-01-10 10:33:36,112.63
3169,8122,2024-01-10 10:33:48,112.49
3170,8123,2024-01-10 10:34:00,111.97
3171,8124,2024-01-10 10:34:12,112.85
3172,8125,2024-01-10 10:34:24,113.33
3173,8126,2024-01-10 10:34:36,113.02
3174,8127,2024-01-10 10:34:48,113.77
3175,8128,2024-01-10 10:35:00,113.24
3176,8129,2024-01-10 10:35:12,113.37
3177,8130,2024-01-10 10:35:24,113.5
3178,8131,2024-01-10 10:35:36,113.94
3179,8132,2024-01-10 10:35:48,114.82
3180,8133,2024-01-10 10:36:00,114.91
3181,8134,2024-01-10 10:36:12,115.12
3182,8135,2024-01-10 10:36:24,114.51
3183,8136,2024-01-10 10:36:36,114.77
3184,8137,2024-01-10 10:36:48,115.65
3185,8138,2024-01-10 10:37:00,115.56
3186,8139,2024-01-10 10:37:12,115.52
3187,8140,2024-01-10 10:37:24,115.69
3188,8141,2024-01-10 10:37:36,115.43
3189,8142,2024-01-10 10:37:48,116.13
3190,8143,2024-01-10 10:38:00,116.18
3191,8144,2024-01-10 10:38:12,116.57
3192,8145,2024-01-10 10:38:24,115.69
3193,8146,2024-01-10 10:38:36,116.92
3194,8147,2024-01-10 10:38:48,117.23
3195,8148,2024-01-10 10:39:00,117.32
3196,8149,2024-01-10 10:39:12,116.75
3197,8150,2024-01-10 10:39:24,117.58
3198,8151,2024-01-10 10:39:36,117.23
3199,8152,2024-01-10 10:39:48,117.71
3200,8153,2024-01-10 10:40:00,117.54
3201,8154,2024-01-10 10:40:12,117.93
3202,8155,2024-01-10 10:40:24,118.63
3203,8156,2024-01-10 10:40:36,118.72
3204,8157,2024-01-10 10:40:48,118.59
3205,8158,2024-01-10 10:41:00,118.81
3206,8159,2024-01-10 10:41:12,118.5
3207,8160,2024-01-10 10:41:24,119.2
3208,8161,2024-01-10 10:41:36,118.63
3209,8162,2024-01-10 10:41:48,119.29
3210,8163,2024-01-10 10:42:00,119.38
3211,8164,2024-01-10 10:42:12,119.11
3212,8165,2024-01-10 10:42:24,118.85
3213,8166,2024-01-10 10:42:36,119.82
3214,8167,2024-01-10 10:42:48,119.9
3215,8168,2024-01-10 10:43:00,120.43
3216,8169,2024-01-10 10:43:12,120.69
3217,8170,2024-01-10 10:43:24,120.43
3218,8171,2024-01-10 10:43:36,119.99
3219,8172,2024-01-10 10:43:48,120.65
3220,8173,2024-01-10 10:44:00,120.38
3221,8174,2024-01-10 10:44:12,120.38
3222,8175,2024-01-10 10:44:24,120.17
3223,8176,2024-01-10 10:44:36,118.85
3224,8177,2024-01-10 10:44:48,119.51
3225,8178,2024-01-10 10:45:00,119.33
3226,8179,2024-01-10 10:45:12,118.94
3227,8180,2024-01-10 10:45:24,119.73
3228,8181,2024-01-10 10:45:36,119.99
3229,8182,2024-01-10 10:45:48,119.2
3230,8183,2024-01-10 10:46:00,120.03
3231,8184,2024-01-10 10:46:12,119.9
3232,8185,2024-01-10 10:46:24,120.03
3233,8186,2024-01-10 10:46:36,120.47
3234,8187,2024-01-10 10:46:48,120.69
3235,8188,2024-01-10 10:47:00,120.34
3236,8189,2024-01-10 10:47:12,120.74
3237,8190,2024-01-10 10:47:24,120.17
3238,8191,2024-01-10 10:47:36,120.95
3239,8192,2024-01-10 10:47:48,120.21
3240,8193,2024-01-10 10:48:00,120.74
3241,8194,2024-01-10 10:48:12,120.3
3242,8195,2024-01-10 10:48:24,120.52
3243,8196,2024-01-10 10:48:36,120.74
3244,8197,2024-01-10 10:48:48,121.04
3245,8198,2024-01-10 10:49:00,121.13
3246,8199,2024-01-10 10:49:12,120.25
3247,8200,2024-01-10 10:49:24,121.92
3248,8201,2024-01-10 10:49:36,120.87
3249,8202,2024-01-10 10:49:48,121.7
3250,8203,2024-01-10 10:50:00,122.27
3251,8204,2024-01-10 10:50:12,121.44
3252,8205,2024-01-10 10:50:24,121.04
3253,8206,2024-01-10 10:50:36,121.88
3254,8207,2024-01-10 10:50:48,121.66
3255,8208,2024-01-10 10:51:00,122.23
3256,8209,2024-01-10 10:51:12,122.84
3257,8210,2024-01-10 10:51:24,122.58
3258,8211,2024-01-10 10:51:36,122.23
3259,8212,2024-01-10 10:51:48,122.71
3260,8213,2024-01-10 10:52:00,122.84
3261,8214,2024-01-10 10:52:12,122.4
3262,8215,2024-01-10 10:52:24,122.14
3263,8216,2024-01-10 10:52:36,122.8
3264,8217,2024-01-10 10:52:48,122.45
3265,8218,2024-01-10 10:53:00,122.23
3266,8219,2024-01-10 10:53:12,122.49
3267,8220,2024-01-10 10:53:24,123.01
3268,8221,2024-01-10 10:53:36,123.15
3269,8222,2024-01-10 10:53:48,123.72
3270,8223,2024-01-10 10:54:00,123.06
3271,8224,2024-01-10 10:54:12,123.58
3272,8225,2024-01-10 10:54:24,124.46
3273,8226,2024-01-10 10:54:36,124.2
3274,8227,2024-01-10 10:54:48,123.58
3275,8228,2024-01-10 10:55:00,124.42
3276,8229,2024-01-10 10:55:12,124.2
3277,8230,2024-01-10 10:55:24,124.24
3278,8231,2024-01-10 10:55:36,123.58
3279,8232,2024-01-10 10:55:48,123.01
3280,8233,2024-01-10 10:56:00,122.49
3281,8234,2024-01-10 10:56:12,122.01
3282,8235,2024-01-10 10:56:24,121.57
3283,8236,2024-01-10 10:56:36,121.09
3284,8237,2024-01-10 10:56:48,120.6
3285,8238,2024-01-10 10:57:00,120.17
3286,8239,2024-01-10 10:57:12,119.68
3287,8240,2024-01-10 10:57:24,119.25
3288,8241,2024-01-10 10:57:36,118.76
3289,8242,2024-01-10 10:57:48,118.37
3290,8243,2024-01-10 10:58:00,117.89
3291,8244,2024-01-10 10:58:12,117.49
3292,8245,2024-01-10 10:58:24,117.01
3293,8246,2024-01-10 10:58:36,116.62
3294,8247,2024-01-10 10:58:48,116.18
3295,8248,2024-01-10 10:59:00,115.83
3296,8249,2024-01-10 10:59:12,115.34
3297,8250,2024-01-10 10:59:24,114.95
3298,8251,2024-01-10 10:59:36,114.56
3299,8252,2024-01-10 10:59:48,114.12
3300,8253,2024-01-10 11:00:00,113.77
3301,8254,2024-01-10 11:00:12,113.42
3302,8255,2024-01-10 11:00:24,113.02
3303,8256,2024-01-10 11:00:36,112.67
3304,8257,2024-01-10 11:00:48,112.28
3305,8258,2024-01-10 11:01:00,111.88
3306,8259,2024-01-10 11:01:12,111.57
3307,8260,2024-01-10 11:01:24,111.14
3308,8261,2024-01-10 11:01:36,110.79
3309,8262,2024-01-10 11:01:48,110.39
3310,8263,2024-01-10 11:02:00,110.08
3311,8264,2024-01-10 11:02:12,109.73
3312,8265,2024-01-10 11:02:24,109.3
3313,8266,2024-01-10 11:02:36,109.03
3314,8267,2024-01-10 11:02:48,108.68
3315,8268,2024-01-10 11:03:00,108.29
3316,8269,2024-01-10 11:03:12,108.07
3317,8270,2024-01-10 11:03:24,107.72
3318,8271,2024-01-10 11:03:36,107.37
3319,8272,2024-01-10 11:03:48,107.06
3320,8273,2024-01-10 11:04:00,106.75
3321,8274,2024-01-10 11:04:12,106.4
3322,8275,2024-01-10 11:04:24,106.01
3323,8276,2024-01-10 11:04:36,105.7
3324,8277,2024-01-10 11:04:48,105.35
3325,8278,2024-01-10 11:05:00,105.0
3326,8279,2024-01-10 11:05:12,104.74
3327,8280,2024-01-10 11:05:24,104.39
3328,8281,2024-01-10 11:05:36,104.04
3329,8282,2024-01-10 11:05:48,103.68
3330,8283,2024-01-10 11:06:00,103.33
3331,8284,2024-01-10 11:06:12,103.03
3332,8285,2024-01-10 11:06:24,102.68
3333,8286,2024-01-10 11:06:36,102.37
3334,8287,2024-01-10 11:06:48,102.02
3335,8288,2024-01-10 11:07:00,101.76
3336,8289,2024-01-10 11:07:12,101.45
3337,8290,2024-01-10 11:07:24,101.14
3338,8291,2024-01-10 11:07:36,100.88
3339,8292,2024-01-10 11:07:48,100.48
3340,8293,2024-01-10 11:08:00,100.18
3341,8294,2024-01-10 11:08:12,99.7
3342,8295,2024-01-10 11:08:24,99.3
3343,8296,2024-01-10 11:08:36,98.91
3344,8297,2024-01-10 11:08:48,98.64
3345,8298,2024-01-10 11:09:00,97.9
3346,8299,2024-01-10 11:09:12,99.21
3347,8300,2024-01-10 11:09:24,98.99
3348,8301,2024-01-10 11:09:36,100.18
3349,8302,2024-01-10 11:09:48,99.7
3350,8303,2024-01-10 11:10:00,100.27
3351,8304,2024-01-10 11:10:12,99.65
3352,8305,2024-01-10 11:10:24,99.83
3353,8306,2024-01-10 11:10:36,100.75
3354,8307,2024-01-10 11:10:48,100.57
3355,8308,2024-01-10 11:11:00,100.84
3356,8309,2024-01-10 11:11:12,101.05
3357,8310,2024-01-10 11:11:24,100.35
3358,8311,2024-01-10 11:11:36,101.23
3359,8312,2024-01-10 11:11:48,101.67
3360,8313,2024-01-10 11:12:00,101.45
3361,8314,2024-01-10 11:12:12,102.46
3362,8315,2024-01-10 11:12:24,102.76
3363,8316,2024-01-10 11:12:36,102.9
3364,8317,2024-01-10 11:12:48,102.46
3365,8318,2024-01-10 11:13:00,103.64
3366,8319,2024-01-10 11:13:12,103.73
3367,8320,2024-01-10 11:13:24,103.29
3368,8321,2024-01-10 11:13:36,103.38
3369,8322,2024-01-10 11:13:48,104.74
3370,8323,2024-01-10 11:14:00,103.9
3371,8324,2024-01-10 11:14:12,104.87
3372,8325,2024-01-10 11:14:24,105.26
3373,8326,2024-01-10 11:14:36,105.35
3374,8327,2024-01-10 11:14:48,106.23
3375,8328,2024-01-10 11:15:00,105.74
3376,8329,2024-01-10 11:15:12,106.01
3377,8330,2024-01-10 11:15:24,105.92
3378,8331,2024-01-10 11:15:36,106.93
3379,8332,2024-01-10 11:15:48,105.79
3380,8333,2024-01-10 11:16:00,106.53
3381,8334,2024-01-10 11:16:12,107.24
3382,8335,2024-01-10 11:16:24,107.28
3383,8336,2024-01-10 11:16:36,107.24
3384,8337,2024-01-10 11:16:48,107.37
3385,8338,2024-01-10 11:17:00,107.67
3386,8339,2024-01-10 11:17:12,107.72
3387,8340,2024-01-10 11:17:24,107.59
3388,8341,2024-01-10 11:17:36,108.59
3389,8342,2024-01-10 11:17:48,107.8
3390,8343,2024-01-10 11:18:00,108.33
3391,8344,2024-01-10 11:18:12,108.9
3392,8345,2024-01-10 11:18:24,108.77
3393,8346,2024-01-10 11:18:36,108.64
3394,8347,2024-01-10 11:18:48,109.82
3395,8348,2024-01-10 11:19:00,109.86
3396,8349,2024-01-10 11:19:12,110.22
3397,8350,2024-01-10 11:19:24,110.13
3398,8351,2024-01-10 11:19:36,110.61
3399,8352,2024-01-10 11:19:48,110.17
3400,8353,2024-01-10 11:20:00,110.17
3401,8354,2024-01-10 11:20:12,111.36
3402,8355,2024-01-10 11:20:24,110.57
3403,8356,2024-01-10 11:20:36,111.36
3404,8357,2024-01-10 11:20:48,110.92
3405,8358,2024-01-10 11:21:00,111.31
3406,8359,2024-01-10 11:21:12,112.28
3407,8360,2024-01-10 11:21:24,112.28
3408,8361,2024-01-10 11:21:36,112.1
3409,8362,2024-01-10 11:21:48,112.41
3410,8363,2024-01-10 11:22:00,112.45
3411,8364,2024-01-10 11:22:12,112.67
3412,8365,2024-01-10 11:22:24,112.85
3413,8366,2024-01-10 11:22:36,113.02
3414,8367,2024-01-10 11:22:48,113.33
3415,8368,2024-01-10 11:23:00,113.72
3416,8369,2024-01-10 11:23:12,114.25
3417,8370,2024-01-10 11:23:24,113.85
3418,8371,2024-01-10 11:23:36,114.16
3419,8372,2024-01-10 11:23:48,114.2
3420,8373,2024-01-10 11:24:00,114.6
3421,8374,2024-01-10 11:24:12,114.12
3422,8375,2024-01-10 11:24:24,114.64
3423,8376,2024-01-10 11:24:36,114.91
3424,8377,2024-01-10 11:24:48,115.69
3425,8378,2024-01-10 11:25:00,115.61
3426,8379,2024-01-10 11:25:12,116.13
3427,8380,2024-01-10 11:25:24,116.0
3428,8381,2024-01-10 11:25:36,115.65
3429,8382,2024-01-10 11:25:48,116.22
3430,8383,2024-01-10 11:26:00,116.05
3431,8384,2024-01-10 11:26:12,116.4
3432,8385,2024-01-10 11:26:24,116.53
3433,8386,2024-01-10 11:26:36,116.66
3434,8387,2024-01-10 11:26:48,117.23
3435,8388,2024-01-10 11:27:00,117.23
3436,8389,2024-01-10 11:27:12,116.88
3437,8390,2024-01-10 11:27:24,116.79
3438,8391,2024-01-10 11:27:36,117.89
3439,8392,2024-01-10 11:27:48,117.67
3440,8393,2024-01-10 11:28:00,117.71
3441,8394,2024-01-10 11:28:12,117.19
3442,8395,2024-01-10 11:28:24,117.54
3443,8396,2024-01-10 11:28:36,118.11
3444,8397,2024-01-10 11:28:48,117.8
3445,8398,2024-01-10 11:29:00,118.06
3446,8399,2024-01-10 11:29:12,118.85
3447,8400,2024-01-10 11:29:24,118.41
3448,8401,2024-01-10 11:29:36,118.06
3449,8402,2024-01-10 11:29:48,118.68
3450,8403,2024-01-10 11:30:00,118.76
3451,8404,2024-01-10 11:30:12,119.51
3452,8405,2024-01-10 11:30:24,119.51
3453,8406,2024-01-10 11:30:36,119.82
3454,8407,2024-01-10 11:30:48,120.17
3455,8408,2024-01-10 11:31:00,119.55
3456,8409,2024-01-10 11:31:12,119.38
3457,8410,2024-01-10 11:31:24,119.82
3458,8411,2024-01-10 11:31:36,120.69
3459,8412,2024-01-10 11:31:48,119.99
3460,8413,2024-01-10 11:32:00,120.69
3461,8414,2024-01-10 11:32:12,119.68
3462,8415,2024-01-10 11:32:24,120.34
3463,8416,2024-01-10 11:32:36,121.13
3464,8417,2024-01-10 11:32:48,121.17
3465,8418,2024-01-10 11:33:00,121.09
3466,8419,2024-01-10 11:33:12,120.69
3467,8420,2024-01-10 11:33:24,120.78
3468,8421,2024-01-10 11:33:36,121.66
3469,8422,2024-01-10 11:33:48,121.26
3470,8423,2024-01-10 11:34:00,121.22
3471,8424,2024-01-10 11:34:12,122.27
3472,8425,2024-01-10 11:34:24,122.27
3473,8426,2024-01-10 11:34:36,122.23
3474,8427,2024-01-10 11:34:48,122.01
3475,8428,2024-01-10 11:35:00,122.58
3476,8429,2024-01-10 11:35:12,122.01
3477,8430,2024-01-10 11:35:24,122.4
3478,8431,2024-01-10 11:35:36,122.97
3479,8432,2024-01-10 11:35:48,123.1
3480,8433,2024-01-10 11:36:00,122.8
3481,8434,2024-01-10 11:36:12,122.8
3482,8435,2024-01-10 11:36:24,123.15
3483,8436,2024-01-10 11:36:36,122.97
3484,8437,2024-01-10 11:36:48,123.54
3485,8438,2024-01-10 11:37:00,124.07
3486,8439,2024-01-10 11:37:12,123.54
3487,8440,2024-01-10 11:37:24,124.37
3488,8441,2024-01-10 11:37:36,123.89
3489,8442,2024-01-10 11:37:48,124.24
3490,8443,2024-01-10 11:38:00,124.46
3491,8444,2024-01-10 11:38:12,124.68
3492,8445,2024-01-10 11:38:24,124.99
3493,8446,2024-01-10 11:38:36,123.72
3494,8447,2024-01-10 11:38:48,123.15
3495,8448,2024-01-10 11:39:00,122.62
3496,8449,2024-01-10 11:39:12,122.09
3497,8450,2024-01-10 11:39:24,121.61
3498,8451,2024-01-10 11:39:36,121.13
3499,8452,2024-01-10 11:39:48,120.69
3500,8453,2024-01-10 11:40:00,120.21
3501,8454,2024-01-10 11:40:12,119.73
3502,8455,2024-01-10 11:40:24,119.29
3503,8456,2024-01-10 11:40:36,118.81
3504,8457,2024-01-10 11:40:48,118.28
3505,8458,2024-01-10 11:41:00,117.89
3506,8459,2024-01-10 11:41:12,117.45
3507,8460,2024-01-10 11:41:24,117.05
3508,8461,2024-01-10 11:41:36,116.57
3509,8462,2024-01-10 11:41:48,116.26
3510,8463,2024-01-10 11:42:00,115.83
3511,8464,2024-01-10 11:42:12,115.48
3512,8465,2024-01-10 11:42:24,115.08
3513,8466,2024-01-10 11:42:36,114.6
3514,8467,2024-01-10 11:42:48,114.25
3515,8468,2024-01-10 11:43:00,113.77
3516,8469,2024-01-10 11:43:12,113.33
3517,8470,2024-01-10 11:43:24,112.93
3518,8471,2024-01-10 11:43:36,112.63
3519,8472,2024-01-10 11:43:48,112.23
3520,8473,2024-01-10 11:44:00,111.84
3521,8474,2024-01-10 11:44:12,111.4
3522,8475,2024-01-10 11:44:24,111.0
3523,8476,2024-01-10 11:44:36,110.57
3524,8477,2024-01-10 11:44:48,110.13
3525,8478,2024-01-10 11:45:00,109.73
3526,8479,2024-01-10 11:45:12,109.3
3527,8480,2024-01-10 11:45:24,108.86
3528,8481,2024-01-10 11:45:36,108.46
3529,8482,2024-01-10 11:45:48,108.2
3530,8483,2024-01-10 11:46:00,107.76
3531,8484,2024-01-10 11:46:12,107.45
3532,8485,2024-01-10 11:46:24,107.06
3533,8486,2024-01-10 11:46:36,106.75
3534,8487,2024-01-10 11:46:48,106.36
3535,8488,2024-01-10 11:47:00,106.01
3536,8489,2024-01-10 11:47:12,105.66
3537,8490,2024-01-10 11:47:24,105.35
3538,8491,2024-01-10 11:47:36,105.0
3539,8492,2024-01-10 11:47:48,104.65
3540,8493,2024-01-10 11:48:00,104.3
3541,8494,2024-01-10 11:48:12,103.99
3542,8495,2024-01-10 11:48:24,103.68
3543,8496,2024-01-10 11:48:36,103.29
3544,8497,2024-01-10 11:48:48,102.98
3545,8498,2024-01-10 11:49:00,102.63
3546,8499,2024-01-10 11:49:12,102.37
3547,8500,2024-01-10 11:49:24,101.93
3548,8501,2024-01-10 11:49:36,101.67
3549,8502,2024-01-10 11:49:48,101.32
3550,8503,2024-01-10 11:50:00,100.97
3551,8504,2024-01-10 11:50:12,100.66
3552,8505,2024-01-10 11:50:24,100.35
3553,8506,2024-01-10 11:50:36,100.05
3554,8507,2024-01-10 11:50:48,99.65
3555,8508,2024-01-10 11:51:00,99.43
3556,8509,2024-01-10 11:51:12,98.99
3557,8510,2024-01-10 11:51:24,98.86
3558,8511,2024-01-10 11:51:36,98.56
3559,8512,2024-01-10 11:51:48,100.22
3560,8513,2024-01-10 11:52:00,98.99
3561,8514,2024-01-10 11:52:12,99.39
3562,8515,2024-01-10 11:52:24,100.0
3563,8516,2024-01-10 11:52:36,100.4
3564,8517,2024-01-10 11:52:48,100.4
3565,8518,2024-01-10 11:53:00,100.31
3566,8519,2024-01-10 11:53:12,100.84
3567,8520,2024-01-10 11:53:24,101.27
3568,8521,2024-01-10 11:53:36,101.67
3569,8522,2024-01-10 11:53:48,101.23
3570,8523,2024-01-10 11:54:00,102.33
3571,8524,2024-01-10 11:54:12,102.37
3572,8525,2024-01-10 11:54:24,102.46
3573,8526,2024-01-10 11:54:36,102.85
3574,8527,2024-01-10 11:54:48,103.42
3575,8528,2024-01-10 11:55:00,103.42
3576,8529,2024-01-10 11:55:12,103.2
3577,8530,2024-01-10 11:55:24,104.25
3578,8531,2024-01-10 11:55:36,104.25
3579,8532,2024-01-10 11:55:48,104.17
3580,8533,2024-01-10 11:56:00,103.9
3581,8534,2024-01-10 11:56:12,104.69
3582,8535,2024-01-10 11:56:24,104.43
3583,8536,2024-01-10 11:56:36,105.39
3584,8537,2024-01-10 11:56:48,105.53
3585,8538,2024-01-10 11:57:00,106.05
3586,8539,2024-01-10 11:57:12,105.83
3587,8540,2024-01-10 11:57:24,106.1
3588,8541,2024-01-10 11:57:36,106.49
3589,8542,2024-01-10 11:57:48,106.45
3590,8543,2024-01-10 11:58:00,107.19
3591,8544,2024-01-10 11:58:12,107.28
3592,8545,2024-01-10 11:58:24,107.28
3593,8546,2024-01-10 11:58:36,107.37
3594,8547,2024-01-10 11:58:48,107.41
3595,8548,2024-01-10 11:59:00,107.76
3596,8549,2024-01-10 11:59:12,107.37
3597,8550,2024-01-10 11:59:24,107.85
3598,8551,2024-01-10 11:59:36,108.59
3599,8552,2024-01-10 11:59:48,108.68
3600,8553,2024-01-10 12:00:00,108.99
3601,8554,2024-01-10 12:00:12,109.03
3602,8555,2024-01-10 12:00:24,109.73
3603,8556,2024-01-10 12:00:36,108.73
3604,8557,2024-01-10 12:00:48,110.52
3605,8558,2024-01-10 12:01:00,110.0
3606,8559,2024-01-10 12:01:12,110.43
3607,8560,2024-01-10 12:01:24,110.17
3608,8561,2024-01-10 12:01:36,111.57
3609,8562,2024-01-10 12:01:48,110.48
3610,8563,2024-01-10 12:02:00,110.52
3611,8564,2024-01-10 12:02:12,111.18
3612,8565,2024-01-10 12:02:24,111.62
3613,8566,2024-01-10 12:02:36,112.06
3614,8567,2024-01-10 12:02:48,111.27
3615,8568,2024-01-10 12:03:00,112.14
3616,8569,2024-01-10 12:03:12,112.36
3617,8570,2024-01-10 12:03:24,112.14
3618,8571,2024-01-10 12:03:36,111.49
3619,8572,2024-01-10 12:03:48,113.15
3620,8573,2024-01-10 12:04:00,114.12
3621,8574,2024-01-10 12:04:12,112.98
3622,8575,2024-01-10 12:04:24,113.77
3623,8576,2024-01-10 12:04:36,114.16
3624,8577,2024-01-10 12:04:48,114.03
3625,8578,2024-01-10 12:05:00,113.85
3626,8579,2024-01-10 12:05:12,114.34
3627,8580,2024-01-10 12:05:24,114.82
3628,8581,2024-01-10 12:05:36,114.95
3629,8582,2024-01-10 12:05:48,114.86
3630,8583,2024-01-10 12:06:00,115.83
3631,8584,2024-01-10 12:06:12,115.61
3632,8585,2024-01-10 12:06:24,115.08
3633,8586,2024-01-10 12:06:36,115.39
3634,8587,2024-01-10 12:06:48,116.53
3635,8588,2024-01-10 12:07:00,116.13
3636,8589,2024-01-10 12:07:12,115.17
3637,8590,2024-01-10 12:07:24,116.79
3638,8591,2024-01-10 12:07:36,117.14
3639,8592,2024-01-10 12:07:48,117.23
3640,8593,2024-01-10 12:08:00,117.23
3641,8594,2024-01-10 12:08:12,117.14
3642,8595,2024-01-10 12:08:24,117.71
3643,8596,2024-01-10 12:08:36,117.4
3644,8597,2024-01-10 12:08:48,117.71
3645,8598,2024-01-10 12:09:00,118.15
3646,8599,2024-01-10 12:09:12,118.15
3647,8600,2024-01-10 12:09:24,118.54
3648,8601,2024-01-10 12:09:36,118.63
3649,8602,2024-01-10 12:09:48,118.94
3650,8603,2024-01-10 12:10:00,118.63
3651,8604,2024-01-10 12:10:12,119.68
3652,8605,2024-01-10 12:10:24,119.38
3653,8606,2024-01-10 12:10:36,119.25
3654,8607,2024-01-10 12:10:48,118.63
3655,8608,2024-01-10 12:11:00,120.25
3656,8609,2024-01-10 12:11:12,120.25
3657,8610,2024-01-10 12:11:24,120.69
3658,8611,2024-01-10 12:11:36,120.17
3659,8612,2024-01-10 12:11:48,121.0
3660,8613,2024-01-10 12:12:00,120.38
3661,8614,2024-01-10 12:12:12,120.82
3662,8615,2024-01-10 12:12:24,121.04
3663,8616,2024-01-10 12:12:36,121.26
3664,8617,2024-01-10 12:12:48,121.66
3665,8618,2024-01-10 12:13:00,121.66
3666,8619,2024-01-10 12:13:12,121.92
3667,8620,2024-01-10 12:13:24,121.74
3668,8621,2024-01-10 12:13:36,122.31
3669,8622,2024-01-10 12:13:48,122.4
3670,8623,2024-01-10 12:14:00,122.01
3671,8624,2024-01-10 12:14:12,122.8
3672,8625,2024-01-10 12:14:24,122.45
3673,8626,2024-01-10 12:14:36,122.88
3674,8627,2024-01-10 12:14:48,123.85
3675,8628,2024-01-10 12:15:00,123.67
3676,8629,2024-01-10 12:15:12,124.24
3677,8630,2024-01-10 12:15:24,123.67
3678,8631,2024-01-10 12:15:36,124.11
3679,8632,2024-01-10 12:15:48,123.8
3680,8633,2024-01-10 12:16:00,124.11
3681,8634,2024-01-10 12:16:12,124.37
3682,8635,2024-01-10 12:16:24,124.11
3683,8636,2024-01-10 12:16:36,123.54
3684,8637,2024-01-10 12:16:48,123.15
3685,8638,2024-01-10 12:17:00,122.62
3686,8639,2024-01-10 12:17:12,122.14
3687,8640,2024-01-10 12:17:24,121.66
3688,8641,2024-01-10 12:17:36,121.22
3689,8642,2024-01-10 12:17:48,120.82
3690,8643,2024-01-10 12:18:00,120.38
3691,8644,2024-01-10 12:18:12,119.95
3692,8645,2024-01-10 12:18:24,119.55
3693,8646,2024-01-10 12:18:36,119.16
3694,8647,2024-01-10 12:18:48,118.63
3695,8648,2024-01-10 12:19:00,118.37
3696,8649,2024-01-10 12:19:12,117.93
3697,8650,2024-01-10 12:19:24,117.49
3698,8651,2024-01-10 12:19:36,117.19
3699,8652,2024-01-10 12:19:48,116.79
3700,8653,2024-01-10 12:20:00,116.48
3701,8654,2024-01-10 12:20:12,116.05
3702,8655,2024-01-10 12:20:24,115.61
3703,8656,2024-01-10 12:20:36,115.3
3704,8657,2024-01-10 12:20:48,114.95
3705,8658,2024-01-10 12:21:00,114.56
3706,8659,2024-01-10 12:21:12,114.2
3707,8660,2024-01-10 12:21:24,113.9
3708,8661,2024-01-10 12:21:36,113.55
3709,8662,2024-01-10 12:21:48,113.2
3710,8663,2024-01-10 12:22:00,112.89
3711,8664,2024-01-10 12:22:12,112.49
3712,8665,2024-01-10 12:22:24,112.28
3713,8666,2024-01-10 12:22:36,111.93
3714,8667,2024-01-10 12:22:48,111.57
3715,8668,2024-01-10 12:23:00,111.22
3716,8669,2024-01-10 12:23:12,110.92
3717,8670,2024-01-10 12:23:24,110.61
3718,8671,2024-01-10 12:23:36,110.22
3719,8672,2024-01-10 12:23:48,110.0
3720,8673,2024-01-10 12:24:00,109.65
3721,8674,2024-01-10 12:24:12,109.38
3722,8675,2024-01-10 12:24:24,109.03
3723,8676,2024-01-10 12:24:36,108.77
3724,8677,2024-01-10 12:24:48,108.42
3725,8678,2024-01-10 12:25:00,108.2
3726,8679,2024-01-10 12:25:12,107.89
3727,8680,2024-01-10 12:25:24,107.54
3728,8681,2024-01-10 12:25:36,107.28
3729,8682,2024-01-10 12:25:48,106.97
3730,8683,2024-01-10 12:26:00,106.71
3731,8684,2024-01-10 12:26:12,106.36
3732,8685,2024-01-10 12:26:24,106.01
3733,8686,2024-01-10 12:26:36,105.79
3734,8687,2024-01-10 12:26:48,105.48
3735,8688,2024-01-10 12:27:00,105.22
3736,8689,2024-01-10 12:27:12,104.96
3737,8690,2024-01-10 12:27:24,104.69
3738,8691,2024-01-10 12:27:36,104.43
3739,8692,2024-01-10 12:27:48,104.08
3740,8693,2024-01-10 12:28:00,103.86
3741,8694,2024-01-10 12:28:12,103.51
3742,8695,2024-01-10 12:28:24,103.2
3743,8696,2024-01-10 12:28:36,103.03
3744,8697,2024-01-10 12:28:48,102.76
3745,8698,2024-01-10 12:29:00,102.46
3746,8699,2024-01-10 12:29:12,102.15
3747,8700,2024-01-10 12:29:24,101.93
3748,8701,2024-01-10 12:29:36,101.62
3749,8702,2024-01-10 12:29:48,101.36
3750,8703,2024-01-10 12:30:00,101.05
3751,8704,2024-01-10 12:30:12,100.84
3752,8705,2024-01-10 12:30:24,100.57
3753,8706,2024-01-10 12:30:36,100.31
3754,8707,2024-01-10 12:30:48,100.0
3755,8708,2024-01-10 12:31:00,99.74
3756,8709,2024-01-10 12:31:12,99.56
3757,8710,2024-01-10 12:31:24,99.21
3758,8711,2024-01-10 12:31:36,98.95
3759,8712,2024-01-10 12:31:48,98.73
3760,8713,2024-01-10 12:32:00,98.42
3761,8714,2024-01-10 12:32:12,98.38
3762,8715,2024-01-10 12:32:24,98.25
3763,8716,2024-01-10 12:32:36,98.86
3764,8717,2024-01-10 12:32:48,100.0
3765,8718,2024-01-10 12:33:00,100.88
3766,8719,2024-01-10 12:33:12,101.8
3767,8720,2024-01-10 12:33:24,101.05
3768,8721,2024-01-10 12:33:36,101.93
3769,8722,2024-01-10 12:33:48,101.98
3770,8723,2024-01-10 12:34:00,101.32
3771,8724,2024-01-10 12:34:12,102.33
3772,8725,2024-01-10 12:34:24,103.16
3773,8726,2024-01-10 12:34:36,103.03
3774,8727,2024-01-10 12:34:48,102.63
3775,8728,2024-01-10 12:35:00,103.82
3776,8729,2024-01-10 12:35:12,103.55
3777,8730,2024-01-10 12:35:24,104.25
3778,8731,2024-01-10 12:35:36,103.86
3779,8732,2024-01-10 12:35:48,104.39
3780,8733,2024-01-10 12:36:00,104.04
3781,8734,2024-01-10 12:36:12,104.69
3782,8735,2024-01-10 12:36:24,105.48
3783,8736,2024-01-10 12:36:36,105.26
3784,8737,2024-01-10 12:36:48,105.44
3785,8738,2024-01-10 12:37:00,105.13
3786,8739,2024-01-10 12:37:12,106.01
3787,8740,2024-01-10 12:37:24,106.23
3788,8741,2024-01-10 12:37:36,106.18
3789,8742,2024-01-10 12:37:48,106.45
3790,8743,2024-01-10 12:38:00,106.93
3791,8744,2024-01-10 12:38:12,107.06
3792,8745,2024-01-10 12:38:24,106.58
3793,8746,2024-01-10 12:38:36,106.67
3794,8747,2024-01-10 12:38:48,106.93
3795,8748,2024-01-10 12:39:00,107.94
3796,8749,2024-01-10 12:39:12,107.76
3797,8750,2024-01-10 12:39:24,108.24
3798,8751,2024-01-10 12:39:36,108.07
3799,8752,2024-01-10 12:39:48,108.51
3800,8753,2024-01-10 12:40:00,108.81
3801,8754,2024-01-10 12:40:12,108.55
3802,8755,2024-01-10 12:40:24,108.59
3803,8756,2024-01-10 12:40:36,108.33
3804,8757,2024-01-10 12:40:48,108.64
3805,8758,2024-01-10 12:41:00,109.16
3806,8759,2024-01-10 12:41:12,109.51
3807,8760,2024-01-10 12:41:24,109.91
3808,8761,2024-01-10 12:41:36,110.48
3809,8762,2024-01-10 12:41:48,109.65
3810,8763,2024-01-10 12:42:00,110.79
3811,8764,2024-01-10 12:42:12,110.17
3812,8765,2024-01-10 12:42:24,110.13
3813,8766,2024-01-10 12:42:36,110.87
3814,8767,2024-01-10 12:42:48,111.05
3815,8768,2024-01-10 12:43:00,110.96
3816,8769,2024-01-10 12:43:12,111.49
3817,8770,2024-01-10 12:43:24,111.22
3818,8771,2024-01-10 12:43:36,111.49
3819,8772,2024-01-10 12:43:48,111.75
3820,8773,2024-01-10 12:44:00,112.1
3821,8774,2024-01-10 12:44:12,112.58
3822,8775,2024-01-10 12:44:24,111.44
3823,8776,2024-01-10 12:44:36,112.76
3824,8777,2024-01-10 12:44:48,112.8
3825,8778,2024-01-10 12:45:00,112.58
3826,8779,2024-01-10 12:45:12,112.36
3827,8780,2024-01-10 12:45:24,113.02
3828,8781,2024-01-10 12:45:36,113.5
3829,8782,2024-01-10 12:45:48,113.42
3830,8783,2024-01-10 12:46:00,112.8
3831,8784,2024-01-10 12:46:12,113.37
3832,8785,2024-01-10 12:46:24,113.68
3833,8786,2024-01-10 12:46:36,113.85
3834,8787,2024-01-10 12:46:48,114.29
3835,8788,2024-01-10 12:47:00,114.16
3836,8789,2024-01-10 12:47:12,114.42
3837,8790,2024-01-10 12:47:24,114.91
3838,8791,2024-01-10 12:47:36,114.25
3839,8792,2024-01-10 12:47:48,114.99
3840,8793,2024-01-10 12:48:00,114.42
3841,8794,2024-01-10 12:48:12,115.21
3842,8795,2024-01-10 12:48:24,116.4
3843,8796,2024-01-10 12:48:36,115.74
3844,8797,2024-01-10 12:48:48,115.39
3845,8798,2024-01-10 12:49:00,115.69
3846,8799,2024-01-10 12:49:12,115.78
3847,8800,2024-01-10 12:49:24,115.74
3848,8801,2024-01-10 12:49:36,116.13
3849,8802,2024-01-10 12:49:48,115.39
3850,8803,2024-01-10 12:50:00,116.66
3851,8804,2024-01-10 12:50:12,116.31
3852,8805,2024-01-10 12:50:24,116.4
3853,8806,2024-01-10 12:50:36,116.22
3854,8807,2024-01-10 12:50:48,116.88
3855,8808,2024-01-10 12:51:00,116.88
3856,8809,2024-01-10 12:51:12,116.57
3857,8810,2024-01-10 12:51:24,116.31
3858,8811,2024-01-10 12:51:36,116.4
3859,8812,2024-01-10 12:51:48,116.09
3860,8813,2024-01-10 12:52:00,117.01
3861,8814,2024-01-10 12:52:12,116.0
3862,8815,2024-01-10 12:52:24,116.75
3863,8816,2024-01-10 12:52:36,117.19
3864,8817,2024-01-10 12:52:48,116.88
3865,8818,2024-01-10 12:53:00,117.14
3866,8819,2024-01-10 12:53:12,117.71
3867,8820,2024-01-10 12:53:24,117.54
3868,8821,2024-01-10 12:53:36,118.19
3869,8822,2024-01-10 12:53:48,117.67
3870,8823,2024-01-10 12:54:00,117.36
3871,8824,2024-01-10 12:54:12,117.89
3872,8825,2024-01-10 12:54:24,118.24
3873,8826,2024-01-10 12:54:36,118.24
3874,8827,2024-01-10 12:54:48,117.97
3875,8828,2024-01-10 12:55:00,118.68
3876,8829,2024-01-10 12:55:12,118.98
3877,8830,2024-01-10 12:55:24,118.98
3878,8831,2024-01-10 12:55:36,119.82
3879,8832,2024-01-10 12:55:48,119.25
3880,8833,2024-01-10 12:56:00,119.64
3881,8834,2024-01-10 12:56:12,120.3
3882,8835,2024-01-10 12:56:24,120.03
3883,8836,2024-01-10 12:56:36,119.82
3884,8837,2024-01-10 12:56:48,119.2
3885,8838,2024-01-10 12:57:00,119.9
3886,8839,2024-01-10 12:57:12,120.03
3887,8840,2024-01-10 12:57:24,120.38
3888,8841,2024-01-10 12:57:36,120.34
3889,8842,2024-01-10 12:57:48,120.3
3890,8843,2024-01-10 12:58:00,120.21
3891,8844,2024-01-10 12:58:12,120.87
3892,8845,2024-01-10 12:58:24,121.13
3893,8846,2024-01-10 12:58:36,121.26
3894,8847,2024-01-10 12:58:48,121.09
3895,8848,2024-01-10 12:59:00,121.13
3896,8849,2024-01-10 12:59:12,120.87
3897,8850,2024-01-10 12:59:24,121.57
3898,8851,2024-01-10 12:59:36,122.05
3899,8852,2024-01-10 12:59:48,122.09
3900,8853,2024-01-10 13:00:00,121.31
3901,8854,2024-01-10 13:00:12,122.36
3902,8855,2024-01-10 13:00:24,122.18
3903,8856,2024-01-10 13:00:36,122.01
3904,8857,2024-01-10 13:00:48,123.06
3905,8858,2024-01-10 13:01:00,122.58
3906,8859,2024-01-10 13:01:12,122.49
3907,8860,2024-01-10 13:01:24,123.45
3908,8861,2024-01-10 13:01:36,123.67
3909,8862,2024-01-10 13:01:48,122.58
3910,8863,2024-01-10 13:02:00,124.02
3911,8864,2024-01-10 13:02:12,123.37
3912,8865,2024-01-10 13:02:24,123.89
3913,8866,2024-01-10 13:02:36,123.89
3914,8867,2024-01-10 13:02:48,124.02
3915,8868,2024-01-10 13:03:00,123.58
3916,8869,2024-01-10 13:03:12,123.67
3917,8870,2024-01-10 13:03:24,123.63
3918,8871,2024-01-10 13:03:36,124.24
3919,8872,2024-01-10 13:03:48,123.85
3920,8873,2024-01-10 13:04:00,123.06
3921,8874,2024-01-10 13:04:12,124.02
3922,8875,2024-01-10 13:04:24,123.89
3923,8876,2024-01-10 13:04:36,123.32
3924,8877,2024-01-10 13:04:48,122.84
3925,8878,2024-01-10 13:05:00,122.31
3926,8879,2024-01-10 13:05:12,121.74
3927,8880,2024-01-10 13:05:24,121.13
3928,8881,2024-01-10 13:05:36,120.6
3929,8882,2024-01-10 13:05:48,119.95
3930,8883,2024-01-10 13:06:00,119.29
3931,8884,2024-01-10 13:06:12,118.72
3932,8885,2024-01-10 13:06:24,118.15
3933,8886,2024-01-10 13:06:36,117.58
3934,8887,2024-01-10 13:06:48,117.19
3935,8888,2024-01-10 13:07:00,116.66
3936,8889,2024-01-10 13:07:12,116.13
3937,8890,2024-01-10 13:07:24,115.43
3938,8891,2024-01-10 13:07:36,114.95
3939,8892,2024-01-10 13:07:48,114.38
3940,8893,2024-01-10 13:08:00,113.99
3941,8894,2024-01-10 13:08:12,113.59
3942,8895,2024-01-10 13:08:24,113.24
3943,8896,2024-01-10 13:08:36,112.8
3944,8897,2024-01-10 13:08:48,112.54
3945,8898,2024-01-10 13:09:00,112.14
3946,8899,2024-01-10 13:09:12,111.84
3947,8900,2024-01-10 13:09:24,111.53
3948,8901,2024-01-10 13:09:36,111.18
3949,8902,2024-01-10 13:09:48,110.83
3950,8903,2024-01-10 13:10:00,110.52
3951,8904,2024-01-10 13:10:12,110.22
3952,8905,2024-01-10 13:10:24,109.86
3953,8906,2024-01-10 13:10:36,109.56
3954,8907,2024-01-10 13:10:48,109.12
3955,8908,2024-01-10 13:11:00,108.77
3956,8909,2024-01-10 13:11:12,108.46
3957,8910,2024-01-10 13:11:24,108.2
3958,8911,2024-01-10 13:11:36,107.76
3959,8912,2024-01-10 13:11:48,107.45
3960,8913,2024-01-10 13:12:00,107.06
3961,8914,2024-01-10 13:12:12,106.75
3962,8915,2024-01-10 13:12:24,106.36
3963,8916,2024-01-10 13:12:36,106.1
3964,8917,2024-01-10 13:12:48,105.66
3965,8918,2024-01-10 13:13:00,105.39
3966,8919,2024-01-10 13:13:12,105.09
3967,8920,2024-01-10 13:13:24,104.78
3968,8921,2024-01-10 13:13:36,104.43
3969,8922,2024-01-10 13:13:48,104.12
3970,8923,2024-01-10 13:14:00,103.86
3971,8924,2024-01-10 13:14:12,103.55
3972,8925,2024-01-10 13:14:24,103.2
3973,8926,2024-01-10 13:14:36,102.94
3974,8927,2024-01-10 13:14:48,102.68
3975,8928,2024-01-10 13:15:00,102.41
3976,8929,2024-01-10 13:15:12,102.11
3977,8930,2024-01-10 13:15:24,101.76
3978,8931,2024-01-10 13:15:36,101.45
3979,8932,2024-01-10 13:15:48,101.23
3980,8933,2024-01-10 13:16:00,100.92
3981,8934,2024-01-10 13:16:12,100.62
3982,8935,2024-01-10 13:16:24,100.35
3983,8936,2024-01-10 13:16:36,100.05
3984,8937,2024-01-10 13:16:48,99.83
3985,8938,2024-01-10 13:17:00,99.52
3986,8939,2024-01-10 13:17:12,99.13
3987,8940,2024-01-10 13:17:24,98.73
3988,8941,2024-01-10 13:17:36,99.7
3989,8942,2024-01-10 13:17:48,99.13
3990,8943,2024-01-10 13:18:00,98.99
3991,8944,2024-01-10 13:18:12,98.78
3992,8945,2024-01-10 13:18:24,98.69
3993,8946,2024-01-10 13:18:36,98.07
3994,8947,2024-01-10 13:18:48,98.29
3995,8948,2024-01-10 13:19:00,98.82
3996,8949,2024-01-10 13:19:12,99.21
3997,8950,2024-01-10 13:19:24,99.74
3998,8951,2024-01-10 13:19:36,99.83
3999,8952,2024-01-10 13:19:48,99.96
4000,8953,2024-01-10 13:20:00,100.62
4001,8954,2024-01-10 13:20:12,100.4
4002,8955,2024-01-10 13:20:24,101.23
4003,8956,2024-01-10 13:20:36,101.67
4004,8957,2024-01-10 13:20:48,101.76
4005,8958,2024-01-10 13:21:00,101.27
4006,8959,2024-01-10 13:21:12,102.11
4007,8960,2024-01-10 13:21:24,102.02
4008,8961,2024-01-10 13:21:36,102.54
4009,8962,2024-01-10 13:21:48,102.28
4010,8963,2024-01-10 13:22:00,102.63
4011,8964,2024-01-10 13:22:12,101.89
4012,8965,2024-01-10 13:22:24,102.28
4013,8966,2024-01-10 13:22:36,103.55
4014,8967,2024-01-10 13:22:48,102.81
4015,8968,2024-01-10 13:23:00,103.64
4016,8969,2024-01-10 13:23:12,103.42
4017,8970,2024-01-10 13:23:24,103.73
4018,8971,2024-01-10 13:23:36,103.47
4019,8972,2024-01-10 13:23:48,104.04
4020,8973,2024-01-10 13:24:00,104.12
4021,8974,2024-01-10 13:24:12,104.12
4022,8975,2024-01-10 13:24:24,103.68
4023,8976,2024-01-10 13:24:36,104.52
4024,8977,2024-01-10 13:24:48,104.74
4025,8978,2024-01-10 13:25:00,105.53
4026,8979,2024-01-10 13:25:12,105.17
4027,8980,2024-01-10 13:25:24,105.17
4028,8981,2024-01-10 13:25:36,104.91
4029,8982,2024-01-10 13:25:48,105.96
4030,8983,2024-01-10 13:26:00,106.01
4031,8984,2024-01-10 13:26:12,106.18
4032,8985,2024-01-10 13:26:24,106.93
4033,8986,2024-01-10 13:26:36,106.71
4034,8987,2024-01-10 13:26:48,106.36
4035,8988,2024-01-10 13:27:00,107.41
4036,8989,2024-01-10 13:27:12,108.16
4037,8990,2024-01-10 13:27:24,107.59
4038,8991,2024-01-10 13:27:36,108.16
4039,8992,2024-01-10 13:27:48,108.07
4040,8993,2024-01-10 13:28:00,108.42
4041,8994,2024-01-10 13:28:12,108.07
4042,8995,2024-01-10 13:28:24,108.16
4043,8996,2024-01-10 13:28:36,108.64
4044,8997,2024-01-10 13:28:48,108.37
4045,8998,2024-01-10 13:29:00,108.59
4046,8999,2024-01-10 13:29:12,109.12
4047,9000,2024-01-10 13:29:24,109.16
4048,9001,2024-01-10 13:29:36,109.38
4049,9002,2024-01-10 13:29:48,109.47
4050,9003,2024-01-10 13:30:00,109.73
4051,9004,2024-01-10 13:30:12,109.47
4052,9005,2024-01-10 13:30:24,110.08
4053,9006,2024-01-10 13:30:36,109.73
4054,9007,2024-01-10 13:30:48,110.61
4055,9008,2024-01-10 13:31:00,109.56
4056,9009,2024-01-10 13:31:12,110.17
4057,9010,2024-01-10 13:31:24,110.96
4058,9011,2024-01-10 13:31:36,110.87
4059,9012,2024-01-10 13:31:48,111.36
4060,9013,2024-01-10 13:32:00,111.4
4061,9014,2024-01-10 13:32:12,111.71
4062,9015,2024-01-10 13:32:24,111.97
4063,9016,2024-01-10 13:32:36,112.06
4064,9017,2024-01-10 13:32:48,111.62
4065,9018,2024-01-10 13:33:00,112.06
4066,9019,2024-01-10 13:33:12,112.54
4067,9020,2024-01-10 13:33:24,113.02
4068,9021,2024-01-10 13:33:36,111.97
4069,9022,2024-01-10 13:33:48,113.2
4070,9023,2024-01-10 13:34:00,112.98
4071,9024,2024-01-10 13:34:12,112.98
4072,9025,2024-01-10 13:34:24,113.94
4073,9026,2024-01-10 13:34:36,113.5
4074,9027,2024-01-10 13:34:48,113.68
4075,9028,2024-01-10 13:35:00,113.5
4076,9029,2024-01-10 13:35:12,113.68
4077,9030,2024-01-10 13:35:24,113.33
4078,9031,2024-01-10 13:35:36,112.8
4079,9032,2024-01-10 13:35:48,113.28
4080,9033,2024-01-10 13:36:00,114.2
4081,9034,2024-01-10 13:36:12,113.2
4082,9035,2024-01-10 13:36:24,112.36
4083,9036,2024-01-10 13:36:36,113.55
4084,9037,2024-01-10 13:36:48,113.81
4085,9038,2024-01-10 13:37:00,113.59
4086,9039,2024-01-10 13:37:12,113.5
4087,9040,2024-01-10 13:37:24,112.85
4088,9041,2024-01-10 13:37:36,113.2
4089,9042,2024-01-10 13:37:48,113.33
4090,9043,2024-01-10 13:38:00,112.8
4091,9044,2024-01-10 13:38:12,113.5
4092,9045,2024-01-10 13:38:24,112.67
4093,9046,2024-01-10 13:38:36,112.85
4094,9047,2024-01-10 13:38:48,113.02
4095,9048,2024-01-10 13:39:00,113.28
4096,9049,2024-01-10 13:39:12,113.85
4097,9050,2024-01-10 13:39:24,113.33
4098,9051,2024-01-10 13:39:36,113.02
4099,9052,2024-01-10 13:39:48,113.63
4100,9053,2024-01-10 13:40:00,113.68
4101,9054,2024-01-10 13:40:12,114.38
4102,9055,2024-01-10 13:40:24,113.77
4103,9056,2024-01-10 13:40:36,113.59
4104,9057,2024-01-10 13:40:48,114.38
4105,9058,2024-01-10 13:41:00,113.28
4106,9059,2024-01-10 13:41:12,114.34
4107,9060,2024-01-10 13:41:24,113.81
4108,9061,2024-01-10 13:41:36,114.03
4109,9062,2024-01-10 13:41:48,114.12
4110,9063,2024-01-10 13:42:00,114.03
4111,9064,2024-01-10 13:42:12,114.12
4112,9065,2024-01-10 13:42:24,114.42
4113,9066,2024-01-10 13:42:36,114.34
4114,9067,2024-01-10 13:42:48,114.29
4115,9068,2024-01-10 13:43:00,114.25
4116,9069,2024-01-10 13:43:12,113.77
4117,9070,2024-01-10 13:43:24,113.94
4118,9071,2024-01-10 13:43:36,114.38
4119,9072,2024-01-10 13:43:48,113.37
4120,9073,2024-01-10 13:44:00,113.68
4121,9074,2024-01-10 13:44:12,114.47
4122,9075,2024-01-10 13:44:24,114.29
4123,9076,2024-01-10 13:44:36,114.03
4124,9077,2024-01-10 13:44:48,114.25
4125,9078,2024-01-10 13:45:00,113.59
4126,9079,2024-01-10 13:45:12,114.07
4127,9080,2024-01-10 13:45:24,114.12
4128,9081,2024-01-10 13:45:36,114.42
4129,9082,2024-01-10 13:45:48,114.07
4130,9083,2024-01-10 13:46:00,114.07
4131,9084,2024-01-10 13:46:12,114.34
4132,9085,2024-01-10 13:46:24,114.29
4133,9086,2024-01-10 13:46:36,113.9
4134,9087,2024-01-10 13:46:48,113.5
4135,9088,2024-01-10 13:47:00,114.16
4136,9089,2024-01-10 13:47:12,113.77
4137,9090,2024-01-10 13:47:24,114.29
4138,9091,2024-01-10 13:47:36,114.69
4139,9092,2024-01-10 13:47:48,114.6
4140,9093,2024-01-10 13:48:00,114.91
4141,9094,2024-01-10 13:48:12,114.47
4142,9095,2024-01-10 13:48:24,114.34
4143,9096,2024-01-10 13:48:36,113.63
4144,9097,2024-01-10 13:48:48,114.91
4145,9098,2024-01-10 13:49:00,114.38
4146,9099,2024-01-10 13:49:12,114.42
4147,9100,2024-01-10 13:49:24,114.42
4148,9101,2024-01-10 13:49:36,114.42
4149,9102,2024-01-10 13:49:48,115.48
4150,9103,2024-01-10 13:50:00,114.42
4151,9104,2024-01-10 13:50:12,114.69
4152,9105,2024-01-10 13:50:24,115.48
4153,9106,2024-01-10 13:50:36,115.12
4154,9107,2024-01-10 13:50:48,115.21
4155,9108,2024-01-10 13:51:00,114.95
4156,9109,2024-01-10 13:51:12,115.04
4157,9110,2024-01-10 13:51:24,115.34
4158,9111,2024-01-10 13:51:36,115.83
4159,9112,2024-01-10 13:51:48,115.61
4160,9113,2024-01-10 13:52:00,115.12
4161,9114,2024-01-10 13:52:12,115.39
4162,9115,2024-01-10 13:52:24,114.86
4163,9116,2024-01-10 13:52:36,115.43
4164,9117,2024-01-10 13:52:48,114.64
4165,9118,2024-01-10 13:53:00,115.43
4166,9119,2024-01-10 13:53:12,114.99
4167,9120,2024-01-10 13:53:24,115.3
4168,9121,2024-01-10 13:53:36,116.13
4169,9122,2024-01-10 13:53:48,115.17
4170,9123,2024-01-10 13:54:00,116.13
4171,9124,2024-01-10 13:54:12,116.79
4172,9125,2024-01-10 13:54:24,116.53
4173,9126,2024-01-10 13:54:36,116.35
4174,9127,2024-01-10 13:54:48,116.05
4175,9128,2024-01-10 13:55:00,116.44
4176,9129,2024-01-10 13:55:12,116.18
4177,9130,2024-01-10 13:55:24,116.53
4178,9131,2024-01-10 13:55:36,116.48
4179,9132,2024-01-10 13:55:48,116.88
4180,9133,2024-01-10 13:56:00,117.54
4181,9134,2024-01-10 13:56:12,116.7
4182,9135,2024-01-10 13:56:24,117.93
4183,9136,2024-01-10 13:56:36,116.66
4184,9137,2024-01-10 13:56:48,117.75
4185,9138,2024-01-10 13:57:00,117.27
4186,9139,2024-01-10 13:57:12,117.58
4187,9140,2024-01-10 13:57:24,117.58
4188,9141,2024-01-10 13:57:36,118.19
4189,9142,2024-01-10 13:57:48,117.58
4190,9143,2024-01-10 13:58:00,118.15
4191,9144,2024-01-10 13:58:12,118.06
4192,9145,2024-01-10 13:58:24,117.89
4193,9146,2024-01-10 13:58:36,118.02
4194,9147,2024-01-10 13:58:48,117.4
4195,9148,2024-01-10 13:59:00,117.93
4196,9149,2024-01-10 13:59:12,117.89
4197,9150,2024-01-10 13:59:24,118.63
4198,9151,2024-01-10 13:59:36,117.89
4199,9152,2024-01-10 13:59:48,118.94
4200,9153,2024-01-10 14:00:00,118.63
4201,9154,2024-01-10 14:00:12,118.63
4202,9155,2024-01-10 14:00:24,118.06
4203,9156,2024-01-10 14:00:36,118.68
4204,9157,2024-01-10 14:00:48,119.11
4205,9158,2024-01-10 14:01:00,118.72
4206,9159,2024-01-10 14:01:12,118.98
4207,9160,2024-01-10 14:01:24,118.89
4208,9161,2024-01-10 14:01:36,118.5
4209,9162,2024-01-10 14:01:48,119.2
4210,9163,2024-01-10 14:02:00,119.64
4211,9164,2024-01-10 14:02:12,119.64
4212,9165,2024-01-10 14:02:24,119.55
4213,9166,2024-01-10 14:02:36,118.72
4214,9167,2024-01-10 14:02:48,119.9
4215,9168,2024-01-10 14:03:00,120.03
4216,9169,2024-01-10 14:03:12,119.86
4217,9170,2024-01-10 14:03:24,120.08
4218,9171,2024-01-10 14:03:36,119.42
4219,9172,2024-01-10 14:03:48,119.82
4220,9173,2024-01-10 14:04:00,120.38
4221,9174,2024-01-10 14:04:12,120.21
4222,9175,2024-01-10 14:04:24,120.74
4223,9176,2024-01-10 14:04:36,120.91
4224,9177,2024-01-10 14:04:48,121.13
4225,9178,2024-01-10 14:05:00,121.31
4226,9179,2024-01-10 14:05:12,121.09
4227,9180,2024-01-10 14:05:24,120.91
4228,9181,2024-01-10 14:05:36,121.74
4229,9182,2024-01-10 14:05:48,121.31
4230,9183,2024-01-10 14:06:00,122.09
4231,9184,2024-01-10 14:06:12,121.83
4232,9185,2024-01-10 14:06:24,122.14
4233,9186,2024-01-10 14:06:36,122.14
4234,9187,2024-01-10 14:06:48,121.66
4235,9188,2024-01-10 14:07:00,122.27
4236,9189,2024-01-10 14:07:12,122.62
4237,9190,2024-01-10 14:07:24,123.01
4238,9191,2024-01-10 14:07:36,122.36
4239,9192,2024-01-10 14:07:48,122.45
4240,9193,2024-01-10 14:08:00,123.19
4241,9194,2024-01-10 14:08:12,123.01
4242,9195,2024-01-10 14:08:24,122.49
4243,9196,2024-01-10 14:08:36,123.72
4244,9197,2024-01-10 14:08:48,123.32
4245,9198,2024-01-10 14:09:00,123.54
4246,9199,2024-01-10 14:09:12,124.02
4247,9200,2024-01-10 14:09:24,123.85
4248,9201,2024-01-10 14:09:36,124.37
4249,9202,2024-01-10 14:09:48,124.07
4250,9203,2024-01-10 14:10:00,124.55
4251,9204,2024-01-10 14:10:12,124.59
4252,9205,2024-01-10 14:10:24,124.55
4253,9206,2024-01-10 14:10:36,123.67
4254,9207,2024-01-10 14:10:48,123.15
4255,9208,2024-01-10 14:11:00,122.53
4256,9209,2024-01-10 14:11:12,122.01
4257,9210,2024-01-10 14:11:24,121.48
4258,9211,2024-01-10 14:11:36,120.95
4259,9212,2024-01-10 14:11:48,120.56
4260,9213,2024-01-10 14:12:00,120.03
4261,9214,2024-01-10 14:12:12,119.55
4262,9215,2024-01-10 14:12:24,119.11
4263,9216,2024-01-10 14:12:36,118.72
4264,9217,2024-01-10 14:12:48,118.28
4265,9218,2024-01-10 14:13:00,117.93
4266,9219,2024-01-10 14:13:12,117.45
4267,9220,2024-01-10 14:13:24,117.14
4268,9221,2024-01-10 14:13:36,116.7
4269,9222,2024-01-10 14:13:48,116.4
4270,9223,2024-01-10 14:14:00,115.83
4271,9224,2024-01-10 14:14:12,115.56
4272,9225,2024-01-10 14:14:24,115.17
4273,9226,2024-01-10 14:14:36,114.86
4274,9227,2024-01-10 14:14:48,114.42
4275,9228,2024-01-10 14:15:00,114.07
4276,9229,2024-01-10 14:15:12,113.68
4277,9230,2024-01-10 14:15:24,113.37
4278,9231,2024-01-10 14:15:36,112.98
4279,9232,2024-01-10 14:15:48,112.63
4280,9233,2024-01-10 14:16:00,112.32
4281,9234,2024-01-10 14:16:12,111.97
4282,9235,2024-01-10 14:16:24,111.57
4283,9236,2024-01-10 14:16:36,111.18
4284,9237,2024-01-10 14:16:48,110.79
4285,9238,2024-01-10 14:17:00,110.43
4286,9239,2024-01-10 14:17:12,110.08
4287,9240,2024-01-10 14:17:24,109.73
4288,9241,2024-01-10 14:17:36,109.38
4289,9242,2024-01-10 14:17:48,108.99
4290,9243,2024-01-10 14:18:00,108.59
4291,9244,2024-01-10 14:18:12,108.33
4292,9245,2024-01-10 14:18:24,107.98
4293,9246,2024-01-10 14:18:36,107.59
4294,9247,2024-01-10 14:18:48,107.28
4295,9248,2024-01-10 14:19:00,106.8
4296,9249,2024-01-10 14:19:12,106.36
4297,9250,2024-01-10 14:19:24,106.05
4298,9251,2024-01-10 14:19:36,105.66
4299,9252,2024-01-10 14:19:48,105.39
4300,9253,2024-01-10 14:20:00,105.09
4301,9254,2024-01-10 14:20:12,104.56
4302,9255,2024-01-10 14:20:24,104.21
4303,9256,2024-01-10 14:20:36,103.77
4304,9257,2024-01-10 14:20:48,103.51
4305,9258,2024-01-10 14:21:00,103.16
4306,9259,2024-01-10 14:21:12,102.85
4307,9260,2024-01-10 14:21:24,102.54
4308,9261,2024-01-10 14:21:36,102.15
4309,9262,2024-01-10 14:21:48,101.93
4310,9263,2024-01-10 14:22:00,101.58
4311,9264,2024-01-10 14:22:12,101.23
4312,9265,2024-01-10 14:22:24,100.88
4313,9266,2024-01-10 14:22:36,100.57
4314,9267,2024-01-10 14:22:48,100.18
4315,9268,2024-01-10 14:23:00,99.91
4316,9269,2024-01-10 14:23:12,99.65
4317,9270,2024-01-10 14:23:24,99.35
4318,9271,2024-01-10 14:23:36,98.99
4319,9272,2024-01-10 14:23:48,100.05
4320,9273,2024-01-10 14:24:00,100.53
4321,9274,2024-01-10 14:24:12,101.05
4322,9275,2024-01-10 14:24:24,100.97
4323,9276,2024-01-10 14:24:36,101.19
4324,9277,2024-01-10 14:24:48,101.23
4325,9278,2024-01-10 14:25:00,101.76
4326,9279,2024-01-10 14:25:12,102.85
4327,9280,2024-01-10 14:25:24,102.59
4328,9281,2024-01-10 14:25:36,102.46
4329,9282,2024-01-10 14:25:48,103.6
4330,9283,2024-01-10 14:26:00,102.98
4331,9284,2024-01-10 14:26:12,103.95
4332,9285,2024-01-10 14:26:24,104.82
4333,9286,2024-01-10 14:26:36,104.47
4334,9287,2024-01-10 14:26:48,104.74
4335,9288,2024-01-10 14:27:00,104.96
4336,9289,2024-01-10 14:27:12,105.09
4337,9290,2024-01-10 14:27:24,105.61
4338,9291,2024-01-10 14:27:36,105.31
4339,9292,2024-01-10 14:27:48,105.7
4340,9293,2024-01-10 14:28:00,105.66
4341,9294,2024-01-10 14:28:12,106.49
4342,9295,2024-01-10 14:28:24,106.58
4343,9296,2024-01-10 14:28:36,107.24
4344,9297,2024-01-10 14:28:48,107.37
4345,9298,2024-01-10 14:29:00,107.54
4346,9299,2024-01-10 14:29:12,107.41
4347,9300,2024-01-10 14:29:24,107.59
4348,9301,2024-01-10 14:29:36,107.02
4349,9302,2024-01-10 14:29:48,107.32
4350,9303,2024-01-10 14:30:00,108.68
4351,9304,2024-01-10 14:30:12,108.07
4352,9305,2024-01-10 14:30:24,108.33
4353,9306,2024-01-10 14:30:36,108.37
4354,9307,2024-01-10 14:30:48,108.46
4355,9308,2024-01-10 14:31:00,108.33
4356,9309,2024-01-10 14:31:12,109.65
4357,9310,2024-01-10 14:31:24,109.51
4358,9311,2024-01-10 14:31:36,109.73
4359,9312,2024-01-10 14:31:48,110.39
4360,9313,2024-01-10 14:32:00,109.73
4361,9314,2024-01-10 14:32:12,110.48
4362,9315,2024-01-10 14:32:24,110.43
4363,9316,2024-01-10 14:32:36,111.22
4364,9317,2024-01-10 14:32:48,111.09
4365,9318,2024-01-10 14:33:00,111.22
4366,9319,2024-01-10 14:33:12,110.79
4367,9320,2024-01-10 14:33:24,111.97
4368,9321,2024-01-10 14:33:36,111.93
4369,9322,2024-01-10 14:33:48,112.23
4370,9323,2024-01-10 14:34:00,112.67
4371,9324,2024-01-10 14:34:12,112.85
4372,9325,2024-01-10 14:34:24,112.32
4373,9326,2024-01-10 14:34:36,113.15
4374,9327,2024-01-10 14:34:48,113.9
4375,9328,2024-01-10 14:35:00,113.02
4376,9329,2024-01-10 14:35:12,113.37
4377,9330,2024-01-10 14:35:24,113.72
4378,9331,2024-01-10 14:35:36,114.07
4379,9332,2024-01-10 14:35:48,113.85
4380,9333,2024-01-10 14:36:00,114.56
4381,9334,2024-01-10 14:36:12,114.91
4382,9335,2024-01-10 14:36:24,115.34
4383,9336,2024-01-10 14:36:36,114.82
4384,9337,2024-01-10 14:36:48,115.69
4385,9338,2024-01-10 14:37:00,115.74
4386,9339,2024-01-10 14:37:12,115.43
4387,9340,2024-01-10 14:37:24,115.74
4388,9341,2024-01-10 14:37:36,116.31
4389,9342,2024-01-10 14:37:48,116.05
4390,9343,2024-01-10 14:38:00,116.18
4391,9344,2024-01-10 14:38:12,116.22
4392,9345,2024-01-10 14:38:24,116.66
4393,9346,2024-01-10 14:38:36,116.62
4394,9347,2024-01-10 14:38:48,116.57
4395,9348,2024-01-10 14:39:00,117.4
4396,9349,2024-01-10 14:39:12,117.71
4397,9350,2024-01-10 14:39:24,118.02
4398,9351,2024-01-10 14:39:36,117.19
4399,9352,2024-01-10 14:39:48,118.15
4400,9353,2024-01-10 14:40:00,118.15
4401,9354,2024-01-10 14:40:12,118.46
4402,9355,2024-01-10 14:40:24,118.06
4403,9356,2024-01-10 14:40:36,118.81
4404,9357,2024-01-10 14:40:48,118.98
4405,9358,2024-01-10 14:41:00,118.98
4406,9359,2024-01-10 14:41:12,119.55
4407,9360,2024-01-10 14:41:24,119.25
4408,9361,2024-01-10 14:41:36,118.85
4409,9362,2024-01-10 14:41:48,119.86
4410,9363,2024-01-10 14:42:00,120.17
4411,9364,2024-01-10 14:42:12,119.86
4412,9365,2024-01-10 14:42:24,120.34
4413,9366,2024-01-10 14:42:36,120.21
4414,9367,2024-01-10 14:42:48,120.95
4415,9368,2024-01-10 14:43:00,121.7
4416,9369,2024-01-10 14:43:12,121.0
4417,9370,2024-01-10 14:43:24,121.17
4418,9371,2024-01-10 14:43:36,121.44
4419,9372,2024-01-10 14:43:48,121.92
4420,9373,2024-01-10 14:44:00,121.92
4421,9374,2024-01-10 14:44:12,122.05
4422,9375,2024-01-10 14:44:24,122.8
4423,9376,2024-01-10 14:44:36,122.18
4424,9377,2024-01-10 14:44:48,122.84
4425,9378,2024-01-10 14:45:00,123.5
4426,9379,2024-01-10 14:45:12,123.19
4427,9380,2024-01-10 14:45:24,122.84
4428,9381,2024-01-10 14:45:36,123.67
4429,9382,2024-01-10 14:45:48,123.67
4430,9383,2024-01-10 14:46:00,124.37
4431,9384,2024-01-10 14:46:12,123.98
4432,9385,2024-01-10 14:46:24,124.2
4433,9386,2024-01-10 14:46:36,123.63
4434,9387,2024-01-10 14:46:48,124.81
4435,9388,2024-01-10 14:47:00,124.15
4436,9389,2024-01-10 14:47:12,123.72
4437,9390,2024-01-10 14:47:24,123.23
4438,9391,2024-01-10 14:47:36,122.8
4439,9392,2024-01-10 14:47:48,122.31
4440,9393,2024-01-10 14:48:00,121.92
4441,9394,2024-01-10 14:48:12,121.35
4442,9395,2024-01-10 14:48:24,120.95
4443,9396,2024-01-10 14:48:36,120.43
4444,9397,2024-01-10 14:48:48,119.86
4445,9398,2024-01-10 14:49:00,119.33
4446,9399,2024-01-10 14:49:12,118.94
4447,9400,2024-01-10 14:49:24,118.41
4448,9401,2024-01-10 14:49:36,117.8
4449,9402,2024-01-10 14:49:48,117.36
4450,9403,2024-01-10 14:50:00,116.88
4451,9404,2024-01-10 14:50:12,116.4
4452,9405,2024-01-10 14:50:24,115.83
4453,9406,2024-01-10 14:50:36,115.3
4454,9407,2024-01-10 14:50:48,114.91
4455,9408,2024-01-10 14:51:00,114.42
4456,9409,2024-01-10 14:51:12,113.94
4457,9410,2024-01-10 14:51:24,113.46
4458,9411,2024-01-10 14:51:36,112.89
4459,9412,2024-01-10 14:51:48,112.41
4460,9413,2024-01-10 14:52:00,111.93
4461,9414,2024-01-10 14:52:12,111.53
4462,9415,2024-01-10 14:52:24,111.05
4463,9416,2024-01-10 14:52:36,110.57
4464,9417,2024-01-10 14:52:48,110.04
4465,9418,2024-01-10 14:53:00,109.65
4466,9419,2024-01-10 14:53:12,109.16
4467,9420,2024-01-10 14:53:24,108.77
4468,9421,2024-01-10 14:53:36,108.24
4469,9422,2024-01-10 14:53:48,107.8
4470,9423,2024-01-10 14:54:00,107.28
4471,9424,2024-01-10 14:54:12,106.8
4472,9425,2024-01-10 14:54:24,106.31
4473,9426,2024-01-10 14:54:36,105.83
4474,9427,2024-01-10 14:54:48,105.35
4475,9428,2024-01-10 14:55:00,104.96
4476,9429,2024-01-10 14:55:12,104.56
4477,9430,2024-01-10 14:55:24,103.99
4478,9431,2024-01-10 14:55:36,103.51
4479,9432,2024-01-10 14:55:48,102.98
4480,9433,2024-01-10 14:56:00,102.46
4481,9434,2024-01-10 14:56:12,101.93
4482,9435,2024-01-10 14:56:24,101.41
4483,9436,2024-01-10 14:56:36,101.01
4484,9437,2024-01-10 14:56:48,100.62
4485,9438,2024-01-10 14:57:00,100.31
4486,9439,2024-01-10 14:57:12,99.87
4487,9440,2024-01-10 14:57:24,99.52
4488,9441,2024-01-10 14:57:36,99.08
4489,9442,2024-01-10 14:57:48,98.82
4490,9443,2024-01-10 14:58:00,98.42
4491,9444,2024-01-10 14:58:12,98.64
4492,9445,2024-01-10 14:58:24,99.21
4493,9446,2024-01-10 14:58:36,99.13
4494,9447,2024-01-10 14:58:48,99.65
4495,9448,2024-01-10 14:59:00,99.83
4496,9449,2024-01-10 14:59:12,100.4
4497,9450,2024-01-10 14:59:24,100.7
4498,9451,2024-01-10 14:59:36,99.87
4499,9452,2024-01-10 14:59:48,100.84
4500,9453,2024-01-10 15:00:00,100.92
4501,9454,2024-01-10 15:00:12,101.36
4502,9455,2024-01-10 15:00:24,101.45
4503,9456,2024-01-10 15:00:36,101.8
4504,9457,2024-01-10 15:00:48,102.54
4505,9458,2024-01-10 15:01:00,102.28
4506,9459,2024-01-10 15:01:12,102.54
4507,9460,2024-01-10 15:01:24,103.03
4508,9461,2024-01-10 15:01:36,102.46
4509,9462,2024-01-10 15:01:48,102.63
4510,9463,2024-01-10 15:02:00,103.16
4511,9464,2024-01-10 15:02:12,103.55
4512,9465,2024-01-10 15:02:24,103.51
4513,9466,2024-01-10 15:02:36,104.21
4514,9467,2024-01-10 15:02:48,104.12
4515,9468,2024-01-10 15:03:00,104.08
4516,9469,2024-01-10 15:03:12,104.12
4517,9470,2024-01-10 15:03:24,104.87
4518,9471,2024-01-10 15:03:36,104.96
4519,9472,2024-01-10 15:03:48,104.47
4520,9473,2024-01-10 15:04:00,104.56
4521,9474,2024-01-10 15:04:12,105.22
4522,9475,2024-01-10 15:04:24,105.53
4523,9476,2024-01-10 15:04:36,105.57
4524,9477,2024-01-10 15:04:48,106.58
4525,9478,2024-01-10 15:05:00,105.79
4526,9479,2024-01-10 15:05:12,106.36
4527,9480,2024-01-10 15:05:24,107.02
4528,9481,2024-01-10 15:05:36,107.19
4529,9482,2024-01-10 15:05:48,107.19
4530,9483,2024-01-10 15:06:00,107.41
4531,9484,2024-01-10 15:06:12,107.37
4532,9485,2024-01-10 15:06:24,107.76
4533,9486,2024-01-10 15:06:36,108.2
4534,9487,2024-01-10 15:06:48,107.37
4535,9488,2024-01-10 15:07:00,108.68
4536,9489,2024-01-10 15:07:12,108.68
4537,9490,2024-01-10 15:07:24,108.99
4538,9491,2024-01-10 15:07:36,108.77
4539,9492,2024-01-10 15:07:48,108.94
4540,9493,2024-01-10 15:08:00,110.43
4541,9494,2024-01-10 15:08:12,110.08
4542,9495,2024-01-10 15:08:24,110.08
4543,9496,2024-01-10 15:08:36,109.95
4544,9497,2024-01-10 15:08:48,110.43
4545,9498,2024-01-10 15:09:00,110.61
4546,9499,2024-01-10 15:09:12,111.0
4547,9500,2024-01-10 15:09:24,110.74
4548,9501,2024-01-10 15:09:36,111.62
4549,9502,2024-01-10 15:09:48,111.22
4550,9503,2024-01-10 15:10:00,111.93
4551,9504,2024-01-10 15:10:12,112.1
4552,9505,2024-01-10 15:10:24,112.54
4553,9506,2024-01-10 15:10:36,112.36
4554,9507,2024-01-10 15:10:48,112.28
4555,9508,2024-01-10 15:11:00,112.63
4556,9509,2024-01-10 15:11:12,112.8
4557,9510,2024-01-10 15:11:24,113.37
4558,9511,2024-01-10 15:11:36,112.14
4559,9512,2024-01-10 15:11:48,112.71
4560,9513,2024-01-10 15:12:00,113.5
4561,9514,2024-01-10 15:12:12,113.5
4562,9515,2024-01-10 15:12:24,113.68
4563,9516,2024-01-10 15:12:36,113.99
4564,9517,2024-01-10 15:12:48,114.56
4565,9518,2024-01-10 15:13:00,114.25
4566,9519,2024-01-10 15:13:12,114.29
4567,9520,2024-01-10 15:13:24,114.95
4568,9521,2024-01-10 15:13:36,114.56
4569,9522,2024-01-10 15:13:48,114.6
4570,9523,2024-01-10 15:14:00,113.94
4571,9524,2024-01-10 15:14:12,114.07
4572,9525,2024-01-10 15:14:24,113.77
4573,9526,2024-01-10 15:14:36,113.24
4574,9527,2024-01-10 15:14:48,114.07
4575,9528,2024-01-10 15:15:00,113.37
4576,9529,2024-01-10 15:15:12,113.37
4577,9530,2024-01-10 15:15:24,114.25
4578,9531,2024-01-10 15:15:36,114.07
4579,9532,2024-01-10 15:15:48,114.42
4580,9533,2024-01-10 15:16:00,114.07
4581,9534,2024-01-10 15:16:12,115.21
4582,9535,2024-01-10 15:16:24,115.26
4583,9536,2024-01-10 15:16:36,115.56
4584,9537,2024-01-10 15:16:48,115.12
4585,9538,2024-01-10 15:17:00,115.96
4586,9539,2024-01-10 15:17:12,116.35
4587,9540,2024-01-10 15:17:24,115.74
4588,9541,2024-01-10 15:17:36,115.78
4589,9542,2024-01-10 15:17:48,116.13
4590,9543,2024-01-10 15:18:00,116.48
4591,9544,2024-01-10 15:18:12,116.53
4592,9545,2024-01-10 15:18:24,117.19
4593,9546,2024-01-10 15:18:36,116.83
4594,9547,2024-01-10 15:18:48,117.36
4595,9548,2024-01-10 15:19:00,117.32
4596,9549,2024-01-10 15:19:12,118.02
4597,9550,2024-01-10 15:19:24,117.45
4598,9551,2024-01-10 15:19:36,117.45
4599,9552,2024-01-10 15:19:48,118.06
4600,9553,2024-01-10 15:20:00,118.5
4601,9554,2024-01-10 15:20:12,118.94
4602,9555,2024-01-10 15:20:24,118.59
4603,9556,2024-01-10 15:20:36,118.28
4604,9557,2024-01-10 15:20:48,119.29
4605,9558,2024-01-10 15:21:00,118.89
4606,9559,2024-01-10 15:21:12,118.24
4607,9560,2024-01-10 15:21:24,119.25
4608,9561,2024-01-10 15:21:36,119.2
4609,9562,2024-01-10 15:21:48,120.12
4610,9563,2024-01-10 15:22:00,119.68
4611,9564,2024-01-10 15:22:12,120.25
4612,9565,2024-01-10 15:22:24,119.99
4613,9566,2024-01-10 15:22:36,120.52
4614,9567,2024-01-10 15:22:48,120.78
4615,9568,2024-01-10 15:23:00,121.0
4616,9569,2024-01-10 15:23:12,120.52
4617,9570,2024-01-10 15:23:24,120.91
4618,9571,2024-01-10 15:23:36,121.35
4619,9572,2024-01-10 15:23:48,120.78
4620,9573,2024-01-10 15:24:00,120.95
4621,9574,2024-01-10 15:24:12,121.88
4622,9575,2024-01-10 15:24:24,121.22
4623,9576,2024-01-10 15:24:36,121.61
4624,9577,2024-01-10 15:24:48,121.92
4625,9578,2024-01-10 15:25:00,122.58
4626,9579,2024-01-10 15:25:12,122.49
4627,9580,2024-01-10 15:25:24,122.27
4628,9581,2024-01-10 15:25:36,123.06
4629,9582,2024-01-10 15:25:48,122.66
4630,9583,2024-01-10 15:26:00,122.27
4631,9584,2024-01-10 15:26:12,123.01
4632,9585,2024-01-10 15:26:24,122.8
4633,9586,2024-01-10 15:26:36,123.63
4634,9587,2024-01-10 15:26:48,122.71
4635,9588,2024-01-10 15:27:00,123.8
4636,9589,2024-01-10 15:27:12,124.11
4637,9590,2024-01-10 15:27:24,123.89
4638,9591,2024-01-10 15:27:36,123.67
4639,9592,2024-01-10 15:27:48,124.2
4640,9593,2024-01-10 15:28:00,124.02
4641,9594,2024-01-10 15:28:12,123.41
4642,9595,2024-01-10 15:28:24,122.84
4643,9596,2024-01-10 15:28:36,122.36
4644,9597,2024-01-10 15:28:48,121.83
4645,9598,2024-01-10 15:29:00,121.39
4646,9599,2024-01-10 15:29:12,120.95
4647,9600,2024-01-10 15:29:24,120.47
4648,9601,2024-01-10 15:29:36,120.03
4649,9602,2024-01-10 15:29:48,119.6
4650,9603,2024-01-10 15:30:00,119.2
4651,9604,2024-01-10 15:30:12,118.81
4652,9605,2024-01-10 15:30:24,118.28
4653,9606,2024-01-10 15:30:36,117.97
4654,9607,2024-01-10 15:30:48,117.54
4655,9608,2024-01-10 15:31:00,117.14
4656,9609,2024-01-10 15:31:12,116.75
4657,9610,2024-01-10 15:31:24,116.35
4658,9611,2024-01-10 15:31:36,115.96
4659,9612,2024-01-10 15:31:48,115.52
4660,9613,2024-01-10 15:32:00,115.17
4661,9614,2024-01-10 15:32:12,114.82
4662,9615,2024-01-10 15:32:24,114.42
4663,9616,2024-01-10 15:32:36,114.07
4664,9617,2024-01-10 15:32:48,113.68
4665,9618,2024-01-10 15:33:00,113.33
4666,9619,2024-01-10 15:33:12,112.98
4667,9620,2024-01-10 15:33:24,112.58
4668,9621,2024-01-10 15:33:36,112.19
4669,9622,2024-01-10 15:33:48,111.88
4670,9623,2024-01-10 15:34:00,111.49
4671,9624,2024-01-10 15:34:12,111.14
4672,9625,2024-01-10 15:34:24,110.83
4673,9626,2024-01-10 15:34:36,110.52
4674,9627,2024-01-10 15:34:48,110.17
4675,9628,2024-01-10 15:35:00,109.86
4676,9629,2024-01-10 15:35:12,109.51
4677,9630,2024-01-10 15:35:24,109.25
4678,9631,2024-01-10 15:35:36,108.94
4679,9632,2024-01-10 15:35:48,108.59
4680,9633,2024-01-10 15:36:00,108.24
4681,9634,2024-01-10 15:36:12,107.98
4682,9635,2024-01-10 15:36:24,107.63
4683,9636,2024-01-10 15:36:36,107.28
4684,9637,2024-01-10 15:36:48,107.02
4685,9638,2024-01-10 15:37:00,106.67
4686,9639,2024-01-10 15:37:12,106.36
4687,9640,2024-01-10 15:37:24,106.01
4688,9641,2024-01-10 15:37:36,105.66
4689,9642,2024-01-10 15:37:48,105.44
4690,9643,2024-01-10 15:38:00,105.09
4691,9644,2024-01-10 15:38:12,104.74
4692,9645,2024-01-10 15:38:24,104.47
4693,9646,2024-01-10 15:38:36,104.12
4694,9647,2024-01-10 15:38:48,103.86
4695,9648,2024-01-10 15:39:00,103.51
4696,9649,2024-01-10 15:39:12,103.16
4697,9650,2024-01-10 15:39:24,102.94
4698,9651,2024-01-10 15:39:36,102.63
4699,9652,2024-01-10 15:39:48,102.33
4700,9653,2024-01-10 15:40:00,102.11
4701,9654,2024-01-10 15:40:12,101.76
4702,9655,2024-01-10 15:40:24,101.49
4703,9656,2024-01-10 15:40:36,101.23
4704,9657,2024-01-10 15:40:48,100.92
4705,9658,2024-01-10 15:41:00,100.57
4706,9659,2024-01-10 15:41:12,100.27
4707,9660,2024-01-10 15:41:24,100.0
4708,9661,2024-01-10 15:41:36,99.65
4709,9662,2024-01-10 15:41:48,99.39
4710,9663,2024-01-10 15:42:00,98.6
4711,9664,2024-01-10 15:42:12,100.48
4712,9665,2024-01-10 15:42:24,100.53
4713,9666,2024-01-10 15:42:36,100.79
4714,9667,2024-01-10 15:42:48,100.88
4715,9668,2024-01-10 15:43:00,100.92
4716,9669,2024-01-10 15:43:12,101.76
4717,9670,2024-01-10 15:43:24,101.62
4718,9671,2024-01-10 15:43:36,101.23
4719,9672,2024-01-10 15:43:48,102.54
4720,9673,2024-01-10 15:44:00,102.54
4721,9674,2024-01-10 15:44:12,102.81
4722,9675,2024-01-10 15:44:24,102.72
4723,9676,2024-01-10 15:44:36,103.64
4724,9677,2024-01-10 15:44:48,103.42
4725,9678,2024-01-10 15:45:00,103.51
4726,9679,2024-01-10 15:45:12,104.47
4727,9680,2024-01-10 15:45:24,104.56
4728,9681,2024-01-10 15:45:36,103.99
4729,9682,2024-01-10 15:45:48,104.61
4730,9683,2024-01-10 15:46:00,105.0
4731,9684,2024-01-10 15:46:12,104.78
4732,9685,2024-01-10 15:46:24,105.17
4733,9686,2024-01-10 15:46:36,105.83
4734,9687,2024-01-10 15:46:48,106.31
4735,9688,2024-01-10 15:47:00,106.31
4736,9689,2024-01-10 15:47:12,106.14
4737,9690,2024-01-10 15:47:24,106.53
4738,9691,2024-01-10 15:47:36,107.06
4739,9692,2024-01-10 15:47:48,107.45
4740,9693,2024-01-10 15:48:00,107.72
4741,9694,2024-01-10 15:48:12,107.94
4742,9695,2024-01-10 15:48:24,107.89
4743,9696,2024-01-10 15:48:36,107.5
4744,9697,2024-01-10 15:48:48,107.19
4745,9698,2024-01-10 15:49:00,108.59
4746,9699,2024-01-10 15:49:12,109.12
4747,9700,2024-01-10 15:49:24,109.08
4748,9701,2024-01-10 15:49:36,109.47
4749,9702,2024-01-10 15:49:48,109.25
4750,9703,2024-01-10 15:50:00,108.77
4751,9704,2024-01-10 15:50:12,109.47
4752,9705,2024-01-10 15:50:24,109.91
4753,9706,2024-01-10 15:50:36,109.86
4754,9707,2024-01-10 15:50:48,110.79
4755,9708,2024-01-10 15:51:00,110.65
4756,9709,2024-01-10 15:51:12,110.17
4757,9710,2024-01-10 15:51:24,111.44
4758,9711,2024-01-10 15:51:36,111.14
4759,9712,2024-01-10 15:51:48,111.27
4760,9713,2024-01-10 15:52:00,111.22
4761,9714,2024-01-10 15:52:12,111.36
4762,9715,2024-01-10 15:52:24,111.93
4763,9716,2024-01-10 15:52:36,111.71
4764,9717,2024-01-10 15:52:48,111.57
4765,9718,2024-01-10 15:53:00,111.79
4766,9719,2024-01-10 15:53:12,112.32
4767,9720,2024-01-10 15:53:24,112.67
4768,9721,2024-01-10 15:53:36,112.76
4769,9722,2024-01-10 15:53:48,113.15
4770,9723,2024-01-10 15:54:00,113.2
4771,9724,2024-01-10 15:54:12,113.28
4772,9725,2024-01-10 15:54:24,112.89
4773,9726,2024-01-10 15:54:36,113.9
4774,9727,2024-01-10 15:54:48,113.77
4775,9728,2024-01-10 15:55:00,113.81
4776,9729,2024-01-10 15:55:12,114.73
4777,9730,2024-01-10 15:55:24,115.17
4778,9731,2024-01-10 15:55:36,114.99
4779,9732,2024-01-10 15:55:48,115.52
4780,9733,2024-01-10 15:56:00,115.34
4781,9734,2024-01-10 15:56:12,115.52
4782,9735,2024-01-10 15:56:24,115.08
4783,9736,2024-01-10 15:56:36,115.74
4784,9737,2024-01-10 15:56:48,116.4
4785,9738,2024-01-10 15:57:00,115.48
4786,9739,2024-01-10 15:57:12,116.53
4787,9740,2024-01-10 15:57:24,116.13
4788,9741,2024-01-10 15:57:36,116.53
4789,9742,2024-01-10 15:57:48,116.31
4790,9743,2024-01-10 15:58:00,116.53
4791,9744,2024-01-10 15:58:12,117.23
4792,9745,2024-01-10 15:58:24,117.1
4793,9746,2024-01-10 15:58:36,117.27
4794,9747,2024-01-10 15:58:48,117.01
4795,9748,2024-01-10 15:59:00,117.75
4796,9749,2024-01-10 15:59:12,117.97
4797,9750,2024-01-10 15:59:24,118.06
4798,9751,2024-01-10 15:59:36,118.5
4799,9752,2024-01-10 15:59:48,118.59
4800,13953,2024-01-11 06:00:00,94.65
4801,13954,2024-01-11 06:00:12,94.26
4802,13955,2024-01-11 06:00:24,95.44
4803,13956,2024-01-11 06:00:36,94.65
4804,13957,2024-01-11 06:00:48,95.62
4805,13958,2024-01-11 06:01:00,95.22
4806,13959,2024-01-11 06:01:12,94.39
4807,13960,2024-01-11 06:01:24,95.22
4808,13961,2024-01-11 06:01:36,95.97
4809,13962,2024-01-11 06:01:48,95.66
4810,13963,2024-01-11 06:02:00,96.32
4811,13964,2024-01-11 06:02:12,96.8
4812,13965,2024-01-11 06:02:24,96.98
4813,13966,2024-01-11 06:02:36,96.98
4814,13967,2024-01-11 06:02:48,97.24
4815,13968,2024-01-11 06:03:00,97.37
4816,13969,2024-01-11 06:03:12,97.59
4817,13970,2024-01-11 06:03:24,97.99
4818,13971,2024-01-11 06:03:36,97.72
4819,13972,2024-01-11 06:03:48,98.34
4820,13973,2024-01-11 06:04:00,98.07
4821,13974,2024-01-11 06:04:12,98.78
4822,13975,2024-01-11 06:04:24,98.69
4823,13976,2024-01-11 06:04:36,98.99
4824,13977,2024-01-11 06:04:48,98.91
4825,13978,2024-01-11 06:05:00,99.3
4826,13979,2024-01-11 06:05:12,100.4
4827,13980,2024-01-11 06:05:24,99.48
4828,13981,2024-01-11 06:05:36,100.05
4829,13982,2024-01-11 06:05:48,99.52
4830,13983,2024-01-11 06:06:00,100.22
4831,13984,2024-01-11 06:06:12,100.57
4832,13985,2024-01-11 06:06:24,100.75
4833,13986,2024-01-11 06:06:36,100.92
4834,13987,2024-01-11 06:06:48,100.92
4835,13988,2024-01-11 06:07:00,101.01
4836,13989,2024-01-11 06:07:12,101.1
4837,13990,2024-01-11 06:07:24,101.45
4838,13991,2024-01-11 06:07:36,101.32
4839,13992,2024-01-11 06:07:48,101.62
4840,13993,2024-01-11 06:08:00,102.98
4841,13994,2024-01-11 06:08:12,102.54
4842,13995,2024-01-11 06:08:24,101.32
4843,13996,2024-01-11 06:08:36,102.24
4844,13997,2024-01-11 06:08:48,102.33
4845,13998,2024-01-11 06:09:00,103.38
4846,13999,2024-01-11 06:09:12,102.54
4847,14000,2024-01-11 06:09:24,103.68
4848,14001,2024-01-11 06:09:36,103.03
4849,14002,2024-01-11 06:09:48,104.17
4850,14003,2024-01-11 06:10:00,104.47
4851,14004,2024-01-11 06:10:12,104.17
4852,14005,2024-01-11 06:10:24,104.56
4853,14006,2024-01-11 06:10:36,103.77
4854,14007,2024-01-11 06:10:48,104.69
4855,14008,2024-01-11 06:11:00,105.44
4856,14009,2024-01-11 06:11:12,104.61
4857,14010,2024-01-11 06:11:24,105.04
4858,14011,2024-01-11 06:11:36,105.61
4859,14012,2024-01-11 06:11:48,106.1
4860,14013,2024-01-11 06:12:00,105.13
4861,14014,2024-01-11 06:12:12,105.92
4862,14015,2024-01-11 06:12:24,106.58
4863,14016,2024-01-11 06:12:36,106.14
4864,14017,2024-01-11 06:12:48,107.06
4865,14018,2024-01-11 06:13:00,106.45
4866,14019,2024-01-11 06:13:12,106.84
4867,14020,2024-01-11 06:13:24,106.67
4868,14021,2024-01-11 06:13:36,107.41
4869,14022,2024-01-11 06:13:48,107.5
4870,14023,2024-01-11 06:14:00,107.72
4871,14024,2024-01-11 06:14:12,107.94
4872,14025,2024-01-11 06:14:24,108.2
4873,14026,2024-01-11 06:14:36,107.89
4874,14027,2024-01-11 06:14:48,107.72
4875,14028,2024-01-11 06:15:00,108.55
4876,14029,2024-01-11 06:15:12,108.77
4877,14030,2024-01-11 06:15:24,108.94
4878,14031,2024-01-11 06:15:36,109.25
4879,14032,2024-01-11 06:15:48,109.21
4880,14033,2024-01-11 06:16:00,108.59
4881,14034,2024-01-11 06:16:12,110.0
4882,14035,2024-01-11 06:16:24,109.38
4883,14036,2024-01-11 06:16:36,109.43
4884,14037,2024-01-11 06:16:48,108.64
4885,14038,2024-01-11 06:17:00,109.16
4886,14039,2024-01-11 06:17:12,108.46
4887,14040,2024-01-11 06:17:24,107.32
4888,14041,2024-01-11 06:17:36,106.58
4889,14042,2024-01-11 06:17:48,106.01
4890,14043,2024-01-11 06:18:00,103.9
4891,14044,2024-01-11 06:18:12,104.65
4892,14045,2024-01-11 06:18:24,103.9
4893,14046,2024-01-11 06:18:36,102.9
4894,14047,2024-01-11 06:18:48,102.54
4895,14048,2024-01-11 06:19:00,101.49
4896,14049,2024-01-11 06:19:12,101.45
4897,14050,2024-01-11 06:19:24,99.87
4898,14051,2024-01-11 06:19:36,98.64
4899,14052,2024-01-11 06:19:48,97.77
4900,14053,2024-01-11 06:20:00,97.42
4901,14054,2024-01-11 06:20:12,97.33
4902,14055,2024-01-11 06:20:24,97.11
4903,14056,2024-01-11 06:20:36,95.4
4904,14057,2024-01-11 06:20:48,95.66
4905,14058,2024-01-11 06:21:00,94.87
4906,14059,2024-01-11 06:21:12,94.22
4907,14060,2024-01-11 06:21:24,93.73
4908,14061,2024-01-11 06:21:36,93.25
4909,14062,2024-01-11 06:21:48,91.98
4910,14063,2024-01-11 06:22:00,91.32
4911,14064,2024-01-11 06:22:12,90.93
4912,14065,2024-01-11 06:22:24,90.45
4913,14066,2024-01-11 06:22:36,91.37
4914,14067,2024-01-11 06:22:48,94.39
4915,14068,2024-01-11 06:23:00,93.95
4916,14069,2024-01-11 06:23:12,92.64
4917,14070,2024-01-11 06:23:24,92.02
4918,14071,2024-01-11 06:23:36,91.06
4919,14072,2024-01-11 06:23:48,91.28
4920,14073,2024-01-11 06:24:00,91.32
4921,14074,2024-01-11 06:24:12,94.09
4922,14075,2024-01-11 06:24:24,94.04
4923,14076,2024-01-11 06:24:36,93.12
4924,14077,2024-01-11 06:24:48,92.73
4925,14078,2024-01-11 06:25:00,91.98
4926,14079,2024-01-11 06:25:12,91.32
4927,14080,2024-01-11 06:25:24,91.89
4928,14081,2024-01-11 06:25:36,94.57
4929,14082,2024-01-11 06:25:48,94.35
4930,14083,2024-01-11 06:26:00,93.69
4931,14084,2024-01-11 06:26:12,92.95
4932,14085,2024-01-11 06:26:24,92.9
4933,14086,2024-01-11 06:26:36,91.76
4934,14087,2024-01-11 06:26:48,91.98
4935,14088,2024-01-11 06:27:00,91.19
4936,14089,2024-01-11 06:27:12,93.6
4937,14090,2024-01-11 06:27:24,94.52
4938,14091,2024-01-11 06:27:36,94.04
4939,14092,2024-01-11 06:27:48,92.73
4940,14093,2024-01-11 06:28:00,92.29
4941,14094,2024-01-11 06:28:12,91.59
4942,14095,2024-01-11 06:28:24,91.46
4943,14096,2024-01-11 06:28:36,94.35
4944,14097,2024-01-11 06:28:48,94.44
4945,14098,2024-01-11 06:29:00,93.16
4946,14099,2024-01-11 06:29:12,91.72
4947,14100,2024-01-11 06:29:24,91.32
4948,14101,2024-01-11 06:29:36,91.46
4949,14102,2024-01-11 06:29:48,91.72
4950,14103,2024-01-11 06:30:00,94.65
4951,14104,2024-01-11 06:30:12,93.82
4952,14105,2024-01-11 06:30:24,92.81
4953,14106,2024-01-11 06:30:36,92.86
4954,14107,2024-01-11 06:30:48,91.81
4955,14108,2024-01-11 06:31:00,91.59
4956,14109,2024-01-11 06:31:12,92.95
4957,14110,2024-01-11 06:31:24,94.7
4958,14111,2024-01-11 06:31:36,93.78
4959,14112,2024-01-11 06:31:48,92.95
4960,14113,2024-01-11 06:32:00,93.12
4961,14114,2024-01-11 06:32:12,92.24
4962,14115,2024-01-11 06:32:24,91.41
4963,14116,2024-01-11 06:32:36,91.06
4964,14117,2024-01-11 06:32:48,92.81
4965,14118,2024-01-11 06:33:00,94.44
4966,14119,2024-01-11 06:33:12,94.26
4967,14120,2024-01-11 06:33:24,92.68
4968,14121,2024-01-11 06:33:36,92.24
4969,14122,2024-01-11 06:33:48,91.06
4970,14123,2024-01-11 06:34:00,91.32
4971,14124,2024-01-11 06:34:12,95.27
4972,14125,2024-01-11 06:34:24,93.69
4973,14126,2024-01-11 06:34:36,93.73
4974,14127,2024-01-11 06:34:48,92.9
4975,14128,2024-01-11 06:35:00,92.51
4976,14129,2024-01-11 06:35:12,91.81
4977,14130,2024-01-11 06:35:24,91.94
4978,14131,2024-01-11 06:35:36,95.01
4979,14132,2024-01-11 06:35:48,93.56
4980,14133,2024-01-11 06:36:00,92.64
4981,14134,2024-01-11 06:36:12,92.73
4982,14135,2024-01-11 06:36:24,91.85
4983,14136,2024-01-11 06:36:36,91.54
4984,14137,2024-01-11 06:36:48,91.24
4985,14138,2024-01-11 06:37:00,94.57
4986,14139,2024-01-11 06:37:12,94.44
4987,14140,2024-01-11 06:37:24,93.95
4988,14141,2024-01-11 06:37:36,93.03
4989,14142,2024-01-11 06:37:48,92.07
4990,14143,2024-01-11 06:38:00,92.07
4991,14144,2024-01-11 06:38:12,92.07
4992,14145,2024-01-11 06:38:24,95.14
4993,14146,2024-01-11 06:38:36,93.21
4994,14147,2024-01-11 06:38:48,93.25
4995,14148,2024-01-11 06:39:00,92.9
4996,14149,2024-01-11 06:39:12,92.11
4997,14150,2024-01-11 06:39:24,91.37
4998,14151,2024-01-11 06:39:36,92.51
4999,14152,2024-01-11 06:39:48,94.13
5000,14153,2024-01-11 06:40:00,94.04
5001,14154,2024-01-11 06:40:12,92.59
5002,14155,2024-01-11 06:40:24,91.76
5003,14156,2024-01-11 06:40:36,91.19
5004,14157,2024-01-11 06:40:48,91.63
5005,14158,2024-01-11 06:41:00,94.26
5006,14159,2024-01-11 06:41:12,93.38
5007,14160,2024-01-11 06:41:24,92.95
5008,14161,2024-01-11 06:41:36,92.24
5009,14162,2024-01-11 06:41:48,91.37
5010,14163,2024-01-11 06:42:00,90.93
5011,14164,2024-01-11 06:42:12,93.47
5012,14165,2024-01-11 06:42:24,93.95
5013,14166,2024-01-11 06:42:36,92.59
5014,14167,2024-01-11 06:42:48,92.64
5015,14168,2024-01-11 06:43:00,91.81
5016,14169,2024-01-11 06:43:12,90.8
5017,14170,2024-01-11 06:43:24,94.13
5018,14171,2024-01-11 06:43:36,94.79
5019,14172,2024-01-11 06:43:48,94.0
5020,14173,2024-01-11 06:44:00,92.33
5021,14174,2024-01-11 06:44:12,92.02
5022,14175,2024-01-11 06:44:24,90.58
5023,14176,2024-01-11 06:44:36,91.24
5024,14177,2024-01-11 06:44:48,95.4
5025,14178,2024-01-11 06:45:00,94.17
5026,14179,2024-01-11 06:45:12,93.03
5027,14180,2024-01-11 06:45:24,92.68
5028,14181,2024-01-11 06:45:36,92.33
5029,14182,2024-01-11 06:45:48,91.19
5030,14183,2024-01-11 06:46:00,91.94
5031,14184,2024-01-11 06:46:12,95.14
5032,14185,2024-01-11 06:46:24,93.38
5033,14186,2024-01-11 06:46:36,92.46
5034,14187,2024-01-11 06:46:48,92.33
5035,14188,2024-01-11 06:47:00,90.89
5036,14189,2024-01-11 06:47:12,90.49
5037,14190,2024-01-11 06:47:24,93.73
5038,14191,2024-01-11 06:47:36,93.34
5039,14192,2024-01-11 06:47:48,92.64
5040,14193,2024-01-11 06:48:00,92.33
5041,14194,2024-01-11 06:48:12,91.54
5042,14195,2024-01-11 06:48:24,90.93
5043,14196,2024-01-11 06:48:36,93.65
5044,14197,2024-01-11 06:48:48,94.44
5045,14198,2024-01-11 06:49:00,93.08
5046,14199,2024-01-11 06:49:12,92.68
5047,14200,2024-01-11 06:49:24,92.07
5048,14201,2024-01-11 06:49:36,91.37
5049,14202,2024-01-11 06:49:48,92.51
5050,14203,2024-01-11 06:50:00,94.22
5051,14204,2024-01-11 06:50:12,93.87
5052,14205,2024-01-11 06:50:24,92.64
5053,14206,2024-01-11 06:50:36,92.2
5054,14207,2024-01-11 06:50:48,91.59
5055,14208,2024-01-11 06:51:00,90.75
5056,14209,2024-01-11 06:51:12,92.55
5057,14210,2024-01-11 06:51:24,94.26
5058,14211,2024-01-11 06:51:36,94.3
5059,14212,2024-01-11 06:51:48,93.43
5060,14213,2024-01-11 06:52:00,92.9
5061,14214,2024-01-11 06:52:12,92.02
5062,14215,2024-01-11 06:52:24,90.58
5063,14216,2024-01-11 06:52:36,93.12
5064,14217,2024-01-11 06:52:48,93.95
5065,14218,2024-01-11 06:53:00,93.6
5066,14219,2024-01-11 06:53:12,93.16
5067,14220,2024-01-11 06:53:24,92.77
5068,14221,2024-01-11 06:53:36,92.11
5069,14222,2024-01-11 06:53:48,92.46
5070,14223,2024-01-11 06:54:00,92.46
5071,14224,2024-01-11 06:54:12,91.28
5072,14225,2024-01-11 06:54:24,90.89
5073,14226,2024-01-11 06:54:36,93.34
5074,14227,2024-01-11 06:54:48,94.65
5075,14228,2024-01-11 06:55:00,93.56
5076,14229,2024-01-11 06:55:12,92.99
5077,14230,2024-01-11 06:55:24,92.38
5078,14231,2024-01-11 06:55:36,91.24
5079,14232,2024-01-11 06:55:48,91.15
5080,14233,2024-01-11 06:56:00,93.38
5081,14234,2024-01-11 06:56:12,94.44
5082,14235,2024-01-11 06:56:24,92.81
5083,14236,2024-01-11 06:56:36,92.59
5084,14237,2024-01-11 06:56:48,92.11
5085,14238,2024-01-11 06:57:00,91.54
5086,14239,2024-01-11 06:57:12,91.24
5087,14240,2024-01-11 06:57:24,94.17
5088,14241,2024-01-11 06:57:36,93.38
5089,14242,2024-01-11 06:57:48,92.86
5090,14243,2024-01-11 06:58:00,92.99
5091,14244,2024-01-11 06:58:12,92.16
5092,14245,2024-01-11 06:58:24,91.41
5093,14246,2024-01-11 06:58:36,93.25
5094,14247,2024-01-11 06:58:48,94.26
5095,14248,2024-01-11 06:59:00,93.65
5096,14249,2024-01-11 06:59:12,93.6
5097,14250,2024-01-11 06:59:24,92.68
5098,14251,2024-01-11 06:59:36,91.15
5099,14252,2024-01-11 06:59:48,92.02
5100,14253,2024-01-11 07:00:00,95.71
5101,14254,2024-01-11 07:00:12,93.43
5102,14255,2024-01-11 07:00:24,93.52
5103,14256,2024-01-11 07:00:36,92.95
5104,14257,2024-01-11 07:00:48,92.11
5105,14258,2024-01-11 07:01:00,91.28
5106,14259,2024-01-11 07:01:12,90.58
5107,14260,2024-01-11 07:01:24,94.04
5108,14261,2024-01-11 07:01:36,94.09
5109,14262,2024-01-11 07:01:48,94.22
5110,14263,2024-01-11 07:02:00,91.98
5111,14264,2024-01-11 07:02:12,91.98
5112,14265,2024-01-11 07:02:24,91.63
5113,14266,2024-01-11 07:02:36,91.32
5114,14267,2024-01-11 07:02:48,94.09
5115,14268,2024-01-11 07:03:00,94.3
5116,14269,2024-01-11 07:03:12,93.52
5117,14270,2024-01-11 07:03:24,91.98
5118,14271,2024-01-11 07:03:36,92.42
5119,14272,2024-01-11 07:03:48,91.06
5120,14273,2024-01-11 07:04:00,90.93
5121,14274,2024-01-11 07:04:12,94.74
5122,14275,2024-01-11 07:04:24,94.57
5123,14276,2024-01-11 07:04:36,93.73
5124,14277,2024-01-11 07:04:48,93.12
5125,14278,2024-01-11 07:05:00,92.02
5126,14279,2024-01-11 07:05:12,91.32
5127,14280,2024-01-11 07:05:24,92.55
5128,14281,2024-01-11 07:05:36,93.69
5129,14282,2024-01-11 07:05:48,92.51
5130,14283,2024-01-11 07:06:00,92.24
5131,14284,2024-01-11 07:06:12,91.06
5132,14285,2024-01-11 07:06:24,90.71
5133,14286,2024-01-11 07:06:36,93.87
5134,14287,2024-01-11 07:06:48,94.04
5135,14288,2024-01-11 07:07:00,93.34
5136,14289,2024-01-11 07:07:12,92.68
5137,14290,2024-01-11 07:07:24,91.24
5138,14291,2024-01-11 07:07:36,90.53
5139,14292,2024-01-11 07:07:48,94.26
5140,14293,2024-01-11 07:08:00,94.44
5141,14294,2024-01-11 07:08:12,93.38
5142,14295,2024-01-11 07:08:24,93.38
5143,14296,2024-01-11 07:08:36,92.59
5144,14297,2024-01-11 07:08:48,91.72
5145,14298,2024-01-11 07:09:00,91.32
5146,14299,2024-01-11 07:09:12,93.87
5147,14300,2024-01-11 07:09:24,93.25
5148,14301,2024-01-11 07:09:36,93.12
5149,14302,2024-01-11 07:09:48,92.46
5150,14303,2024-01-11 07:10:00,91.46
5151,14304,2024-01-11 07:10:12,91.19
5152,14305,2024-01-11 07:10:24,95.05
5153,14306,2024-01-11 07:10:36,94.09
5154,14307,2024-01-11 07:10:48,93.6
5155,14308,2024-01-11 07:11:00,92.51
5156,14309,2024-01-11 07:11:12,92.24
5157,14310,2024-01-11 07:11:24,91.72
5158,14311,2024-01-11 07:11:36,95.49
5159,14312,2024-01-11 07:11:48,93.69
5160,14313,2024-01-11 07:12:00,93.69
5161,14314,2024-01-11 07:12:12,92.29
5162,14315,2024-01-11 07:12:24,92.11
5163,14316,2024-01-11 07:12:36,90.97
5164,14317,2024-01-11 07:12:48,91.15
5165,14318,2024-01-11 07:13:00,94.87
5166,14319,2024-01-11 07:13:12,94.09
5167,14320,2024-01-11 07:13:24,93.38
5168,14321,2024-01-11 07:13:36,92.38
5169,14322,2024-01-11 07:13:48,91.59
5170,14323,2024-01-11 07:14:00,90.05
5171,14324,2024-01-11 07:14:12,92.24
5172,14325,2024-01-11 07:14:24,95.14
5173,14326,2024-01-11 07:14:36,94.44
5174,14327,2024-01-11 07:14:48,93.34
5175,14328,2024-01-11 07:15:00,92.51
5176,14329,2024-01-11 07:15:12,91.98
5177,14330,2024-01-11 07:15:24,90.93
5178,14331,2024-01-11 07:15:36,93.69
5179,14332,2024-01-11 07:15:48,94.22
5180,14333,2024-01-11 07:16:00,93.95
5181,14334,2024-01-11 07:16:12,93.16
5182,14335,2024-01-11 07:16:24,92.42
5183,14336,2024-01-11 07:16:36,91.41
5184,14337,2024-01-11 07:16:48,91.59
5185,14338,2024-01-11 07:17:00,93.47
5186,14339,2024-01-11 07:17:12,94.57
5187,14340,2024-01-11 07:17:24,93.43
5188,14341,2024-01-11 07:17:36,92.16
5189,14342,2024-01-11 07:17:48,92.77
5190,14343,2024-01-11 07:18:00,92.2
5191,14344,2024-01-11 07:18:12,90.97
5192,14345,2024-01-11 07:18:24,92.51
5193,14346,2024-01-11 07:18:36,94.96
5194,14347,2024-01-11 07:18:48,94.35
5195,14348,2024-01-11 07:19:00,93.65
5196,14349,2024-01-11 07:19:12,92.9
5197,14350,2024-01-11 07:19:24,92.33
5198,14351,2024-01-11 07:19:36,91.94
5199,14352,2024-01-11 07:19:48,91.41
5200,14353,2024-01-11 07:20:00,91.81
5201,14354,2024-01-11 07:20:12,90.89
5202,14355,2024-01-11 07:20:24,91.63
5203,14356,2024-01-11 07:20:36,90.84
5204,14357,2024-01-11 07:20:48,90.01
5205,14358,2024-01-11 07:21:00,94.04
5206,14359,2024-01-11 07:21:12,95.09
5207,14360,2024-01-11 07:21:24,94.83
5208,14361,2024-01-11 07:21:36,94.57
5209,14362,2024-01-11 07:21:48,93.78
5210,14363,2024-01-11 07:22:00,93.47
5211,14364,2024-01-11 07:22:12,93.3
5212,14365,2024-01-11 07:22:24,94.09
5213,14366,2024-01-11 07:22:36,94.13
5214,14367,2024-01-11 07:22:48,93.65
5215,14368,2024-01-11 07:23:00,94.17
5216,14369,2024-01-11 07:23:12,94.13
5217,14370,2024-01-11 07:23:24,93.78
5218,14371,2024-01-11 07:23:36,94.92
5219,14372,2024-01-11 07:23:48,94.22
5220,14373,2024-01-11 07:24:00,95.84
5221,14374,2024-01-11 07:24:12,95.31
5222,14375,2024-01-11 07:24:24,96.32
5223,14376,2024-01-11 07:24:36,96.23
5224,14377,2024-01-11 07:24:48,95.62
5225,14378,2024-01-11 07:25:00,96.5
5226,14379,2024-01-11 07:25:12,97.24
5227,14380,2024-01-11 07:25:24,97.5
5228,14381,2024-01-11 07:25:36,97.94
5229,14382,2024-01-11 07:25:48,97.99
5230,14383,2024-01-11 07:26:00,97.9
5231,14384,2024-01-11 07:26:12,97.85
5232,14385,2024-01-11 07:26:24,98.91
5233,14386,2024-01-11 07:26:36,99.17
5234,14387,2024-01-11 07:26:48,99.13
5235,14388,2024-01-11 07:27:00,98.82
5236,14389,2024-01-11 07:27:12,99.13
5237,14390,2024-01-11 07:27:24,99.78
5238,14391,2024-01-11 07:27:36,100.05
5239,14392,2024-01-11 07:27:48,100.22
5240,14393,2024-01-11 07:28:00,100.66
5241,14394,2024-01-11 07:28:12,100.48
5242,14395,2024-01-11 07:28:24,99.61
5243,14396,2024-01-11 07:28:36,101.1
5244,14397,2024-01-11 07:28:48,100.0
5245,14398,2024-01-11 07:29:00,100.31
5246,14399,2024-01-11 07:29:12,101.41
5247,14400,2024-01-11 07:29:24,101.58
5248,14401,2024-01-11 07:29:36,101.58
5249,14402,2024-01-11 07:29:48,101.62
5250,14403,2024-01-11 07:30:00,101.93
5251,14404,2024-01-11 07:30:12,101.8
5252,14405,2024-01-11 07:30:24,102.11
5253,14406,2024-01-11 07:30:36,101.54
5254,14407,2024-01-11 07:30:48,101.14
5255,14408,2024-01-11 07:31:00,101.62
5256,14409,2024-01-11 07:31:12,101.1
5257,14410,2024-01-11 07:31:24,101.23
5258,14411,2024-01-11 07:31:36,99.65
5259,14412,2024-01-11 07:31:48,99.39
5260,14413,2024-01-11 07:32:00,98.07
5261,14414,2024-01-11 07:32:12,97.99
5262,14415,2024-01-11 07:32:24,98.25
5263,14416,2024-01-11 07:32:36,96.89
5264,14417,2024-01-11 07:32:48,95.44
5265,14418,2024-01-11 07:33:00,95.88
5266,14419,2024-01-11 07:33:12,96.15
5267,14420,2024-01-11 07:33:24,94.65
5268,14421,2024-01-11 07:33:36,94.3
5269,14422,2024-01-11 07:33:48,93.6
5270,14423,2024-01-11 07:34:00,92.64
5271,14424,2024-01-11 07:34:12,92.59
5272,14425,2024-01-11 07:34:24,91.72
5273,14426,2024-01-11 07:34:36,91.54
5274,14427,2024-01-11 07:34:48,90.8
5275,14428,2024-01-11 07:35:00,92.07
5276,14429,2024-01-11 07:35:12,94.04
5277,14430,2024-01-11 07:35:24,94.22
5278,14431,2024-01-11 07:35:36,93.47
5279,14432,2024-01-11 07:35:48,92.59
5280,14433,2024-01-11 07:36:00,90.89
5281,14434,2024-01-11 07:36:12,90.62
5282,14435,2024-01-11 07:36:24,94.39
5283,14436,2024-01-11 07:36:36,94.7
5284,14437,2024-01-11 07:36:48,93.52
5285,14438,2024-01-11 07:37:00,93.21
5286,14439,2024-01-11 07:37:12,92.33
5287,14440,2024-01-11 07:37:24,90.75
5288,14441,2024-01-11 07:37:36,91.5
5289,14442,2024-01-11 07:37:48,93.82
5290,14443,2024-01-11 07:38:00,95.27
5291,14444,2024-01-11 07:38:12,93.69
5292,14445,2024-01-11 07:38:24,93.38
5293,14446,2024-01-11 07:38:36,91.81
5294,14447,2024-01-11 07:38:48,91.32
5295,14448,2024-01-11 07:39:00,91.89
5296,14449,2024-01-11 07:39:12,94.96
5297,14450,2024-01-11 07:39:24,93.08
5298,14451,2024-01-11 07:39:36,93.25
5299,14452,2024-01-11 07:39:48,91.81
5300,14453,2024-01-11 07:40:00,90.58
5301,14454,2024-01-11 07:40:12,92.33
5302,14455,2024-01-11 07:40:24,94.09
5303,14456,2024-01-11 07:40:36,93.3
5304,14457,2024-01-11 07:40:48,93.21
5305,14458,2024-01-11 07:41:00,92.51
5306,14459,2024-01-11 07:41:12,91.37
5307,14460,2024-01-11 07:41:24,91.67
5308,14461,2024-01-11 07:41:36,94.79
5309,14462,2024-01-11 07:41:48,93.52
5310,14463,2024-01-11 07:42:00,93.16
5311,14464,2024-01-11 07:42:12,92.02
5312,14465,2024-01-11 07:42:24,91.81
5313,14466,2024-01-11 07:42:36,91.02
5314,14467,2024-01-11 07:42:48,94.79
5315,14468,2024-01-11 07:43:00,94.52
5316,14469,2024-01-11 07:43:12,93.78
5317,14470,2024-01-11 07:43:24,92.42
5318,14471,2024-01-11 07:43:36,92.24
5319,14472,2024-01-11 07:43:48,91.02
5320,14473,2024-01-11 07:44:00,91.76
5321,14474,2024-01-11 07:44:12,94.26
5322,14475,2024-01-11 07:44:24,93.95
5323,14476,2024-01-11 07:44:36,93.12
5324,14477,2024-01-11 07:44:48,91.41
5325,14478,2024-01-11 07:45:00,90.97
5326,14479,2024-01-11 07:45:12,91.94
5327,14480,2024-01-11 07:45:24,94.61
5328,14481,2024-01-11 07:45:36,94.13
5329,14482,2024-01-11 07:45:48,93.21
5330,14483,2024-01-11 07:46:00,92.16
5331,14484,2024-01-11 07:46:12,91.67
5332,14485,2024-01-11 07:46:24,90.75
5333,14486,2024-01-11 07:46:36,93.08
5334,14487,2024-01-11 07:46:48,94.79
5335,14488,2024-01-11 07:47:00,93.12
5336,14489,2024-01-11 07:47:12,92.68
5337,14490,2024-01-11 07:47:24,91.94
5338,14491,2024-01-11 07:47:36,91.76
5339,14492,2024-01-11 07:47:48,92.51
5340,14493,2024-01-11 07:48:00,93.34
5341,14494,2024-01-11 07:48:12,92.81
5342,14495,2024-01-11 07:48:24,93.03
5343,14496,2024-01-11 07:48:36,91.67
5344,14497,2024-01-11 07:48:48,90.93
5345,14498,2024-01-11 07:49:00,92.95
5346,14499,2024-01-11 07:49:12,94.79
5347,14500,2024-01-11 07:49:24,93.91
5348,14501,2024-01-11 07:49:36,93.16
5349,14502,2024-01-11 07:49:48,92.68
5350,14503,2024-01-11 07:50:00,91.98
5351,14504,2024-01-11 07:50:12,91.59
5352,14505,2024-01-11 07:50:24,94.79
5353,14506,2024-01-11 07:50:36,94.13
5354,14507,2024-01-11 07:50:48,93.08
5355,14508,2024-01-11 07:51:00,92.33
5356,14509,2024-01-11 07:51:12,91.94
5357,14510,2024-01-11 07:51:24,91.94
5358,14511,2024-01-11 07:51:36,94.79
5359,14512,2024-01-11 07:51:48,94.22
5360,14513,2024-01-11 07:52:00,93.38
5361,14514,2024-01-11 07:52:12,92.95
5362,14515,2024-01-11 07:52:24,91.15
5363,14516,2024-01-11 07:52:36,91.19
5364,14517,2024-01-11 07:52:48,91.98
5365,14518,2024-01-11 07:53:00,94.61
5366,14519,2024-01-11 07:53:12,94.04
5367,14520,2024-01-11 07:53:24,93.08
5368,14521,2024-01-11 07:53:36,92.2
5369,14522,2024-01-11 07:53:48,91.85
5370,14523,2024-01-11 07:54:00,91.02
5371,14524,2024-01-11 07:54:12,93.43
5372,14525,2024-01-11 07:54:24,94.04
5373,14526,2024-01-11 07:54:36,93.52
5374,14527,2024-01-11 07:54:48,92.68
5375,14528,2024-01-11 07:55:00,91.98
5376,14529,2024-01-11 07:55:12,91.37
5377,14530,2024-01-11 07:55:24,91.98
5378,14531,2024-01-11 07:55:36,95.01
5379,14532,2024-01-11 07:55:48,93.25
5380,14533,2024-01-11 07:56:00,93.25
5381,14534,2024-01-11 07:56:12,92.02
5382,14535,2024-01-11 07:56:24,90.8
5383,14536,2024-01-11 07:56:36,91.24
5384,14537,2024-01-11 07:56:48,95.01
5385,14538,2024-01-11 07:57:00,94.35
5386,14539,2024-01-11 07:57:12,93.12
5387,14540,2024-01-11 07:57:24,92.99
5388,14541,2024-01-11 07:57:36,91.24
5389,14542,2024-01-11 07:57:48,90.8
5390,14543,2024-01-11 07:58:00,93.73
5391,14544,2024-01-11 07:58:12,94.57
5392,14545,2024-01-11 07:58:24,92.68
5393,14546,2024-01-11 07:58:36,92.11
5394,14547,2024-01-11 07:58:48,92.59
5395,14548,2024-01-11 07:59:00,92.16
5396,14549,2024-01-11 07:59:12,91.06
5397,14550,2024-01-11 07:59:24,92.99
5398,14551,2024-01-11 07:59:36,94.35
5399,14552,2024-01-11 07:59:48,93.25
5400,14553,2024-01-11 08:00:00,93.6
5401,14554,2024-01-11 08:00:12,92.55
5402,14555,2024-01-11 08:00:24,92.29
5403,14556,2024-01-11 08:00:36,91.1
5404,14557,2024-01-11 08:00:48,92.64
5405,14558,2024-01-11 08:01:00,94.44
5406,14559,2024-01-11 08:01:12,94.17
5407,14560,2024-01-11 08:01:24,92.77
5408,14561,2024-01-11 08:01:36,91.98
5409,14562,2024-01-11 08:01:48,91.37
5410,14563,2024-01-11 08:02:00,91.32
5411,14564,2024-01-11 08:02:12,93.73
5412,14565,2024-01-11 08:02:24,94.04
5413,14566,2024-01-11 08:02:36,93.87
5414,14567,2024-01-11 08:02:48,91.94
5415,14568,2024-01-11 08:03:00,92.02
5416,14569,2024-01-11 08:03:12,91.63
5417,14570,2024-01-11 08:03:24,92.38
5418,14571,2024-01-11 08:03:36,94.13
5419,14572,2024-01-11 08:03:48,93.82
5420,14573,2024-01-11 08:04:00,93.52
5421,14574,2024-01-11 08:04:12,92.33
5422,14575,2024-01-11 08:04:24,91.98
5423,14576,2024-01-11 08:04:36,90.97
5424,14577,2024-01-11 08:04:48,89.83
5425,14578,2024-01-11 08:05:00,94.09
5426,14579,2024-01-11 08:05:12,93.16
5427,14580,2024-01-11 08:05:24,92.29
5428,14581,2024-01-11 08:05:36,92.59
5429,14582,2024-01-11 08:05:48,91.15
5430,14583,2024-01-11 08:06:00,91.24
5431,14584,2024-01-11 08:06:12,93.03
5432,14585,2024-01-11 08:06:24,93.95
5433,14586,2024-01-11 08:06:36,93.52
5434,14587,2024-01-11 08:06:48,91.98
5435,14588,2024-01-11 08:07:00,91.28
5436,14589,2024-01-11 08:07:12,91.94
5437,14590,2024-01-11 08:07:24,91.15
5438,14591,2024-01-11 08:07:36,94.79
5439,14592,2024-01-11 08:07:48,93.12
5440,14593,2024-01-11 08:08:00,93.6
5441,14594,2024-01-11 08:08:12,91.76
5442,14595,2024-01-11 08:08:24,91.15
5443,14596,2024-01-11 08:08:36,91.02
5444,14597,2024-01-11 08:08:48,93.52
5445,14598,2024-01-11 08:09:00,94.61
5446,14599,2024-01-11 08:09:12,93.52
5447,14600,2024-01-11 08:09:24,92.68
5448,14601,2024-01-11 08:09:36,92.16
5449,14602,2024-01-11 08:09:48,92.24
5450,14603,2024-01-11 08:10:00,91.41
5451,14604,2024-01-11 08:10:12,90.58
5452,14605,2024-01-11 08:10:24,94.09
5453,14606,2024-01-11 08:10:36,94.17
5454,14607,2024-01-11 08:10:48,93.6
5455,14608,2024-01-11 08:11:00,92.9
5456,14609,2024-01-11 08:11:12,92.81
5457,14610,2024-01-11 08:11:24,91.54
5458,14611,2024-01-11 08:11:36,90.97
5459,14612,2024-01-11 08:11:48,92.68
5460,14613,2024-01-11 08:12:00,93.87
5461,14614,2024-01-11 08:12:12,94.04
5462,14615,2024-01-11 08:12:24,93.95
5463,14616,2024-01-11 08:12:36,93.16
5464,14617,2024-01-11 08:12:48,91.32
5465,14618,2024-01-11 08:13:00,91.46
5466,14619,2024-01-11 08:13:12,90.53
5467,14620,2024-01-11 08:13:24,94.22
5468,14621,2024-01-11 08:13:36,94.26
5469,14622,2024-01-11 08:13:48,93.6
5470,14623,2024-01-11 08:14:00,93.16
5471,14624,2024-01-11 08:14:12,91.72
5472,14625,2024-01-11 08:14:24,91.32
5473,14626,2024-01-11 08:14:36,90.75
5474,14627,2024-01-11 08:14:48,93.16
5475,14628,2024-01-11 08:15:00,94.0
5476,14629,2024-01-11 08:15:12,93.3
5477,14630,2024-01-11 08:15:24,93.47
5478,14631,2024-01-11 08:15:36,92.81
5479,14632,2024-01-11 08:15:48,92.07
5480,14633,2024-01-11 08:16:00,91.72
5481,14634,2024-01-11 08:16:12,90.49
5482,14635,2024-01-11 08:16:24,91.15
5483,14636,2024-01-11 08:16:36,95.09
5484,14637,2024-01-11 08:16:48,93.69
5485,14638,2024-01-11 08:17:00,93.25
5486,14639,2024-01-11 08:17:12,92.64
5487,14640,2024-01-11 08:17:24,91.37
5488,14641,2024-01-11 08:17:36,91.15
5489,14642,2024-01-11 08:17:48,92.55
5490,14643,2024-01-11 08:18:00,95.09
5491,14644,2024-01-11 08:18:12,93.69
5492,14645,2024-01-11 08:18:24,93.38
5493,14646,2024-01-11 08:18:36,92.42
5494,14647,2024-01-11 08:18:48,92.86
5495,14648,2024-01-11 08:19:00,91.67
5496,14649,2024-01-11 08:19:12,92.11
5497,14650,2024-01-11 08:19:24,92.16
5498,14651,2024-01-11 08:19:36,93.25
5499,14652,2024-01-11 08:19:48,92.55
5500,14653,2024-01-11 08:20:00,93.78
5501,14654,2024-01-11 08:20:12,93.78
5502,14655,2024-01-11 08:20:24,94.04
5503,14656,2024-01-11 08:20:36,94.79
5504,14657,2024-01-11 08:20:48,93.73
5505,14658,2024-01-11 08:21:00,94.74
5506,14659,2024-01-11 08:21:12,95.79
5507,14660,2024-01-11 08:21:24,95.58
5508,14661,2024-01-11 08:21:36,95.01
5509,14662,2024-01-11 08:21:48,95.79
5510,14663,2024-01-11 08:22:00,96.54
5511,14664,2024-01-11 08:22:12,96.63
5512,14665,2024-01-11 08:22:24,97.15
5513,14666,2024-01-11 08:22:36,97.77
5514,14667,2024-01-11 08:22:48,97.9
5515,14668,2024-01-11 08:23:00,97.33
5516,14669,2024-01-11 08:23:12,96.93
5517,14670,2024-01-11 08:23:24,97.77
5518,14671,2024-01-11 08:23:36,97.9
5519,14672,2024-01-11 08:23:48,98.25
5520,14673,2024-01-11 08:24:00,99.13
5521,14674,2024-01-11 08:24:12,98.47
5522,14675,2024-01-11 08:24:24,98.42
5523,14676,2024-01-11 08:24:36,98.6
5524,14677,2024-01-11 08:24:48,98.64
5525,14678,2024-01-11 08:25:00,99.65
5526,14679,2024-01-11 08:25:12,99.39
5527,14680,2024-01-11 08:25:24,100.05
5528,14681,2024-01-11 08:25:36,99.91
5529,14682,2024-01-11 08:25:48,100.22
5530,14683,2024-01-11 08:26:00,100.7
5531,14684,2024-01-11 08:26:12,100.18
5532,14685,2024-01-11 08:26:24,100.62
5533,14686,2024-01-11 08:26:36,100.31
5534,14687,2024-01-11 08:26:48,100.88
5535,14688,2024-01-11 08:27:00,101.45
5536,14689,2024-01-11 08:27:12,101.32
5537,14690,2024-01-11 08:27:24,101.84
5538,14691,2024-01-11 08:27:36,101.32
5539,14692,2024-01-11 08:27:48,101.41
5540,14693,2024-01-11 08:28:00,102.11
5541,14694,2024-01-11 08:28:12,101.93
5542,14695,2024-01-11 08:28:24,101.76
5543,14696,2024-01-11 08:28:36,102.33
5544,14697,2024-01-11 08:28:48,102.37
5545,14698,2024-01-11 08:29:00,102.37
5546,14699,2024-01-11 08:29:12,102.59
5547,14700,2024-01-11 08:29:24,102.54
5548,14701,2024-01-11 08:29:36,103.16
5549,14702,2024-01-11 08:29:48,102.59
5550,14703,2024-01-11 08:30:00,102.76
5551,14704,2024-01-11 08:30:12,102.94
5552,14705,2024-01-11 08:30:24,102.76
5553,14706,2024-01-11 08:30:36,103.55
5554,14707,2024-01-11 08:30:48,103.9
5555,14708,2024-01-11 08:31:00,103.9
5556,14709,2024-01-11 08:31:12,103.2
5557,14710,2024-01-11 08:31:24,103.9
5558,14711,2024-01-11 08:31:36,104.12
5559,14712,2024-01-11 08:31:48,104.21
5560,14713,2024-01-11 08:32:00,104.3
5561,14714,2024-01-11 08:32:12,104.74
5562,14715,2024-01-11 08:32:24,104.91
5563,14716,2024-01-11 08:32:36,104.96
5564,14717,2024-01-11 08:32:48,105.31
5565,14718,2024-01-11 08:33:00,104.69
5566,14719,2024-01-11 08:33:12,105.0
5567,14720,2024-01-11 08:33:24,105.22
5568,14721,2024-01-11 08:33:36,104.91
5569,14722,2024-01-11 08:33:48,105.74
5570,14723,2024-01-11 08:34:00,106.67
5571,14724,2024-01-11 08:34:12,105.44
5572,14725,2024-01-11 08:34:24,106.23
5573,14726,2024-01-11 08:34:36,105.88
5574,14727,2024-01-11 08:34:48,106.31
5575,14728,2024-01-11 08:35:00,106.53
5576,14729,2024-01-11 08:35:12,106.67
5577,14730,2024-01-11 08:35:24,107.1
5578,14731,2024-01-11 08:35:36,106.84
5579,14732,2024-01-11 08:35:48,106.97
5580,14733,2024-01-11 08:36:00,107.76
5581,14734,2024-01-11 08:36:12,107.28
5582,14735,2024-01-11 08:36:24,107.37
5583,14736,2024-01-11 08:36:36,107.06
5584,14737,2024-01-11 08:36:48,107.28
5585,14738,2024-01-11 08:37:00,107.5
5586,14739,2024-01-11 08:37:12,107.98
5587,14740,2024-01-11 08:37:24,107.98
5588,14741,2024-01-11 08:37:36,107.41
5589,14742,2024-01-11 08:37:48,107.76
5590,14743,2024-01-11 08:38:00,107.98
5591,14744,2024-01-11 08:38:12,107.94
5592,14745,2024-01-11 08:38:24,107.28
5593,14746,2024-01-11 08:38:36,108.11
5594,14747,2024-01-11 08:38:48,106.84
5595,14748,2024-01-11 08:39:00,107.94
5596,14749,2024-01-11 08:39:12,108.46
5597,14750,2024-01-11 08:39:24,107.72
5598,14751,2024-01-11 08:39:36,107.54
5599,14752,2024-01-11 08:39:48,107.72
5600,14753,2024-01-11 08:40:00,107.19
5601,14754,2024-01-11 08:40:12,107.98
5602,14755,2024-01-11 08:40:24,108.37
5603,14756,2024-01-11 08:40:36,107.72
5604,14757,2024-01-11 08:40:48,108.64
5605,14758,2024-01-11 08:41:00,107.5
5606,14759,2024-01-11 08:41:12,108.46
5607,14760,2024-01-11 08:41:24,107.8
5608,14761,2024-01-11 08:41:36,108.77
5609,14762,2024-01-11 08:41:48,108.68
5610,14763,2024-01-11 08:42:00,108.68
5611,14764,2024-01-11 08:42:12,108.24
5612,14765,2024-01-11 08:42:24,108.73
5613,14766,2024-01-11 08:42:36,108.33
5614,14767,2024-01-11 08:42:48,109.34
5615,14768,2024-01-11 08:43:00,109.34
5616,14769,2024-01-11 08:43:12,108.77
5617,14770,2024-01-11 08:43:24,108.99
5618,14771,2024-01-11 08:43:36,109.34
5619,14772,2024-01-11 08:43:48,110.17
5620,14773,2024-01-11 08:44:00,109.34
5621,14774,2024-01-11 08:44:12,109.38
5622,14775,2024-01-11 08:44:24,109.47
5623,14776,2024-01-11 08:44:36,109.73
5624,14777,2024-01-11 08:44:48,109.95
5625,14778,2024-01-11 08:45:00,109.78
5626,14779,2024-01-11 08:45:12,109.51
5627,14780,2024-01-11 08:45:24,109.95
5628,14781,2024-01-11 08:45:36,110.22
5629,14782,2024-01-11 08:45:48,110.17
5630,14783,2024-01-11 08:46:00,110.22
5631,14784,2024-01-11 08:46:12,110.48
5632,14785,2024-01-11 08:46:24,110.0
5633,14786,2024-01-11 08:46:36,110.3
5634,14787,2024-01-11 08:46:48,110.52
5635,14788,2024-01-11 08:47:00,110.26
5636,14789,2024-01-11 08:47:12,109.73
5637,14790,2024-01-11 08:47:24,110.57
5638,14791,2024-01-11 08:47:36,110.08
5639,14792,2024-01-11 08:47:48,110.52
5640,14793,2024-01-11 08:48:00,109.86
5641,14794,2024-01-11 08:48:12,110.96
5642,14795,2024-01-11 08:48:24,110.79
5643,14796,2024-01-11 08:48:36,111.05
5644,14797,2024-01-11 08:48:48,110.96
5645,14798,2024-01-11 08:49:00,111.18
5646,14799,2024-01-11 08:49:12,110.87
5647,14800,2024-01-11 08:49:24,110.92
5648,14801,2024-01-11 08:49:36,111.27
5649,14802,2024-01-11 08:49:48,111.31
5650,14803,2024-01-11 08:50:00,110.74
5651,14804,2024-01-11 08:50:12,110.92
5652,14805,2024-01-11 08:50:24,111.53
5653,14806,2024-01-11 08:50:36,110.7
5654,14807,2024-01-11 08:50:48,111.22
5655,14808,2024-01-11 08:51:00,111.18
5656,14809,2024-01-11 08:51:12,112.1
5657,14810,2024-01-11 08:51:24,111.75
5658,14811,2024-01-11 08:51:36,111.97
5659,14812,2024-01-11 08:51:48,112.01
5660,14813,2024-01-11 08:52:00,111.49
5661,14814,2024-01-11 08:52:12,112.36
5662,14815,2024-01-11 08:52:24,111.62
5663,14816,2024-01-11 08:52:36,111.88
5664,14817,2024-01-11 08:52:48,112.63
5665,14818,2024-01-11 08:53:00,112.14
5666,14819,2024-01-11 08:53:12,112.54
5667,14820,2024-01-11 08:53:24,112.71
5668,14821,2024-01-11 08:53:36,112.14
5669,14822,2024-01-11 08:53:48,112.98
5670,14823,2024-01-11 08:54:00,112.54
5671,14824,2024-01-11 08:54:12,113.11
5672,14825,2024-01-11 08:54:24,113.37
5673,14826,2024-01-11 08:54:36,112.93
5674,14827,2024-01-11 08:54:48,113.68
5675,14828,2024-01-11 08:55:00,113.85
5676,14829,2024-01-11 08:55:12,114.73
5677,14830,2024-01-11 08:55:24,114.42
5678,14831,2024-01-11 08:55:36,114.73
5679,14832,2024-01-11 08:55:48,114.77
5680,14833,2024-01-11 08:56:00,114.38
5681,14834,2024-01-11 08:56:12,115.17
5682,14835,2024-01-11 08:56:24,114.38
5683,14836,2024-01-11 08:56:36,115.17
5684,14837,2024-01-11 08:56:48,115.04
5685,14838,2024-01-11 08:57:00,114.77
5686,14839,2024-01-11 08:57:12,114.73
5687,14840,2024-01-11 08:57:24,115.83
5688,14841,2024-01-11 08:57:36,115.12
5689,14842,2024-01-11 08:57:48,115.61
5690,14843,2024-01-11 08:58:00,116.05
5691,14844,2024-01-11 08:58:12,115.91
5692,14845,2024-01-11 08:58:24,116.31
5693,14846,2024-01-11 08:58:36,115.78
5694,14847,2024-01-11 08:58:48,117.01
5695,14848,2024-01-11 08:59:00,116.53
5696,14849,2024-01-11 08:59:12,117.1
5697,14850,2024-01-11 08:59:24,117.19
5698,14851,2024-01-11 08:59:36,116.88
5699,14852,2024-01-11 08:59:48,117.01
5700,14853,2024-01-11 09:00:00,117.58
5701,14854,2024-01-11 09:00:12,117.8
5702,14855,2024-01-11 09:00:24,116.66
5703,14856,2024-01-11 09:00:36,118.32
5704,14857,2024-01-11 09:00:48,118.41
5705,14858,2024-01-11 09:01:00,117.49
5706,14859,2024-01-11 09:01:12,117.45
5707,14860,2024-01-11 09:01:24,118.5
5708,14861,2024-01-11 09:01:36,117.97
5709,14862,2024-01-11 09:01:48,118.54
5710,14863,2024-01-11 09:02:00,119.29
5711,14864,2024-01-11 09:02:12,118.94
5712,14865,2024-01-11 09:02:24,119.38
5713,14866,2024-01-11 09:02:36,118.63
5714,14867,2024-01-11 09:02:48,119.11
5715,14868,2024-01-11 09:03:00,118.15
5716,14869,2024-01-11 09:03:12,117.23
5717,14870,2024-01-11 09:03:24,117.58
5718,14871,2024-01-11 09:03:36,117.19
5719,14872,2024-01-11 09:03:48,116.79
5720,14873,2024-01-11 09:04:00,115.08
5721,14874,2024-01-11 09:04:12,114.95
5722,14875,2024-01-11 09:04:24,114.16
5723,14876,2024-01-11 09:04:36,113.9
5724,14877,2024-01-11 09:04:48,113.24
5725,14878,2024-01-11 09:05:00,113.2
5726,14879,2024-01-11 09:05:12,111.84
5727,14880,2024-01-11 09:05:24,111.4
5728,14881,2024-01-11 09:05:36,111.14
5729,14882,2024-01-11 09:05:48,110.92
5730,14883,2024-01-11 09:06:00,110.0
5731,14884,2024-01-11 09:06:12,109.65
5732,14885,2024-01-11 09:06:24,108.59
5733,14886,2024-01-11 09:06:36,107.63
5734,14887,2024-01-11 09:06:48,107.72
5735,14888,2024-01-11 09:07:00,106.18
5736,14889,2024-01-11 09:07:12,105.66
5737,14890,2024-01-11 09:07:24,105.74
5738,14891,2024-01-11 09:07:36,105.22
5739,14892,2024-01-11 09:07:48,104.39
5740,14893,2024-01-11 09:08:00,104.39
5741,14894,2024-01-11 09:08:12,103.55
5742,14895,2024-01-11 09:08:24,102.46
5743,14896,2024-01-11 09:08:36,101.8
5744,14897,2024-01-11 09:08:48,101.8
5745,14898,2024-01-11 09:09:00,101.14
5746,14899,2024-01-11 09:09:12,100.75
5747,14900,2024-01-11 09:09:24,100.18
5748,14901,2024-01-11 09:09:36,98.86
5749,14902,2024-01-11 09:09:48,99.21
5750,14903,2024-01-11 09:10:00,98.25
5751,14904,2024-01-11 09:10:12,98.29
5752,14905,2024-01-11 09:10:24,96.93
5753,14906,2024-01-11 09:10:36,96.41
5754,14907,2024-01-11 09:10:48,97.42
5755,14908,2024-01-11 09:11:00,95.93
5756,14909,2024-01-11 09:11:12,94.74
5757,14910,2024-01-11 09:11:24,94.57
5758,14911,2024-01-11 09:11:36,93.73
5759,14912,2024-01-11 09:11:48,93.65
5760,14913,2024-01-11 09:12:00,93.25
5761,14914,2024-01-11 09:12:12,93.21
5762,14915,2024-01-11 09:12:24,93.38
5763,14916,2024-01-11 09:12:36,91.76
5764,14917,2024-01-11 09:12:48,92.59
5765,14918,2024-01-11 09:13:00,91.67
5766,14919,2024-01-11 09:13:12,91.76
5767,14920,2024-01-11 09:13:24,91.15
5768,14921,2024-01-11 09:13:36,91.32
5769,14922,2024-01-11 09:13:48,94.7
5770,14923,2024-01-11 09:14:00,93.69
5771,14924,2024-01-11 09:14:12,94.13
5772,14925,2024-01-11 09:14:24,93.25
5773,14926,2024-01-11 09:14:36,92.59
5774,14927,2024-01-11 09:14:48,91.98
5775,14928,2024-01-11 09:15:00,91.76
5776,14929,2024-01-11 09:15:12,91.46
5777,14930,2024-01-11 09:15:24,93.3
5778,14931,2024-01-11 09:15:36,94.65
5779,14932,2024-01-11 09:15:48,93.03
5780,14933,2024-01-11 09:16:00,93.78
5781,14934,2024-01-11 09:16:12,92.46
5782,14935,2024-01-11 09:16:24,91.76
5783,14936,2024-01-11 09:16:36,91.19
5784,14937,2024-01-11 09:16:48,90.23
5785,14938,2024-01-11 09:17:00,94.17
5786,14939,2024-01-11 09:17:12,94.79
5787,14940,2024-01-11 09:17:24,93.91
5788,14941,2024-01-11 09:17:36,92.81
5789,14942,2024-01-11 09:17:48,92.59
5790,14943,2024-01-11 09:18:00,92.9
5791,14944,2024-01-11 09:18:12,92.16
5792,14945,2024-01-11 09:18:24,91.41
5793,14946,2024-01-11 09:18:36,91.85
5794,14947,2024-01-11 09:18:48,94.09
5795,14948,2024-01-11 09:19:00,94.09
5796,14949,2024-01-11 09:19:12,92.77
5797,14950,2024-01-11 09:19:24,92.86
5798,14951,2024-01-11 09:19:36,92.59
5799,14952,2024-01-11 09:19:48,91.76
5800,14953,2024-01-11 09:20:00,91.46
5801,14954,2024-01-11 09:20:12,92.29
5802,14955,2024-01-11 09:20:24,94.22
5803,14956,2024-01-11 09:20:36,93.91
5804,14957,2024-01-11 09:20:48,92.95
5805,14958,2024-01-11 09:21:00,91.98
5806,14959,2024-01-11 09:21:12,91.46
5807,14960,2024-01-11 09:21:24,93.03
5808,14961,2024-01-11 09:21:36,93.25
5809,14962,2024-01-11 09:21:48,92.24
5810,14963,2024-01-11 09:22:00,90.27
5811,14964,2024-01-11 09:22:12,93.08
5812,14965,2024-01-11 09:22:24,94.04
5813,14966,2024-01-11 09:22:36,92.68
5814,14967,2024-01-11 09:22:48,91.76
5815,14968,2024-01-11 09:23:00,93.34
5816,14969,2024-01-11 09:23:12,93.6
5817,14970,2024-01-11 09:23:24,91.76
5818,14971,2024-01-11 09:23:36,90.45
5819,14972,2024-01-11 09:23:48,93.65
5820,14973,2024-01-11 09:24:00,93.69
5821,14974,2024-01-11 09:24:12,92.24
5822,14975,2024-01-11 09:24:24,90.8
5823,14976,2024-01-11 09:24:36,92.2
5824,14977,2024-01-11 09:24:48,94.92
5825,14978,2024-01-11 09:25:00,93.21
5826,14979,2024-01-11 09:25:12,92.9
5827,14980,2024-01-11 09:25:24,92.51
5828,14981,2024-01-11 09:25:36,91.06
5829,14982,2024-01-11 09:25:48,91.1
5830,14983,2024-01-11 09:26:00,94.61
5831,14984,2024-01-11 09:26:12,93.47
5832,14985,2024-01-11 09:26:24,93.38
5833,14986,2024-01-11 09:26:36,92.51
5834,14987,2024-01-11 09:26:48,92.11
5835,14988,2024-01-11 09:27:00,92.42
5836,14989,2024-01-11 09:27:12,94.22
5837,14990,2024-01-11 09:27:24,92.77
5838,14991,2024-01-11 09:27:36,90.23
5839,14992,2024-01-11 09:27:48,92.99
5840,14993,2024-01-11 09:28:00,94.04
5841,14994,2024-01-11 09:28:12,91.81
5842,14995,2024-01-11 09:28:24,91.81
5843,14996,2024-01-11 09:28:36,91.24
5844,14997,2024-01-11 09:28:48,93.82
5845,14998,2024-01-11 09:29:00,94.17
5846,14999,2024-01-11 09:29:12,93.38
5847,15000,2024-01-11 09:29:24,92.33
5848,15001,2024-01-11 09:29:36,92.29
5849,15002,2024-01-11 09:29:48,91.98
5850,15003,2024-01-11 09:30:00,91.06
5851,15004,2024-01-11 09:30:12,90.89
5852,15005,2024-01-11 09:30:24,91.15
5853,15006,2024-01-11 09:30:36,91.76
5854,15007,2024-01-11 09:30:48,92.46
5855,15008,2024-01-11 09:31:00,92.38
5856,15009,2024-01-11 09:31:12,91.85
5857,15010,2024-01-11 09:31:24,92.95
5858,15011,2024-01-11 09:31:36,93.34
5859,15012,2024-01-11 09:31:48,93.82
5860,15013,2024-01-11 09:32:00,94.44
5861,15014,2024-01-11 09:32:12,94.79
5862,15015,2024-01-11 09:32:24,94.7
5863,15016,2024-01-11 09:32:36,94.87
5864,15017,2024-01-11 09:32:48,95.14
5865,15018,2024-01-11 09:33:00,95.49
5866,15019,2024-01-11 09:33:12,94.74
5867,15020,2024-01-11 09:33:24,96.5
5868,15021,2024-01-11 09:33:36,96.01
5869,15022,2024-01-11 09:33:48,96.98
5870,15023,2024-01-11 09:34:00,96.19
5871,15024,2024-01-11 09:34:12,98.16
5872,15025,2024-01-11 09:34:24,97.55
5873,15026,2024-01-11 09:34:36,97.72
5874,15027,2024-01-11 09:34:48,97.94
5875,15028,2024-01-11 09:35:00,98.29
5876,15029,2024-01-11 09:35:12,98.86
5877,15030,2024-01-11 09:35:24,99.43
5878,15031,2024-01-11 09:35:36,98.78
5879,15032,2024-01-11 09:35:48,100.0
5880,15033,2024-01-11 09:36:00,100.18
5881,15034,2024-01-11 09:36:12,99.78
5882,15035,2024-01-11 09:36:24,99.83
5883,15036,2024-01-11 09:36:36,101.1
5884,15037,2024-01-11 09:36:48,100.27
5885,15038,2024-01-11 09:37:00,101.32
5886,15039,2024-01-11 09:37:12,101.67
5887,15040,2024-01-11 09:37:24,101.54
5888,15041,2024-01-11 09:37:36,102.11
5889,15042,2024-01-11 09:37:48,102.02
5890,15043,2024-01-11 09:38:00,101.93
5891,15044,2024-01-11 09:38:12,102.63
5892,15045,2024-01-11 09:38:24,102.85
5893,15046,2024-01-11 09:38:36,102.94
5894,15047,2024-01-11 09:38:48,103.03
5895,15048,2024-01-11 09:39:00,103.68
5896,15049,2024-01-11 09:39:12,103.9
5897,15050,2024-01-11 09:39:24,103.6
5898,15051,2024-01-11 09:39:36,104.3
5899,15052,2024-01-11 09:39:48,104.52
5900,15053,2024-01-11 09:40:00,104.91
5901,15054,2024-01-11 09:40:12,104.96
5902,15055,2024-01-11 09:40:24,104.61
5903,15056,2024-01-11 09:40:36,105.57
5904,15057,2024-01-11 09:40:48,105.17
5905,15058,2024-01-11 09:41:00,105.35
5906,15059,2024-01-11 09:41:12,105.88
5907,15060,2024-01-11 09:41:24,106.1
5908,15061,2024-01-11 09:41:36,106.58
5909,15062,2024-01-11 09:41:48,106.97
5910,15063,2024-01-11 09:42:00,106.71
5911,15064,2024-01-11 09:42:12,107.15
5912,15065,2024-01-11 09:42:24,107.59
5913,15066,2024-01-11 09:42:36,107.06
5914,15067,2024-01-11 09:42:48,107.63
5915,15068,2024-01-11 09:43:00,107.1
5916,15069,2024-01-11 09:43:12,108.42
5917,15070,2024-01-11 09:43:24,108.07
5918,15071,2024-01-11 09:43:36,108.16
5919,15072,2024-01-11 09:43:48,108.59
5920,15073,2024-01-11 09:44:00,109.12
5921,15074,2024-01-11 09:44:12,109.3
5922,15075,2024-01-11 09:44:24,109.65
5923,15076,2024-01-11 09:44:36,108.77
5924,15077,2024-01-11 09:44:48,109.47
5925,15078,2024-01-11 09:45:00,109.78
5926,15079,2024-01-11 09:45:12,110.08
5927,15080,2024-01-11 09:45:24,110.13
5928,15081,2024-01-11 09:45:36,109.73
5929,15082,2024-01-11 09:45:48,110.61
5930,15083,2024-01-11 09:46:00,111.4
5931,15084,2024-01-11 09:46:12,110.39
5932,15085,2024-01-11 09:46:24,110.92
5933,15086,2024-01-11 09:46:36,111.18
5934,15087,2024-01-11 09:46:48,111.84
5935,15088,2024-01-11 09:47:00,111.62
5936,15089,2024-01-11 09:47:12,111.27
5937,15090,2024-01-11 09:47:24,111.75
5938,15091,2024-01-11 09:47:36,112.1
5939,15092,2024-01-11 09:47:48,112.28
5940,15093,2024-01-11 09:48:00,112.8
5941,15094,2024-01-11 09:48:12,112.45
5942,15095,2024-01-11 09:48:24,112.36
5943,15096,2024-01-11 09:48:36,113.15
5944,15097,2024-01-11 09:48:48,113.02
5945,15098,2024-01-11 09:49:00,113.59
5946,15099,2024-01-11 09:49:12,113.5
5947,15100,2024-01-11 09:49:24,113.11
5948,15101,2024-01-11 09:49:36,113.59
5949,15102,2024-01-11 09:49:48,114.34
5950,15103,2024-01-11 09:50:00,113.5
5951,15104,2024-01-11 09:50:12,114.82
5952,15105,2024-01-11 09:50:24,114.29
5953,15106,2024-01-11 09:50:36,114.73
5954,15107,2024-01-11 09:50:48,114.64
5955,15108,2024-01-11 09:51:00,114.91
5956,15109,2024-01-11 09:51:12,114.91
5957,15110,2024-01-11 09:51:24,114.86
5958,15111,2024-01-11 09:51:36,115.34
5959,15112,2024-01-11 09:51:48,116.0
5960,15113,2024-01-11 09:52:00,115.56
5961,15114,2024-01-11 09:52:12,116.88
5962,15115,2024-01-11 09:52:24,116.18
5963,15116,2024-01-11 09:52:36,116.35
5964,15117,2024-01-11 09:52:48,116.7
5965,15118,2024-01-11 09:53:00,116.48
5966,15119,2024-01-11 09:53:12,116.53
5967,15120,2024-01-11 09:53:24,116.66
5968,15121,2024-01-11 09:53:36,116.88
5969,15122,2024-01-11 09:53:48,116.7
5970,15123,2024-01-11 09:54:00,117.54
5971,15124,2024-01-11 09:54:12,117.4
5972,15125,2024-01-11 09:54:24,117.05
5973,15126,2024-01-11 09:54:36,117.62
5974,15127,2024-01-11 09:54:48,117.75
5975,15128,2024-01-11 09:55:00,117.19
5976,15129,2024-01-11 09:55:12,117.1
5977,15130,2024-01-11 09:55:24,117.8
5978,15131,2024-01-11 09:55:36,118.28
5979,15132,2024-01-11 09:55:48,117.67
5980,15133,2024-01-11 09:56:00,117.54
5981,15134,2024-01-11 09:56:12,118.28
5982,15135,2024-01-11 09:56:24,117.19
5983,15136,2024-01-11 09:56:36,118.5
5984,15137,2024-01-11 09:56:48,118.63
5985,15138,2024-01-11 09:57:00,118.98
5986,15139,2024-01-11 09:57:12,119.38
5987,15140,2024-01-11 09:57:24,118.72
5988,15141,2024-01-11 09:57:36,118.15
5989,15142,2024-01-11 09:57:48,118.28
5990,15143,2024-01-11 09:58:00,117.45
5991,15144,2024-01-11 09:58:12,118.02
5992,15145,2024-01-11 09:58:24,116.83
5993,15146,2024-01-11 09:58:36,117.05
5994,15147,2024-01-11 09:58:48,116.22
5995,15148,2024-01-11 09:59:00,115.96
5996,15149,2024-01-11 09:59:12,116.13
5997,15150,2024-01-11 09:59:24,114.47
5998,15151,2024-01-11 09:59:36,113.5
5999,15152,2024-01-11 09:59:48,112.41
6000,15153,2024-01-11 10:00:00,111.84
6001,15154,2024-01-11 10:00:12,111.05
6002,15155,2024-01-11 10:00:24,110.0
6003,15156,2024-01-11 10:00:36,109.82
6004,15157,2024-01-11 10:00:48,107.89
6005,15158,2024-01-11 10:01:00,108.02
6006,15159,2024-01-11 10:01:12,107.76
6007,15160,2024-01-11 10:01:24,106.88
6008,15161,2024-01-11 10:01:36,106.01
6009,15162,2024-01-11 10:01:48,104.61
6010,15163,2024-01-11 10:02:00,103.42
6011,15164,2024-01-11 10:02:12,103.29
6012,15165,2024-01-11 10:02:24,103.07
6013,15166,2024-01-11 10:02:36,102.33
6014,15167,2024-01-11 10:02:48,101.67
6015,15168,2024-01-11 10:03:00,100.31
6016,15169,2024-01-11 10:03:12,99.48
6017,15170,2024-01-11 10:03:24,99.7
6018,15171,2024-01-11 10:03:36,98.25
6019,15172,2024-01-11 10:03:48,97.46
6020,15173,2024-01-11 10:04:00,96.85
6021,15174,2024-01-11 10:04:12,94.96
6022,15175,2024-01-11 10:04:24,93.95
6023,15176,2024-01-11 10:04:36,92.64
6024,15177,2024-01-11 10:04:48,91.81
6025,15178,2024-01-11 10:05:00,90.23
6026,15179,2024-01-11 10:05:12,91.5
6027,15180,2024-01-11 10:05:24,94.61
6028,15181,2024-01-11 10:05:36,93.3
6029,15182,2024-01-11 10:05:48,92.2
6030,15183,2024-01-11 10:06:00,90.36
6031,15184,2024-01-11 10:06:12,94.61
6032,15185,2024-01-11 10:06:24,93.25
6033,15186,2024-01-11 10:06:36,91.41
6034,15187,2024-01-11 10:06:48,90.1
6035,15188,2024-01-11 10:07:00,94.74
6036,15189,2024-01-11 10:07:12,93.52
6037,15190,2024-01-11 10:07:24,92.42
6038,15191,2024-01-11 10:07:36,90.93
6039,15192,2024-01-11 10:07:48,93.3
6040,15193,2024-01-11 10:08:00,92.99
6041,15194,2024-01-11 10:08:12,91.72
6042,15195,2024-01-11 10:08:24,91.63
6043,15196,2024-01-11 10:08:36,95.14
6044,15197,2024-01-11 10:08:48,93.12
6045,15198,2024-01-11 10:09:00,93.38
6046,15199,2024-01-11 10:09:12,92.46
6047,15200,2024-01-11 10:09:24,90.93
6048,15201,2024-01-11 10:09:36,90.49
6049,15202,2024-01-11 10:09:48,91.67
6050,15203,2024-01-11 10:10:00,93.52
6051,15204,2024-01-11 10:10:12,91.94
6052,15205,2024-01-11 10:10:24,90.53
6053,15206,2024-01-11 10:10:36,93.56
6054,15207,2024-01-11 10:10:48,93.87
6055,15208,2024-01-11 10:11:00,92.46
6056,15209,2024-01-11 10:11:12,90.32
6057,15210,2024-01-11 10:11:24,93.47
6058,15211,2024-01-11 10:11:36,93.78
6059,15212,2024-01-11 10:11:48,92.16
6060,15213,2024-01-11 10:12:00,90.97
6061,15214,2024-01-11 10:12:12,94.13
6062,15215,2024-01-11 10:12:24,93.16
6063,15216,2024-01-11 10:12:36,92.24
6064,15217,2024-01-11 10:12:48,90.18
6065,15218,2024-01-11 10:13:00,93.73
6066,15219,2024-01-11 10:13:12,93.16
6067,15220,2024-01-11 10:13:24,92.16
6068,15221,2024-01-11 10:13:36,90.8
6069,15222,2024-01-11 10:13:48,94.57
6070,15223,2024-01-11 10:14:00,93.34
6071,15224,2024-01-11 10:14:12,91.81
6072,15225,2024-01-11 10:14:24,91.81
6073,15226,2024-01-11 10:14:36,90.4
6074,15227,2024-01-11 10:14:48,93.34
6075,15228,2024-01-11 10:15:00,94.09
6076,15229,2024-01-11 10:15:12,93.38
6077,15230,2024-01-11 10:15:24,92.81
6078,15231,2024-01-11 10:15:36,90.97
6079,15232,2024-01-11 10:15:48,91.1
6080,15233,2024-01-11 10:16:00,93.52
6081,15234,2024-01-11 10:16:12,93.91
6082,15235,2024-01-11 10:16:24,93.25
6083,15236,2024-01-11 10:16:36,92.46
6084,15237,2024-01-11 10:16:48,91.46
6085,15238,2024-01-11 10:17:00,92.02
6086,15239,2024-01-11 10:17:12,93.78
6087,15240,2024-01-11 10:17:24,92.38
6088,15241,2024-01-11 10:17:36,92.2
6089,15242,2024-01-11 10:17:48,90.93
6090,15243,2024-01-11 10:18:00,91.81
6091,15244,2024-01-11 10:18:12,94.17
6092,15245,2024-01-11 10:18:24,92.99
6093,15246,2024-01-11 10:18:36,92.29
6094,15247,2024-01-11 10:18:48,90.23
6095,15248,2024-01-11 10:19:00,93.25
6096,15249,2024-01-11 10:19:12,92.59
6097,15250,2024-01-11 10:19:24,91.63
6098,15251,2024-01-11 10:19:36,92.2
6099,15252,2024-01-11 10:19:48,94.61
6100,15253,2024-01-11 10:20:00,91.5
6101,15254,2024-01-11 10:20:12,90.89
6102,15255,2024-01-11 10:20:24,93.69
6103,15256,2024-01-11 10:20:36,93.08
6104,15257,2024-01-11 10:20:48,91.46
6105,15258,2024-01-11 10:21:00,91.81
6106,15259,2024-01-11 10:21:12,94.57
6107,15260,2024-01-11 10:21:24,92.77
6108,15261,2024-01-11 10:21:36,91.32
6109,15262,2024-01-11 10:21:48,93.3
6110,15263,2024-01-11 10:22:00,92.29
6111,15264,2024-01-11 10:22:12,91.59
6112,15265,2024-01-11 10:22:24,91.28
6113,15266,2024-01-11 10:22:36,94.3
6114,15267,2024-01-11 10:22:48,92.33
6115,15268,2024-01-11 10:23:00,91.41
6116,15269,2024-01-11 10:23:12,93.03
6117,15270,2024-01-11 10:23:24,94.04
6118,15271,2024-01-11 10:23:36,91.98
6119,15272,2024-01-11 10:23:48,90.71
6120,15273,2024-01-11 10:24:00,95.27
6121,15274,2024-01-11 10:24:12,93.38
6122,15275,2024-01-11 10:24:24,91.76
6123,15276,2024-01-11 10:24:36,90.49
6124,15277,2024-01-11 10:24:48,92.9
6125,15278,2024-01-11 10:25:00,94.44
6126,15279,2024-01-11 10:25:12,92.77
6127,15280,2024-01-11 10:25:24,92.16
6128,15281,2024-01-11 10:25:36,91.24
6129,15282,2024-01-11 10:25:48,93.16
6130,15283,2024-01-11 10:26:00,93.87
6131,15284,2024-01-11 10:26:12,93.08
6132,15285,2024-01-11 10:26:24,91.54
6133,15286,2024-01-11 10:26:36,93.21
6134,15287,2024-01-11 10:26:48,94.09
6135,15288,2024-01-11 10:27:00,92.38
6136,15289,2024-01-11 10:27:12,91.59
6137,15290,2024-01-11 10:27:24,93.21
6138,15291,2024-01-11 10:27:36,92.46
6139,15292,2024-01-11 10:27:48,91.85
6140,15293,2024-01-11 10:28:00,90.71
6141,15294,2024-01-11 10:28:12,93.87
6142,15295,2024-01-11 10:28:24,92.95
6143,15296,2024-01-11 10:28:36,90.62
6144,15297,2024-01-11 10:28:48,92.95
6145,15298,2024-01-11 10:29:00,93.91
6146,15299,2024-01-11 10:29:12,92.33
6147,15300,2024-01-11 10:29:24,91.63
6148,15301,2024-01-11 10:29:36,95.14
6149,15302,2024-01-11 10:29:48,93.34
6150,15303,2024-01-11 10:30:00,92.11
6151,15304,2024-01-11 10:30:12,91.94
6152,15305,2024-01-11 10:30:24,93.6
6153,15306,2024-01-11 10:30:36,92.68
6154,15307,2024-01-11 10:30:48,91.24
6155,15308,2024-01-11 10:31:00,93.12
6156,15309,2024-01-11 10:31:12,93.03
6157,15310,2024-01-11 10:31:24,92.86
6158,15311,2024-01-11 10:31:36,91.32
6159,15312,2024-01-11 10:31:48,93.91
6160,15313,2024-01-11 10:32:00,93.34
6161,15314,2024-01-11 10:32:12,91.41
6162,15315,2024-01-11 10:32:24,89.79
6163,15316,2024-01-11 10:32:36,94.26
6164,15317,2024-01-11 10:32:48,93.34
6165,15318,2024-01-11 10:33:00,91.02
6166,15319,2024-01-11 10:33:12,92.64
6167,15320,2024-01-11 10:33:24,93.65
6168,15321,2024-01-11 10:33:36,93.34
6169,15322,2024-01-11 10:33:48,91.85
6170,15323,2024-01-11 10:34:00,90.89
6171,15324,2024-01-11 10:34:12,92.24
6172,15325,2024-01-11 10:34:24,93.78
6173,15326,2024-01-11 10:34:36,93.87
6174,15327,2024-01-11 10:34:48,92.16
6175,15328,2024-01-11 10:35:00,92.77
6176,15329,2024-01-11 10:35:12,91.32
6177,15330,2024-01-11 10:35:24,92.29
6178,15331,2024-01-11 10:35:36,95.14
6179,15332,2024-01-11 10:35:48,93.6
6180,15333,2024-01-11 10:36:00,93.38
6181,15334,2024-01-11 10:36:12,93.03
6182,15335,2024-01-11 10:36:24,91.15
6183,15336,2024-01-11 10:36:36,91.02
6184,15337,2024-01-11 10:36:48,92.9
6185,15338,2024-01-11 10:37:00,94.87
6186,15339,2024-01-11 10:37:12,93.73
6187,15340,2024-01-11 10:37:24,93.16
6188,15341,2024-01-11 10:37:36,91.37
6189,15342,2024-01-11 10:37:48,91.59
6190,15343,2024-01-11 10:38:00,91.15
6191,15344,2024-01-11 10:38:12,93.38
6192,15345,2024-01-11 10:38:24,94.04
6193,15346,2024-01-11 10:38:36,93.16
6194,15347,2024-01-11 10:38:48,92.64
6195,15348,2024-01-11 10:39:00,92.02
6196,15349,2024-01-11 10:39:12,91.41
6197,15350,2024-01-11 10:39:24,93.43
6198,15351,2024-01-11 10:39:36,93.87
6199,15352,2024-01-11 10:39:48,93.47
6200,15353,2024-01-11 10:40:00,92.07
6201,15354,2024-01-11 10:40:12,91.54
6202,15355,2024-01-11 10:40:24,90.8
6203,15356,2024-01-11 10:40:36,93.12
6204,15357,2024-01-11 10:40:48,94.39
6205,15358,2024-01-11 10:41:00,93.43
6206,15359,2024-01-11 10:41:12,91.98
6207,15360,2024-01-11 10:41:24,91.54
6208,15361,2024-01-11 10:41:36,91.06
6209,15362,2024-01-11 10:41:48,92.73
6210,15363,2024-01-11 10:42:00,94.3
6211,15364,2024-01-11 10:42:12,92.81
6212,15365,2024-01-11 10:42:24,92.68
6213,15366,2024-01-11 10:42:36,91.85
6214,15367,2024-01-11 10:42:48,90.93
6215,15368,2024-01-11 10:43:00,93.08
6216,15369,2024-01-11 10:43:12,94.39
6217,15370,2024-01-11 10:43:24,93.03
6218,15371,2024-01-11 10:43:36,92.29
6219,15372,2024-01-11 10:43:48,91.72
6220,15373,2024-01-11 10:44:00,91.15
6221,15374,2024-01-11 10:44:12,93.3
6222,15375,2024-01-11 10:44:24,94.39
6223,15376,2024-01-11 10:44:36,93.38
6224,15377,2024-01-11 10:44:48,92.46
6225,15378,2024-01-11 10:45:00,92.07
6226,15379,2024-01-11 10:45:12,90.71
6227,15380,2024-01-11 10:45:24,92.68
6228,15381,2024-01-11 10:45:36,94.09
6229,15382,2024-01-11 10:45:48,93.3
6230,15383,2024-01-11 10:46:00,92.68
6231,15384,2024-01-11 10:46:12,92.64
6232,15385,2024-01-11 10:46:24,91.63
6233,15386,2024-01-11 10:46:36,90.58
6234,15387,2024-01-11 10:46:48,95.09
6235,15388,2024-01-11 10:47:00,94.22
6236,15389,2024-01-11 10:47:12,92.95
6237,15390,2024-01-11 10:47:24,92.55
6238,15391,2024-01-11 10:47:36,92.07
6239,15392,2024-01-11 10:47:48,90.75
6240,15393,2024-01-11 10:48:00,92.33
6241,15394,2024-01-11 10:48:12,94.52
6242,15395,2024-01-11 10:48:24,93.38
6243,15396,2024-01-11 10:48:36,92.81
6244,15397,2024-01-11 10:48:48,91.46
6245,15398,2024-01-11 10:49:00,91.63
6246,15399,2024-01-11 10:49:12,91.5
6247,15400,2024-01-11 10:49:24,94.13
6248,15401,2024-01-11 10:49:36,94.26
6249,15402,2024-01-11 10:49:48,92.9
6250,15403,2024-01-11 10:50:00,92.68
6251,15404,2024-01-11 10:50:12,91.94
6252,15405,2024-01-11 10:50:24,90.89
6253,15406,2024-01-11 10:50:36,92.46
6254,15407,2024-01-11 10:50:48,93.34
6255,15408,2024-01-11 10:51:00,93.56
6256,15409,2024-01-11 10:51:12,92.33
6257,15410,2024-01-11 10:51:24,92.2
6258,15411,2024-01-11 10:51:36,91.32
6259,15412,2024-01-11 10:51:48,90.8
6260,15413,2024-01-11 10:52:00,94.57
6261,15414,2024-01-11 10:52:12,94.04
6262,15415,2024-01-11 10:52:24,92.73
6263,15416,2024-01-11 10:52:36,92.73
6264,15417,2024-01-11 10:52:48,92.46
6265,15418,2024-01-11 10:53:00,90.84
6266,15419,2024-01-11 10:53:12,93.69
6267,15420,2024-01-11 10:53:24,94.09
6268,15421,2024-01-11 10:53:36,93.69
6269,15422,2024-01-11 10:53:48,92.64
6270,15423,2024-01-11 10:54:00,92.46
6271,15424,2024-01-11 10:54:12,91.46
6272,15425,2024-01-11 10:54:24,90.45
6273,15426,2024-01-11 10:54:36,93.73
6274,15427,2024-01-11 10:54:48,94.44
6275,15428,2024-01-11 10:55:00,92.86
6276,15429,2024-01-11 10:55:12,91.89
6277,15430,2024-01-11 10:55:24,92.24
6278,15431,2024-01-11 10:55:36,91.5
6279,15432,2024-01-11 10:55:48,91.5
6280,15433,2024-01-11 10:56:00,93.87
6281,15434,2024-01-11 10:56:12,94.09
6282,15435,2024-01-11 10:56:24,92.38
6283,15436,2024-01-11 10:56:36,92.99
6284,15437,2024-01-11 10:56:48,91.76
6285,15438,2024-01-11 10:57:00,90.89
6286,15439,2024-01-11 10:57:12,90.93
6287,15440,2024-01-11 10:57:24,93.56
6288,15441,2024-01-11 10:57:36,94.3
6289,15442,2024-01-11 10:57:48,93.52
6290,15443,2024-01-11 10:58:00,93.16
6291,15444,2024-01-11 10:58:12,92.38
6292,15445,2024-01-11 10:58:24,91.63
6293,15446,2024-01-11 10:58:36,91.06
6294,15447,2024-01-11 10:58:48,94.65
6295,15448,2024-01-11 10:59:00,94.35
6296,15449,2024-01-11 10:59:12,93.6
6297,15450,2024-01-11 10:59:24,92.38
6298,15451,2024-01-11 10:59:36,91.1
6299,15452,2024-01-11 10:59:48,91.59
6300,15453,2024-01-11 11:00:00,90.58
6301,15454,2024-01-11 11:00:12,94.44
6302,15455,2024-01-11 11:00:24,94.04
6303,15456,2024-01-11 11:00:36,92.86
6304,15457,2024-01-11 11:00:48,92.16
6305,15458,2024-01-11 11:01:00,91.81
6306,15459,2024-01-11 11:01:12,90.89
6307,15460,2024-01-11 11:01:24,92.68
6308,15461,2024-01-11 11:01:36,93.87
6309,15462,2024-01-11 11:01:48,93.69
6310,15463,2024-01-11 11:02:00,92.2
6311,15464,2024-01-11 11:02:12,92.11
6312,15465,2024-01-11 11:02:24,91.98
6313,15466,2024-01-11 11:02:36,91.41
6314,15467,2024-01-11 11:02:48,93.95
6315,15468,2024-01-11 11:03:00,94.04
6316,15469,2024-01-11 11:03:12,92.81
6317,15470,2024-01-11 11:03:24,92.95
6318,15471,2024-01-11 11:03:36,91.63
6319,15472,2024-01-11 11:03:48,91.41
6320,15473,2024-01-11 11:04:00,91.37
6321,15474,2024-01-11 11:04:12,94.26
6322,15475,2024-01-11 11:04:24,94.22
6323,15476,2024-01-11 11:04:36,92.86
6324,15477,2024-01-11 11:04:48,91.1
6325,15478,2024-01-11 11:05:00,91.41
6326,15479,2024-01-11 11:05:12,91.24
6327,15480,2024-01-11 11:05:24,94.44
6328,15481,2024-01-11 11:05:36,94.3
6329,15482,2024-01-11 11:05:48,93.34
6330,15483,2024-01-11 11:06:00,91.81
6331,15484,2024-01-11 11:06:12,91.76
6332,15485,2024-01-11 11:06:24,90.4
6333,15486,2024-01-11 11:06:36,93.03
6334,15487,2024-01-11 11:06:48,94.65
6335,15488,2024-01-11 11:07:00,94.22
6336,15489,2024-01-11 11:07:12,94.22
6337,15490,2024-01-11 11:07:24,93.47
6338,15491,2024-01-11 11:07:36,93.52
6339,15492,2024-01-11 11:07:48,92.95
6340,15493,2024-01-11 11:08:00,92.9
6341,15494,2024-01-11 11:08:12,93.34
6342,15495,2024-01-11 11:08:24,93.73
6343,15496,2024-01-11 11:08:36,93.34
6344,15497,2024-01-11 11:08:48,94.39
6345,15498,2024-01-11 11:09:00,94.52
6346,15499,2024-01-11 11:09:12,95.09
6347,15500,2024-01-11 11:09:24,95.4
6348,15501,2024-01-11 11:09:36,95.84
6349,15502,2024-01-11 11:09:48,95.4
6350,15503,2024-01-11 11:10:00,96.15
6351,15504,2024-01-11 11:10:12,96.54
6352,15505,2024-01-11 11:10:24,96.06
6353,15506,2024-01-11 11:10:36,97.11
6354,15507,2024-01-11 11:10:48,97.15
6355,15508,2024-01-11 11:11:00,96.98
6356,15509,2024-01-11 11:11:12,96.93
6357,15510,2024-01-11 11:11:24,98.51
6358,15511,2024-01-11 11:11:36,98.6
6359,15512,2024-01-11 11:11:48,98.51
6360,15513,2024-01-11 11:12:00,98.73
6361,15514,2024-01-11 11:12:12,98.82
6362,15515,2024-01-11 11:12:24,99.13
6363,15516,2024-01-11 11:12:36,99.39
6364,15517,2024-01-11 11:12:48,99.48
6365,15518,2024-01-11 11:13:00,99.61
6366,15519,2024-01-11 11:13:12,99.13
6367,15520,2024-01-11 11:13:24,99.7
6368,15521,2024-01-11 11:13:36,101.14
6369,15522,2024-01-11 11:13:48,100.48
6370,15523,2024-01-11 11:14:00,100.75
6371,15524,2024-01-11 11:14:12,101.23
6372,15525,2024-01-11 11:14:24,100.27
6373,15526,2024-01-11 11:14:36,101.45
6374,15527,2024-01-11 11:14:48,101.76
6375,15528,2024-01-11 11:15:00,102.06
6376,15529,2024-01-11 11:15:12,102.9
6377,15530,2024-01-11 11:15:24,102.41
6378,15531,2024-01-11 11:15:36,102.72
6379,15532,2024-01-11 11:15:48,101.93
6380,15533,2024-01-11 11:16:00,102.46
6381,15534,2024-01-11 11:16:12,102.37
6382,15535,2024-01-11 11:16:24,102.11
6383,15536,2024-01-11 11:16:36,102.46
6384,15537,2024-01-11 11:16:48,103.33
6385,15538,2024-01-11 11:17:00,103.07
6386,15539,2024-01-11 11:17:12,102.94
6387,15540,2024-01-11 11:17:24,103.6
6388,15541,2024-01-11 11:17:36,103.95
6389,15542,2024-01-11 11:17:48,103.82
6390,15543,2024-01-11 11:18:00,103.2
6391,15544,2024-01-11 11:18:12,103.95
6392,15545,2024-01-11 11:18:24,104.47
6393,15546,2024-01-11 11:18:36,104.74
6394,15547,2024-01-11 11:18:48,104.74
6395,15548,2024-01-11 11:19:00,104.47
6396,15549,2024-01-11 11:19:12,104.12
6397,15550,2024-01-11 11:19:24,104.91
6398,15551,2024-01-11 11:19:36,104.96
6399,15552,2024-01-11 11:19:48,105.35
6400,15553,2024-01-11 11:20:00,105.88
6401,15554,2024-01-11 11:20:12,105.44
6402,15555,2024-01-11 11:20:24,105.31
6403,15556,2024-01-11 11:20:36,105.74
6404,15557,2024-01-11 11:20:48,104.96
6405,15558,2024-01-11 11:21:00,105.0
6406,15559,2024-01-11 11:21:12,105.17
6407,15560,2024-01-11 11:21:24,105.92
6408,15561,2024-01-11 11:21:36,105.96
6409,15562,2024-01-11 11:21:48,106.27
6410,15563,2024-01-11 11:22:00,106.93
6411,15564,2024-01-11 11:22:12,106.62
6412,15565,2024-01-11 11:22:24,107.72
6413,15566,2024-01-11 11:22:36,107.59
6414,15567,2024-01-11 11:22:48,107.54
6415,15568,2024-01-11 11:23:00,107.1
6416,15569,2024-01-11 11:23:12,107.06
6417,15570,2024-01-11 11:23:24,106.27
6418,15571,2024-01-11 11:23:36,105.66
6419,15572,2024-01-11 11:23:48,104.74
6420,15573,2024-01-11 11:24:00,104.21
6421,15574,2024-01-11 11:24:12,103.42
6422,15575,2024-01-11 11:24:24,102.63
6423,15576,2024-01-11 11:24:36,101.19
6424,15577,2024-01-11 11:24:48,101.41
6425,15578,2024-01-11 11:25:00,99.21
6426,15579,2024-01-11 11:25:12,97.94
6427,15580,2024-01-11 11:25:24,97.37
6428,15581,2024-01-11 11:25:36,96.93
6429,15582,2024-01-11 11:25:48,96.98
6430,15583,2024-01-11 11:26:00,95.62
6431,15584,2024-01-11 11:26:12,95.71
6432,15585,2024-01-11 11:26:24,94.7
6433,15586,2024-01-11 11:26:36,94.09
6434,15587,2024-01-11 11:26:48,92.68
6435,15588,2024-01-11 11:27:00,92.77
6436,15589,2024-01-11 11:27:12,92.68
6437,15590,2024-01-11 11:27:24,91.94
6438,15591,2024-01-11 11:27:36,91.15
6439,15592,2024-01-11 11:27:48,90.27
6440,15593,2024-01-11 11:28:00,95.14
6441,15594,2024-01-11 11:28:12,93.65
6442,15595,2024-01-11 11:28:24,93.52
6443,15596,2024-01-11 11:28:36,92.77
6444,15597,2024-01-11 11:28:48,92.24
6445,15598,2024-01-11 11:29:00,91.72
6446,15599,2024-01-11 11:29:12,91.41
6447,15600,2024-01-11 11:29:24,94.04
6448,15601,2024-01-11 11:29:36,93.78
6449,15602,2024-01-11 11:29:48,92.77
6450,15603,2024-01-11 11:30:00,93.08
6451,15604,2024-01-11 11:30:12,92.42
6452,15605,2024-01-11 11:30:24,91.76
6453,15606,2024-01-11 11:30:36,91.28
6454,15607,2024-01-11 11:30:48,95.09
6455,15608,2024-01-11 11:31:00,94.22
6456,15609,2024-01-11 11:31:12,93.6
6457,15610,2024-01-11 11:31:24,92.24
6458,15611,2024-01-11 11:31:36,92.16
6459,15612,2024-01-11 11:31:48,91.24
6460,15613,2024-01-11 11:32:00,89.79
6461,15614,2024-01-11 11:32:12,93.65
6462,15615,2024-01-11 11:32:24,94.44
6463,15616,2024-01-11 11:32:36,93.08
6464,15617,2024-01-11 11:32:48,93.03
6465,15618,2024-01-11 11:33:00,92.16
6466,15619,2024-01-11 11:33:12,90.93
6467,15620,2024-01-11 11:33:24,93.03
6468,15621,2024-01-11 11:33:36,94.79
6469,15622,2024-01-11 11:33:48,93.82
6470,15623,2024-01-11 11:34:00,93.16
6471,15624,2024-01-11 11:34:12,92.29
6472,15625,2024-01-11 11:34:24,91.72
6473,15626,2024-01-11 11:34:36,90.45
6474,15627,2024-01-11 11:34:48,93.6
6475,15628,2024-01-11 11:35:00,94.96
6476,15629,2024-01-11 11:35:12,93.08
6477,15630,2024-01-11 11:35:24,92.81
6478,15631,2024-01-11 11:35:36,92.2
6479,15632,2024-01-11 11:35:48,91.24
6480,15633,2024-01-11 11:36:00,91.15
6481,15634,2024-01-11 11:36:12,92.02
6482,15635,2024-01-11 11:36:24,94.96
6483,15636,2024-01-11 11:36:36,94.0
6484,15637,2024-01-11 11:36:48,93.69
6485,15638,2024-01-11 11:37:00,92.81
6486,15639,2024-01-11 11:37:12,91.72
6487,15640,2024-01-11 11:37:24,91.46
6488,15641,2024-01-11 11:37:36,92.33
6489,15642,2024-01-11 11:37:48,94.79
6490,15643,2024-01-11 11:38:00,93.87
6491,15644,2024-01-11 11:38:12,92.55
6492,15645,2024-01-11 11:38:24,91.89
6493,15646,2024-01-11 11:38:36,91.98
6494,15647,2024-01-11 11:38:48,91.15
6495,15648,2024-01-11 11:39:00,92.38
6496,15649,2024-01-11 11:39:12,94.79
6497,15650,2024-01-11 11:39:24,93.65
6498,15651,2024-01-11 11:39:36,92.99
6499,15652,2024-01-11 11:39:48,92.55
6500,15653,2024-01-11 11:40:00,91.32
6501,15654,2024-01-11 11:40:12,90.89
6502,15655,2024-01-11 11:40:24,92.33
6503,15656,2024-01-11 11:40:36,94.09
6504,15657,2024-01-11 11:40:48,93.6
6505,15658,2024-01-11 11:41:00,91.98
6506,15659,2024-01-11 11:41:12,92.07
6507,15660,2024-01-11 11:41:24,92.11
6508,15661,2024-01-11 11:41:36,91.5
6509,15662,2024-01-11 11:41:48,91.63
6510,15663,2024-01-11 11:42:00,92.51
6511,15664,2024-01-11 11:42:12,93.03
6512,15665,2024-01-11 11:42:24,92.81
6513,15666,2024-01-11 11:42:36,93.16
6514,15667,2024-01-11 11:42:48,93.87
6515,15668,2024-01-11 11:43:00,94.13
6516,15669,2024-01-11 11:43:12,93.47
6517,15670,2024-01-11 11:43:24,93.95
6518,15671,2024-01-11 11:43:36,94.26
6519,15672,2024-01-11 11:43:48,95.31
6520,15673,2024-01-11 11:44:00,95.97
6521,15674,2024-01-11 11:44:12,95.79
6522,15675,2024-01-11 11:44:24,96.41
6523,15676,2024-01-11 11:44:36,96.01
6524,15677,2024-01-11 11:44:48,96.76
6525,15678,2024-01-11 11:45:00,97.11
6526,15679,2024-01-11 11:45:12,96.76
6527,15680,2024-01-11 11:45:24,97.28
6528,15681,2024-01-11 11:45:36,98.16
6529,15682,2024-01-11 11:45:48,97.68
6530,15683,2024-01-11 11:46:00,97.55
6531,15684,2024-01-11 11:46:12,98.42
6532,15685,2024-01-11 11:46:24,98.6
6533,15686,2024-01-11 11:46:36,98.07
6534,15687,2024-01-11 11:46:48,98.16
6535,15688,2024-01-11 11:47:00,99.17
6536,15689,2024-01-11 11:47:12,100.27
6537,15690,2024-01-11 11:47:24,99.87
6538,15691,2024-01-11 11:47:36,100.4
6539,15692,2024-01-11 11:47:48,100.13
6540,15693,2024-01-11 11:48:00,100.62
6541,15694,2024-01-11 11:48:12,101.05
6542,15695,2024-01-11 11:48:24,100.88
6543,15696,2024-01-11 11:48:36,100.92
6544,15697,2024-01-11 11:48:48,100.75
6545,15698,2024-01-11 11:49:00,101.62
6546,15699,2024-01-11 11:49:12,102.02
6547,15700,2024-01-11 11:49:24,101.62
6548,15701,2024-01-11 11:49:36,101.93
6549,15702,2024-01-11 11:49:48,102.81
6550,15703,2024-01-11 11:50:00,102.37
6551,15704,2024-01-11 11:50:12,102.24
6552,15705,2024-01-11 11:50:24,101.41
6553,15706,2024-01-11 11:50:36,100.97
6554,15707,2024-01-11 11:50:48,99.17
6555,15708,2024-01-11 11:51:00,98.95
6556,15709,2024-01-11 11:51:12,98.99
6557,15710,2024-01-11 11:51:24,97.2
6558,15711,2024-01-11 11:51:36,97.07
6559,15712,2024-01-11 11:51:48,96.67
6560,15713,2024-01-11 11:52:00,96.54
6561,15714,2024-01-11 11:52:12,94.74
6562,15715,2024-01-11 11:52:24,94.3
6563,15716,2024-01-11 11:52:36,93.95
6564,15717,2024-01-11 11:52:48,92.59
6565,15718,2024-01-11 11:53:00,93.12
6566,15719,2024-01-11 11:53:12,91.72
6567,15720,2024-01-11 11:53:24,91.54
6568,15721,2024-01-11 11:53:36,91.06
6569,15722,2024-01-11 11:53:48,90.01
6570,15723,2024-01-11 11:54:00,92.64
6571,15724,2024-01-11 11:54:12,94.09
6572,15725,2024-01-11 11:54:24,92.33
6573,15726,2024-01-11 11:54:36,93.03
6574,15727,2024-01-11 11:54:48,91.76
6575,15728,2024-01-11 11:55:00,91.46
6576,15729,2024-01-11 11:55:12,91.15
6577,15730,2024-01-11 11:55:24,94.3
6578,15731,2024-01-11 11:55:36,94.04
6579,15732,2024-01-11 11:55:48,92.86
6580,15733,2024-01-11 11:56:00,92.81
6581,15734,2024-01-11 11:56:12,91.81
6582,15735,2024-01-11 11:56:24,90.71
6583,15736,2024-01-11 11:56:36,91.59
6584,15737,2024-01-11 11:56:48,95.14
6585,15738,2024-01-11 11:57:00,94.48
6586,15739,2024-01-11 11:57:12,92.95
6587,15740,2024-01-11 11:57:24,92.51
6588,15741,2024-01-11 11:57:36,91.19
6589,15742,2024-01-11 11:57:48,91.41
6590,15743,2024-01-11 11:58:00,90.89
6591,15744,2024-01-11 11:58:12,94.17
6592,15745,2024-01-11 11:58:24,94.3
6593,15746,2024-01-11 11:58:36,93.38
6594,15747,2024-01-11 11:58:48,93.03
6595,15748,2024-01-11 11:59:00,92.46
6596,15749,2024-01-11 11:59:12,91.37
6597,15750,2024-01-11 11:59:24,91.1
6598,15751,2024-01-11 11:59:36,95.14
6599,15752,2024-01-11 11:59:48,94.26
6600,15753,2024-01-11 12:00:00,93.87
6601,15754,2024-01-11 12:00:12,93.38
6602,15755,2024-01-11 12:00:24,92.29
6603,15756,2024-01-11 12:00:36,92.73
6604,15757,2024-01-11 12:00:48,92.07
6605,15758,2024-01-11 12:01:00,92.73
6606,15759,2024-01-11 12:01:12,93.69
6607,15760,2024-01-11 12:01:24,94.44
6608,15761,2024-01-11 12:01:36,94.65
6609,15762,2024-01-11 12:01:48,95.27
6610,15763,2024-01-11 12:02:00,95.62
6611,15764,2024-01-11 12:02:12,95.36
6612,15765,2024-01-11 12:02:24,96.19
6613,15766,2024-01-11 12:02:36,95.97
6614,15767,2024-01-11 12:02:48,96.5
6615,15768,2024-01-11 12:03:00,97.24
6616,15769,2024-01-11 12:03:12,97.81
6617,15770,2024-01-11 12:03:24,97.9
6618,15771,2024-01-11 12:03:36,97.07
6619,15772,2024-01-11 12:03:48,98.03
6620,15773,2024-01-11 12:04:00,98.78
6621,15774,2024-01-11 12:04:12,97.77
6622,15775,2024-01-11 12:04:24,98.99
6623,15776,2024-01-11 12:04:36,99.35
6624,15777,2024-01-11 12:04:48,99.7
6625,15778,2024-01-11 12:05:00,99.65
6626,15779,2024-01-11 12:05:12,99.48
6627,15780,2024-01-11 12:05:24,100.57
6628,15781,2024-01-11 12:05:36,100.05
6629,15782,2024-01-11 12:05:48,100.05
6630,15783,2024-01-11 12:06:00,100.35
6631,15784,2024-01-11 12:06:12,101.19
6632,15785,2024-01-11 12:06:24,101.76
6633,15786,2024-01-11 12:06:36,101.45
6634,15787,2024-01-11 12:06:48,102.37
6635,15788,2024-01-11 12:07:00,102.5
6636,15789,2024-01-11 12:07:12,101.45
6637,15790,2024-01-11 12:07:24,103.11
6638,15791,2024-01-11 12:07:36,103.42
6639,15792,2024-01-11 12:07:48,103.68
6640,15793,2024-01-11 12:08:00,103.86
6641,15794,2024-01-11 12:08:12,104.08
6642,15795,2024-01-11 12:08:24,104.04
6643,15796,2024-01-11 12:08:36,104.47
6644,15797,2024-01-11 12:08:48,104.91
6645,15798,2024-01-11 12:09:00,105.04
6646,15799,2024-01-11 12:09:12,104.61
6647,15800,2024-01-11 12:09:24,105.13
6648,15801,2024-01-11 12:09:36,105.09
6649,15802,2024-01-11 12:09:48,106.05
6650,15803,2024-01-11 12:10:00,105.53
6651,15804,2024-01-11 12:10:12,105.96
6652,15805,2024-01-11 12:10:24,106.58
6653,15806,2024-01-11 12:10:36,106.53
6654,15807,2024-01-11 12:10:48,106.67
6655,15808,2024-01-11 12:11:00,107.24
6656,15809,2024-01-11 12:11:12,106.84
6657,15810,2024-01-11 12:11:24,107.89
6658,15811,2024-01-11 12:11:36,108.42
6659,15812,2024-01-11 12:11:48,108.11
6660,15813,2024-01-11 12:12:00,108.64
6661,15814,2024-01-11 12:12:12,108.73
6662,15815,2024-01-11 12:12:24,108.77
6663,15816,2024-01-11 12:12:36,108.99
6664,15817,2024-01-11 12:12:48,108.94
6665,15818,2024-01-11 12:13:00,109.21
6666,15819,2024-01-11 12:13:12,108.77
6667,15820,2024-01-11 12:13:24,110.04
6668,15821,2024-01-11 12:13:36,110.61
6669,15822,2024-01-11 12:13:48,109.82
6670,15823,2024-01-11 12:14:00,110.0
6671,15824,2024-01-11 12:14:12,110.57
6672,15825,2024-01-11 12:14:24,110.43
6673,15826,2024-01-11 12:14:36,110.74
6674,15827,2024-01-11 12:14:48,111.4
6675,15828,2024-01-11 12:15:00,111.18
6676,15829,2024-01-11 12:15:12,112.19
6677,15830,2024-01-11 12:15:24,111.09
6678,15831,2024-01-11 12:15:36,111.27
6679,15832,2024-01-11 12:15:48,111.79
6680,15833,2024-01-11 12:16:00,112.19
6681,15834,2024-01-11 12:16:12,111.97
6682,15835,2024-01-11 12:16:24,112.54
6683,15836,2024-01-11 12:16:36,112.1
6684,15837,2024-01-11 12:16:48,113.24
6685,15838,2024-01-11 12:17:00,112.93
6686,15839,2024-01-11 12:17:12,113.24
6687,15840,2024-01-11 12:17:24,113.24
6688,15841,2024-01-11 12:17:36,114.29
6689,15842,2024-01-11 12:17:48,114.56
6690,15843,2024-01-11 12:18:00,113.9
6691,15844,2024-01-11 12:18:12,113.77
6692,15845,2024-01-11 12:18:24,114.77
6693,15846,2024-01-11 12:18:36,114.03
6694,15847,2024-01-11 12:18:48,114.07
6695,15848,2024-01-11 12:19:00,115.04
6696,15849,2024-01-11 12:19:12,115.26
6697,15850,2024-01-11 12:19:24,115.39
6698,15851,2024-01-11 12:19:36,116.4
6699,15852,2024-01-11 12:19:48,115.78
6700,15853,2024-01-11 12:20:00,115.26
6701,15854,2024-01-11 12:20:12,116.44
6702,15855,2024-01-11 12:20:24,116.66
6703,15856,2024-01-11 12:20:36,116.35
6704,15857,2024-01-11 12:20:48,117.1
6705,15858,2024-01-11 12:21:00,117.45
6706,15859,2024-01-11 12:21:12,116.88
6707,15860,2024-01-11 12:21:24,117.19
6708,15861,2024-01-11 12:21:36,116.88
6709,15862,2024-01-11 12:21:48,117.45
6710,15863,2024-01-11 12:22:00,118.63
6711,15864,2024-01-11 12:22:12,117.8
6712,15865,2024-01-11 12:22:24,118.24
6713,15866,2024-01-11 12:22:36,118.28
6714,15867,2024-01-11 12:22:48,119.11
6715,15868,2024-01-11 12:23:00,118.76
6716,15869,2024-01-11 12:23:12,118.76
6717,15870,2024-01-11 12:23:24,119.03
6718,15871,2024-01-11 12:23:36,119.68
6719,15872,2024-01-11 12:23:48,119.46
6720,15873,2024-01-11 12:24:00,118.98
6721,15874,2024-01-11 12:24:12,119.86
6722,15875,2024-01-11 12:24:24,120.34
6723,15876,2024-01-11 12:24:36,120.12
6724,15877,2024-01-11 12:24:48,120.69
6725,15878,2024-01-11 12:25:00,120.38
6726,15879,2024-01-11 12:25:12,121.13
6727,15880,2024-01-11 12:25:24,120.74
6728,15881,2024-01-11 12:25:36,120.74
6729,15882,2024-01-11 12:25:48,120.78
6730,15883,2024-01-11 12:26:00,120.38
6731,15884,2024-01-11 12:26:12,121.61
6732,15885,2024-01-11 12:26:24,121.66
6733,15886,2024-01-11 12:26:36,121.57
6734,15887,2024-01-11 12:26:48,122.45
6735,15888,2024-01-11 12:27:00,122.66
6736,15889,2024-01-11 12:27:12,122.66
6737,15890,2024-01-11 12:27:24,122.4
6738,15891,2024-01-11 12:27:36,122.97
6739,15892,2024-01-11 12:27:48,123.37
6740,15893,2024-01-11 12:28:00,122.8
6741,15894,2024-01-11 12:28:12,123.19
6742,15895,2024-01-11 12:28:24,122.84
6743,15896,2024-01-11 12:28:36,124.11
6744,15897,2024-01-11 12:28:48,123.5
6745,15898,2024-01-11 12:29:00,123.76
6746,15899,2024-01-11 12:29:12,123.76
6747,15900,2024-01-11 12:29:24,124.24
6748,15901,2024-01-11 12:29:36,124.81
6749,15902,2024-01-11 12:29:48,124.77
6750,15903,2024-01-11 12:30:00,123.85
6751,15904,2024-01-11 12:30:12,123.37
6752,15905,2024-01-11 12:30:24,122.8
6753,15906,2024-01-11 12:30:36,122.31
6754,15907,2024-01-11 12:30:48,121.83
6755,15908,2024-01-11 12:31:00,121.44
6756,15909,2024-01-11 12:31:12,120.95
6757,15910,2024-01-11 12:31:24,120.47
6758,15911,2024-01-11 12:31:36,120.03
6759,15912,2024-01-11 12:31:48,119.68
6760,15913,2024-01-11 12:32:00,119.2
6761,15914,2024-01-11 12:32:12,118.72
6762,15915,2024-01-11 12:32:24,118.41
6763,15916,2024-01-11 12:32:36,117.93
6764,15917,2024-01-11 12:32:48,117.54
6765,15918,2024-01-11 12:33:00,117.14
6766,15919,2024-01-11 12:33:12,116.75
6767,15920,2024-01-11 12:33:24,116.35
6768,15921,2024-01-11 12:33:36,115.83
6769,15922,2024-01-11 12:33:48,115.56
6770,15923,2024-01-11 12:34:00,115.12
6771,15924,2024-01-11 12:34:12,114.77
6772,15925,2024-01-11 12:34:24,114.38
6773,15926,2024-01-11 12:34:36,113.99
6774,15927,2024-01-11 12:34:48,113.5
6775,15928,2024-01-11 12:35:00,113.2
6776,15929,2024-01-11 12:35:12,112.67
6777,15930,2024-01-11 12:35:24,112.32
6778,15931,2024-01-11 12:35:36,111.93
6779,15932,2024-01-11 12:35:48,111.36
6780,15933,2024-01-11 12:36:00,110.43
6781,15934,2024-01-11 12:36:12,109.21
6782,15935,2024-01-11 12:36:24,107.76
6783,15936,2024-01-11 12:36:36,106.45
6784,15937,2024-01-11 12:36:48,105.09
6785,15938,2024-01-11 12:37:00,103.99
6786,15939,2024-01-11 12:37:12,102.81
6787,15940,2024-01-11 12:37:24,101.62
6788,15941,2024-01-11 12:37:36,100.57
6789,15942,2024-01-11 12:37:48,99.48
6790,15943,2024-01-11 12:38:00,99.3
6791,15944,2024-01-11 12:38:12,98.64
6792,15945,2024-01-11 12:38:24,96.93
6793,15946,2024-01-11 12:38:36,97.15
6794,15947,2024-01-11 12:38:48,95.97
6795,15948,2024-01-11 12:39:00,95.62
6796,15949,2024-01-11 12:39:12,95.31
6797,15950,2024-01-11 12:39:24,94.79
6798,15951,2024-01-11 12:39:36,94.44
6799,15952,2024-01-11 12:39:48,93.91
6800,15953,2024-01-11 12:40:00,93.52
6801,15954,2024-01-11 12:40:12,92.81
6802,15955,2024-01-11 12:40:24,92.29
6803,15956,2024-01-11 12:40:36,90.97
6804,15957,2024-01-11 12:40:48,90.71
6805,15958,2024-01-11 12:41:00,90.4
6806,15959,2024-01-11 12:41:12,93.87
6807,15960,2024-01-11 12:41:24,94.74
6808,15961,2024-01-11 12:41:36,93.43
6809,15962,2024-01-11 12:41:48,93.12
6810,15963,2024-01-11 12:42:00,91.98
6811,15964,2024-01-11 12:42:12,92.2
6812,15965,2024-01-11 12:42:24,91.24
6813,15966,2024-01-11 12:42:36,91.85
6814,15967,2024-01-11 12:42:48,94.79
6815,15968,2024-01-11 12:43:00,94.09
6816,15969,2024-01-11 12:43:12,92.33
6817,15970,2024-01-11 12:43:24,92.42
6818,15971,2024-01-11 12:43:36,91.98
6819,15972,2024-01-11 12:43:48,91.15
6820,15973,2024-01-11 12:44:00,93.25
6821,15974,2024-01-11 12:44:12,94.22
6822,15975,2024-01-11 12:44:24,92.64
6823,15976,2024-01-11 12:44:36,93.47
6824,15977,2024-01-11 12:44:48,91.85
6825,15978,2024-01-11 12:45:00,91.19
6826,15979,2024-01-11 12:45:12,90.93
6827,15980,2024-01-11 12:45:24,93.38
6828,15981,2024-01-11 12:45:36,93.52
6829,15982,2024-01-11 12:45:48,93.25
6830,15983,2024-01-11 12:46:00,93.3
6831,15984,2024-01-11 12:46:12,92.2
6832,15985,2024-01-11 12:46:24,92.11
6833,15986,2024-01-11 12:46:36,91.19
6834,15987,2024-01-11 12:46:48,91.32
6835,15988,2024-01-11 12:47:00,94.09
6836,15989,2024-01-11 12:47:12,93.6
6837,15990,2024-01-11 12:47:24,92.33
6838,15991,2024-01-11 12:47:36,91.32
6839,15992,2024-01-11 12:47:48,90.84
6840,15993,2024-01-11 12:48:00,91.98
6841,15994,2024-01-11 12:48:12,94.7
6842,15995,2024-01-11 12:48:24,93.87
6843,15996,2024-01-11 12:48:36,92.59
6844,15997,2024-01-11 12:48:48,92.51
6845,15998,2024-01-11 12:49:00,91.59
6846,15999,2024-01-11 12:49:12,91.06
6847,16000,2024-01-11 12:49:24,93.56
6848,16001,2024-01-11 12:49:36,94.0
6849,16002,2024-01-11 12:49:48,93.73
6850,16003,2024-01-11 12:50:00,92.81
6851,16004,2024-01-11 12:50:12,91.41
6852,16005,2024-01-11 12:50:24,91.24
6853,16006,2024-01-11 12:50:36,93.34
6854,16007,2024-01-11 12:50:48,93.6
6855,16008,2024-01-11 12:51:00,92.9
6856,16009,2024-01-11 12:51:12,93.08
6857,16010,2024-01-11 12:51:24,92.38
6858,16011,2024-01-11 12:51:36,92.07
6859,16012,2024-01-11 12:51:48,91.81
6860,16013,2024-01-11 12:52:00,94.79
6861,16014,2024-01-11 12:52:12,93.78
6862,16015,2024-01-11 12:52:24,93.65
6863,16016,2024-01-11 12:52:36,92.99
6864,16017,2024-01-11 12:52:48,92.9
6865,16018,2024-01-11 12:53:00,92.59
6866,16019,2024-01-11 12:53:12,92.64
6867,16020,2024-01-11 12:53:24,92.9
6868,16021,2024-01-11 12:53:36,93.6
6869,16022,2024-01-11 12:53:48,93.43
6870,16023,2024-01-11 12:54:00,93.95
6871,16024,2024-01-11 12:54:12,93.65
6872,16025,2024-01-11 12:54:24,93.25
6873,16026,2024-01-11 12:54:36,94.35
6874,16027,2024-01-11 12:54:48,94.65
6875,16028,2024-01-11 12:55:00,94.79
6876,16029,2024-01-11 12:55:12,95.14
6877,16030,2024-01-11 12:55:24,94.61
6878,16031,2024-01-11 12:55:36,95.4
6879,16032,2024-01-11 12:55:48,95.05
6880,16033,2024-01-11 12:56:00,95.01
6881,16034,2024-01-11 12:56:12,94.44
6882,16035,2024-01-11 12:56:24,93.25
6883,16036,2024-01-11 12:56:36,93.08
6884,16037,2024-01-11 12:56:48,91.67
6885,16038,2024-01-11 12:57:00,91.41
6886,16039,2024-01-11 12:57:12,90.36
6887,16040,2024-01-11 12:57:24,89.44
6888,16041,2024-01-11 12:57:36,94.57
6889,16042,2024-01-11 12:57:48,94.09
6890,16043,2024-01-11 12:58:00,93.16
6891,16044,2024-01-11 12:58:12,92.42
6892,16045,2024-01-11 12:58:24,91.24
6893,16046,2024-01-11 12:58:36,91.67
6894,16047,2024-01-11 12:58:48,91.15
6895,16048,2024-01-11 12:59:00,94.52
6896,16049,2024-01-11 12:59:12,93.95
6897,16050,2024-01-11 12:59:24,93.21
6898,16051,2024-01-11 12:59:36,92.33
6899,16052,2024-01-11 12:59:48,91.46
6900,16053,2024-01-11 13:00:00,90.71
6901,16054,2024-01-11 13:00:12,94.3
6902,16055,2024-01-11 13:00:24,93.95
6903,16056,2024-01-11 13:00:36,92.68
6904,16057,2024-01-11 13:00:48,91.32
6905,16058,2024-01-11 13:01:00,91.28
6906,16059,2024-01-11 13:01:12,91.63
6907,16060,2024-01-11 13:01:24,94.65
6908,16061,2024-01-11 13:01:36,93.78
6909,16062,2024-01-11 13:01:48,92.24
6910,16063,2024-01-11 13:02:00,91.81
6911,16064,2024-01-11 13:02:12,90.67
6912,16065,2024-01-11 13:02:24,94.79
6913,16066,2024-01-11 13:02:36,93.82
6914,16067,2024-01-11 13:02:48,93.25
6915,16068,2024-01-11 13:03:00,91.5
6916,16069,2024-01-11 13:03:12,91.41
6917,16070,2024-01-11 13:03:24,90.58
6918,16071,2024-01-11 13:03:36,94.79
6919,16072,2024-01-11 13:03:48,93.56
6920,16073,2024-01-11 13:04:00,92.99
6921,16074,2024-01-11 13:04:12,92.29
6922,16075,2024-01-11 13:04:24,90.93
6923,16076,2024-01-11 13:04:36,91.63
6924,16077,2024-01-11 13:04:48,94.92
6925,16078,2024-01-11 13:05:00,93.91
6926,16079,2024-01-11 13:05:12,93.12
6927,16080,2024-01-11 13:05:24,91.67
6928,16081,2024-01-11 13:05:36,91.59
6929,16082,2024-01-11 13:05:48,91.15
6930,16083,2024-01-11 13:06:00,94.04
6931,16084,2024-01-11 13:06:12,94.04
6932,16085,2024-01-11 13:06:24,92.99
6933,16086,2024-01-11 13:06:36,91.24
6934,16087,2024-01-11 13:06:48,90.05
6935,16088,2024-01-11 13:07:00,92.64
6936,16089,2024-01-11 13:07:12,93.56
6937,16090,2024-01-11 13:07:24,93.25
6938,16091,2024-01-11 13:07:36,91.54
6939,16092,2024-01-11 13:07:48,91.85
6940,16093,2024-01-11 13:08:00,91.15
6941,16094,2024-01-11 13:08:12,93.16
6942,16095,2024-01-11 13:08:24,92.95
6943,16096,2024-01-11 13:08:36,92.51
6944,16097,2024-01-11 13:08:48,92.46
6945,16098,2024-01-11 13:09:00,91.19
6946,16099,2024-01-11 13:09:12,91.06
6947,16100,2024-01-11 13:09:24,93.95
6948,16101,2024-01-11 13:09:36,94.22
6949,16102,2024-01-11 13:09:48,92.73
6950,16103,2024-01-11 13:10:00,92.55
6951,16104,2024-01-11 13:10:12,91.24
6952,16105,2024-01-11 13:10:24,91.37
6953,16106,2024-01-11 13:10:36,93.91
6954,16107,2024-01-11 13:10:48,94.09
6955,16108,2024-01-11 13:11:00,93.12
6956,16109,2024-01-11 13:11:12,92.64
6957,16110,2024-01-11 13:11:24,91.98
6958,16111,2024-01-11 13:11:36,91.06
6959,16112,2024-01-11 13:11:48,94.22
6960,16113,2024-01-11 13:12:00,93.73
6961,16114,2024-01-11 13:12:12,92.73
6962,16115,2024-01-11 13:12:24,91.85
6963,16116,2024-01-11 13:12:36,91.15
6964,16117,2024-01-11 13:12:48,90.89
6965,16118,2024-01-11 13:13:00,93.91
6966,16119,2024-01-11 13:13:12,94.26
6967,16120,2024-01-11 13:13:24,92.99
6968,16121,2024-01-11 13:13:36,91.72
6969,16122,2024-01-11 13:13:48,92.29
6970,16123,2024-01-11 13:14:00,91.76
6971,16124,2024-01-11 13:14:12,91.06
6972,16125,2024-01-11 13:14:24,94.44
6973,16126,2024-01-11 13:14:36,92.9
6974,16127,2024-01-11 13:14:48,92.42
6975,16128,2024-01-11 13:15:00,92.07
6976,16129,2024-01-11 13:15:12,91.06
6977,16130,2024-01-11 13:15:24,91.5
6978,16131,2024-01-11 13:15:36,93.87
6979,16132,2024-01-11 13:15:48,94.0
6980,16133,2024-01-11 13:16:00,92.9
6981,16134,2024-01-11 13:16:12,92.24
6982,16135,2024-01-11 13:16:24,90.8
6983,16136,2024-01-11 13:16:36,90.36
6984,16137,2024-01-11 13:16:48,94.22
6985,16138,2024-01-11 13:17:00,93.95
6986,16139,2024-01-11 13:17:12,93.52
6987,16140,2024-01-11 13:17:24,92.42
6988,16141,2024-01-11 13:17:36,91.85
6989,16142,2024-01-11 13:17:48,90.71
6990,16143,2024-01-11 13:18:00,94.74
6991,16144,2024-01-11 13:18:12,94.26
6992,16145,2024-01-11 13:18:24,93.73
6993,16146,2024-01-11 13:18:36,92.29
6994,16147,2024-01-11 13:18:48,92.11
6995,16148,2024-01-11 13:19:00,91.02
6996,16149,2024-01-11 13:19:12,91.94
6997,16150,2024-01-11 13:19:24,94.26
6998,16151,2024-01-11 13:19:36,94.22
6999,16152,2024-01-11 13:19:48,93.25
7000,16153,2024-01-11 13:20:00,91.59
7001,16154,2024-01-11 13:20:12,92.16
7002,16155,2024-01-11 13:20:24,91.32
7003,16156,2024-01-11 13:20:36,92.07
7004,16157,2024-01-11 13:20:48,94.0
7005,16158,2024-01-11 13:21:00,93.91
7006,16159,2024-01-11 13:21:12,92.51
7007,16160,2024-01-11 13:21:24,91.54
7008,16161,2024-01-11 13:21:36,90.58
7009,16162,2024-01-11 13:21:48,90.93
7010,16163,2024-01-11 13:22:00,94.92
7011,16164,2024-01-11 13:22:12,93.56
7012,16165,2024-01-11 13:22:24,93.34
7013,16166,2024-01-11 13:22:36,92.42
7014,16167,2024-01-11 13:22:48,91.54
7015,16168,2024-01-11 13:23:00,91.19
7016,16169,2024-01-11 13:23:12,95.09
7017,16170,2024-01-11 13:23:24,93.95
7018,16171,2024-01-11 13:23:36,93.25
7019,16172,2024-01-11 13:23:48,92.42
7020,16173,2024-01-11 13:24:00,91.06
7021,16174,2024-01-11 13:24:12,90.84
7022,16175,2024-01-11 13:24:24,93.6
7023,16176,2024-01-11 13:24:36,94.04
7024,16177,2024-01-11 13:24:48,93.38
7025,16178,2024-01-11 13:25:00,92.64
7026,16179,2024-01-11 13:25:12,91.32
7027,16180,2024-01-11 13:25:24,90.58
7028,16181,2024-01-11 13:25:36,93.78
7029,16182,2024-01-11 13:25:48,94.44
7030,16183,2024-01-11 13:26:00,93.6
7031,16184,2024-01-11 13:26:12,92.59
7032,16185,2024-01-11 13:26:24,92.24
7033,16186,2024-01-11 13:26:36,90.97
7034,16187,2024-01-11 13:26:48,91.54
7035,16188,2024-01-11 13:27:00,94.39
7036,16189,2024-01-11 13:27:12,92.9
7037,16190,2024-01-11 13:27:24,93.21
7038,16191,2024-01-11 13:27:36,92.42
7039,16192,2024-01-11 13:27:48,92.11
7040,16193,2024-01-11 13:28:00,91.54
7041,16194,2024-01-11 13:28:12,93.78
7042,16195,2024-01-11 13:28:24,94.04
7043,16196,2024-01-11 13:28:36,93.43
7044,16197,2024-01-11 13:28:48,92.9
7045,16198,2024-01-11 13:29:00,90.62
7046,16199,2024-01-11 13:29:12,90.05
7047,16200,2024-01-11 13:29:24,93.21
7048,16201,2024-01-11 13:29:36,94.3
7049,16202,2024-01-11 13:29:48,93.82
7050,16203,2024-01-11 13:30:00,92.99
7051,16204,2024-01-11 13:30:12,91.76
7052,16205,2024-01-11 13:30:24,91.5
7053,16206,2024-01-11 13:30:36,93.6
7054,16207,2024-01-11 13:30:48,94.79
7055,16208,2024-01-11 13:31:00,93.69
7056,16209,2024-01-11 13:31:12,91.5
7057,16210,2024-01-11 13:31:24,92.29
7058,16211,2024-01-11 13:31:36,90.53
7059,16212,2024-01-11 13:31:48,92.33
7060,16213,2024-01-11 13:32:00,94.44
7061,16214,2024-01-11 13:32:12,93.82
7062,16215,2024-01-11 13:32:24,92.55
7063,16216,2024-01-11 13:32:36,91.54
7064,16217,2024-01-11 13:32:48,91.63
7065,16218,2024-01-11 13:33:00,92.07
7066,16219,2024-01-11 13:33:12,95.36
7067,16220,2024-01-11 13:33:24,93.95
7068,16221,2024-01-11 13:33:36,93.3
7069,16222,2024-01-11 13:33:48,92.42
7070,16223,2024-01-11 13:34:00,91.41
7071,16224,2024-01-11 13:34:12,92.07
7072,16225,2024-01-11 13:34:24,94.39
7073,16226,2024-01-11 13:34:36,93.6
7074,16227,2024-01-11 13:34:48,92.07
7075,16228,2024-01-11 13:35:00,91.67
7076,16229,2024-01-11 13:35:12,91.32
7077,16230,2024-01-11 13:35:24,93.52
7078,16231,2024-01-11 13:35:36,94.44
7079,16232,2024-01-11 13:35:48,92.99
7080,16233,2024-01-11 13:36:00,92.64
7081,16234,2024-01-11 13:36:12,90.93
7082,16235,2024-01-11 13:36:24,91.06
7083,16236,2024-01-11 13:36:36,93.38
7084,16237,2024-01-11 13:36:48,94.26
7085,16238,2024-01-11 13:37:00,93.47
7086,16239,2024-01-11 13:37:12,92.99
7087,16240,2024-01-11 13:37:24,91.67
7088,16241,2024-01-11 13:37:36,91.76
7089,16242,2024-01-11 13:37:48,91.54
7090,16243,2024-01-11 13:38:00,90.71
7091,16244,2024-01-11 13:38:12,94.13
7092,16245,2024-01-11 13:38:24,93.16
7093,16246,2024-01-11 13:38:36,92.73
7094,16247,2024-01-11 13:38:48,93.38
7095,16248,2024-01-11 13:39:00,91.94
7096,16249,2024-01-11 13:39:12,92.2
7097,16250,2024-01-11 13:39:24,90.75
7098,16251,2024-01-11 13:39:36,92.46
7099,16252,2024-01-11 13:39:48,94.26
7100,16253,2024-01-11 13:40:00,93.16
7101,16254,2024-01-11 13:40:12,93.16
7102,16255,2024-01-11 13:40:24,92.11
7103,16256,2024-01-11 13:40:36,91.41
7104,16257,2024-01-11 13:40:48,94.57
7105,16258,2024-01-11 13:41:00,94.17
7106,16259,2024-01-11 13:41:12,93.25
7107,16260,2024-01-11 13:41:24,93.12
7108,16261,2024-01-11 13:41:36,91.85
7109,16262,2024-01-11 13:41:48,91.28
7110,16263,2024-01-11 13:42:00,92.51
7111,16264,2024-01-11 13:42:12,94.17
7112,16265,2024-01-11 13:42:24,93.6
7113,16266,2024-01-11 13:42:36,92.51
7114,16267,2024-01-11 13:42:48,91.72
7115,16268,2024-01-11 13:43:00,91.46
7116,16269,2024-01-11 13:43:12,94.44
7117,16270,2024-01-11 13:43:24,94.26
7118,16271,2024-01-11 13:43:36,93.65
7119,16272,2024-01-11 13:43:48,92.07
7120,16273,2024-01-11 13:44:00,91.24
7121,16274,2024-01-11 13:44:12,90.58
7122,16275,2024-01-11 13:44:24,92.16
7123,16276,2024-01-11 13:44:36,94.65
7124,16277,2024-01-11 13:44:48,94.04
7125,16278,2024-01-11 13:45:00,93.03
7126,16279,2024-01-11 13:45:12,92.11
7127,16280,2024-01-11 13:45:24,91.89
7128,16281,2024-01-11 13:45:36,91.32
7129,16282,2024-01-11 13:45:48,92.24
7130,16283,2024-01-11 13:46:00,94.79
7131,16284,2024-01-11 13:46:12,93.87
7132,16285,2024-01-11 13:46:24,92.77
7133,16286,2024-01-11 13:46:36,92.51
7134,16287,2024-01-11 13:46:48,91.94
7135,16288,2024-01-11 13:47:00,90.53
7136,16289,2024-01-11 13:47:12,93.6
7137,16290,2024-01-11 13:47:24,94.35
7138,16291,2024-01-11 13:47:36,92.81
7139,16292,2024-01-11 13:47:48,92.86
7140,16293,2024-01-11 13:48:00,91.54
7141,16294,2024-01-11 13:48:12,91.06
7142,16295,2024-01-11 13:48:24,90.8
7143,16296,2024-01-11 13:48:36,93.73
7144,16297,2024-01-11 13:48:48,94.79
7145,16298,2024-01-11 13:49:00,95.05
7146,16299,2024-01-11 13:49:12,95.4
7147,16300,2024-01-11 13:49:24,95.53
7148,16301,2024-01-11 13:49:36,94.79
7149,16302,2024-01-11 13:49:48,95.36
7150,16303,2024-01-11 13:50:00,96.54
7151,16304,2024-01-11 13:50:12,96.58
7152,16305,2024-01-11 13:50:24,95.53
7153,16306,2024-01-11 13:50:36,96.28
7154,16307,2024-01-11 13:50:48,97.5
7155,16308,2024-01-11 13:51:00,97.64
7156,16309,2024-01-11 13:51:12,97.59
7157,16310,2024-01-11 13:51:24,98.07
7158,16311,2024-01-11 13:51:36,98.29
7159,16312,2024-01-11 13:51:48,98.99
7160,16313,2024-01-11 13:52:00,98.82
7161,16314,2024-01-11 13:52:12,98.21
7162,16315,2024-01-11 13:52:24,99.21
7163,16316,2024-01-11 13:52:36,99.3
7164,16317,2024-01-11 13:52:48,99.13
7165,16318,2024-01-11 13:53:00,99.17
7166,16319,2024-01-11 13:53:12,99.83
7167,16320,2024-01-11 13:53:24,99.78
7168,16321,2024-01-11 13:53:36,99.56
7169,16322,2024-01-11 13:53:48,100.79
7170,16323,2024-01-11 13:54:00,100.4
7171,16324,2024-01-11 13:54:12,101.54
7172,16325,2024-01-11 13:54:24,102.15
7173,16326,2024-01-11 13:54:36,101.41
7174,16327,2024-01-11 13:54:48,101.93
7175,16328,2024-01-11 13:55:00,102.41
7176,16329,2024-01-11 13:55:12,101.93
7177,16330,2024-01-11 13:55:24,102.33
7178,16331,2024-01-11 13:55:36,102.54
7179,16332,2024-01-11 13:55:48,102.76
7180,16333,2024-01-11 13:56:00,102.85
7181,16334,2024-01-11 13:56:12,102.85
7182,16335,2024-01-11 13:56:24,103.03
7183,16336,2024-01-11 13:56:36,103.77
7184,16337,2024-01-11 13:56:48,103.07
7185,16338,2024-01-11 13:57:00,102.33
7186,16339,2024-01-11 13:57:12,102.54
7187,16340,2024-01-11 13:57:24,101.1
7188,16341,2024-01-11 13:57:36,100.88
7189,16342,2024-01-11 13:57:48,100.05
7190,16343,2024-01-11 13:58:00,99.7
7191,16344,2024-01-11 13:58:12,98.42
7192,16345,2024-01-11 13:58:24,98.07
7193,16346,2024-01-11 13:58:36,97.42
7194,16347,2024-01-11 13:58:48,96.85
7195,16348,2024-01-11 13:59:00,96.23
7196,16349,2024-01-11 13:59:12,95.14
7197,16350,2024-01-11 13:59:24,94.44
7198,16351,2024-01-11 13:59:36,94.22
7199,16352,2024-01-11 13:59:48,93.38
7200,16353,2024-01-11 14:00:00,93.08
7201,16354,2024-01-11 14:00:12,91.28
7202,16355,2024-01-11 14:00:24,91.24
7203,16356,2024-01-11 14:00:36,90.4
7204,16357,2024-01-11 14:00:48,92.2
7205,16358,2024-01-11 14:01:00,94.39
7206,16359,2024-01-11 14:01:12,94.17
7207,16360,2024-01-11 14:01:24,93.34
7208,16361,2024-01-11 14:01:36,92.46
7209,16362,2024-01-11 14:01:48,92.16
7210,16363,2024-01-11 14:02:00,91.5
7211,16364,2024-01-11 14:02:12,91.98
7212,16365,2024-01-11 14:02:24,94.65
7213,16366,2024-01-11 14:02:36,93.82
7214,16367,2024-01-11 14:02:48,92.99
7215,16368,2024-01-11 14:03:00,91.59
7216,16369,2024-01-11 14:03:12,90.45
7217,16370,2024-01-11 14:03:24,90.84
7218,16371,2024-01-11 14:03:36,93.91
7219,16372,2024-01-11 14:03:48,94.0
7220,16373,2024-01-11 14:04:00,92.55
7221,16374,2024-01-11 14:04:12,91.41
7222,16375,2024-01-11 14:04:24,92.11
7223,16376,2024-01-11 14:04:36,91.06
7224,16377,2024-01-11 14:04:48,93.78
7225,16378,2024-01-11 14:05:00,93.52
7226,16379,2024-01-11 14:05:12,93.25
7227,16380,2024-01-11 14:05:24,92.38
7228,16381,2024-01-11 14:05:36,91.24
7229,16382,2024-01-11 14:05:48,90.89
7230,16383,2024-01-11 14:06:00,92.99
7231,16384,2024-01-11 14:06:12,94.17
7232,16385,2024-01-11 14:06:24,92.68
7233,16386,2024-01-11 14:06:36,92.55
7234,16387,2024-01-11 14:06:48,91.81
7235,16388,2024-01-11 14:07:00,91.1
7236,16389,2024-01-11 14:07:12,91.67
7237,16390,2024-01-11 14:07:24,94.74
7238,16391,2024-01-11 14:07:36,93.95
7239,16392,2024-01-11 14:07:48,92.95
7240,16393,2024-01-11 14:08:00,92.95
7241,16394,2024-01-11 14:08:12,91.81
7242,16395,2024-01-11 14:08:24,91.24
7243,16396,2024-01-11 14:08:36,92.59
7244,16397,2024-01-11 14:08:48,94.92
7245,16398,2024-01-11 14:09:00,92.95
7246,16399,2024-01-11 14:09:12,93.16
7247,16400,2024-01-11 14:09:24,92.42
7248,16401,2024-01-11 14:09:36,91.94
7249,16402,2024-01-11 14:09:48,90.01
7250,16403,2024-01-11 14:10:00,94.13
7251,16404,2024-01-11 14:10:12,94.26
7252,16405,2024-01-11 14:10:24,93.69
7253,16406,2024-01-11 14:10:36,92.73
7254,16407,2024-01-11 14:10:48,91.59
7255,16408,2024-01-11 14:11:00,91.5
7256,16409,2024-01-11 14:11:12,90.45
7257,16410,2024-01-11 14:11:24,94.48
7258,16411,2024-01-11 14:11:36,93.34
7259,16412,2024-01-11 14:11:48,93.12
7260,16413,2024-01-11 14:12:00,92.9
7261,16414,2024-01-11 14:12:12,91.63
7262,16415,2024-01-11 14:12:24,90.93
7263,16416,2024-01-11 14:12:36,92.11
7264,16417,2024-01-11 14:12:48,94.3
7265,16418,2024-01-11 14:13:00,93.16
7266,16419,2024-01-11 14:13:12,91.63
7267,16420,2024-01-11 14:13:24,91.81
7268,16421,2024-01-11 14:13:36,90.32
7269,16422,2024-01-11 14:13:48,92.99
7270,16423,2024-01-11 14:14:00,94.35
7271,16424,2024-01-11 14:14:12,92.9
7272,16425,2024-01-11 14:14:24,92.68
7273,16426,2024-01-11 14:14:36,91.81
7274,16427,2024-01-11 14:14:48,90.45
7275,16428,2024-01-11 14:15:00,94.04
7276,16429,2024-01-11 14:15:12,94.35
7277,16430,2024-01-11 14:15:24,93.38
7278,16431,2024-01-11 14:15:36,92.24
7279,16432,2024-01-11 14:15:48,90.53
7280,16433,2024-01-11 14:16:00,91.81
7281,16434,2024-01-11 14:16:12,93.95
7282,16435,2024-01-11 14:16:24,93.6
7283,16436,2024-01-11 14:16:36,91.72
7284,16437,2024-01-11 14:16:48,91.76
7285,16438,2024-01-11 14:17:00,90.32
7286,16439,2024-01-11 14:17:12,94.3
7287,16440,2024-01-11 14:17:24,93.78
7288,16441,2024-01-11 14:17:36,92.11
7289,16442,2024-01-11 14:17:48,91.98
7290,16443,2024-01-11 14:18:00,91.24
7291,16444,2024-01-11 14:18:12,91.81
7292,16445,2024-01-11 14:18:24,94.79
7293,16446,2024-01-11 14:18:36,93.95
7294,16447,2024-01-11 14:18:48,92.02
7295,16448,2024-01-11 14:19:00,91.54
7296,16449,2024-01-11 14:19:12,90.71
7297,16450,2024-01-11 14:19:24,91.54
7298,16451,2024-01-11 14:19:36,94.44
7299,16452,2024-01-11 14:19:48,94.22
7300,16453,2024-01-11 14:20:00,93.73
7301,16454,2024-01-11 14:20:12,92.99
7302,16455,2024-01-11 14:20:24,91.59
7303,16456,2024-01-11 14:20:36,91.72
7304,16457,2024-01-11 14:20:48,91.15
7305,16458,2024-01-11 14:21:00,90.89
7306,16459,2024-01-11 14:21:12,94.52
7307,16460,2024-01-11 14:21:24,93.91
7308,16461,2024-01-11 14:21:36,92.59
7309,16462,2024-01-11 14:21:48,92.68
7310,16463,2024-01-11 14:22:00,92.24
7311,16464,2024-01-11 14:22:12,91.1
7312,16465,2024-01-11 14:22:24,91.41
7313,16466,2024-01-11 14:22:36,94.7
7314,16467,2024-01-11 14:22:48,92.95
7315,16468,2024-01-11 14:23:00,92.33
7316,16469,2024-01-11 14:23:12,92.64
7317,16470,2024-01-11 14:23:24,91.81
7318,16471,2024-01-11 14:23:36,90.8
7319,16472,2024-01-11 14:23:48,94.39
7320,16473,2024-01-11 14:24:00,93.38
7321,16474,2024-01-11 14:24:12,93.47
7322,16475,2024-01-11 14:24:24,92.29
7323,16476,2024-01-11 14:24:36,91.46
7324,16477,2024-01-11 14:24:48,90.58
7325,16478,2024-01-11 14:25:00,93.34
7326,16479,2024-01-11 14:25:12,93.69
7327,16480,2024-01-11 14:25:24,92.73
7328,16481,2024-01-11 14:25:36,91.41
7329,16482,2024-01-11 14:25:48,91.63
7330,16483,2024-01-11 14:26:00,90.58
7331,16484,2024-01-11 14:26:12,93.34
7332,16485,2024-01-11 14:26:24,93.52
7333,16486,2024-01-11 14:26:36,93.25
7334,16487,2024-01-11 14:26:48,91.63
7335,16488,2024-01-11 14:27:00,91.85
7336,16489,2024-01-11 14:27:12,90.89
7337,16490,2024-01-11 14:27:24,94.44
7338,16491,2024-01-11 14:27:36,92.99
7339,16492,2024-01-11 14:27:48,92.86
7340,16493,2024-01-11 14:28:00,92.38
7341,16494,2024-01-11 14:28:12,91.72
7342,16495,2024-01-11 14:28:24,89.92
7343,16496,2024-01-11 14:28:36,93.65
7344,16497,2024-01-11 14:28:48,94.26
7345,16498,2024-01-11 14:29:00,93.34
7346,16499,2024-01-11 14:29:12,91.63
7347,16500,2024-01-11 14:29:24,91.5
7348,16501,2024-01-11 14:29:36,90.58
7349,16502,2024-01-11 14:29:48,93.69
7350,16503,2024-01-11 14:30:00,94.3
7351,16504,2024-01-11 14:30:12,92.99
7352,16505,2024-01-11 14:30:24,93.38
7353,16506,2024-01-11 14:30:36,92.55
7354,16507,2024-01-11 14:30:48,91.98
7355,16508,2024-01-11 14:31:00,93.25
7356,16509,2024-01-11 14:31:12,92.95
7357,16510,2024-01-11 14:31:24,93.82
7358,16511,2024-01-11 14:31:36,93.69
7359,16512,2024-01-11 14:31:48,94.48
7360,16513,2024-01-11 14:32:00,94.13
7361,16514,2024-01-11 14:32:12,94.74
7362,16515,2024-01-11 14:32:24,94.74
7363,16516,2024-01-11 14:32:36,95.14
7364,16517,2024-01-11 14:32:48,95.4
7365,16518,2024-01-11 14:33:00,95.66
7366,16519,2024-01-11 14:33:12,94.79
7367,16520,2024-01-11 14:33:24,96.19
7368,16521,2024-01-11 14:33:36,96.5
7369,16522,2024-01-11 14:33:48,96.28
7370,16523,2024-01-11 14:34:00,96.15
7371,16524,2024-01-11 14:34:12,97.28
7372,16525,2024-01-11 14:34:24,98.12
7373,16526,2024-01-11 14:34:36,97.24
7374,16527,2024-01-11 14:34:48,97.85
7375,16528,2024-01-11 14:35:00,98.07
7376,16529,2024-01-11 14:35:12,98.86
7377,16530,2024-01-11 14:35:24,99.48
7378,16531,2024-01-11 14:35:36,99.3
7379,16532,2024-01-11 14:35:48,98.73
7380,16533,2024-01-11 14:36:00,99.83
7381,16534,2024-01-11 14:36:12,100.31
7382,16535,2024-01-11 14:36:24,100.53
7383,16536,2024-01-11 14:36:36,99.87
7384,16537,2024-01-11 14:36:48,100.57
7385,16538,2024-01-11 14:37:00,101.1
7386,16539,2024-01-11 14:37:12,101.32
7387,16540,2024-01-11 14:37:24,101.19
7388,16541,2024-01-11 14:37:36,101.8
7389,16542,2024-01-11 14:37:48,102.11
7390,16543,2024-01-11 14:38:00,102.63
7391,16544,2024-01-11 14:38:12,102.5
7392,16545,2024-01-11 14:38:24,102.28
7393,16546,2024-01-11 14:38:36,102.68
7394,16547,2024-01-11 14:38:48,102.9
7395,16548,2024-01-11 14:39:00,103.42
7396,16549,2024-01-11 14:39:12,103.11
7397,16550,2024-01-11 14:39:24,103.9
7398,16551,2024-01-11 14:39:36,104.12
7399,16552,2024-01-11 14:39:48,103.99
7400,16553,2024-01-11 14:40:00,104.25
7401,16554,2024-01-11 14:40:12,104.65
7402,16555,2024-01-11 14:40:24,105.09
7403,16556,2024-01-11 14:40:36,104.82
7404,16557,2024-01-11 14:40:48,104.91
7405,16558,2024-01-11 14:41:00,105.53
7406,16559,2024-01-11 14:41:12,105.88
7407,16560,2024-01-11 14:41:24,105.44
7408,16561,2024-01-11 14:41:36,106.14
7409,16562,2024-01-11 14:41:48,106.45
7410,16563,2024-01-11 14:42:00,106.97
7411,16564,2024-01-11 14:42:12,107.02
7412,16565,2024-01-11 14:42:24,107.19
7413,16566,2024-01-11 14:42:36,107.41
7414,16567,2024-01-11 14:42:48,106.84
7415,16568,2024-01-11 14:43:00,108.16
7416,16569,2024-01-11 14:43:12,107.37
7417,16570,2024-01-11 14:43:24,107.85
7418,16571,2024-01-11 14:43:36,108.16
7419,16572,2024-01-11 14:43:48,108.59
7420,16573,2024-01-11 14:44:00,108.73
7421,16574,2024-01-11 14:44:12,109.03
7422,16575,2024-01-11 14:44:24,109.12
7423,16576,2024-01-11 14:44:36,108.51
7424,16577,2024-01-11 14:44:48,108.55
7425,16578,2024-01-11 14:45:00,109.6
7426,16579,2024-01-11 14:45:12,109.6
7427,16580,2024-01-11 14:45:24,110.04
7428,16581,2024-01-11 14:45:36,109.73
7429,16582,2024-01-11 14:45:48,110.04
7430,16583,2024-01-11 14:46:00,110.87
7431,16584,2024-01-11 14:46:12,111.18
7432,16585,2024-01-11 14:46:24,110.22
7433,16586,2024-01-11 14:46:36,110.92
7434,16587,2024-01-11 14:46:48,111.14
7435,16588,2024-01-11 14:47:00,111.36
7436,16589,2024-01-11 14:47:12,110.43
7437,16590,2024-01-11 14:47:24,111.14
7438,16591,2024-01-11 14:47:36,111.49
7439,16592,2024-01-11 14:47:48,111.79
7440,16593,2024-01-11 14:48:00,111.79
7441,16594,2024-01-11 14:48:12,112.45
7442,16595,2024-01-11 14:48:24,112.67
7443,16596,2024-01-11 14:48:36,111.88
7444,16597,2024-01-11 14:48:48,112.89
7445,16598,2024-01-11 14:49:00,112.67
7446,16599,2024-01-11 14:49:12,112.85
7447,16600,2024-01-11 14:49:24,113.15
7448,16601,2024-01-11 14:49:36,113.5
7449,16602,2024-01-11 14:49:48,112.19
7450,16603,2024-01-11 14:50:00,112.28
7451,16604,2024-01-11 14:50:12,111.88
7452,16605,2024-01-11 14:50:24,110.43
7453,16606,2024-01-11 14:50:36,109.51
7454,16607,2024-01-11 14:50:48,108.59
7455,16608,2024-01-11 14:51:00,107.89
7456,16609,2024-01-11 14:51:12,107.19
7457,16610,2024-01-11 14:51:24,106.01
7458,16611,2024-01-11 14:51:36,105.79
7459,16612,2024-01-11 14:51:48,103.99
7460,16613,2024-01-11 14:52:00,102.15
7461,16614,2024-01-11 14:52:12,102.41
7462,16615,2024-01-11 14:52:24,100.7
7463,16616,2024-01-11 14:52:36,100.92
7464,16617,2024-01-11 14:52:48,100.27
7465,16618,2024-01-11 14:53:00,99.39
7466,16619,2024-01-11 14:53:12,97.9
7467,16620,2024-01-11 14:53:24,97.33
7468,16621,2024-01-11 14:53:36,96.76
7469,16622,2024-01-11 14:53:48,95.53
7470,16623,2024-01-11 14:54:00,95.09
7471,16624,2024-01-11 14:54:12,94.52
7472,16625,2024-01-11 14:54:24,93.87
7473,16626,2024-01-11 14:54:36,93.12
7474,16627,2024-01-11 14:54:48,93.12
7475,16628,2024-01-11 14:55:00,91.63
7476,16629,2024-01-11 14:55:12,91.89
7477,16630,2024-01-11 14:55:24,90.84
7478,16631,2024-01-11 14:55:36,90.89
7479,16632,2024-01-11 14:55:48,93.38
7480,16633,2024-01-11 14:56:00,94.3
7481,16634,2024-01-11 14:56:12,93.73
7482,16635,2024-01-11 14:56:24,93.34
7483,16636,2024-01-11 14:56:36,92.55
7484,16637,2024-01-11 14:56:48,92.29
7485,16638,2024-01-11 14:57:00,91.54
7486,16639,2024-01-11 14:57:12,91.06
7487,16640,2024-01-11 14:57:24,94.57
7488,16641,2024-01-11 14:57:36,93.52
7489,16642,2024-01-11 14:57:48,93.25
7490,16643,2024-01-11 14:58:00,91.32
7491,16644,2024-01-11 14:58:12,91.59
7492,16645,2024-01-11 14:58:24,91.41
7493,16646,2024-01-11 14:58:36,94.26
7494,16647,2024-01-11 14:58:48,94.09
7495,16648,2024-01-11 14:59:00,92.81
7496,16649,2024-01-11 14:59:12,92.16
7497,16650,2024-01-11 14:59:24,91.41
7498,16651,2024-01-11 14:59:36,90.93
7499,16652,2024-01-11 14:59:48,93.87
7500,16653,2024-01-11 15:00:00,93.69
7501,16654,2024-01-11 15:00:12,92.77
7502,16655,2024-01-11 15:00:24,92.68
7503,16656,2024-01-11 15:00:36,91.02
7504,16657,2024-01-11 15:00:48,91.32
7505,16658,2024-01-11 15:01:00,94.57
7506,16659,2024-01-11 15:01:12,93.6
7507,16660,2024-01-11 15:01:24,93.87
7508,16661,2024-01-11 15:01:36,93.78
7509,16662,2024-01-11 15:01:48,94.79
7510,16663,2024-01-11 15:02:00,93.95
7511,16664,2024-01-11 15:02:12,94.92
7512,16665,2024-01-11 15:02:24,95.44
7513,16666,2024-01-11 15:02:36,96.06
7514,16667,2024-01-11 15:02:48,95.27
7515,16668,2024-01-11 15:03:00,95.97
7516,16669,2024-01-11 15:03:12,96.93
7517,16670,2024-01-11 15:03:24,96.5
7518,16671,2024-01-11 15:03:36,96.41
7519,16672,2024-01-11 15:03:48,96.89
7520,16673,2024-01-11 15:04:00,97.59
7521,16674,2024-01-11 15:04:12,97.59
7522,16675,2024-01-11 15:04:24,96.85
7523,16676,2024-01-11 15:04:36,97.72
7524,16677,2024-01-11 15:04:48,97.55
7525,16678,2024-01-11 15:05:00,98.56
7526,16679,2024-01-11 15:05:12,98.86
7527,16680,2024-01-11 15:05:24,98.73
7528,16681,2024-01-11 15:05:36,97.85
7529,16682,2024-01-11 15:05:48,99.13
7530,16683,2024-01-11 15:06:00,99.21
7531,16684,2024-01-11 15:06:12,99.61
7532,16685,2024-01-11 15:06:24,99.7
7533,16686,2024-01-11 15:06:36,99.26
7534,16687,2024-01-11 15:06:48,100.0
7535,16688,2024-01-11 15:07:00,99.56
7536,16689,2024-01-11 15:07:12,100.31
7537,16690,2024-01-11 15:07:24,100.0
7538,16691,2024-01-11 15:07:36,99.74
7539,16692,2024-01-11 15:07:48,100.27
7540,16693,2024-01-11 15:08:00,100.05
7541,16694,2024-01-11 15:08:12,99.39
7542,16695,2024-01-11 15:08:24,99.91
7543,16696,2024-01-11 15:08:36,100.57
7544,16697,2024-01-11 15:08:48,101.27
7545,16698,2024-01-11 15:09:00,101.27
7546,16699,2024-01-11 15:09:12,101.32
7547,16700,2024-01-11 15:09:24,101.89
7548,16701,2024-01-11 15:09:36,101.67
7549,16702,2024-01-11 15:09:48,101.8
7550,16703,2024-01-11 15:10:00,102.11
7551,16704,2024-01-11 15:10:12,101.8
7552,16705,2024-01-11 15:10:24,102.59
7553,16706,2024-01-11 15:10:36,102.59
7554,16707,2024-01-11 15:10:48,101.8
7555,16708,2024-01-11 15:11:00,102.15
7556,16709,2024-01-11 15:11:12,102.02
7557,16710,2024-01-11 15:11:24,102.28
7558,16711,2024-01-11 15:11:36,101.45
7559,16712,2024-01-11 15:11:48,100.84
7560,16713,2024-01-11 15:12:00,99.65
7561,16714,2024-01-11 15:12:12,99.21
7562,16715,2024-01-11 15:12:24,98.99
7563,16716,2024-01-11 15:12:36,98.21
7564,16717,2024-01-11 15:12:48,97.2
7565,16718,2024-01-11 15:13:00,95.79
7566,16719,2024-01-11 15:13:12,94.74
7567,16720,2024-01-11 15:13:24,94.39
7568,16721,2024-01-11 15:13:36,94.39
7569,16722,2024-01-11 15:13:48,93.16
7570,16723,2024-01-11 15:14:00,91.81
7571,16724,2024-01-11 15:14:12,91.89
7572,16725,2024-01-11 15:14:24,91.76
7573,16726,2024-01-11 15:14:36,90.53
7574,16727,2024-01-11 15:14:48,90.01
7575,16728,2024-01-11 15:15:00,94.09
7576,16729,2024-01-11 15:15:12,94.3
7577,16730,2024-01-11 15:15:24,93.56
7578,16731,2024-01-11 15:15:36,92.29
7579,16732,2024-01-11 15:15:48,91.24
7580,16733,2024-01-11 15:16:00,90.36
7581,16734,2024-01-11 15:16:12,93.69
7582,16735,2024-01-11 15:16:24,93.95
7583,16736,2024-01-11 15:16:36,92.95
7584,16737,2024-01-11 15:16:48,92.2
7585,16738,2024-01-11 15:17:00,90.53
7586,16739,2024-01-11 15:17:12,94.44
7587,16740,2024-01-11 15:17:24,94.09
7588,16741,2024-01-11 15:17:36,93.6
7589,16742,2024-01-11 15:17:48,92.16
7590,16743,2024-01-11 15:18:00,91.76
7591,16744,2024-01-11 15:18:12,91.37
7592,16745,2024-01-11 15:18:24,91.24
7593,16746,2024-01-11 15:18:36,92.07
7594,16747,2024-01-11 15:18:48,94.04
7595,16748,2024-01-11 15:19:00,93.03
7596,16749,2024-01-11 15:19:12,93.6
7597,16750,2024-01-11 15:19:24,92.77
7598,16751,2024-01-11 15:19:36,91.89
7599,16752,2024-01-11 15:19:48,90.84
7600,16753,2024-01-11 15:20:00,92.11
7601,16754,2024-01-11 15:20:12,93.43
7602,16755,2024-01-11 15:20:24,93.34
7603,16756,2024-01-11 15:20:36,93.16
7604,16757,2024-01-11 15:20:48,93.16
7605,16758,2024-01-11 15:21:00,92.9
7606,16759,2024-01-11 15:21:12,93.25
7607,16760,2024-01-11 15:21:24,93.08
7608,16761,2024-01-11 15:21:36,93.34
7609,16762,2024-01-11 15:21:48,94.65
7610,16763,2024-01-11 15:22:00,94.65
7611,16764,2024-01-11 15:22:12,95.4
7612,16765,2024-01-11 15:22:24,94.79
7613,16766,2024-01-11 15:22:36,94.92
7614,16767,2024-01-11 15:22:48,94.39
7615,16768,2024-01-11 15:23:00,94.04
7616,16769,2024-01-11 15:23:12,93.6
7617,16770,2024-01-11 15:23:24,93.21
7618,16771,2024-01-11 15:23:36,92.77
7619,16772,2024-01-11 15:23:48,92.42
7620,16773,2024-01-11 15:24:00,91.98
7621,16774,2024-01-11 15:24:12,91.72
7622,16775,2024-01-11 15:24:24,91.32
7623,16776,2024-01-11 15:24:36,91.06
7624,16777,2024-01-11 15:24:48,90.67
7625,16778,2024-01-11 15:25:00,90.4
7626,16779,2024-01-11 15:25:12,90.01
7627,16780,2024-01-11 15:25:24,89.75
7628,16781,2024-01-11 15:25:36,89.53
7629,16782,2024-01-11 15:25:48,89.13
7630,16783,2024-01-11 15:26:00,88.83
7631,16784,2024-01-11 15:26:12,88.61
7632,16785,2024-01-11 15:26:24,88.39
7633,16786,2024-01-11 15:26:36,88.08
7634,16787,2024-01-11 15:26:48,87.77
7635,16788,2024-01-11 15:27:00,87.47
7636,16789,2024-01-11 15:27:12,87.29
7637,16790,2024-01-11 15:27:24,86.98
7638,16791,2024-01-11 15:27:36,86.72
7639,16792,2024-01-11 15:27:48,86.46
7640,16793,2024-01-11 15:28:00,86.2
7641,16794,2024-01-11 15:28:12,85.93
7642,16795,2024-01-11 15:28:24,85.71
7643,16796,2024-01-11 15:28:36,85.45
7644,16797,2024-01-11 15:28:48,85.19
7645,16798,2024-01-11 15:29:00,84.92
7646,16799,2024-01-11 15:29:12,84.75
7647,16800,2024-01-11 15:29:24,84.4
7648,16801,2024-01-11 15:29:36,84.22
7649,16802,2024-01-11 15:29:48,83.92
7650,16803,2024-01-11 15:30:00,83.7
7651,16804,2024-01-11 15:30:12,83.43
7652,16805,2024-01-11 15:30:24,83.21
7653,16806,2024-01-11 15:30:36,82.91
7654,16807,2024-01-11 15:30:48,82.73
7655,16808,2024-01-11 15:31:00,82.43
7656,16809,2024-01-11 15:31:12,82.16
7657,16810,2024-01-11 15:31:24,82.03
7658,16811,2024-01-11 15:31:36,81.77
7659,16812,2024-01-11 15:31:48,81.46
7660,16813,2024-01-11 15:32:00,81.24
7661,16814,2024-01-11 15:32:12,81.02
7662,16815,2024-01-11 15:32:24,80.76
7663,16816,2024-01-11 15:32:36,80.63
7664,16817,2024-01-11 15:32:48,80.37
7665,16818,2024-01-11 15:33:00,80.1
7666,16819,2024-01-11 15:33:12,79.93
7667,16820,2024-01-11 15:33:24,79.66
7668,16821,2024-01-11 15:33:36,79.36
7669,16822,2024-01-11 15:33:48,79.14
7670,16823,2024-01-11 15:34:00,78.88
7671,16824,2024-01-11 15:34:12,78.74
7672,16825,2024-01-11 15:34:24,78.44
7673,16826,2024-01-11 15:34:36,78.26
7674,16827,2024-01-11 15:34:48,77.95
7675,16828,2024-01-11 15:35:00,77.78
7676,16829,2024-01-11 15:35:12,77.6
7677,16830,2024-01-11 15:35:24,77.3
7678,16831,2024-01-11 15:35:36,77.12
7679,16832,2024-01-11 15:35:48,76.9
7680,16833,2024-01-11 15:36:00,76.55
7681,16834,2024-01-11 15:36:12,76.42
7682,16835,2024-01-11 15:36:24,76.16
7683,16836,2024-01-11 15:36:36,75.98
7684,16837,2024-01-11 15:36:48,75.76
7685,16838,2024-01-11 15:37:00,75.54
7686,16839,2024-01-11 15:37:12,75.28
7687,16840,2024-01-11 15:37:24,75.06
7688,16841,2024-01-11 15:37:36,74.8
7689,16842,2024-01-11 15:37:48,74.62
7690,16843,2024-01-11 15:38:00,74.4
7691,16844,2024-01-11 15:38:12,74.14
7692,16845,2024-01-11 15:38:24,74.05
7693,16846,2024-01-11 15:38:36,73.7
7694,16847,2024-01-11 15:38:48,73.53
7695,16848,2024-01-11 15:39:00,73.26
7696,16849,2024-01-11 15:39:12,73.05
7697,16850,2024-01-11 15:39:24,72.87
7698,16851,2024-01-11 15:39:36,72.65
7699,16852,2024-01-11 15:39:48,72.39
7700,16853,2024-01-11 15:40:00,72.17
7701,16854,2024-01-11 15:40:12,71.99
7702,16855,2024-01-11 15:40:24,71.77
7703,16856,2024-01-11 15:40:36,71.6
7704,16857,2024-01-11 15:40:48,71.34
7705,16858,2024-01-11 15:41:00,71.16
7706,16859,2024-01-11 15:41:12,70.9
7707,16860,2024-01-11 15:41:24,70.72
7708,16861,2024-01-11 15:41:36,70.55
7709,16862,2024-01-11 15:41:48,70.28
7710,16863,2024-01-11 15:42:00,70.11
7711,16864,2024-01-11 15:42:12,69.89
7712,16865,2024-01-11 15:42:24,69.67
7713,16866,2024-01-11 15:42:36,69.45
7714,16867,2024-01-11 15:42:48,69.32
7715,16868,2024-01-11 15:43:00,69.06
7716,16869,2024-01-11 15:43:12,68.88
7717,16870,2024-01-11 15:43:24,68.66
7718,16871,2024-01-11 15:43:36,68.44
7719,16872,2024-01-11 15:43:48,68.27
7720,16873,2024-01-11 15:44:00,68.09
7721,16874,2024-01-11 15:44:12,67.87
7722,16875,2024-01-11 15:44:24,67.65
7723,16876,2024-01-11 15:44:36,67.43
7724,16877,2024-01-11 15:44:48,67.3
7725,16878,2024-01-11 15:45:00,67.13
7726,16879,2024-01-11 15:45:12,66.86
7727,16880,2024-01-11 15:45:24,66.69
7728,16881,2024-01-11 15:45:36,66.56
7729,16882,2024-01-11 15:45:48,66.29
7730,16883,2024-01-11 15:46:00,66.12
7731,16884,2024-01-11 15:46:12,65.94
7732,16885,2024-01-11 15:46:24,65.73
7733,16886,2024-01-11 15:46:36,65.55
7734,16887,2024-01-11 15:46:48,65.33
7735,16888,2024-01-11 15:47:00,65.16
7736,16889,2024-01-11 15:47:12,64.94
7737,16890,2024-01-11 15:47:24,64.76
7738,16891,2024-01-11 15:47:36,64.59
7739,16892,2024-01-11 15:47:48,64.37
7740,16893,2024-01-11 15:48:00,64.15
7741,16894,2024-01-11 15:48:12,64.02
7742,16895,2024-01-11 15:48:24,63.8
7743,16896,2024-01-11 15:48:36,63.58
7744,16897,2024-01-11 15:48:48,63.4
7745,16898,2024-01-11 15:49:00,63.23
7746,16899,2024-01-11 15:49:12,63.01
7747,16900,2024-01-11 15:49:24,62.88
7748,16901,2024-01-11 15:49:36,62.66
7749,16902,2024-01-11 15:49:48,62.53
7750,16903,2024-01-11 15:50:00,62.31
7751,16904,2024-01-11 15:50:12,62.13
7752,16905,2024-01-11 15:50:24,61.96
7753,16906,2024-01-11 15:50:36,61.78
7754,16907,2024-01-11 15:50:48,61.6
7755,16908,2024-01-11 15:51:00,61.39
7756,16909,2024-01-11 15:51:12,61.25
7757,16910,2024-01-11 15:51:24,61.08
7758,16911,2024-01-11 15:51:36,60.77
7759,16912,2024-01-11 15:51:48,60.68
7760,16913,2024-01-11 15:52:00,60.51
7761,16914,2024-01-11 15:52:12,60.38
7762,16915,2024-01-11 15:52:24,60.2
7763,16916,2024-01-11 15:52:36,60.07
7764,16917,2024-01-11 15:52:48,59.85
7765,16918,2024-01-11 15:53:00,59.68
7766,16919,2024-01-11 15:53:12,59.46
7767,16920,2024-01-11 15:53:24,59.28
7768,16921,2024-01-11 15:53:36,59.15
7769,16922,2024-01-11 15:53:48,58.93
7770,16923,2024-01-11 15:54:00,58.76
7771,16924,2024-01-11 15:54:12,58.58
7772,16925,2024-01-11 15:54:24,58.45
7773,16926,2024-01-11 15:54:36,58.27
7774,16927,2024-01-11 15:54:48,58.1
7775,16928,2024-01-11 15:55:00,57.92
7776,16929,2024-01-11 15:55:12,57.66
7777,16930,2024-01-11 15:55:24,57.48
7778,16931,2024-01-11 15:55:36,57.35
7779,16932,2024-01-11 15:55:48,57.22
7780,16933,2024-01-11 15:56:00,57.05
7781,16934,2024-01-11 15:56:12,56.87
7782,16935,2024-01-11 15:56:24,56.7
7783,16936,2024-01-11 15:56:36,56.52
7784,16937,2024-01-11 15:56:48,56.34
7785,16938,2024-01-11 15:57:00,56.21
7786,16939,2024-01-11 15:57:12,55.99
7787,16940,2024-01-11 15:57:24,55.82
7788,16941,2024-01-11 15:57:36,55.64
7789,16942,2024-01-11 15:57:48,55.47
7790,16943,2024-01-11 15:58:00,55.34
7791,16944,2024-01-11 15:58:12,55.12
7792,16945,2024-01-11 15:58:24,54.99
7793,16946,2024-01-11 15:58:36,54.77
7794,16947,2024-01-11 15:58:48,54.64
7795,16948,2024-01-11 15:59:00,54.46
7796,16949,2024-01-11 15:59:12,54.24
7797,16950,2024-01-11 15:59:24,54.11
7798,16951,2024-01-11 15:59:36,53.89
7799,16952,2024-01-11 15:59:48,53.8
7800,21603,2024-01-12 07:30:00,110.08
7801,21604,2024-01-12 07:30:12,109.25
7802,21605,2024-01-12 07:30:24,110.22
7803,21606,2024-01-12 07:30:36,109.6
7804,21607,2024-01-12 07:30:48,110.52
7805,21608,2024-01-12 07:31:00,110.0
7806,21609,2024-01-12 07:31:12,109.73
7807,21610,2024-01-12 07:31:24,110.65
7808,21611,2024-01-12 07:31:36,110.0
7809,21612,2024-01-12 07:31:48,110.96
7810,21613,2024-01-12 07:32:00,109.86
7811,21614,2024-01-12 07:32:12,110.79
7812,21615,2024-01-12 07:32:24,109.78
7813,21616,2024-01-12 07:32:36,111.18
7814,21617,2024-01-12 07:32:48,110.7
7815,21618,2024-01-12 07:33:00,111.75
7816,21619,2024-01-12 07:33:12,111.84
7817,21620,2024-01-12 07:33:24,112.01
7818,21621,2024-01-12 07:33:36,111.75
7819,21622,2024-01-12 07:33:48,113.2
7820,21623,2024-01-12 07:34:00,113.5
7821,21624,2024-01-12 07:34:12,112.58
7822,21625,2024-01-12 07:34:24,112.1
7823,21626,2024-01-12 07:34:36,112.54
7824,21627,2024-01-12 07:34:48,112.45
7825,21628,2024-01-12 07:35:00,113.42
7826,21629,2024-01-12 07:35:12,113.33
7827,21630,2024-01-12 07:35:24,113.55
7828,21631,2024-01-12 07:35:36,113.77
7829,21632,2024-01-12 07:35:48,113.46
7830,21633,2024-01-12 07:36:00,113.99
7831,21634,2024-01-12 07:36:12,113.85
7832,21635,2024-01-12 07:36:24,113.5
7833,21636,2024-01-12 07:36:36,114.6
7834,21637,2024-01-12 07:36:48,114.03
7835,21638,2024-01-12 07:37:00,114.51
7836,21639,2024-01-12 07:37:12,113.37
7837,21640,2024-01-12 07:37:24,114.56
7838,21641,2024-01-12 07:37:36,114.29
7839,21642,2024-01-12 07:37:48,115.12
7840,21643,2024-01-12 07:38:00,115.61
7841,21644,2024-01-12 07:38:12,115.3
7842,21645,2024-01-12 07:38:24,115.26
7843,21646,2024-01-12 07:38:36,114.95
7844,21647,2024-01-12 07:38:48,115.43
7845,21648,2024-01-12 07:39:00,116.05
7846,21649,2024-01-12 07:39:12,116.75
7847,21650,2024-01-12 07:39:24,115.83
7848,21651,2024-01-12 07:39:36,116.53
7849,21652,2024-01-12 07:39:48,116.53
7850,21653,2024-01-12 07:40:00,116.57
7851,21654,2024-01-12 07:40:12,117.01
7852,21655,2024-01-12 07:40:24,117.1
7853,21656,2024-01-12 07:40:36,118.06
7854,21657,2024-01-12 07:40:48,117.58
7855,21658,2024-01-12 07:41:00,117.89
7856,21659,2024-01-12 07:41:12,118.15
7857,21660,2024-01-12 07:41:24,118.15
7858,21661,2024-01-12 07:41:36,118.63
7859,21662,2024-01-12 07:41:48,118.37
7860,21663,2024-01-12 07:42:00,118.41
7861,21664,2024-01-12 07:42:12,118.89
7862,21665,2024-01-12 07:42:24,118.63
7863,21666,2024-01-12 07:42:36,118.24
7864,21667,2024-01-12 07:42:48,120.03
7865,21668,2024-01-12 07:43:00,119.6
7866,21669,2024-01-12 07:43:12,120.17
7867,21670,2024-01-12 07:43:24,120.3
7868,21671,2024-01-12 07:43:36,120.03
7869,21672,2024-01-12 07:43:48,119.86
7870,21673,2024-01-12 07:44:00,120.12
7871,21674,2024-01-12 07:44:12,120.21
7872,21675,2024-01-12 07:44:24,120.17
7873,21676,2024-01-12 07:44:36,120.69
7874,21677,2024-01-12 07:44:48,120.52
7875,21678,2024-01-12 07:45:00,121.66
7876,21679,2024-01-12 07:45:12,120.74
7877,21680,2024-01-12 07:45:24,122.23
7878,21681,2024-01-12 07:45:36,121.66
7879,21682,2024-01-12 07:45:48,121.74
7880,21683,2024-01-12 07:46:00,122.66
7881,21684,2024-01-12 07:46:12,122.23
7882,21685,2024-01-12 07:46:24,122.84
7883,21686,2024-01-12 07:46:36,122.49
7884,21687,2024-01-12 07:46:48,123.19
7885,21688,2024-01-12 07:47:00,122.71
7886,21689,2024-01-12 07:47:12,122.49
7887,21690,2024-01-12 07:47:24,122.75
7888,21691,2024-01-12 07:47:36,123.85
7889,21692,2024-01-12 07:47:48,123.8
7890,21693,2024-01-12 07:48:00,123.89
7891,21694,2024-01-12 07:48:12,124.15
7892,21695,2024-01-12 07:48:24,124.46
7893,21696,2024-01-12 07:48:36,124.42
7894,21697,2024-01-12 07:48:48,123.89
7895,21698,2024-01-12 07:49:00,125.08
7896,21699,2024-01-12 07:49:12,124.2
7897,21700,2024-01-12 07:49:24,123.72
7898,21701,2024-01-12 07:49:36,123.1
7899,21702,2024-01-12 07:49:48,122.62
7900,21703,2024-01-12 07:50:00,122.14
7901,21704,2024-01-12 07:50:12,121.7
7902,21705,2024-01-12 07:50:24,121.26
7903,21706,2024-01-12 07:50:36,120.82
7904,21707,2024-01-12 07:50:48,120.34
7905,21708,2024-01-12 07:51:00,119.86
7906,21709,2024-01-12 07:51:12,119.51
7907,21710,2024-01-12 07:51:24,119.07
7908,21711,2024-01-12 07:51:36,118.59
7909,21712,2024-01-12 07:51:48,118.19
7910,21713,2024-01-12 07:52:00,117.8
7911,21714,2024-01-12 07:52:12,117.4
7912,21715,2024-01-12 07:52:24,117.01
7913,21716,2024-01-12 07:52:36,116.62
7914,21717,2024-01-12 07:52:48,116.13
7915,21718,2024-01-12 07:53:00,115.74
7916,21719,2024-01-12 07:53:12,115.39
7917,21720,2024-01-12 07:53:24,115.04
7918,21721,2024-01-12 07:53:36,114.56
7919,21722,2024-01-12 07:53:48,114.2
7920,21723,2024-01-12 07:54:00,113.85
7921,21724,2024-01-12 07:54:12,113.59
7922,21725,2024-01-12 07:54:24,113.15
7923,21726,2024-01-12 07:54:36,112.8
7924,21727,2024-01-12 07:54:48,112.45
7925,21728,2024-01-12 07:55:00,112.1
7926,21729,2024-01-12 07:55:12,111.62
7927,21730,2024-01-12 07:55:24,111.44
7928,21731,2024-01-12 07:55:36,111.05
7929,21732,2024-01-12 07:55:48,110.74
7930,21733,2024-01-12 07:56:00,110.43
7931,21734,2024-01-12 07:56:12,110.13
7932,21735,2024-01-12 07:56:24,109.69
7933,21736,2024-01-12 07:56:36,109.43
7934,21737,2024-01-12 07:56:48,109.12
7935,21738,2024-01-12 07:57:00,108.81
7936,21739,2024-01-12 07:57:12,108.46
7937,21740,2024-01-12 07:57:24,108.2
7938,21741,2024-01-12 07:57:36,107.89
7939,21742,2024-01-12 07:57:48,107.59
7940,21743,2024-01-12 07:58:00,107.19
7941,21744,2024-01-12 07:58:12,106.93
7942,21745,2024-01-12 07:58:24,106.58
7943,21746,2024-01-12 07:58:36,106.36
7944,21747,2024-01-12 07:58:48,105.96
7945,21748,2024-01-12 07:59:00,105.74
7946,21749,2024-01-12 07:59:12,105.44
7947,21750,2024-01-12 07:59:24,105.17
7948,21751,2024-01-12 07:59:36,104.82
7949,21752,2024-01-12 07:59:48,104.56
7950,21753,2024-01-12 08:00:00,104.21
7951,21754,2024-01-12 08:00:12,103.95
7952,21755,2024-01-12 08:00:24,103.64
7953,21756,2024-01-12 08:00:36,103.33
7954,21757,2024-01-12 08:00:48,103.03
7955,21758,2024-01-12 08:01:00,102.76
7956,21759,2024-01-12 08:01:12,102.54
7957,21760,2024-01-12 08:01:24,102.28
7958,21761,2024-01-12 08:01:36,101.98
7959,21762,2024-01-12 08:01:48,101.62
7960,21763,2024-01-12 08:02:00,101.36
7961,21764,2024-01-12 08:02:12,101.14
7962,21765,2024-01-12 08:02:24,100.88
7963,21766,2024-01-12 08:02:36,100.53
7964,21767,2024-01-12 08:02:48,100.27
7965,21768,2024-01-12 08:03:00,99.96
7966,21769,2024-01-12 08:03:12,99.65
7967,21770,2024-01-12 08:03:24,99.48
7968,21771,2024-01-12 08:03:36,99.13
7969,21772,2024-01-12 08:03:48,98.86
7970,21773,2024-01-12 08:04:00,98.6
7971,21774,2024-01-12 08:04:12,98.99
7972,21775,2024-01-12 08:04:24,98.56
7973,21776,2024-01-12 08:04:36,99.61
7974,21777,2024-01-12 08:04:48,99.91
7975,21778,2024-01-12 08:05:00,99.26
7976,21779,2024-01-12 08:05:12,101.05
7977,21780,2024-01-12 08:05:24,101.23
7978,21781,2024-01-12 08:05:36,101.41
7979,21782,2024-01-12 08:05:48,101.71
7980,21783,2024-01-12 08:06:00,102.02
7981,21784,2024-01-12 08:06:12,101.84
7982,21785,2024-01-12 08:06:24,102.15
7983,21786,2024-01-12 08:06:36,102.24
7984,21787,2024-01-12 08:06:48,102.46
7985,21788,2024-01-12 08:07:00,102.76
7986,21789,2024-01-12 08:07:12,102.46
7987,21790,2024-01-12 08:07:24,103.33
7988,21791,2024-01-12 08:07:36,103.6
7989,21792,2024-01-12 08:07:48,103.64
7990,21793,2024-01-12 08:08:00,103.2
7991,21794,2024-01-12 08:08:12,103.73
7992,21795,2024-01-12 08:08:24,104.04
7993,21796,2024-01-12 08:08:36,103.68
7994,21797,2024-01-12 08:08:48,104.61
7995,21798,2024-01-12 08:09:00,105.09
7996,21799,2024-01-12 08:09:12,105.0
7997,21800,2024-01-12 08:09:24,105.44
7998,21801,2024-01-12 08:09:36,105.22
7999,21802,2024-01-12 08:09:48,105.22
8000,21803,2024-01-12 08:10:00,105.79
8001,21804,2024-01-12 08:10:12,105.48
8002,21805,2024-01-12 08:10:24,106.01
8003,21806,2024-01-12 08:10:36,106.27
8004,21807,2024-01-12 08:10:48,105.83
8005,21808,2024-01-12 08:11:00,106.75
8006,21809,2024-01-12 08:11:12,106.71
8007,21810,2024-01-12 08:11:24,107.19
8008,21811,2024-01-12 08:11:36,107.37
8009,21812,2024-01-12 08:11:48,106.8
8010,21813,2024-01-12 08:12:00,106.49
8011,21814,2024-01-12 08:12:12,107.45
8012,21815,2024-01-12 08:12:24,107.19
8013,21816,2024-01-12 08:12:36,107.37
8014,21817,2024-01-12 08:12:48,107.94
8015,21818,2024-01-12 08:13:00,107.76
8016,21819,2024-01-12 08:13:12,107.94
8017,21820,2024-01-12 08:13:24,107.59
8018,21821,2024-01-12 08:13:36,107.76
8019,21822,2024-01-12 08:13:48,107.89
8020,21823,2024-01-12 08:14:00,108.68
8021,21824,2024-01-12 08:14:12,108.59
8022,21825,2024-01-12 08:14:24,108.77
8023,21826,2024-01-12 08:14:36,108.9
8024,21827,2024-01-12 08:14:48,109.3
8025,21828,2024-01-12 08:15:00,109.69
8026,21829,2024-01-12 08:15:12,109.25
8027,21830,2024-01-12 08:15:24,109.73
8028,21831,2024-01-12 08:15:36,110.0
8029,21832,2024-01-12 08:15:48,109.21
8030,21833,2024-01-12 08:16:00,109.78
8031,21834,2024-01-12 08:16:12,110.35
8032,21835,2024-01-12 08:16:24,109.47
8033,21836,2024-01-12 08:16:36,110.43
8034,21837,2024-01-12 08:16:48,110.43
8035,21838,2024-01-12 08:17:00,110.57
8036,21839,2024-01-12 08:17:12,110.22
8037,21840,2024-01-12 08:17:24,110.74
8038,21841,2024-01-12 08:17:36,111.14
8039,21842,2024-01-12 08:17:48,111.27
8040,21843,2024-01-12 08:18:00,110.22
8041,21844,2024-01-12 08:18:12,111.31
8042,21845,2024-01-12 08:18:24,111.27
8043,21846,2024-01-12 08:18:36,111.53
8044,21847,2024-01-12 08:18:48,112.54
8045,21848,2024-01-12 08:19:00,112.23
8046,21849,2024-01-12 08:19:12,113.02
8047,21850,2024-01-12 08:19:24,113.15
8048,21851,2024-01-12 08:19:36,113.37
8049,21852,2024-01-12 08:19:48,113.2
8050,21853,2024-01-12 08:20:00,113.24
8051,21854,2024-01-12 08:20:12,113.59
8052,21855,2024-01-12 08:20:24,114.16
8053,21856,2024-01-12 08:20:36,114.2
8054,21857,2024-01-12 08:20:48,113.77
8055,21858,2024-01-12 08:21:00,114.42
8056,21859,2024-01-12 08:21:12,114.77
8057,21860,2024-01-12 08:21:24,115.43
8058,21861,2024-01-12 08:21:36,115.34
8059,21862,2024-01-12 08:21:48,115.26
8060,21863,2024-01-12 08:22:00,115.52
8061,21864,2024-01-12 08:22:12,115.26
8062,21865,2024-01-12 08:22:24,116.53
8063,21866,2024-01-12 08:22:36,115.96
8064,21867,2024-01-12 08:22:48,115.17
8065,21868,2024-01-12 08:23:00,116.18
8066,21869,2024-01-12 08:23:12,116.05
8067,21870,2024-01-12 08:23:24,116.66
8068,21871,2024-01-12 08:23:36,116.83
8069,21872,2024-01-12 08:23:48,117.45
8070,21873,2024-01-12 08:24:00,116.83
8071,21874,2024-01-12 08:24:12,117.45
8072,21875,2024-01-12 08:24:24,117.71
8073,21876,2024-01-12 08:24:36,117.8
8074,21877,2024-01-12 08:24:48,118.41
8075,21878,2024-01-12 08:25:00,118.63
8076,21879,2024-01-12 08:25:12,118.59
8077,21880,2024-01-12 08:25:24,118.59
8078,21881,2024-01-12 08:25:36,118.85
8079,21882,2024-01-12 08:25:48,119.11
8080,21883,2024-01-12 08:26:00,119.2
8081,21884,2024-01-12 08:26:12,118.81
8082,21885,2024-01-12 08:26:24,118.94
8083,21886,2024-01-12 08:26:36,120.3
8084,21887,2024-01-12 08:26:48,119.9
8085,21888,2024-01-12 08:27:00,120.08
8086,21889,2024-01-12 08:27:12,119.29
8087,21890,2024-01-12 08:27:24,120.87
8088,21891,2024-01-12 08:27:36,121.17
8089,21892,2024-01-12 08:27:48,120.91
8090,21893,2024-01-12 08:28:00,121.09
8091,21894,2024-01-12 08:28:12,121.31
8092,21895,2024-01-12 08:28:24,121.66
8093,21896,2024-01-12 08:28:36,121.88
8094,21897,2024-01-12 08:28:48,121.39
8095,21898,2024-01-12 08:29:00,121.83
8096,21899,2024-01-12 08:29:12,121.74
8097,21900,2024-01-12 08:29:24,122.23
8098,21901,2024-01-12 08:29:36,122.71
8099,21902,2024-01-12 08:29:48,122.97
8100,21903,2024-01-12 08:30:00,122.49
8101,21904,2024-01-12 08:30:12,122.84
8102,21905,2024-01-12 08:30:24,123.58
8103,21906,2024-01-12 08:30:36,123.5
8104,21907,2024-01-12 08:30:48,124.11
8105,21908,2024-01-12 08:31:00,123.89
8106,21909,2024-01-12 08:31:12,124.24
8107,21910,2024-01-12 08:31:24,124.07
8108,21911,2024-01-12 08:31:36,124.11
8109,21912,2024-01-12 08:31:48,124.2
8110,21913,2024-01-12 08:32:00,123.8
8111,21914,2024-01-12 08:32:12,123.32
8112,21915,2024-01-12 08:32:24,122.84
8113,21916,2024-01-12 08:32:36,122.31
8114,21917,2024-01-12 08:32:48,121.92
8115,21918,2024-01-12 08:33:00,121.44
8116,21919,2024-01-12 08:33:12,120.82
8117,21920,2024-01-12 08:33:24,120.34
8118,21921,2024-01-12 08:33:36,119.68
8119,21922,2024-01-12 08:33:48,119.2
8120,21923,2024-01-12 08:34:00,118.63
8121,21924,2024-01-12 08:34:12,118.11
8122,21925,2024-01-12 08:34:24,117.58
8123,21926,2024-01-12 08:34:36,117.01
8124,21927,2024-01-12 08:34:48,116.53
8125,21928,2024-01-12 08:35:00,116.0
8126,21929,2024-01-12 08:35:12,115.61
8127,21930,2024-01-12 08:35:24,115.12
8128,21931,2024-01-12 08:35:36,114.64
8129,21932,2024-01-12 08:35:48,114.12
8130,21933,2024-01-12 08:36:00,113.68
8131,21934,2024-01-12 08:36:12,113.2
8132,21935,2024-01-12 08:36:24,112.76
8133,21936,2024-01-12 08:36:36,112.36
8134,21937,2024-01-12 08:36:48,111.93
8135,21938,2024-01-12 08:37:00,111.44
8136,21939,2024-01-12 08:37:12,111.05
8137,21940,2024-01-12 08:37:24,110.65
8138,21941,2024-01-12 08:37:36,110.22
8139,21942,2024-01-12 08:37:48,109.86
8140,21943,2024-01-12 08:38:00,109.43
8141,21944,2024-01-12 08:38:12,108.99
8142,21945,2024-01-12 08:38:24,108.64
8143,21946,2024-01-12 08:38:36,108.24
8144,21947,2024-01-12 08:38:48,107.76
8145,21948,2024-01-12 08:39:00,107.45
8146,21949,2024-01-12 08:39:12,107.06
8147,21950,2024-01-12 08:39:24,106.71
8148,21951,2024-01-12 08:39:36,106.31
8149,21952,2024-01-12 08:39:48,105.92
8150,21953,2024-01-12 08:40:00,105.61
8151,21954,2024-01-12 08:40:12,105.22
8152,21955,2024-01-12 08:40:24,104.82
8153,21956,2024-01-12 08:40:36,104.43
8154,21957,2024-01-12 08:40:48,104.12
8155,21958,2024-01-12 08:41:00,103.68
8156,21959,2024-01-12 08:41:12,103.29
8157,21960,2024-01-12 08:41:24,102.9
8158,21961,2024-01-12 08:41:36,102.54
8159,21962,2024-01-12 08:41:48,102.15
8160,21963,2024-01-12 08:42:00,101.76
8161,21964,2024-01-12 08:42:12,101.41
8162,21965,2024-01-12 08:42:24,101.05
8163,21966,2024-01-12 08:42:36,100.66
8164,21967,2024-01-12 08:42:48,100.35
8165,21968,2024-01-12 08:43:00,100.0
8166,21969,2024-01-12 08:43:12,99.65
8167,21970,2024-01-12 08:43:24,99.3
8168,21971,2024-01-12 08:43:36,98.95
8169,21972,2024-01-12 08:43:48,99.26
8170,21973,2024-01-12 08:44:00,98.78
8171,21974,2024-01-12 08:44:12,99.96
8172,21975,2024-01-12 08:44:24,100.18
8173,21976,2024-01-12 08:44:36,100.92
8174,21977,2024-01-12 08:44:48,101.41
8175,21978,2024-01-12 08:45:00,101.27
8176,21979,2024-01-12 08:45:12,101.98
8177,21980,2024-01-12 08:45:24,101.62
8178,21981,2024-01-12 08:45:36,102.28
8179,21982,2024-01-12 08:45:48,102.54
8180,21983,2024-01-12 08:46:00,103.2
8181,21984,2024-01-12 08:46:12,103.64
8182,21985,2024-01-12 08:46:24,103.07
8183,21986,2024-01-12 08:46:36,103.33
8184,21987,2024-01-12 08:46:48,104.3
8185,21988,2024-01-12 08:47:00,104.39
8186,21989,2024-01-12 08:47:12,105.22
8187,21990,2024-01-12 08:47:24,104.96
8188,21991,2024-01-12 08:47:36,105.48
8189,21992,2024-01-12 08:47:48,105.13
8190,21993,2024-01-12 08:48:00,105.88
8191,21994,2024-01-12 08:48:12,105.83
8192,21995,2024-01-12 08:48:24,106.71
8193,21996,2024-01-12 08:48:36,106.75
8194,21997,2024-01-12 08:48:48,106.84
8195,21998,2024-01-12 08:49:00,107.32
8196,21999,2024-01-12 08:49:12,106.84
8197,22000,2024-01-12 08:49:24,107.5
8198,22001,2024-01-12 08:49:36,108.07
8199,22002,2024-01-12 08:49:48,107.72
8200,22003,2024-01-12 08:50:00,108.99
8201,22004,2024-01-12 08:50:12,108.46
8202,22005,2024-01-12 08:50:24,108.94
8203,22006,2024-01-12 08:50:36,108.99
8204,22007,2024-01-12 08:50:48,108.59
8205,22008,2024-01-12 08:51:00,109.91
8206,22009,2024-01-12 08:51:12,110.0
8207,22010,2024-01-12 08:51:24,109.91
8208,22011,2024-01-12 08:51:36,110.17
8209,22012,2024-01-12 08:51:48,110.87
8210,22013,2024-01-12 08:52:00,110.57
8211,22014,2024-01-12 08:52:12,110.74
8212,22015,2024-01-12 08:52:24,111.14
8213,22016,2024-01-12 08:52:36,110.87
8214,22017,2024-01-12 08:52:48,111.49
8215,22018,2024-01-12 08:53:00,111.66
8216,22019,2024-01-12 08:53:12,112.1
8217,22020,2024-01-12 08:53:24,111.88
8218,22021,2024-01-12 08:53:36,111.22
8219,22022,2024-01-12 08:53:48,111.88
8220,22023,2024-01-12 08:54:00,111.84
8221,22024,2024-01-12 08:54:12,112.85
8222,22025,2024-01-12 08:54:24,112.54
8223,22026,2024-01-12 08:54:36,112.76
8224,22027,2024-01-12 08:54:48,113.02
8225,22028,2024-01-12 08:55:00,112.28
8226,22029,2024-01-12 08:55:12,111.93
8227,22030,2024-01-12 08:55:24,112.8
8228,22031,2024-01-12 08:55:36,112.67
8229,22032,2024-01-12 08:55:48,112.93
8230,22033,2024-01-12 08:56:00,113.68
8231,22034,2024-01-12 08:56:12,112.49
8232,22035,2024-01-12 08:56:24,113.02
8233,22036,2024-01-12 08:56:36,112.76
8234,22037,2024-01-12 08:56:48,113.37
8235,22038,2024-01-12 08:57:00,113.72
8236,22039,2024-01-12 08:57:12,113.33
8237,22040,2024-01-12 08:57:24,113.02
8238,22041,2024-01-12 08:57:36,113.24
8239,22042,2024-01-12 08:57:48,113.28
8240,22043,2024-01-12 08:58:00,114.2
8241,22044,2024-01-12 08:58:12,113.94
8242,22045,2024-01-12 08:58:24,113.94
8243,22046,2024-01-12 08:58:36,114.03
8244,22047,2024-01-12 08:58:48,113.5
8245,22048,2024-01-12 08:59:00,114.69
8246,22049,2024-01-12 08:59:12,114.6
8247,22050,2024-01-12 08:59:24,113.9
8248,22051,2024-01-12 08:59:36,114.82
8249,22052,2024-01-12 08:59:48,114.56
8250,22053,2024-01-12 09:00:00,114.95
8251,22054,2024-01-12 09:00:12,115.17
8252,22055,2024-01-12 09:00:24,115.08
8253,22056,2024-01-12 09:00:36,114.91
8254,22057,2024-01-12 09:00:48,115.08
8255,22058,2024-01-12 09:01:00,114.42
8256,22059,2024-01-12 09:01:12,115.08
8257,22060,2024-01-12 09:01:24,115.34
8258,22061,2024-01-12 09:01:36,115.83
8259,22062,2024-01-12 09:01:48,115.52
8260,22063,2024-01-12 09:02:00,116.05
8261,22064,2024-01-12 09:02:12,116.0
8262,22065,2024-01-12 09:02:24,116.13
8263,22066,2024-01-12 09:02:36,115.52
8264,22067,2024-01-12 09:02:48,116.48
8265,22068,2024-01-12 09:03:00,116.57
8266,22069,2024-01-12 09:03:12,115.52
8267,22070,2024-01-12 09:03:24,116.35
8268,22071,2024-01-12 09:03:36,116.48
8269,22072,2024-01-12 09:03:48,116.7
8270,22073,2024-01-12 09:04:00,116.09
8271,22074,2024-01-12 09:04:12,116.53
8272,22075,2024-01-12 09:04:24,116.18
8273,22076,2024-01-12 09:04:36,116.92
8274,22077,2024-01-12 09:04:48,117.23
8275,22078,2024-01-12 09:05:00,117.93
8276,22079,2024-01-12 09:05:12,117.01
8277,22080,2024-01-12 09:05:24,117.67
8278,22081,2024-01-12 09:05:36,117.71
8279,22082,2024-01-12 09:05:48,118.68
8280,22083,2024-01-12 09:06:00,118.41
8281,22084,2024-01-12 09:06:12,118.63
8282,22085,2024-01-12 09:06:24,118.5
8283,22086,2024-01-12 09:06:36,119.33
8284,22087,2024-01-12 09:06:48,119.2
8285,22088,2024-01-12 09:07:00,118.81
8286,22089,2024-01-12 09:07:12,119.99
8287,22090,2024-01-12 09:07:24,119.64
8288,22091,2024-01-12 09:07:36,120.38
8289,22092,2024-01-12 09:07:48,120.12
8290,22093,2024-01-12 09:08:00,120.74
8291,22094,2024-01-12 09:08:12,120.43
8292,22095,2024-01-12 09:08:24,120.21
8293,22096,2024-01-12 09:08:36,121.17
8294,22097,2024-01-12 09:08:48,121.39
8295,22098,2024-01-12 09:09:00,121.13
8296,22099,2024-01-12 09:09:12,120.95
8297,22100,2024-01-12 09:09:24,121.13
8298,22101,2024-01-12 09:09:36,120.95
8299,22102,2024-01-12 09:09:48,121.96
8300,22103,2024-01-12 09:10:00,122.05
8301,22104,2024-01-12 09:10:12,122.23
8302,22105,2024-01-12 09:10:24,122.45
8303,22106,2024-01-12 09:10:36,122.31
8304,22107,2024-01-12 09:10:48,123.41
8305,22108,2024-01-12 09:11:00,123.15
8306,22109,2024-01-12 09:11:12,123.19
8307,22110,2024-01-12 09:11:24,123.45
8308,22111,2024-01-12 09:11:36,123.89
8309,22112,2024-01-12 09:11:48,123.37
8310,22113,2024-01-12 09:12:00,123.19
8311,22114,2024-01-12 09:12:12,124.07
8312,22115,2024-01-12 09:12:24,123.63
8313,22116,2024-01-12 09:12:36,123.85
8314,22117,2024-01-12 09:12:48,123.19
8315,22118,2024-01-12 09:13:00,122.75
8316,22119,2024-01-12 09:13:12,122.36
8317,22120,2024-01-12 09:13:24,121.88
8318,22121,2024-01-12 09:13:36,121.39
8319,22122,2024-01-12 09:13:48,121.0
8320,22123,2024-01-12 09:14:00,120.52
8321,22124,2024-01-12 09:14:12,120.03
8322,22125,2024-01-12 09:14:24,119.64
8323,22126,2024-01-12 09:14:36,119.2
8324,22127,2024-01-12 09:14:48,118.85
8325,22128,2024-01-12 09:15:00,118.37
8326,22129,2024-01-12 09:15:12,117.97
8327,22130,2024-01-12 09:15:24,117.58
8328,22131,2024-01-12 09:15:36,117.1
8329,22132,2024-01-12 09:15:48,116.62
8330,22133,2024-01-12 09:16:00,116.13
8331,22134,2024-01-12 09:16:12,115.61
8332,22135,2024-01-12 09:16:24,115.12
8333,22136,2024-01-12 09:16:36,114.73
8334,22137,2024-01-12 09:16:48,114.25
8335,22138,2024-01-12 09:17:00,113.72
8336,22139,2024-01-12 09:17:12,113.33
8337,22140,2024-01-12 09:17:24,112.85
8338,22141,2024-01-12 09:17:36,112.36
8339,22142,2024-01-12 09:17:48,112.01
8340,22143,2024-01-12 09:18:00,111.49
8341,22144,2024-01-12 09:18:12,111.14
8342,22145,2024-01-12 09:18:24,110.7
8343,22146,2024-01-12 09:18:36,110.3
8344,22147,2024-01-12 09:18:48,109.86
8345,22148,2024-01-12 09:19:00,109.47
8346,22149,2024-01-12 09:19:12,109.12
8347,22150,2024-01-12 09:19:24,108.73
8348,22151,2024-01-12 09:19:36,108.33
8349,22152,2024-01-12 09:19:48,107.94
8350,22153,2024-01-12 09:20:00,107.54
8351,22154,2024-01-12 09:20:12,107.15
8352,22155,2024-01-12 09:20:24,106.75
8353,22156,2024-01-12 09:20:36,106.36
8354,22157,2024-01-12 09:20:48,106.01
8355,22158,2024-01-12 09:21:00,105.66
8356,22159,2024-01-12 09:21:12,105.26
8357,22160,2024-01-12 09:21:24,104.91
8358,22161,2024-01-12 09:21:36,104.52
8359,22162,2024-01-12 09:21:48,104.17
8360,22163,2024-01-12 09:22:00,103.86
8361,22164,2024-01-12 09:22:12,103.51
8362,22165,2024-01-12 09:22:24,103.16
8363,22166,2024-01-12 09:22:36,102.76
8364,22167,2024-01-12 09:22:48,102.46
8365,22168,2024-01-12 09:23:00,102.11
8366,22169,2024-01-12 09:23:12,101.67
8367,22170,2024-01-12 09:23:24,101.41
8368,22171,2024-01-12 09:23:36,100.97
8369,22172,2024-01-12 09:23:48,100.7
8370,22173,2024-01-12 09:24:00,100.35
8371,22174,2024-01-12 09:24:12,99.96
8372,22175,2024-01-12 09:24:24,99.65
8373,22176,2024-01-12 09:24:36,99.26
8374,22177,2024-01-12 09:24:48,98.95
8375,22178,2024-01-12 09:25:00,98.51
8376,22179,2024-01-12 09:25:12,99.35
8377,22180,2024-01-12 09:25:24,100.13
8378,22181,2024-01-12 09:25:36,100.05
8379,22182,2024-01-12 09:25:48,100.31
8380,22183,2024-01-12 09:26:00,100.75
8381,22184,2024-01-12 09:26:12,100.75
8382,22185,2024-01-12 09:26:24,101.41
8383,22186,2024-01-12 09:26:36,101.23
8384,22187,2024-01-12 09:26:48,101.8
8385,22188,2024-01-12 09:27:00,101.89
8386,22189,2024-01-12 09:27:12,101.32
8387,22190,2024-01-12 09:27:24,102.15
8388,22191,2024-01-12 09:27:36,103.03
8389,22192,2024-01-12 09:27:48,103.03
8390,22193,2024-01-12 09:28:00,103.33
8391,22194,2024-01-12 09:28:12,103.99
8392,22195,2024-01-12 09:28:24,103.55
8393,22196,2024-01-12 09:28:36,104.61
8394,22197,2024-01-12 09:28:48,104.47
8395,22198,2024-01-12 09:29:00,104.56
8396,22199,2024-01-12 09:29:12,103.77
8397,22200,2024-01-12 09:29:24,105.79
8398,22201,2024-01-12 09:29:36,106.01
8399,22202,2024-01-12 09:29:48,106.18
8400,22203,2024-01-12 09:30:00,106.49
8401,22204,2024-01-12 09:30:12,106.45
8402,22205,2024-01-12 09:30:24,106.93
8403,22206,2024-01-12 09:30:36,107.5
8404,22207,2024-01-12 09:30:48,107.19
8405,22208,2024-01-12 09:31:00,107.19
8406,22209,2024-01-12 09:31:12,107.28
8407,22210,2024-01-12 09:31:24,108.29
8408,22211,2024-01-12 09:31:36,108.59
8409,22212,2024-01-12 09:31:48,108.29
8410,22213,2024-01-12 09:32:00,108.59
8411,22214,2024-01-12 09:32:12,109.38
8412,22215,2024-01-12 09:32:24,108.94
8413,22216,2024-01-12 09:32:36,109.38
8414,22217,2024-01-12 09:32:48,110.17
8415,22218,2024-01-12 09:33:00,109.95
8416,22219,2024-01-12 09:33:12,109.65
8417,22220,2024-01-12 09:33:24,110.96
8418,22221,2024-01-12 09:33:36,111.27
8419,22222,2024-01-12 09:33:48,111.18
8420,22223,2024-01-12 09:34:00,110.57
8421,22224,2024-01-12 09:34:12,110.61
8422,22225,2024-01-12 09:34:24,112.28
8423,22226,2024-01-12 09:34:36,111.36
8424,22227,2024-01-12 09:34:48,112.1
8425,22228,2024-01-12 09:35:00,112.14
8426,22229,2024-01-12 09:35:12,112.98
8427,22230,2024-01-12 09:35:24,112.19
8428,22231,2024-01-12 09:35:36,112.8
8429,22232,2024-01-12 09:35:48,113.06
8430,22233,2024-01-12 09:36:00,112.8
8431,22234,2024-01-12 09:36:12,113.55
8432,22235,2024-01-12 09:36:24,113.33
8433,22236,2024-01-12 09:36:36,113.37
8434,22237,2024-01-12 09:36:48,113.77
8435,22238,2024-01-12 09:37:00,114.64
8436,22239,2024-01-12 09:37:12,113.99
8437,22240,2024-01-12 09:37:24,115.04
8438,22241,2024-01-12 09:37:36,114.73
8439,22242,2024-01-12 09:37:48,115.3
8440,22243,2024-01-12 09:38:00,115.34
8441,22244,2024-01-12 09:38:12,115.48
8442,22245,2024-01-12 09:38:24,115.48
8443,22246,2024-01-12 09:38:36,116.62
8444,22247,2024-01-12 09:38:48,115.83
8445,22248,2024-01-12 09:39:00,116.62
8446,22249,2024-01-12 09:39:12,117.14
8447,22250,2024-01-12 09:39:24,116.97
8448,22251,2024-01-12 09:39:36,117.1
8449,22252,2024-01-12 09:39:48,117.1
8450,22253,2024-01-12 09:40:00,116.13
8451,22254,2024-01-12 09:40:12,117.62
8452,22255,2024-01-12 09:40:24,117.19
8453,22256,2024-01-12 09:40:36,117.36
8454,22257,2024-01-12 09:40:48,117.23
8455,22258,2024-01-12 09:41:00,118.54
8456,22259,2024-01-12 09:41:12,118.85
8457,22260,2024-01-12 09:41:24,118.41
8458,22261,2024-01-12 09:41:36,118.85
8459,22262,2024-01-12 09:41:48,118.76
8460,22263,2024-01-12 09:42:00,119.2
8461,22264,2024-01-12 09:42:12,119.29
8462,22265,2024-01-12 09:42:24,119.51
8463,22266,2024-01-12 09:42:36,119.64
8464,22267,2024-01-12 09:42:48,119.51
8465,22268,2024-01-12 09:43:00,120.38
8466,22269,2024-01-12 09:43:12,120.82
8467,22270,2024-01-12 09:43:24,120.17
8468,22271,2024-01-12 09:43:36,121.13
8469,22272,2024-01-12 09:43:48,120.78
8470,22273,2024-01-12 09:44:00,121.04
8471,22274,2024-01-12 09:44:12,121.35
8472,22275,2024-01-12 09:44:24,121.57
8473,22276,2024-01-12 09:44:36,121.61
8474,22277,2024-01-12 09:44:48,121.44
8475,22278,2024-01-12 09:45:00,122.18
8476,22279,2024-01-12 09:45:12,121.66
8477,22280,2024-01-12 09:45:24,122.49
8478,22281,2024-01-12 09:45:36,122.36
8479,22282,2024-01-12 09:45:48,122.53
8480,22283,2024-01-12 09:46:00,123.06
8481,22284,2024-01-12 09:46:12,123.37
8482,22285,2024-01-12 09:46:24,123.32
8483,22286,2024-01-12 09:46:36,123.72
8484,22287,2024-01-12 09:46:48,123.67
8485,22288,2024-01-12 09:47:00,123.98
8486,22289,2024-01-12 09:47:12,123.32
8487,22290,2024-01-12 09:47:24,123.72
8488,22291,2024-01-12 09:47:36,124.02
8489,22292,2024-01-12 09:47:48,124.86
8490,22293,2024-01-12 09:48:00,124.11
8491,22294,2024-01-12 09:48:12,123.63
8492,22295,2024-01-12 09:48:24,123.06
8493,22296,2024-01-12 09:48:36,122.58
8494,22297,2024-01-12 09:48:48,122.09
8495,22298,2024-01-12 09:49:00,121.7
8496,22299,2024-01-12 09:49:12,121.22
8497,22300,2024-01-12 09:49:24,120.78
8498,22301,2024-01-12 09:49:36,120.34
8499,22302,2024-01-12 09:49:48,119.86
8500,22303,2024-01-12 09:50:00,119.46
8501,22304,2024-01-12 09:50:12,119.07
8502,22305,2024-01-12 09:50:24,118.63
8503,22306,2024-01-12 09:50:36,118.24
8504,22307,2024-01-12 09:50:48,117.8
8505,22308,2024-01-12 09:51:00,117.4
8506,22309,2024-01-12 09:51:12,117.01
8507,22310,2024-01-12 09:51:24,116.66
8508,22311,2024-01-12 09:51:36,116.22
8509,22312,2024-01-12 09:51:48,115.87
8510,22313,2024-01-12 09:52:00,115.48
8511,22314,2024-01-12 09:52:12,115.12
8512,22315,2024-01-12 09:52:24,114.77
8513,22316,2024-01-12 09:52:36,114.47
8514,22317,2024-01-12 09:52:48,114.03
8515,22318,2024-01-12 09:53:00,113.77
8516,22319,2024-01-12 09:53:12,113.33
8517,22320,2024-01-12 09:53:24,112.98
8518,22321,2024-01-12 09:53:36,112.63
8519,22322,2024-01-12 09:53:48,112.32
8520,22323,2024-01-12 09:54:00,111.97
8521,22324,2024-01-12 09:54:12,111.71
8522,22325,2024-01-12 09:54:24,111.27
8523,22326,2024-01-12 09:54:36,111.05
8524,22327,2024-01-12 09:54:48,110.7
8525,22328,2024-01-12 09:55:00,110.39
8526,22329,2024-01-12 09:55:12,110.08
8527,22330,2024-01-12 09:55:24,109.73
8528,22331,2024-01-12 09:55:36,109.38
8529,22332,2024-01-12 09:55:48,109.12
8530,22333,2024-01-12 09:56:00,108.81
8531,22334,2024-01-12 09:56:12,108.55
8532,22335,2024-01-12 09:56:24,108.29
8533,22336,2024-01-12 09:56:36,107.89
8534,22337,2024-01-12 09:56:48,107.54
8535,22338,2024-01-12 09:57:00,107.32
8536,22339,2024-01-12 09:57:12,106.93
8537,22340,2024-01-12 09:57:24,106.67
8538,22341,2024-01-12 09:57:36,106.36
8539,22342,2024-01-12 09:57:48,106.1
8540,22343,2024-01-12 09:58:00,105.83
8541,22344,2024-01-12 09:58:12,105.57
8542,22345,2024-01-12 09:58:24,105.26
8543,22346,2024-01-12 09:58:36,104.96
8544,22347,2024-01-12 09:58:48,104.74
8545,22348,2024-01-12 09:59:00,104.47
8546,22349,2024-01-12 09:59:12,104.12
8547,22350,2024-01-12 09:59:24,103.82
8548,22351,2024-01-12 09:59:36,103.55
8549,22352,2024-01-12 09:59:48,103.29
8550,22353,2024-01-12 10:00:00,103.03
8551,22354,2024-01-12 10:00:12,102.72
8552,22355,2024-01-12 10:00:24,102.46
8553,22356,2024-01-12 10:00:36,102.19
8554,22357,2024-01-12 10:00:48,101.93
8555,22358,2024-01-12 10:01:00,101.62
8556,22359,2024-01-12 10:01:12,101.41
8557,22360,2024-01-12 10:01:24,101.1
8558,22361,2024-01-12 10:01:36,100.75
8559,22362,2024-01-12 10:01:48,100.53
8560,22363,2024-01-12 10:02:00,100.31
8561,22364,2024-01-12 10:02:12,100.05
8562,22365,2024-01-12 10:02:24,99.7
8563,22366,2024-01-12 10:02:36,99.43
8564,22367,2024-01-12 10:02:48,100.92
8565,22368,2024-01-12 10:03:00,99.96
8566,22369,2024-01-12 10:03:12,99.78
8567,22370,2024-01-12 10:03:24,101.27
8568,22371,2024-01-12 10:03:36,100.75
8569,22372,2024-01-12 10:03:48,101.49
8570,22373,2024-01-12 10:04:00,102.02
8571,22374,2024-01-12 10:04:12,102.46
8572,22375,2024-01-12 10:04:24,102.98
8573,22376,2024-01-12 10:04:36,103.55
8574,22377,2024-01-12 10:04:48,103.33
8575,22378,2024-01-12 10:05:00,103.82
8576,22379,2024-01-12 10:05:12,104.39
8577,22380,2024-01-12 10:05:24,104.17
8578,22381,2024-01-12 10:05:36,104.74
8579,22382,2024-01-12 10:05:48,104.87
8580,22383,2024-01-12 10:06:00,105.26
8581,22384,2024-01-12 10:06:12,105.17
8582,22385,2024-01-12 10:06:24,105.96
8583,22386,2024-01-12 10:06:36,105.35
8584,22387,2024-01-12 10:06:48,106.23
8585,22388,2024-01-12 10:07:00,105.88
8586,22389,2024-01-12 10:07:12,107.02
8587,22390,2024-01-12 10:07:24,107.15
8588,22391,2024-01-12 10:07:36,106.84
8589,22392,2024-01-12 10:07:48,107.72
8590,22393,2024-01-12 10:08:00,108.07
8591,22394,2024-01-12 10:08:12,107.59
8592,22395,2024-01-12 10:08:24,108.9
8593,22396,2024-01-12 10:08:36,108.55
8594,22397,2024-01-12 10:08:48,108.42
8595,22398,2024-01-12 10:09:00,109.12
8596,22399,2024-01-12 10:09:12,109.34
8597,22400,2024-01-12 10:09:24,108.81
8598,22401,2024-01-12 10:09:36,109.16
8599,22402,2024-01-12 10:09:48,109.21
8600,22403,2024-01-12 10:10:00,108.77
8601,22404,2024-01-12 10:10:12,109.56
8602,22405,2024-01-12 10:10:24,110.22
8603,22406,2024-01-12 10:10:36,110.22
8604,22407,2024-01-12 10:10:48,109.51
8605,22408,2024-01-12 10:11:00,110.43
8606,22409,2024-01-12 10:11:12,110.22
8607,22410,2024-01-12 10:11:24,110.65
8608,22411,2024-01-12 10:11:36,109.86
8609,22412,2024-01-12 10:11:48,110.48
8610,22413,2024-01-12 10:12:00,110.92
8611,22414,2024-01-12 10:12:12,110.92
8612,22415,2024-01-12 10:12:24,111.27
8613,22416,2024-01-12 10:12:36,111.27
8614,22417,2024-01-12 10:12:48,111.84
8615,22418,2024-01-12 10:13:00,111.93
8616,22419,2024-01-12 10:13:12,111.93
8617,22420,2024-01-12 10:13:24,111.05
8618,22421,2024-01-12 10:13:36,111.75
8619,22422,2024-01-12 10:13:48,112.28
8620,22423,2024-01-12 10:14:00,111.84
8621,22424,2024-01-12 10:14:12,112.54
8622,22425,2024-01-12 10:14:24,111.97
8623,22426,2024-01-12 10:14:36,112.41
8624,22427,2024-01-12 10:14:48,113.24
8625,22428,2024-01-12 10:15:00,113.59
8626,22429,2024-01-12 10:15:12,113.5
8627,22430,2024-01-12 10:15:24,113.55
8628,22431,2024-01-12 10:15:36,114.42
8629,22432,2024-01-12 10:15:48,113.9
8630,22433,2024-01-12 10:16:00,114.07
8631,22434,2024-01-12 10:16:12,113.77
8632,22435,2024-01-12 10:16:24,114.25
8633,22436,2024-01-12 10:16:36,113.68
8634,22437,2024-01-12 10:16:48,113.5
8635,22438,2024-01-12 10:17:00,114.2
8636,22439,2024-01-12 10:17:12,114.2
8637,22440,2024-01-12 10:17:24,114.69
8638,22441,2024-01-12 10:17:36,114.73
8639,22442,2024-01-12 10:17:48,115.17
8640,22443,2024-01-12 10:18:00,114.03
8641,22444,2024-01-12 10:18:12,114.51
8642,22445,2024-01-12 10:18:24,115.34
8643,22446,2024-01-12 10:18:36,115.21
8644,22447,2024-01-12 10:18:48,114.99
8645,22448,2024-01-12 10:19:00,115.91
8646,22449,2024-01-12 10:19:12,115.61
8647,22450,2024-01-12 10:19:24,115.3
8648,22451,2024-01-12 10:19:36,116.13
8649,22452,2024-01-12 10:19:48,116.22
8650,22453,2024-01-12 10:20:00,115.74
8651,22454,2024-01-12 10:20:12,116.35
8652,22455,2024-01-12 10:20:24,116.75
8653,22456,2024-01-12 10:20:36,116.44
8654,22457,2024-01-12 10:20:48,116.88
8655,22458,2024-01-12 10:21:00,116.75
8656,22459,2024-01-12 10:21:12,116.88
8657,22460,2024-01-12 10:21:24,117.23
8658,22461,2024-01-12 10:21:36,117.58
8659,22462,2024-01-12 10:21:48,117.58
8660,22463,2024-01-12 10:22:00,118.11
8661,22464,2024-01-12 10:22:12,118.63
8662,22465,2024-01-12 10:22:24,118.85
8663,22466,2024-01-12 10:22:36,118.19
8664,22467,2024-01-12 10:22:48,119.38
8665,22468,2024-01-12 10:23:00,118.5
8666,22469,2024-01-12 10:23:12,119.64
8667,22470,2024-01-12 10:23:24,119.77
8668,22471,2024-01-12 10:23:36,119.77
8669,22472,2024-01-12 10:23:48,119.73
8670,22473,2024-01-12 10:24:00,119.99
8671,22474,2024-01-12 10:24:12,120.52
8672,22475,2024-01-12 10:24:24,120.34
8673,22476,2024-01-12 10:24:36,120.47
8674,22477,2024-01-12 10:24:48,120.03
8675,22478,2024-01-12 10:25:00,121.0
8676,22479,2024-01-12 10:25:12,121.22
8677,22480,2024-01-12 10:25:24,121.22
8678,22481,2024-01-12 10:25:36,121.66
8679,22482,2024-01-12 10:25:48,121.7
8680,22483,2024-01-12 10:26:00,122.14
8681,22484,2024-01-12 10:26:12,122.18
8682,22485,2024-01-12 10:26:24,121.92
8683,22486,2024-01-12 10:26:36,122.53
8684,22487,2024-01-12 10:26:48,122.09
8685,22488,2024-01-12 10:27:00,122.93
8686,22489,2024-01-12 10:27:12,122.36
8687,22490,2024-01-12 10:27:24,123.06
8688,22491,2024-01-12 10:27:36,123.76
8689,22492,2024-01-12 10:27:48,123.28
8690,22493,2024-01-12 10:28:00,123.67
8691,22494,2024-01-12 10:28:12,123.76
8692,22495,2024-01-12 10:28:24,124.2
8693,22496,2024-01-12 10:28:36,124.02
8694,22497,2024-01-12 10:28:48,124.24
8695,22498,2024-01-12 10:29:00,123.85
8696,22499,2024-01-12 10:29:12,123.32
8697,22500,2024-01-12 10:29:24,122.84
8698,22501,2024-01-12 10:29:36,122.27
8699,22502,2024-01-12 10:29:48,121.88
8700,22503,2024-01-12 10:30:00,121.44
8701,22504,2024-01-12 10:30:12,120.95
8702,22505,2024-01-12 10:30:24,120.52
8703,22506,2024-01-12 10:30:36,120.08
8704,22507,2024-01-12 10:30:48,119.64
8705,22508,2024-01-12 10:31:00,119.25
8706,22509,2024-01-12 10:31:12,118.85
8707,22510,2024-01-12 10:31:24,118.41
8708,22511,2024-01-12 10:31:36,118.02
8709,22512,2024-01-12 10:31:48,117.62
8710,22513,2024-01-12 10:32:00,117.23
8711,22514,2024-01-12 10:32:12,116.79
8712,22515,2024-01-12 10:32:24,116.48
8713,22516,2024-01-12 10:32:36,116.09
8714,22517,2024-01-12 10:32:48,115.69
8715,22518,2024-01-12 10:33:00,115.3
8716,22519,2024-01-12 10:33:12,114.91
8717,22520,2024-01-12 10:33:24,114.6
8718,22521,2024-01-12 10:33:36,114.2
8719,22522,2024-01-12 10:33:48,113.9
8720,22523,2024-01-12 10:34:00,113.37
8721,22524,2024-01-12 10:34:12,112.93
8722,22525,2024-01-12 10:34:24,112.63
8723,22526,2024-01-12 10:34:36,112.23
8724,22527,2024-01-12 10:34:48,111.93
8725,22528,2024-01-12 10:35:00,111.49
8726,22529,2024-01-12 10:35:12,111.22
8727,22530,2024-01-12 10:35:24,110.79
8728,22531,2024-01-12 10:35:36,110.43
8729,22532,2024-01-12 10:35:48,110.08
8730,22533,2024-01-12 10:36:00,109.73
8731,22534,2024-01-12 10:36:12,109.43
8732,22535,2024-01-12 10:36:24,109.03
8733,22536,2024-01-12 10:36:36,108.73
8734,22537,2024-01-12 10:36:48,108.33
8735,22538,2024-01-12 10:37:00,108.02
8736,22539,2024-01-12 10:37:12,107.72
8737,22540,2024-01-12 10:37:24,107.37
8738,22541,2024-01-12 10:37:36,107.02
8739,22542,2024-01-12 10:37:48,106.67
8740,22543,2024-01-12 10:38:00,106.36
8741,22544,2024-01-12 10:38:12,106.05
8742,22545,2024-01-12 10:38:24,105.66
8743,22546,2024-01-12 10:38:36,105.44
8744,22547,2024-01-12 10:38:48,105.09
8745,22548,2024-01-12 10:39:00,104.74
8746,22549,2024-01-12 10:39:12,104.39
8747,22550,2024-01-12 10:39:24,104.12
8748,22551,2024-01-12 10:39:36,103.77
8749,22552,2024-01-12 10:39:48,103.47
8750,22553,2024-01-12 10:40:00,103.16
8751,22554,2024-01-12 10:40:12,102.85
8752,22555,2024-01-12 10:40:24,102.54
8753,22556,2024-01-12 10:40:36,102.19
8754,22557,2024-01-12 10:40:48,101.8
8755,22558,2024-01-12 10:41:00,101.58
8756,22559,2024-01-12 10:41:12,101.32
8757,22560,2024-01-12 10:41:24,101.01
8758,22561,2024-01-12 10:41:36,100.66
8759,22562,2024-01-12 10:41:48,100.35
8760,22563,2024-01-12 10:42:00,100.05
8761,22564,2024-01-12 10:42:12,99.78
8762,22565,2024-01-12 10:42:24,99.48
8763,22566,2024-01-12 10:42:36,99.17
8764,22567,2024-01-12 10:42:48,98.86
8765,22568,2024-01-12 10:43:00,98.56
8766,22569,2024-01-12 10:43:12,98.25
8767,22570,2024-01-12 10:43:24,99.35
8768,22571,2024-01-12 10:43:36,98.56
8769,22572,2024-01-12 10:43:48,100.05
8770,22573,2024-01-12 10:44:00,100.66
8771,22574,2024-01-12 10:44:12,100.18
8772,22575,2024-01-12 10:44:24,100.92
8773,22576,2024-01-12 10:44:36,101.01
8774,22577,2024-01-12 10:44:48,101.05
8775,22578,2024-01-12 10:45:00,101.45
8776,22579,2024-01-12 10:45:12,101.45
8777,22580,2024-01-12 10:45:24,102.02
8778,22581,2024-01-12 10:45:36,102.02
8779,22582,2024-01-12 10:45:48,102.41
8780,22583,2024-01-12 10:46:00,103.2
8781,22584,2024-01-12 10:46:12,102.94
8782,22585,2024-01-12 10:46:24,103.73
8783,22586,2024-01-12 10:46:36,103.29
8784,22587,2024-01-12 10:46:48,104.12
8785,22588,2024-01-12 10:47:00,103.95
8786,22589,2024-01-12 10:47:12,103.11
8787,22590,2024-01-12 10:47:24,103.95
8788,22591,2024-01-12 10:47:36,103.51
8789,22592,2024-01-12 10:47:48,104.43
8790,22593,2024-01-12 10:48:00,104.61
8791,22594,2024-01-12 10:48:12,104.52
8792,22595,2024-01-12 10:48:24,103.86
8793,22596,2024-01-12 10:48:36,104.65
8794,22597,2024-01-12 10:48:48,105.09
8795,22598,2024-01-12 10:49:00,104.56
8796,22599,2024-01-12 10:49:12,104.74
8797,22600,2024-01-12 10:49:24,104.65
8798,22601,2024-01-12 10:49:36,105.17
8799,22602,2024-01-12 10:49:48,105.48
8800,22603,2024-01-12 10:50:00,104.87
8801,22604,2024-01-12 10:50:12,105.66
8802,22605,2024-01-12 10:50:24,104.96
8803,22606,2024-01-12 10:50:36,105.61
8804,22607,2024-01-12 10:50:48,105.26
8805,22608,2024-01-12 10:51:00,106.14
8806,22609,2024-01-12 10:51:12,105.31
8807,22610,2024-01-12 10:51:24,105.7
8808,22611,2024-01-12 10:51:36,105.44
8809,22612,2024-01-12 10:51:48,106.36
8810,22613,2024-01-12 10:52:00,106.53
8811,22614,2024-01-12 10:52:12,105.83
8812,22615,2024-01-12 10:52:24,106.23
8813,22616,2024-01-12 10:52:36,107.28
8814,22617,2024-01-12 10:52:48,107.06
8815,22618,2024-01-12 10:53:00,107.06
8816,22619,2024-01-12 10:53:12,106.49
8817,22620,2024-01-12 10:53:24,107.41
8818,22621,2024-01-12 10:53:36,107.98
8819,22622,2024-01-12 10:53:48,107.24
8820,22623,2024-01-12 10:54:00,107.76
8821,22624,2024-01-12 10:54:12,107.1
8822,22625,2024-01-12 10:54:24,108.68
8823,22626,2024-01-12 10:54:36,108.42
8824,22627,2024-01-12 10:54:48,108.24
8825,22628,2024-01-12 10:55:00,108.2
8826,22629,2024-01-12 10:55:12,108.16
8827,22630,2024-01-12 10:55:24,108.37
8828,22631,2024-01-12 10:55:36,108.55
8829,22632,2024-01-12 10:55:48,108.37
8830,22633,2024-01-12 10:56:00,108.37
8831,22634,2024-01-12 10:56:12,108.55
8832,22635,2024-01-12 10:56:24,108.59
8833,22636,2024-01-12 10:56:36,108.29
8834,22637,2024-01-12 10:56:48,107.72
8835,22638,2024-01-12 10:57:00,108.9
8836,22639,2024-01-12 10:57:12,109.82
8837,22640,2024-01-12 10:57:24,109.03
8838,22641,2024-01-12 10:57:36,109.65
8839,22642,2024-01-12 10:57:48,109.65
8840,22643,2024-01-12 10:58:00,108.33
8841,22644,2024-01-12 10:58:12,109.69
8842,22645,2024-01-12 10:58:24,109.65
8843,22646,2024-01-12 10:58:36,109.78
8844,22647,2024-01-12 10:58:48,110.17
8845,22648,2024-01-12 10:59:00,109.73
8846,22649,2024-01-12 10:59:12,111.05
8847,22650,2024-01-12 10:59:24,110.96
8848,22651,2024-01-12 10:59:36,111.27
8849,22652,2024-01-12 10:59:48,111.18
8850,22653,2024-01-12 11:00:00,111.0
8851,22654,2024-01-12 11:00:12,111.36
8852,22655,2024-01-12 11:00:24,111.84
8853,22656,2024-01-12 11:00:36,111.93
8854,22657,2024-01-12 11:00:48,111.57
8855,22658,2024-01-12 11:01:00,111.27
8856,22659,2024-01-12 11:01:12,111.93
8857,22660,2024-01-12 11:01:24,112.76
8858,22661,2024-01-12 11:01:36,112.67
8859,22662,2024-01-12 11:01:48,112.93
8860,22663,2024-01-12 11:02:00,112.67
8861,22664,2024-01-12 11:02:12,113.06
8862,22665,2024-01-12 11:02:24,113.15
8863,22666,2024-01-12 11:02:36,113.72
8864,22667,2024-01-12 11:02:48,113.15
8865,22668,2024-01-12 11:03:00,113.63
8866,22669,2024-01-12 11:03:12,114.42
8867,22670,2024-01-12 11:03:24,113.72
8868,22671,2024-01-12 11:03:36,115.12
8869,22672,2024-01-12 11:03:48,114.29
8870,22673,2024-01-12 11:04:00,115.43
8871,22674,2024-01-12 11:04:12,115.08
8872,22675,2024-01-12 11:04:24,114.86
8873,22676,2024-01-12 11:04:36,114.86
8874,22677,2024-01-12 11:04:48,115.12
8875,22678,2024-01-12 11:05:00,115.56
8876,22679,2024-01-12 11:05:12,115.83
8877,22680,2024-01-12 11:05:24,115.69
8878,22681,2024-01-12 11:05:36,116.88
8879,22682,2024-01-12 11:05:48,116.4
8880,22683,2024-01-12 11:06:00,115.61
8881,22684,2024-01-12 11:06:12,115.78
8882,22685,2024-01-12 11:06:24,116.66
8883,22686,2024-01-12 11:06:36,116.48
8884,22687,2024-01-12 11:06:48,116.88
8885,22688,2024-01-12 11:07:00,116.79
8886,22689,2024-01-12 11:07:12,117.1
8887,22690,2024-01-12 11:07:24,117.75
8888,22691,2024-01-12 11:07:36,116.75
8889,22692,2024-01-12 11:07:48,117.05
8890,22693,2024-01-12 11:08:00,118.76
8891,22694,2024-01-12 11:08:12,117.89
8892,22695,2024-01-12 11:08:24,117.97
8893,22696,2024-01-12 11:08:36,117.93
8894,22697,2024-01-12 11:08:48,117.75
8895,22698,2024-01-12 11:09:00,118.28
8896,22699,2024-01-12 11:09:12,117.71
8897,22700,2024-01-12 11:09:24,118.41
8898,22701,2024-01-12 11:09:36,119.2
8899,22702,2024-01-12 11:09:48,118.46
8900,22703,2024-01-12 11:10:00,119.11
8901,22704,2024-01-12 11:10:12,119.29
8902,22705,2024-01-12 11:10:24,118.89
8903,22706,2024-01-12 11:10:36,119.73
8904,22707,2024-01-12 11:10:48,120.25
8905,22708,2024-01-12 11:11:00,119.95
8906,22709,2024-01-12 11:11:12,120.38
8907,22710,2024-01-12 11:11:24,120.34
8908,22711,2024-01-12 11:11:36,120.74
8909,22712,2024-01-12 11:11:48,120.47
8910,22713,2024-01-12 11:12:00,120.38
8911,22714,2024-01-12 11:12:12,121.09
8912,22715,2024-01-12 11:12:24,121.39
8913,22716,2024-01-12 11:12:36,121.35
8914,22717,2024-01-12 11:12:48,121.22
8915,22718,2024-01-12 11:13:00,120.74
8916,22719,2024-01-12 11:13:12,121.04
8917,22720,2024-01-12 11:13:24,120.52
8918,22721,2024-01-12 11:13:36,121.39
8919,22722,2024-01-12 11:13:48,121.39
8920,22723,2024-01-12 11:14:00,121.66
8921,22724,2024-01-12 11:14:12,120.52
8922,22725,2024-01-12 11:14:24,121.17
8923,22726,2024-01-12 11:14:36,120.56
8924,22727,2024-01-12 11:14:48,120.74
8925,22728,2024-01-12 11:15:00,121.26
8926,22729,2024-01-12 11:15:12,121.57
8927,22730,2024-01-12 11:15:24,120.82
8928,22731,2024-01-12 11:15:36,120.74
8929,22732,2024-01-12 11:15:48,120.21
8930,22733,2024-01-12 11:16:00,121.04
8931,22734,2024-01-12 11:16:12,120.6
8932,22735,2024-01-12 11:16:24,121.26
8933,22736,2024-01-12 11:16:36,120.74
8934,22737,2024-01-12 11:16:48,121.04
8935,22738,2024-01-12 11:17:00,120.95
8936,22739,2024-01-12 11:17:12,120.34
8937,22740,2024-01-12 11:17:24,121.09
8938,22741,2024-01-12 11:17:36,121.22
8939,22742,2024-01-12 11:17:48,120.91
8940,22743,2024-01-12 11:18:00,120.34
8941,22744,2024-01-12 11:18:12,121.35
8942,22745,2024-01-12 11:18:24,120.6
8943,22746,2024-01-12 11:18:36,121.13
8944,22747,2024-01-12 11:18:48,121.09
8945,22748,2024-01-12 11:19:00,121.09
8946,22749,2024-01-12 11:19:12,120.95
8947,22750,2024-01-12 11:19:24,121.0
8948,22751,2024-01-12 11:19:36,120.87
8949,22752,2024-01-12 11:19:48,120.6
8950,22753,2024-01-12 11:20:00,119.99
8951,22754,2024-01-12 11:20:12,120.91
8952,22755,2024-01-12 11:20:24,121.13
8953,22756,2024-01-12 11:20:36,121.09
8954,22757,2024-01-12 11:20:48,121.39
8955,22758,2024-01-12 11:21:00,121.31
8956,22759,2024-01-12 11:21:12,120.38
8957,22760,2024-01-12 11:21:24,121.96
8958,22761,2024-01-12 11:21:36,122.14
8959,22762,2024-01-12 11:21:48,121.35
8960,22763,2024-01-12 11:22:00,121.31
8961,22764,2024-01-12 11:22:12,121.61
8962,22765,2024-01-12 11:22:24,120.52
8963,22766,2024-01-12 11:22:36,121.22
8964,22767,2024-01-12 11:22:48,121.74
8965,22768,2024-01-12 11:23:00,121.26
8966,22769,2024-01-12 11:23:12,120.69
8967,22770,2024-01-12 11:23:24,121.04
8968,22771,2024-01-12 11:23:36,121.13
8969,22772,2024-01-12 11:23:48,122.31
8970,22773,2024-01-12 11:24:00,121.44
8971,22774,2024-01-12 11:24:12,121.92
8972,22775,2024-01-12 11:24:24,121.22
8973,22776,2024-01-12 11:24:36,121.79
8974,22777,2024-01-12 11:24:48,122.01
8975,22778,2024-01-12 11:25:00,122.4
8976,22779,2024-01-12 11:25:12,122.49
8977,22780,2024-01-12 11:25:24,123.19
8978,22781,2024-01-12 11:25:36,122.27
8979,22782,2024-01-12 11:25:48,123.37
8980,22783,2024-01-12 11:26:00,122.31
8981,22784,2024-01-12 11:26:12,122.93
8982,22785,2024-01-12 11:26:24,123.41
8983,22786,2024-01-12 11:26:36,123.85
8984,22787,2024-01-12 11:26:48,124.46
8985,22788,2024-01-12 11:27:00,124.15
8986,22789,2024-01-12 11:27:12,124.59
8987,22790,2024-01-12 11:27:24,124.94
8988,22791,2024-01-12 11:27:36,123.89
8989,22792,2024-01-12 11:27:48,124.07
8990,22793,2024-01-12 11:28:00,123.41
8991,22794,2024-01-12 11:28:12,122.66
8992,22795,2024-01-12 11:28:24,122.09
8993,22796,2024-01-12 11:28:36,121.52
8994,22797,2024-01-12 11:28:48,121.09
8995,22798,2024-01-12 11:29:00,120.56
8996,22799,2024-01-12 11:29:12,120.17
8997,22800,2024-01-12 11:29:24,119.68
8998,22801,2024-01-12 11:29:36,119.2
8999,22802,2024-01-12 11:29:48,118.81
9000,22803,2024-01-12 11:30:00,118.28
9001,22804,2024-01-12 11:30:12,117.75
9002,22805,2024-01-12 11:30:24,117.23
9003,22806,2024-01-12 11:30:36,116.92
9004,22807,2024-01-12 11:30:48,116.48
9005,22808,2024-01-12 11:31:00,116.05
9006,22809,2024-01-12 11:31:12,115.69
9007,22810,2024-01-12 11:31:24,115.17
9008,22811,2024-01-12 11:31:36,114.64
9009,22812,2024-01-12 11:31:48,114.25
9010,22813,2024-01-12 11:32:00,113.85
9011,22814,2024-01-12 11:32:12,113.33
9012,22815,2024-01-12 11:32:24,112.85
9013,22816,2024-01-12 11:32:36,112.45
9014,22817,2024-01-12 11:32:48,111.97
9015,22818,2024-01-12 11:33:00,111.71
9016,22819,2024-01-12 11:33:12,111.27
9017,22820,2024-01-12 11:33:24,111.0
9018,22821,2024-01-12 11:33:36,110.57
9019,22822,2024-01-12 11:33:48,110.08
9020,22823,2024-01-12 11:34:00,109.65
9021,22824,2024-01-12 11:34:12,109.3
9022,22825,2024-01-12 11:34:24,108.94
9023,22826,2024-01-12 11:34:36,108.51
9024,22827,2024-01-12 11:34:48,108.16
9025,22828,2024-01-12 11:35:00,107.59
9026,22829,2024-01-12 11:35:12,107.28
9027,22830,2024-01-12 11:35:24,106.97
9028,22831,2024-01-12 11:35:36,106.67
9029,22832,2024-01-12 11:35:48,106.27
9030,22833,2024-01-12 11:36:00,106.01
9031,22834,2024-01-12 11:36:12,105.66
9032,22835,2024-01-12 11:36:24,105.17
9033,22836,2024-01-12 11:36:36,104.74
9034,22837,2024-01-12 11:36:48,104.39
9035,22838,2024-01-12 11:37:00,104.04
9036,22839,2024-01-12 11:37:12,103.73
9037,22840,2024-01-12 11:37:24,103.33
9038,22841,2024-01-12 11:37:36,102.85
9039,22842,2024-01-12 11:37:48,102.54
9040,22843,2024-01-12 11:38:00,102.15
9041,22844,2024-01-12 11:38:12,101.93
9042,22845,2024-01-12 11:38:24,101.71
9043,22846,2024-01-12 11:38:36,101.36
9044,22847,2024-01-12 11:38:48,101.05
9045,22848,2024-01-12 11:39:00,100.79
9046,22849,2024-01-12 11:39:12,100.4
9047,22850,2024-01-12 11:39:24,100.13
9048,22851,2024-01-12 11:39:36,99.83
9049,22852,2024-01-12 11:39:48,99.56
9050,22853,2024-01-12 11:40:00,99.21
9051,22854,2024-01-12 11:40:12,98.91
9052,22855,2024-01-12 11:40:24,98.6
9053,22856,2024-01-12 11:40:36,98.86
9054,22857,2024-01-12 11:40:48,99.83
9055,22858,2024-01-12 11:41:00,99.83
9056,22859,2024-01-12 11:41:12,99.65
9057,22860,2024-01-12 11:41:24,99.56
9058,22861,2024-01-12 11:41:36,100.75
9059,22862,2024-01-12 11:41:48,101.27
9060,22863,2024-01-12 11:42:00,100.4
9061,22864,2024-01-12 11:42:12,101.27
9062,22865,2024-01-12 11:42:24,101.71
9063,22866,2024-01-12 11:42:36,101.45
9064,22867,2024-01-12 11:42:48,102.63
9065,22868,2024-01-12 11:43:00,102.72
9066,22869,2024-01-12 11:43:12,102.59
9067,22870,2024-01-12 11:43:24,103.11
9068,22871,2024-01-12 11:43:36,103.55
9069,22872,2024-01-12 11:43:48,103.9
9070,22873,2024-01-12 11:44:00,103.99
9071,22874,2024-01-12 11:44:12,103.73
9072,22875,2024-01-12 11:44:24,104.39
9073,22876,2024-01-12 11:44:36,105.04
9074,22877,2024-01-12 11:44:48,104.74
9075,22878,2024-01-12 11:45:00,105.26
9076,22879,2024-01-12 11:45:12,105.53
9077,22880,2024-01-12 11:45:24,105.53
9078,22881,2024-01-12 11:45:36,105.79
9079,22882,2024-01-12 11:45:48,106.1
9080,22883,2024-01-12 11:46:00,106.31
9081,22884,2024-01-12 11:46:12,106.67
9082,22885,2024-01-12 11:46:24,106.49
9083,22886,2024-01-12 11:46:36,106.71
9084,22887,2024-01-12 11:46:48,107.76
9085,22888,2024-01-12 11:47:00,107.5
9086,22889,2024-01-12 11:47:12,108.07
9087,22890,2024-01-12 11:47:24,107.98
9088,22891,2024-01-12 11:47:36,108.2
9089,22892,2024-01-12 11:47:48,107.85
9090,22893,2024-01-12 11:48:00,108.16
9091,22894,2024-01-12 11:48:12,108.42
9092,22895,2024-01-12 11:48:24,107.89
9093,22896,2024-01-12 11:48:36,108.42
9094,22897,2024-01-12 11:48:48,108.73
9095,22898,2024-01-12 11:49:00,108.51
9096,22899,2024-01-12 11:49:12,108.42
9097,22900,2024-01-12 11:49:24,108.68
9098,22901,2024-01-12 11:49:36,108.81
9099,22902,2024-01-12 11:49:48,109.21
9100,22903,2024-01-12 11:50:00,108.73
9101,22904,2024-01-12 11:50:12,109.51
9102,22905,2024-01-12 11:50:24,108.64
9103,22906,2024-01-12 11:50:36,109.73
9104,22907,2024-01-12 11:50:48,110.0
9105,22908,2024-01-12 11:51:00,109.69
9106,22909,2024-01-12 11:51:12,109.51
9107,22910,2024-01-12 11:51:24,109.69
9108,22911,2024-01-12 11:51:36,110.17
9109,22912,2024-01-12 11:51:48,109.51
9110,22913,2024-01-12 11:52:00,110.35
9111,22914,2024-01-12 11:52:12,110.39
9112,22915,2024-01-12 11:52:24,110.17
9113,22916,2024-01-12 11:52:36,109.91
9114,22917,2024-01-12 11:52:48,110.22
9115,22918,2024-01-12 11:53:00,110.83
9116,22919,2024-01-12 11:53:12,110.22
9117,22920,2024-01-12 11:53:24,110.52
9118,22921,2024-01-12 11:53:36,110.22
9119,22922,2024-01-12 11:53:48,110.74
9120,22923,2024-01-12 11:54:00,110.22
9121,22924,2024-01-12 11:54:12,111.18
9122,22925,2024-01-12 11:54:24,110.7
9123,22926,2024-01-12 11:54:36,111.31
9124,22927,2024-01-12 11:54:48,110.79
9125,22928,2024-01-12 11:55:00,110.7
9126,22929,2024-01-12 11:55:12,110.96
9127,22930,2024-01-12 11:55:24,111.49
9128,22931,2024-01-12 11:55:36,111.62
9129,22932,2024-01-12 11:55:48,112.06
9130,22933,2024-01-12 11:56:00,111.27
9131,22934,2024-01-12 11:56:12,111.88
9132,22935,2024-01-12 11:56:24,111.88
9133,22936,2024-01-12 11:56:36,112.1
9134,22937,2024-01-12 11:56:48,112.36
9135,22938,2024-01-12 11:57:00,112.32
9136,22939,2024-01-12 11:57:12,111.62
9137,22940,2024-01-12 11:57:24,112.28
9138,22941,2024-01-12 11:57:36,111.84
9139,22942,2024-01-12 11:57:48,112.49
9140,22943,2024-01-12 11:58:00,113.24
9141,22944,2024-01-12 11:58:12,112.36
9142,22945,2024-01-12 11:58:24,111.62
9143,22946,2024-01-12 11:58:36,113.46
9144,22947,2024-01-12 11:58:48,113.33
9145,22948,2024-01-12 11:59:00,112.8
9146,22949,2024-01-12 11:59:12,113.02
9147,22950,2024-01-12 11:59:24,113.46
9148,22951,2024-01-12 11:59:36,114.03
9149,22952,2024-01-12 11:59:48,114.25
9150,22953,2024-01-12 12:00:00,114.38
9151,22954,2024-01-12 12:00:12,114.25
9152,22955,2024-01-12 12:00:24,113.81
9153,22956,2024-01-12 12:00:36,114.73
9154,22957,2024-01-12 12:00:48,115.12
9155,22958,2024-01-12 12:01:00,114.95
9156,22959,2024-01-12 12:01:12,114.42
9157,22960,2024-01-12 12:01:24,115.08
9158,22961,2024-01-12 12:01:36,115.48
9159,22962,2024-01-12 12:01:48,115.39
9160,22963,2024-01-12 12:02:00,115.83
9161,22964,2024-01-12 12:02:12,115.83
9162,22965,2024-01-12 12:02:24,116.66
9163,22966,2024-01-12 12:02:36,115.96
9164,22967,2024-01-12 12:02:48,116.22
9165,22968,2024-01-12 12:03:00,116.92
9166,22969,2024-01-12 12:03:12,117.45
9167,22970,2024-01-12 12:03:24,117.14
9168,22971,2024-01-12 12:03:36,117.23
9169,22972,2024-01-12 12:03:48,117.36
9170,22973,2024-01-12 12:04:00,117.93
9171,22974,2024-01-12 12:04:12,117.71
9172,22975,2024-01-12 12:04:24,117.58
9173,22976,2024-01-12 12:04:36,117.23
9174,22977,2024-01-12 12:04:48,118.06
9175,22978,2024-01-12 12:05:00,118.11
9176,22979,2024-01-12 12:05:12,117.93
9177,22980,2024-01-12 12:05:24,119.07
9178,22981,2024-01-12 12:05:36,118.94
9179,22982,2024-01-12 12:05:48,118.76
9180,22983,2024-01-12 12:06:00,119.38
9181,22984,2024-01-12 12:06:12,119.46
9182,22985,2024-01-12 12:06:24,119.6
9183,22986,2024-01-12 12:06:36,119.29
9184,22987,2024-01-12 12:06:48,119.95
9185,22988,2024-01-12 12:07:00,119.33
9186,22989,2024-01-12 12:07:12,119.99
9187,22990,2024-01-12 12:07:24,119.95
9188,22991,2024-01-12 12:07:36,120.56
9189,22992,2024-01-12 12:07:48,119.86
9190,22993,2024-01-12 12:08:00,120.56
9191,22994,2024-01-12 12:08:12,120.74
9192,22995,2024-01-12 12:08:24,120.52
9193,22996,2024-01-12 12:08:36,120.91
9194,22997,2024-01-12 12:08:48,121.57
9195,22998,2024-01-12 12:09:00,121.0
9196,22999,2024-01-12 12:09:12,121.0
9197,23000,2024-01-12 12:09:24,121.52
9198,23001,2024-01-12 12:09:36,121.92
9199,23002,2024-01-12 12:09:48,121.66
9200,23003,2024-01-12 12:10:00,122.27
9201,23004,2024-01-12 12:10:12,122.36
9202,23005,2024-01-12 12:10:24,122.36
9203,23006,2024-01-12 12:10:36,122.27
9204,23007,2024-01-12 12:10:48,122.01
9205,23008,2024-01-12 12:11:00,122.31
9206,23009,2024-01-12 12:11:12,122.09
9207,23010,2024-01-12 12:11:24,123.19
9208,23011,2024-01-12 12:11:36,122.84
9209,23012,2024-01-12 12:11:48,123.15
9210,23013,2024-01-12 12:12:00,123.67
9211,23014,2024-01-12 12:12:12,123.32
9212,23015,2024-01-12 12:12:24,124.02
9213,23016,2024-01-12 12:12:36,123.54
9214,23017,2024-01-12 12:12:48,122.97
9215,23018,2024-01-12 12:13:00,124.07
9216,23019,2024-01-12 12:13:12,124.07
9217,23020,2024-01-12 12:13:24,124.51
9218,23021,2024-01-12 12:13:36,124.99
9219,23022,2024-01-12 12:13:48,124.2
9220,23023,2024-01-12 12:14:00,123.76
9221,23024,2024-01-12 12:14:12,123.32
9222,23025,2024-01-12 12:14:24,122.71
9223,23026,2024-01-12 12:14:36,122.23
9224,23027,2024-01-12 12:14:48,121.74
9225,23028,2024-01-12 12:15:00,121.31
9226,23029,2024-01-12 12:15:12,120.74
9227,23030,2024-01-12 12:15:24,120.34
9228,23031,2024-01-12 12:15:36,119.86
9229,23032,2024-01-12 12:15:48,119.38
9230,23033,2024-01-12 12:16:00,118.94
9231,23034,2024-01-12 12:16:12,118.46
9232,23035,2024-01-12 12:16:24,118.06
9233,23036,2024-01-12 12:16:36,117.58
9234,23037,2024-01-12 12:16:48,117.19
9235,23038,2024-01-12 12:17:00,116.75
9236,23039,2024-01-12 12:17:12,116.31
9237,23040,2024-01-12 12:17:24,115.91
9238,23041,2024-01-12 12:17:36,115.52
9239,23042,2024-01-12 12:17:48,115.12
9240,23043,2024-01-12 12:18:00,114.69
9241,23044,2024-01-12 12:18:12,114.29
9242,23045,2024-01-12 12:18:24,113.9
9243,23046,2024-01-12 12:18:36,113.46
9244,23047,2024-01-12 12:18:48,113.02
9245,23048,2024-01-12 12:19:00,112.76
9246,23049,2024-01-12 12:19:12,112.41
9247,23050,2024-01-12 12:19:24,111.97
9248,23051,2024-01-12 12:19:36,111.62
9249,23052,2024-01-12 12:19:48,111.27
9250,23053,2024-01-12 12:20:00,110.92
9251,23054,2024-01-12 12:20:12,110.57
9252,23055,2024-01-12 12:20:24,110.22
9253,23056,2024-01-12 12:20:36,109.86
9254,23057,2024-01-12 12:20:48,109.47
9255,23058,2024-01-12 12:21:00,109.16
9256,23059,2024-01-12 12:21:12,108.81
9257,23060,2024-01-12 12:21:24,108.51
9258,23061,2024-01-12 12:21:36,108.16
9259,23062,2024-01-12 12:21:48,107.76
9260,23063,2024-01-12 12:22:00,107.41
9261,23064,2024-01-12 12:22:12,107.15
9262,23065,2024-01-12 12:22:24,106.75
9263,23066,2024-01-12 12:22:36,106.49
9264,23067,2024-01-12 12:22:48,106.14
9265,23068,2024-01-12 12:23:00,105.83
9266,23069,2024-01-12 12:23:12,105.48
9267,23070,2024-01-12 12:23:24,105.17
9268,23071,2024-01-12 12:23:36,104.87
9269,23072,2024-01-12 12:23:48,104.52
9270,23073,2024-01-12 12:24:00,104.34
9271,23074,2024-01-12 12:24:12,103.95
9272,23075,2024-01-12 12:24:24,103.64
9273,23076,2024-01-12 12:24:36,103.29
9274,23077,2024-01-12 12:24:48,102.98
9275,23078,2024-01-12 12:25:00,102.72
9276,23079,2024-01-12 12:25:12,102.46
9277,23080,2024-01-12 12:25:24,102.06
9278,23081,2024-01-12 12:25:36,101.76
9279,23082,2024-01-12 12:25:48,101.45
9280,23083,2024-01-12 12:26:00,101.1
9281,23084,2024-01-12 12:26:12,100.79
9282,23085,2024-01-12 12:26:24,100.53
9283,23086,2024-01-12 12:26:36,100.22
9284,23087,2024-01-12 12:26:48,100.0
9285,23088,2024-01-12 12:27:00,99.61
9286,23089,2024-01-12 12:27:12,99.35
9287,23090,2024-01-12 12:27:24,99.04
9288,23091,2024-01-12 12:27:36,98.69
9289,23092,2024-01-12 12:27:48,98.51
9290,23093,2024-01-12 12:28:00,98.78
9291,23094,2024-01-12 12:28:12,100.0
9292,23095,2024-01-12 12:28:24,99.83
9293,23096,2024-01-12 12:28:36,99.7
9294,23097,2024-01-12 12:28:48,101.45
9295,23098,2024-01-12 12:29:00,100.27
9296,23099,2024-01-12 12:29:12,100.62
9297,23100,2024-01-12 12:29:24,100.7
9298,23101,2024-01-12 12:29:36,101.14
9299,23102,2024-01-12 12:29:48,101.98
9300,23103,2024-01-12 12:30:00,102.28
9301,23104,2024-01-12 12:30:12,102.41
9302,23105,2024-01-12 12:30:24,102.63
9303,23106,2024-01-12 12:30:36,102.33
9304,23107,2024-01-12 12:30:48,103.38
9305,23108,2024-01-12 12:31:00,103.86
9306,23109,2024-01-12 12:31:12,103.33
9307,23110,2024-01-12 12:31:24,103.64
9308,23111,2024-01-12 12:31:36,104.47
9309,23112,2024-01-12 12:31:48,103.82
9310,23113,2024-01-12 12:32:00,103.9
9311,23114,2024-01-12 12:32:12,105.0
9312,23115,2024-01-12 12:32:24,105.61
9313,23116,2024-01-12 12:32:36,105.48
9314,23117,2024-01-12 12:32:48,105.66
9315,23118,2024-01-12 12:33:00,105.53
9316,23119,2024-01-12 12:33:12,105.26
9317,23120,2024-01-12 12:33:24,106.36
9318,23121,2024-01-12 12:33:36,106.01
9319,23122,2024-01-12 12:33:48,106.67
9320,23123,2024-01-12 12:34:00,107.28
9321,23124,2024-01-12 12:34:12,107.06
9322,23125,2024-01-12 12:34:24,107.67
9323,23126,2024-01-12 12:34:36,107.28
9324,23127,2024-01-12 12:34:48,107.41
9325,23128,2024-01-12 12:35:00,107.94
9326,23129,2024-01-12 12:35:12,108.46
9327,23130,2024-01-12 12:35:24,108.24
9328,23131,2024-01-12 12:35:36,109.03
9329,23132,2024-01-12 12:35:48,108.64
9330,23133,2024-01-12 12:36:00,109.12
9331,23134,2024-01-12 12:36:12,109.16
9332,23135,2024-01-12 12:36:24,109.3
9333,23136,2024-01-12 12:36:36,109.21
9334,23137,2024-01-12 12:36:48,109.73
9335,23138,2024-01-12 12:37:00,109.82
9336,23139,2024-01-12 12:37:12,110.04
9337,23140,2024-01-12 12:37:24,110.17
9338,23141,2024-01-12 12:37:36,110.22
9339,23142,2024-01-12 12:37:48,110.43
9340,23143,2024-01-12 12:38:00,110.92
9341,23144,2024-01-12 12:38:12,110.7
9342,23145,2024-01-12 12:38:24,111.49
9343,23146,2024-01-12 12:38:36,111.0
9344,23147,2024-01-12 12:38:48,111.57
9345,23148,2024-01-12 12:39:00,112.32
9346,23149,2024-01-12 12:39:12,111.27
9347,23150,2024-01-12 12:39:24,111.31
9348,23151,2024-01-12 12:39:36,111.93
9349,23152,2024-01-12 12:39:48,112.23
9350,23153,2024-01-12 12:40:00,112.63
9351,23154,2024-01-12 12:40:12,112.14
9352,23155,2024-01-12 12:40:24,113.24
9353,23156,2024-01-12 12:40:36,113.46
9354,23157,2024-01-12 12:40:48,113.33
9355,23158,2024-01-12 12:41:00,113.28
9356,23159,2024-01-12 12:41:12,113.99
9357,23160,2024-01-12 12:41:24,113.77
9358,23161,2024-01-12 12:41:36,114.03
9359,23162,2024-01-12 12:41:48,114.03
9360,23163,2024-01-12 12:42:00,113.9
9361,23164,2024-01-12 12:42:12,114.51
9362,23165,2024-01-12 12:42:24,115.08
9363,23166,2024-01-12 12:42:36,114.77
9364,23167,2024-01-12 12:42:48,115.08
9365,23168,2024-01-12 12:43:00,115.26
9366,23169,2024-01-12 12:43:12,116.05
9367,23170,2024-01-12 12:43:24,115.26
9368,23171,2024-01-12 12:43:36,114.56
9369,23172,2024-01-12 12:43:48,114.73
9370,23173,2024-01-12 12:44:00,116.31
9371,23174,2024-01-12 12:44:12,115.87
9372,23175,2024-01-12 12:44:24,116.31
9373,23176,2024-01-12 12:44:36,116.18
9374,23177,2024-01-12 12:44:48,115.83
9375,23178,2024-01-12 12:45:00,116.53
9376,23179,2024-01-12 12:45:12,116.75
9377,23180,2024-01-12 12:45:24,116.66
9378,23181,2024-01-12 12:45:36,116.53
9379,23182,2024-01-12 12:45:48,117.32
9380,23183,2024-01-12 12:46:00,117.71
9381,23184,2024-01-12 12:46:12,116.88
9382,23185,2024-01-12 12:46:24,118.28
9383,23186,2024-01-12 12:46:36,118.11
9384,23187,2024-01-12 12:46:48,118.41
9385,23188,2024-01-12 12:47:00,117.71
9386,23189,2024-01-12 12:47:12,117.8
9387,23190,2024-01-12 12:47:24,118.46
9388,23191,2024-01-12 12:47:36,118.41
9389,23192,2024-01-12 12:47:48,118.94
9390,23193,2024-01-12 12:48:00,118.94
9391,23194,2024-01-12 12:48:12,118.76
9392,23195,2024-01-12 12:48:24,120.17
9393,23196,2024-01-12 12:48:36,119.38
9394,23197,2024-01-12 12:48:48,119.11
9395,23198,2024-01-12 12:49:00,119.51
9396,23199,2024-01-12 12:49:12,119.55
9397,23200,2024-01-12 12:49:24,119.9
9398,23201,2024-01-12 12:49:36,120.56
9399,23202,2024-01-12 12:49:48,120.21
9400,23203,2024-01-12 12:50:00,120.87
9401,23204,2024-01-12 12:50:12,120.38
9402,23205,2024-01-12 12:50:24,120.21
9403,23206,2024-01-12 12:50:36,120.95
9404,23207,2024-01-12 12:50:48,120.52
9405,23208,2024-01-12 12:51:00,121.7
9406,23209,2024-01-12 12:51:12,121.0
9407,23210,2024-01-12 12:51:24,120.82
9408,23211,2024-01-12 12:51:36,121.92
9409,23212,2024-01-12 12:51:48,121.26
9410,23213,2024-01-12 12:52:00,121.13
9411,23214,2024-01-12 12:52:12,121.88
9412,23215,2024-01-12 12:52:24,122.14
9413,23216,2024-01-12 12:52:36,121.88
9414,23217,2024-01-12 12:52:48,122.62
9415,23218,2024-01-12 12:53:00,122.14
9416,23219,2024-01-12 12:53:12,121.79
9417,23220,2024-01-12 12:53:24,122.88
9418,23221,2024-01-12 12:53:36,123.5
9419,23222,2024-01-12 12:53:48,123.1
9420,23223,2024-01-12 12:54:00,123.01
9421,23224,2024-01-12 12:54:12,123.19
9422,23225,2024-01-12 12:54:24,123.85
9423,23226,2024-01-12 12:54:36,123.37
9424,23227,2024-01-12 12:54:48,123.89
9425,23228,2024-01-12 12:55:00,124.2
9426,23229,2024-01-12 12:55:12,124.46
9427,23230,2024-01-12 12:55:24,124.07
9428,23231,2024-01-12 12:55:36,123.54
9429,23232,2024-01-12 12:55:48,124.29
9430,23233,2024-01-12 12:56:00,124.02
9431,23234,2024-01-12 12:56:12,124.02
9432,23235,2024-01-12 12:56:24,123.67
9433,23236,2024-01-12 12:56:36,123.85
9434,23237,2024-01-12 12:56:48,124.24
9435,23238,2024-01-12 12:57:00,123.8
9436,23239,2024-01-12 12:57:12,124.46
9437,23240,2024-01-12 12:57:24,123.76
9438,23241,2024-01-12 12:57:36,123.19
9439,23242,2024-01-12 12:57:48,122.66
9440,23243,2024-01-12 12:58:00,122.27
9441,23244,2024-01-12 12:58:12,121.52
9442,23245,2024-01-12 12:58:24,120.87
9443,23246,2024-01-12 12:58:36,120.3
9444,23247,2024-01-12 12:58:48,119.82
9445,23248,2024-01-12 12:59:00,119.33
9446,23249,2024-01-12 12:59:12,118.94
9447,23250,2024-01-12 12:59:24,118.41
9448,23251,2024-01-12 12:59:36,117.97
9449,23252,2024-01-12 12:59:48,117.4
9450,23253,2024-01-12 13:00:00,116.88
9451,23254,2024-01-12 13:00:12,116.31
9452,23255,2024-01-12 13:00:24,115.78
9453,23256,2024-01-12 13:00:36,115.34
9454,23257,2024-01-12 13:00:48,114.99
9455,23258,2024-01-12 13:01:00,114.6
9456,23259,2024-01-12 13:01:12,114.25
9457,23260,2024-01-12 13:01:24,113.85
9458,23261,2024-01-12 13:01:36,113.37
9459,23262,2024-01-12 13:01:48,112.93
9460,23263,2024-01-12 13:02:00,112.45
9461,23264,2024-01-12 13:02:12,111.88
9462,23265,2024-01-12 13:02:24,111.49
9463,23266,2024-01-12 13:02:36,111.18
9464,23267,2024-01-12 13:02:48,110.79
9465,23268,2024-01-12 13:03:00,110.39
9466,23269,2024-01-12 13:03:12,110.08
9467,23270,2024-01-12 13:03:24,109.69
9468,23271,2024-01-12 13:03:36,109.38
9469,23272,2024-01-12 13:03:48,108.99
9470,23273,2024-01-12 13:04:00,108.42
9471,23274,2024-01-12 13:04:12,108.02
9472,23275,2024-01-12 13:04:24,107.63
9473,23276,2024-01-12 13:04:36,107.1
9474,23277,2024-01-12 13:04:48,106.67
9475,23278,2024-01-12 13:05:00,106.23
9476,23279,2024-01-12 13:05:12,105.92
9477,23280,2024-01-12 13:05:24,105.61
9478,23281,2024-01-12 13:05:36,105.26
9479,23282,2024-01-12 13:05:48,104.91
9480,23283,2024-01-12 13:06:00,104.61
9481,23284,2024-01-12 13:06:12,104.25
9482,23285,2024-01-12 13:06:24,103.77
9483,23286,2024-01-12 13:06:36,103.38
9484,23287,2024-01-12 13:06:48,102.94
9485,23288,2024-01-12 13:07:00,102.68
9486,23289,2024-01-12 13:07:12,102.37
9487,23290,2024-01-12 13:07:24,102.06
9488,23291,2024-01-12 13:07:36,101.76
9489,23292,2024-01-12 13:07:48,101.41
9490,23293,2024-01-12 13:08:00,101.14
9491,23294,2024-01-12 13:08:12,100.84
9492,23295,2024-01-12 13:08:24,100.4
9493,23296,2024-01-12 13:08:36,100.22
9494,23297,2024-01-12 13:08:48,99.87
9495,23298,2024-01-12 13:09:00,99.61
9496,23299,2024-01-12 13:09:12,99.3
9497,23300,2024-01-12 13:09:24,98.95
9498,23301,2024-01-12 13:09:36,98.69
9499,23302,2024-01-12 13:09:48,98.12
9500,23303,2024-01-12 13:10:00,99.13
9501,23304,2024-01-12 13:10:12,99.13
9502,23305,2024-01-12 13:10:24,100.53
9503,23306,2024-01-12 13:10:36,100.13
9504,23307,2024-01-12 13:10:48,100.0
9505,23308,2024-01-12 13:11:00,101.01
9506,23309,2024-01-12 13:11:12,101.41
9507,23310,2024-01-12 13:11:24,101.62
9508,23311,2024-01-12 13:11:36,101.14
9509,23312,2024-01-12 13:11:48,102.06
9510,23313,2024-01-12 13:12:00,102.54
9511,23314,2024-01-12 13:12:12,102.33
9512,23315,2024-01-12 13:12:24,102.85
9513,23316,2024-01-12 13:12:36,102.98
9514,23317,2024-01-12 13:12:48,103.42
9515,23318,2024-01-12 13:13:00,104.04
9516,23319,2024-01-12 13:13:12,104.34
9517,23320,2024-01-12 13:13:24,104.21
9518,23321,2024-01-12 13:13:36,104.43
9519,23322,2024-01-12 13:13:48,104.91
9520,23323,2024-01-12 13:14:00,104.87
9521,23324,2024-01-12 13:14:12,105.53
9522,23325,2024-01-12 13:14:24,105.79
9523,23326,2024-01-12 13:14:36,105.83
9524,23327,2024-01-12 13:14:48,105.53
9525,23328,2024-01-12 13:15:00,106.67
9526,23329,2024-01-12 13:15:12,106.49
9527,23330,2024-01-12 13:15:24,106.31
9528,23331,2024-01-12 13:15:36,107.02
9529,23332,2024-01-12 13:15:48,107.45
9530,23333,2024-01-12 13:16:00,107.19
9531,23334,2024-01-12 13:16:12,106.93
9532,23335,2024-01-12 13:16:24,106.67
9533,23336,2024-01-12 13:16:36,107.72
9534,23337,2024-01-12 13:16:48,107.89
9535,23338,2024-01-12 13:17:00,108.29
9536,23339,2024-01-12 13:17:12,108.33
9537,23340,2024-01-12 13:17:24,108.42
9538,23341,2024-01-12 13:17:36,108.46
9539,23342,2024-01-12 13:17:48,108.64
9540,23343,2024-01-12 13:18:00,108.46
9541,23344,2024-01-12 13:18:12,108.9
9542,23345,2024-01-12 13:18:24,108.68
9543,23346,2024-01-12 13:18:36,108.68
9544,23347,2024-01-12 13:18:48,108.94
9545,23348,2024-01-12 13:19:00,109.51
9546,23349,2024-01-12 13:19:12,109.12
9547,23350,2024-01-12 13:19:24,108.94
9548,23351,2024-01-12 13:19:36,109.03
9549,23352,2024-01-12 13:19:48,108.94
9550,23353,2024-01-12 13:20:00,109.73
9551,23354,2024-01-12 13:20:12,109.95
9552,23355,2024-01-12 13:20:24,110.13
9553,23356,2024-01-12 13:20:36,110.08
9554,23357,2024-01-12 13:20:48,111.05
9555,23358,2024-01-12 13:21:00,110.22
9556,23359,2024-01-12 13:21:12,110.52
9557,23360,2024-01-12 13:21:24,110.08
9558,23361,2024-01-12 13:21:36,110.7
9559,23362,2024-01-12 13:21:48,110.17
9560,23363,2024-01-12 13:22:00,110.7
9561,23364,2024-01-12 13:22:12,110.79
9562,23365,2024-01-12 13:22:24,110.96
9563,23366,2024-01-12 13:22:36,111.14
9564,23367,2024-01-12 13:22:48,110.79
9565,23368,2024-01-12 13:23:00,111.53
9566,23369,2024-01-12 13:23:12,111.22
9567,23370,2024-01-12 13:23:24,110.87
9568,23371,2024-01-12 13:23:36,111.79
9569,23372,2024-01-12 13:23:48,111.66
9570,23373,2024-01-12 13:24:00,112.45
9571,23374,2024-01-12 13:24:12,111.97
9572,23375,2024-01-12 13:24:24,112.54
9573,23376,2024-01-12 13:24:36,112.14
9574,23377,2024-01-12 13:24:48,111.62
9575,23378,2024-01-12 13:25:00,111.84
9576,23379,2024-01-12 13:25:12,111.49
9577,23380,2024-01-12 13:25:24,112.06
9578,23381,2024-01-12 13:25:36,112.8
9579,23382,2024-01-12 13:25:48,112.32
9580,23383,2024-01-12 13:26:00,113.02
9581,23384,2024-01-12 13:26:12,113.2
9582,23385,2024-01-12 13:26:24,112.63
9583,23386,2024-01-12 13:26:36,112.71
9584,23387,2024-01-12 13:26:48,113.33
9585,23388,2024-01-12 13:27:00,112.28
9586,23389,2024-01-12 13:27:12,113.77
9587,23390,2024-01-12 13:27:24,112.41
9588,23391,2024-01-12 13:27:36,112.49
9589,23392,2024-01-12 13:27:48,112.63
9590,23393,2024-01-12 13:28:00,112.98
9591,23394,2024-01-12 13:28:12,112.93
9592,23395,2024-01-12 13:28:24,113.59
9593,23396,2024-01-12 13:28:36,112.89
9594,23397,2024-01-12 13:28:48,113.81
9595,23398,2024-01-12 13:29:00,114.2
9596,23399,2024-01-12 13:29:12,113.37
9597,23400,2024-01-12 13:29:24,114.34
9598,23401,2024-01-12 13:29:36,114.07
9599,23402,2024-01-12 13:29:48,114.82
9600,23403,2024-01-12 13:30:00,115.34
9601,23404,2024-01-12 13:30:12,114.95
9602,23405,2024-01-12 13:30:24,115.3
9603,23406,2024-01-12 13:30:36,115.21
9604,23407,2024-01-12 13:30:48,115.43
9605,23408,2024-01-12 13:31:00,116.09
9606,23409,2024-01-12 13:31:12,116.48
9607,23410,2024-01-12 13:31:24,116.44
9608,23411,2024-01-12 13:31:36,115.96
9609,23412,2024-01-12 13:31:48,116.26
9610,23413,2024-01-12 13:32:00,115.96
9611,23414,2024-01-12 13:32:12,115.83
9612,23415,2024-01-12 13:32:24,116.66
9613,23416,2024-01-12 13:32:36,116.09
9614,23417,2024-01-12 13:32:48,115.96
9615,23418,2024-01-12 13:33:00,116.09
9616,23419,2024-01-12 13:33:12,116.05
9617,23420,2024-01-12 13:33:24,116.22
9618,23421,2024-01-12 13:33:36,116.4
9619,23422,2024-01-12 13:33:48,116.05
9620,23423,2024-01-12 13:34:00,116.4
9621,23424,2024-01-12 13:34:12,116.22
9622,23425,2024-01-12 13:34:24,116.05
9623,23426,2024-01-12 13:34:36,116.13
9624,23427,2024-01-12 13:34:48,115.61
9625,23428,2024-01-12 13:35:00,116.57
9626,23429,2024-01-12 13:35:12,116.31
9627,23430,2024-01-12 13:35:24,116.05
9628,23431,2024-01-12 13:35:36,116.4
9629,23432,2024-01-12 13:35:48,116.75
9630,23433,2024-01-12 13:36:00,116.7
9631,23434,2024-01-12 13:36:12,117.23
9632,23435,2024-01-12 13:36:24,117.49
9633,23436,2024-01-12 13:36:36,117.36
9634,23437,2024-01-12 13:36:48,116.88
9635,23438,2024-01-12 13:37:00,116.62
9636,23439,2024-01-12 13:37:12,116.18
9637,23440,2024-01-12 13:37:24,117.05
9638,23441,2024-01-12 13:37:36,117.01
9639,23442,2024-01-12 13:37:48,117.32
9640,23443,2024-01-12 13:38:00,117.36
9641,23444,2024-01-12 13:38:12,117.32
9642,23445,2024-01-12 13:38:24,117.58
9643,23446,2024-01-12 13:38:36,117.75
9644,23447,2024-01-12 13:38:48,117.58
9645,23448,2024-01-12 13:39:00,118.37
9646,23449,2024-01-12 13:39:12,117.71
9647,23450,2024-01-12 13:39:24,119.25
9648,23451,2024-01-12 13:39:36,118.06
9649,23452,2024-01-12 13:39:48,118.85
9650,23453,2024-01-12 13:40:00,118.98
9651,23454,2024-01-12 13:40:12,118.24
9652,23455,2024-01-12 13:40:24,118.98
9653,23456,2024-01-12 13:40:36,118.28
9654,23457,2024-01-12 13:40:48,119.55
9655,23458,2024-01-12 13:41:00,118.72
9656,23459,2024-01-12 13:41:12,118.24
9657,23460,2024-01-12 13:41:24,118.24
9658,23461,2024-01-12 13:41:36,118.41
9659,23462,2024-01-12 13:41:48,118.37
9660,23463,2024-01-12 13:42:00,118.06
9661,23464,2024-01-12 13:42:12,117.62
9662,23465,2024-01-12 13:42:24,118.46
9663,23466,2024-01-12 13:42:36,118.19
9664,23467,2024-01-12 13:42:48,117.54
9665,23468,2024-01-12 13:43:00,118.11
9666,23469,2024-01-12 13:43:12,117.8
9667,23470,2024-01-12 13:43:24,117.58
9668,23471,2024-01-12 13:43:36,117.93
9669,23472,2024-01-12 13:43:48,117.89
9670,23473,2024-01-12 13:44:00,117.01
9671,23474,2024-01-12 13:44:12,117.89
9672,23475,2024-01-12 13:44:24,118.06
9673,23476,2024-01-12 13:44:36,118.24
9674,23477,2024-01-12 13:44:48,117.71
9675,23478,2024-01-12 13:45:00,118.06
9676,23479,2024-01-12 13:45:12,117.71
9677,23480,2024-01-12 13:45:24,118.72
9678,23481,2024-01-12 13:45:36,119.64
9679,23482,2024-01-12 13:45:48,119.55
9680,23483,2024-01-12 13:46:00,118.85
9681,23484,2024-01-12 13:46:12,119.51
9682,23485,2024-01-12 13:46:24,119.42
9683,23486,2024-01-12 13:46:36,119.77
9684,23487,2024-01-12 13:46:48,120.21
9685,23488,2024-01-12 13:47:00,120.21
9686,23489,2024-01-12 13:47:12,120.38
9687,23490,2024-01-12 13:47:24,119.99
9688,23491,2024-01-12 13:47:36,120.65
9689,23492,2024-01-12 13:47:48,120.65
9690,23493,2024-01-12 13:48:00,121.04
9691,23494,2024-01-12 13:48:12,120.74
9692,23495,2024-01-12 13:48:24,120.6
9693,23496,2024-01-12 13:48:36,121.35
9694,23497,2024-01-12 13:48:48,121.39
9695,23498,2024-01-12 13:49:00,121.7
9696,23499,2024-01-12 13:49:12,121.44
9697,23500,2024-01-12 13:49:24,121.7
9698,23501,2024-01-12 13:49:36,122.09
9699,23502,2024-01-12 13:49:48,121.96
9700,23503,2024-01-12 13:50:00,122.27
9701,23504,2024-01-12 13:50:12,121.79
9702,23505,2024-01-12 13:50:24,122.36
9703,23506,2024-01-12 13:50:36,121.52
9704,23507,2024-01-12 13:50:48,122.09
9705,23508,2024-01-12 13:51:00,121.79
9706,23509,2024-01-12 13:51:12,122.05
9707,23510,2024-01-12 13:51:24,121.83
9708,23511,2024-01-12 13:51:36,121.92
9709,23512,2024-01-12 13:51:48,121.96
9710,23513,2024-01-12 13:52:00,121.13
9711,23514,2024-01-12 13:52:12,121.96
9712,23515,2024-01-12 13:52:24,121.74
9713,23516,2024-01-12 13:52:36,121.35
9714,23517,2024-01-12 13:52:48,120.74
9715,23518,2024-01-12 13:53:00,121.22
9716,23519,2024-01-12 13:53:12,121.74
9717,23520,2024-01-12 13:53:24,121.39
9718,23521,2024-01-12 13:53:36,121.39
9719,23522,2024-01-12 13:53:48,121.31
9720,23523,2024-01-12 13:54:00,121.0
9721,23524,2024-01-12 13:54:12,120.87
9722,23525,2024-01-12 13:54:24,121.44
9723,23526,2024-01-12 13:54:36,120.43
9724,23527,2024-01-12 13:54:48,120.69
9725,23528,2024-01-12 13:55:00,121.09
9726,23529,2024-01-12 13:55:12,121.44
9727,23530,2024-01-12 13:55:24,121.31
9728,23531,2024-01-12 13:55:36,121.44
9729,23532,2024-01-12 13:55:48,121.04
9730,23533,2024-01-12 13:56:00,121.04
9731,23534,2024-01-12 13:56:12,120.74
9732,23535,2024-01-12 13:56:24,121.17
9733,23536,2024-01-12 13:56:36,120.65
9734,23537,2024-01-12 13:56:48,121.31
9735,23538,2024-01-12 13:57:00,121.31
9736,23539,2024-01-12 13:57:12,121.66
9737,23540,2024-01-12 13:57:24,121.39
9738,23541,2024-01-12 13:57:36,121.44
9739,23542,2024-01-12 13:57:48,120.87
9740,23543,2024-01-12 13:58:00,121.13
9741,23544,2024-01-12 13:58:12,121.22
9742,23545,2024-01-12 13:58:24,121.44
9743,23546,2024-01-12 13:58:36,121.26
9744,23547,2024-01-12 13:58:48,121.79
9745,23548,2024-01-12 13:59:00,121.7
9746,23549,2024-01-12 13:59:12,122.14
9747,23550,2024-01-12 13:59:24,121.52
9748,23551,2024-01-12 13:59:36,121.31
9749,23552,2024-01-12 13:59:48,121.92
9750,23553,2024-01-12 14:00:00,122.01
9751,23554,2024-01-12 14:00:12,121.31
9752,23555,2024-01-12 14:00:24,121.44
9753,23556,2024-01-12 14:00:36,121.61
9754,23557,2024-01-12 14:00:48,122.8
9755,23558,2024-01-12 14:01:00,122.4
9756,23559,2024-01-12 14:01:12,122.31
9757,23560,2024-01-12 14:01:24,122.53
9758,23561,2024-01-12 14:01:36,121.57
9759,23562,2024-01-12 14:01:48,121.35
9760,23563,2024-01-12 14:02:00,122.45
9761,23564,2024-01-12 14:02:12,121.52
9762,23565,2024-01-12 14:02:24,121.31
9763,23566,2024-01-12 14:02:36,121.88
9764,23567,2024-01-12 14:02:48,121.04
9765,23568,2024-01-12 14:03:00,121.17
9766,23569,2024-01-12 14:03:12,120.95
9767,23570,2024-01-12 14:03:24,121.31
9768,23571,2024-01-12 14:03:36,122.45
9769,23572,2024-01-12 14:03:48,122.14
9770,23573,2024-01-12 14:04:00,122.8
9771,23574,2024-01-12 14:04:12,122.75
9772,23575,2024-01-12 14:04:24,122.14
9773,23576,2024-01-12 14:04:36,122.45
9774,23577,2024-01-12 14:04:48,122.31
9775,23578,2024-01-12 14:05:00,122.75
9776,23579,2024-01-12 14:05:12,122.97
9777,23580,2024-01-12 14:05:24,122.66
9778,23581,2024-01-12 14:05:36,123.5
9779,23582,2024-01-12 14:05:48,122.53
9780,23583,2024-01-12 14:06:00,122.8
9781,23584,2024-01-12 14:06:12,123.1
9782,23585,2024-01-12 14:06:24,123.32
9783,23586,2024-01-12 14:06:36,123.67
9784,23587,2024-01-12 14:06:48,122.45
9785,23588,2024-01-12 14:07:00,122.58
9786,23589,2024-01-12 14:07:12,123.45
9787,23590,2024-01-12 14:07:24,122.62
9788,23591,2024-01-12 14:07:36,123.37
9789,23592,2024-01-12 14:07:48,122.62
9790,23593,2024-01-12 14:08:00,122.14
9791,23594,2024-01-12 14:08:12,122.88
9792,23595,2024-01-12 14:08:24,123.19
9793,23596,2024-01-12 14:08:36,122.09
9794,23597,2024-01-12 14:08:48,122.14
9795,23598,2024-01-12 14:09:00,122.27
9796,23599,2024-01-12 14:09:12,122.45
9797,23600,2024-01-12 14:09:24,122.05
9798,23601,2024-01-12 14:09:36,122.62
9799,23602,2024-01-12 14:09:48,123.19
9800,23603,2024-01-12 14:10:00,123.54
9801,23604,2024-01-12 14:10:12,122.66
9802,23605,2024-01-12 14:10:24,123.06
9803,23606,2024-01-12 14:10:36,122.53
9804,23607,2024-01-12 14:10:48,122.84
9805,23608,2024-01-12 14:11:00,122.31
9806,23609,2024-01-12 14:11:12,122.09
9807,23610,2024-01-12 14:11:24,122.45
9808,23611,2024-01-12 14:11:36,122.14
9809,23612,2024-01-12 14:11:48,122.84
9810,23613,2024-01-12 14:12:00,122.75
9811,23614,2024-01-12 14:12:12,123.19
9812,23615,2024-01-12 14:12:24,122.45
9813,23616,2024-01-12 14:12:36,122.66
9814,23617,2024-01-12 14:12:48,122.27
9815,23618,2024-01-12 14:13:00,122.62
9816,23619,2024-01-12 14:13:12,122.62
9817,23620,2024-01-12 14:13:24,122.01
9818,23621,2024-01-12 14:13:36,123.19
9819,23622,2024-01-12 14:13:48,122.88
9820,23623,2024-01-12 14:14:00,123.32
9821,23624,2024-01-12 14:14:12,122.93
9822,23625,2024-01-12 14:14:24,122.84
9823,23626,2024-01-12 14:14:36,123.41
9824,23627,2024-01-12 14:14:48,123.32
9825,23628,2024-01-12 14:15:00,123.58
9826,23629,2024-01-12 14:15:12,123.89
9827,23630,2024-01-12 14:15:24,124.07
9828,23631,2024-01-12 14:15:36,124.2
9829,23632,2024-01-12 14:15:48,124.07
9830,23633,2024-01-12 14:16:00,124.81
9831,23634,2024-01-12 14:16:12,124.37
9832,23635,2024-01-12 14:16:24,124.46
9833,23636,2024-01-12 14:16:36,123.8
9834,23637,2024-01-12 14:16:48,124.24
9835,23638,2024-01-12 14:17:00,124.42
9836,23639,2024-01-12 14:17:12,123.76
9837,23640,2024-01-12 14:17:24,123.8
9838,23641,2024-01-12 14:17:36,123.32
9839,23642,2024-01-12 14:17:48,122.53
9840,23643,2024-01-12 14:18:00,121.83
9841,23644,2024-01-12 14:18:12,121.31
9842,23645,2024-01-12 14:18:24,120.87
9843,23646,2024-01-12 14:18:36,120.47
9844,23647,2024-01-12 14:18:48,119.95
9845,23648,2024-01-12 14:19:00,119.46
9846,23649,2024-01-12 14:19:12,118.98
9847,23650,2024-01-12 14:19:24,118.46
9848,23651,2024-01-12 14:19:36,117.93
9849,23652,2024-01-12 14:19:48,117.4
9850,23653,2024-01-12 14:20:00,117.05
9851,23654,2024-01-12 14:20:12,116.62
9852,23655,2024-01-12 14:20:24,116.09
9853,23656,2024-01-12 14:20:36,115.65
9854,23657,2024-01-12 14:20:48,115.26
9855,23658,2024-01-12 14:21:00,114.77
9856,23659,2024-01-12 14:21:12,114.38
9857,23660,2024-01-12 14:21:24,114.03
9858,23661,2024-01-12 14:21:36,113.59
9859,23662,2024-01-12 14:21:48,112.98
9860,23663,2024-01-12 14:22:00,112.67
9861,23664,2024-01-12 14:22:12,112.36
9862,23665,2024-01-12 14:22:24,111.97
9863,23666,2024-01-12 14:22:36,111.57
9864,23667,2024-01-12 14:22:48,111.22
9865,23668,2024-01-12 14:23:00,110.65
9866,23669,2024-01-12 14:23:12,110.22
9867,23670,2024-01-12 14:23:24,109.95
9868,23671,2024-01-12 14:23:36,109.56
9869,23672,2024-01-12 14:23:48,109.25
9870,23673,2024-01-12 14:24:00,108.94
9871,23674,2024-01-12 14:24:12,108.59
9872,23675,2024-01-12 14:24:24,108.29
9873,23676,2024-01-12 14:24:36,107.98
9874,23677,2024-01-12 14:24:48,107.41
9875,23678,2024-01-12 14:25:00,107.1
9876,23679,2024-01-12 14:25:12,106.67
9877,23680,2024-01-12 14:25:24,106.18
9878,23681,2024-01-12 14:25:36,105.88
9879,23682,2024-01-12 14:25:48,105.48
9880,23683,2024-01-12 14:26:00,105.17
9881,23684,2024-01-12 14:26:12,104.82
9882,23685,2024-01-12 14:26:24,104.56
9883,23686,2024-01-12 14:26:36,104.25
9884,23687,2024-01-12 14:26:48,103.95
9885,23688,2024-01-12 14:27:00,103.64
9886,23689,2024-01-12 14:27:12,103.2
9887,23690,2024-01-12 14:27:24,102.9
9888,23691,2024-01-12 14:27:36,102.37
9889,23692,2024-01-12 14:27:48,102.06
9890,23693,2024-01-12 14:28:00,101.8
9891,23694,2024-01-12 14:28:12,101.54
9892,23695,2024-01-12 14:28:24,101.23
9893,23696,2024-01-12 14:28:36,100.97
9894,23697,2024-01-12 14:28:48,100.62
9895,23698,2024-01-12 14:29:00,100.31
9896,23699,2024-01-12 14:29:12,100.0
9897,23700,2024-01-12 14:29:24,99.74
9898,23701,2024-01-12 14:29:36,99.39
9899,23702,2024-01-12 14:29:48,100.09
9900,23703,2024-01-12 14:30:00,99.48
9901,23704,2024-01-12 14:30:12,100.57
9902,23705,2024-01-12 14:30:24,100.31
9903,23706,2024-01-12 14:30:36,101.19
9904,23707,2024-01-12 14:30:48,101.41
9905,23708,2024-01-12 14:31:00,101.93
9906,23709,2024-01-12 14:31:12,101.8
9907,23710,2024-01-12 14:31:24,102.28
9908,23711,2024-01-12 14:31:36,102.54
9909,23712,2024-01-12 14:31:48,102.5
9910,23713,2024-01-12 14:32:00,102.68
9911,23714,2024-01-12 14:32:12,103.51
9912,23715,2024-01-12 14:32:24,103.47
9913,23716,2024-01-12 14:32:36,103.38
9914,23717,2024-01-12 14:32:48,103.42
9915,23718,2024-01-12 14:33:00,104.25
9916,23719,2024-01-12 14:33:12,104.04
9917,23720,2024-01-12 14:33:24,104.52
9918,23721,2024-01-12 14:33:36,104.96
9919,23722,2024-01-12 14:33:48,105.31
9920,23723,2024-01-12 14:34:00,104.82
9921,23724,2024-01-12 14:34:12,105.96
9922,23725,2024-01-12 14:34:24,106.01
9923,23726,2024-01-12 14:34:36,106.14
9924,23727,2024-01-12 14:34:48,106.75
9925,23728,2024-01-12 14:35:00,106.8
9926,23729,2024-01-12 14:35:12,106.58
9927,23730,2024-01-12 14:35:24,107.72
9928,23731,2024-01-12 14:35:36,106.58
9929,23732,2024-01-12 14:35:48,107.76
9930,23733,2024-01-12 14:36:00,107.06
9931,23734,2024-01-12 14:36:12,107.54
9932,23735,2024-01-12 14:36:24,107.89
9933,23736,2024-01-12 14:36:36,107.67
9934,23737,2024-01-12 14:36:48,108.77
9935,23738,2024-01-12 14:37:00,108.11
9936,23739,2024-01-12 14:37:12,108.94
9937,23740,2024-01-12 14:37:24,109.16
9938,23741,2024-01-12 14:37:36,108.81
9939,23742,2024-01-12 14:37:48,109.82
9940,23743,2024-01-12 14:38:00,110.43
9941,23744,2024-01-12 14:38:12,109.78
9942,23745,2024-01-12 14:38:24,110.7
9943,23746,2024-01-12 14:38:36,110.13
9944,23747,2024-01-12 14:38:48,110.17
9945,23748,2024-01-12 14:39:00,110.52
9946,23749,2024-01-12 14:39:12,110.22
9947,23750,2024-01-12 14:39:24,110.96
9948,23751,2024-01-12 14:39:36,111.62
9949,23752,2024-01-12 14:39:48,111.93
9950,23753,2024-01-12 14:40:00,111.57
9951,23754,2024-01-12 14:40:12,112.28
9952,23755,2024-01-12 14:40:24,112.8
9953,23756,2024-01-12 14:40:36,112.06
9954,23757,2024-01-12 14:40:48,112.89
9955,23758,2024-01-12 14:41:00,112.45
9956,23759,2024-01-12 14:41:12,112.41
9957,23760,2024-01-12 14:41:24,112.89
9958,23761,2024-01-12 14:41:36,113.33
9959,23762,2024-01-12 14:41:48,112.98
9960,23763,2024-01-12 14:42:00,113.81
9961,23764,2024-01-12 14:42:12,113.28
9962,23765,2024-01-12 14:42:24,112.8
9963,23766,2024-01-12 14:42:36,113.85
9964,23767,2024-01-12 14:42:48,113.37
9965,23768,2024-01-12 14:43:00,114.16
9966,23769,2024-01-12 14:43:12,114.56
9967,23770,2024-01-12 14:43:24,114.64
9968,23771,2024-01-12 14:43:36,114.91
9969,23772,2024-01-12 14:43:48,114.29
9970,23773,2024-01-12 14:44:00,115.12
9971,23774,2024-01-12 14:44:12,115.12
9972,23775,2024-01-12 14:44:24,115.69
9973,23776,2024-01-12 14:44:36,115.91
9974,23777,2024-01-12 14:44:48,115.08
9975,23778,2024-01-12 14:45:00,115.87
9976,23779,2024-01-12 14:45:12,116.66
9977,23780,2024-01-12 14:45:24,116.05
9978,23781,2024-01-12 14:45:36,116.48
9979,23782,2024-01-12 14:45:48,116.92
9980,23783,2024-01-12 14:46:00,116.66
9981,23784,2024-01-12 14:46:12,116.66
9982,23785,2024-01-12 14:46:24,117.23
9983,23786,2024-01-12 14:46:36,117.19
9984,23787,2024-01-12 14:46:48,116.53
9985,23788,2024-01-12 14:47:00,117.45
9986,23789,2024-01-12 14:47:12,117.01
9987,23790,2024-01-12 14:47:24,117.71
9988,23791,2024-01-12 14:47:36,117.97
9989,23792,2024-01-12 14:47:48,118.24
9990,23793,2024-01-12 14:48:00,118.11
9991,23794,2024-01-12 14:48:12,118.37
9992,23795,2024-01-12 14:48:24,118.24
9993,23796,2024-01-12 14:48:36,118.46
9994,23797,2024-01-12 14:48:48,118.5
9995,23798,2024-01-12 14:49:00,118.59
9996,23799,2024-01-12 14:49:12,119.11
9997,23800,2024-01-12 14:49:24,118.15
9998,23801,2024-01-12 14:49:36,119.51
9999,23802,2024-01-12 14:49:48,119.03
10000,23803,2024-01-12 14:50:00,118.98
10001,23804,2024-01-12 14:50:12,118.76
10002,23805,2024-01-12 14:50:24,119.64
10003,23806,2024-01-12 14:50:36,118.89
10004,23807,2024-01-12 14:50:48,118.41
10005,23808,2024-01-12 14:51:00,118.72
10006,23809,2024-01-12 14:51:12,119.38
10007,23810,2024-01-12 14:51:24,119.99
10008,23811,2024-01-12 14:51:36,119.46
10009,23812,2024-01-12 14:51:48,119.51
10010,23813,2024-01-12 14:52:00,118.63
10011,23814,2024-01-12 14:52:12,119.16
10012,23815,2024-01-12 14:52:24,119.51
10013,23816,2024-01-12 14:52:36,119.42
10014,23817,2024-01-12 14:52:48,119.29
10015,23818,2024-01-12 14:53:00,119.46
10016,23819,2024-01-12 14:53:12,120.52
10017,23820,2024-01-12 14:53:24,119.55
10018,23821,2024-01-12 14:53:36,119.82
10019,23822,2024-01-12 14:53:48,119.2
10020,23823,2024-01-12 14:54:00,119.68
10021,23824,2024-01-12 14:54:12,119.86
10022,23825,2024-01-12 14:54:24,119.42
10023,23826,2024-01-12 14:54:36,120.17
10024,23827,2024-01-12 14:54:48,119.95
10025,23828,2024-01-12 14:55:00,119.77
10026,23829,2024-01-12 14:55:12,119.68
10027,23830,2024-01-12 14:55:24,119.55
10028,23831,2024-01-12 14:55:36,119.51
10029,23832,2024-01-12 14:55:48,119.29
10030,23833,2024-01-12 14:56:00,119.51
10031,23834,2024-01-12 14:56:12,119.33
10032,23835,2024-01-12 14:56:24,119.51
10033,23836,2024-01-12 14:56:36,119.95
10034,23837,2024-01-12 14:56:48,120.25
10035,23838,2024-01-12 14:57:00,119.55
10036,23839,2024-01-12 14:57:12,120.38
10037,23840,2024-01-12 14:57:24,120.25
10038,23841,2024-01-12 14:57:36,120.03
10039,23842,2024-01-12 14:57:48,119.77
10040,23843,2024-01-12 14:58:00,120.38
10041,23844,2024-01-12 14:58:12,119.99
10042,23845,2024-01-12 14:58:24,120.52
10043,23846,2024-01-12 14:58:36,121.0
10044,23847,2024-01-12 14:58:48,120.25
10045,23848,2024-01-12 14:59:00,120.95
10046,23849,2024-01-12 14:59:12,121.04
10047,23850,2024-01-12 14:59:24,120.69
10048,23851,2024-01-12 14:59:36,120.87
10049,23852,2024-01-12 14:59:48,120.65
10050,23853,2024-01-12 15:00:00,120.95
10051,23854,2024-01-12 15:00:12,120.74
10052,23855,2024-01-12 15:00:24,121.31
10053,23856,2024-01-12 15:00:36,121.04
10054,23857,2024-01-12 15:00:48,121.66
10055,23858,2024-01-12 15:01:00,121.17
10056,23859,2024-01-12 15:01:12,122.01
10057,23860,2024-01-12 15:01:24,121.22
10058,23861,2024-01-12 15:01:36,121.22
10059,23862,2024-01-12 15:01:48,122.31
10060,23863,2024-01-12 15:02:00,122.45
10061,23864,2024-01-12 15:02:12,122.14
10062,23865,2024-01-12 15:02:24,121.31
10063,23866,2024-01-12 15:02:36,122.27
10064,23867,2024-01-12 15:02:48,121.44
10065,23868,2024-01-12 15:03:00,122.18
10066,23869,2024-01-12 15:03:12,122.36
10067,23870,2024-01-12 15:03:24,121.96
10068,23871,2024-01-12 15:03:36,122.36
10069,23872,2024-01-12 15:03:48,122.71
10070,23873,2024-01-12 15:04:00,121.92
10071,23874,2024-01-12 15:04:12,121.83
10072,23875,2024-01-12 15:04:24,121.31
10073,23876,2024-01-12 15:04:36,122.14
10074,23877,2024-01-12 15:04:48,122.71
10075,23878,2024-01-12 15:05:00,123.01
10076,23879,2024-01-12 15:05:12,123.19
10077,23880,2024-01-12 15:05:24,123.45
10078,23881,2024-01-12 15:05:36,123.5
10079,23882,2024-01-12 15:05:48,123.28
10080,23883,2024-01-12 15:06:00,123.41
10081,23884,2024-01-12 15:06:12,123.1
10082,23885,2024-01-12 15:06:24,122.36
10083,23886,2024-01-12 15:06:36,123.5
10084,23887,2024-01-12 15:06:48,122.8
10085,23888,2024-01-12 15:07:00,123.85
10086,23889,2024-01-12 15:07:12,123.06
10087,23890,2024-01-12 15:07:24,124.46
10088,23891,2024-01-12 15:07:36,124.46
10089,23892,2024-01-12 15:07:48,124.29
10090,23893,2024-01-12 15:08:00,123.76
10091,23894,2024-01-12 15:08:12,123.89
10092,23895,2024-01-12 15:08:24,123.85
10093,23896,2024-01-12 15:08:36,123.41
10094,23897,2024-01-12 15:08:48,124.59
10095,23898,2024-01-12 15:09:00,123.85
10096,23899,2024-01-12 15:09:12,124.11
10097,23900,2024-01-12 15:09:24,124.2
10098,23901,2024-01-12 15:09:36,124.99
10099,23902,2024-01-12 15:09:48,123.85
10100,23903,2024-01-12 15:10:00,123.32
10101,23904,2024-01-12 15:10:12,122.75
10102,23905,2024-01-12 15:10:24,122.27
10103,23906,2024-01-12 15:10:36,121.7
10104,23907,2024-01-12 15:10:48,121.0
10105,23908,2024-01-12 15:11:00,120.52
10106,23909,2024-01-12 15:11:12,119.68
10107,23910,2024-01-12 15:11:24,119.03
10108,23911,2024-01-12 15:11:36,118.59
10109,23912,2024-01-12 15:11:48,118.02
10110,23913,2024-01-12 15:12:00,117.54
10111,23914,2024-01-12 15:12:12,116.88
10112,23915,2024-01-12 15:12:24,116.31
10113,23916,2024-01-12 15:12:36,115.96
10114,23917,2024-01-12 15:12:48,115.56
10115,23918,2024-01-12 15:13:00,115.17
10116,23919,2024-01-12 15:13:12,114.69
10117,23920,2024-01-12 15:13:24,114.34
10118,23921,2024-01-12 15:13:36,113.94
10119,23922,2024-01-12 15:13:48,113.46
10120,23923,2024-01-12 15:14:00,112.89
10121,23924,2024-01-12 15:14:12,112.32
10122,23925,2024-01-12 15:14:24,111.93
10123,23926,2024-01-12 15:14:36,111.36
10124,23927,2024-01-12 15:14:48,110.96
10125,23928,2024-01-12 15:15:00,110.7
10126,23929,2024-01-12 15:15:12,110.35
10127,23930,2024-01-12 15:15:24,110.0
10128,23931,2024-01-12 15:15:36,109.65
10129,23932,2024-01-12 15:15:48,109.3
10130,23933,2024-01-12 15:16:00,108.73
10131,23934,2024-01-12 15:16:12,108.2
10132,23935,2024-01-12 15:16:24,107.72
10133,23936,2024-01-12 15:16:36,107.37
10134,23937,2024-01-12 15:16:48,107.06
10135,23938,2024-01-12 15:17:00,106.58
10136,23939,2024-01-12 15:17:12,106.01
10137,23940,2024-01-12 15:17:24,105.57
10138,23941,2024-01-12 15:17:36,105.17
10139,23942,2024-01-12 15:17:48,104.91
10140,23943,2024-01-12 15:18:00,104.61
10141,23944,2024-01-12 15:18:12,104.3
10142,23945,2024-01-12 15:18:24,104.04
10143,23946,2024-01-12 15:18:36,103.73
10144,23947,2024-01-12 15:18:48,103.42
10145,23948,2024-01-12 15:19:00,103.11
10146,23949,2024-01-12 15:19:12,102.81
10147,23950,2024-01-12 15:19:24,102.54
10148,23951,2024-01-12 15:19:36,102.15
10149,23952,2024-01-12 15:19:48,101.93
10150,23953,2024-01-12 15:20:00,101.62
10151,23954,2024-01-12 15:20:12,101.32
10152,23955,2024-01-12 15:20:24,101.01
10153,23956,2024-01-12 15:20:36,100.75
10154,23957,2024-01-12 15:20:48,100.4
10155,23958,2024-01-12 15:21:00,100.13
10156,23959,2024-01-12 15:21:12,99.83
10157,23960,2024-01-12 15:21:24,99.52
10158,23961,2024-01-12 15:21:36,99.26
10159,23962,2024-01-12 15:21:48,98.91
10160,23963,2024-01-12 15:22:00,98.6
10161,23964,2024-01-12 15:22:12,98.34
10162,23965,2024-01-12 15:22:24,97.94
10163,23966,2024-01-12 15:22:36,97.68
10164,23967,2024-01-12 15:22:48,97.42
10165,23968,2024-01-12 15:23:00,97.15
10166,23969,2024-01-12 15:23:12,96.8
10167,23970,2024-01-12 15:23:24,96.58
10168,23971,2024-01-12 15:23:36,96.19
10169,23972,2024-01-12 15:23:48,95.97
10170,23973,2024-01-12 15:24:00,95.62
10171,23974,2024-01-12 15:24:12,95.4
10172,23975,2024-01-12 15:24:24,95.09
10173,23976,2024-01-12 15:24:36,94.74
10174,23977,2024-01-12 15:24:48,94.57
10175,23978,2024-01-12 15:25:00,94.22
10176,23979,2024-01-12 15:25:12,93.95
10177,23980,2024-01-12 15:25:24,93.65
10178,23981,2024-01-12 15:25:36,93.34
10179,23982,2024-01-12 15:25:48,93.08
10180,23983,2024-01-12 15:26:00,92.77
10181,23984,2024-01-12 15:26:12,92.51
10182,23985,2024-01-12 15:26:24,92.24
10183,23986,2024-01-12 15:26:36,91.89
10184,23987,2024-01-12 15:26:48,91.63
10185,23988,2024-01-12 15:27:00,91.41
10186,23989,2024-01-12 15:27:12,91.1
10187,23990,2024-01-12 15:27:24,90.75
10188,23991,2024-01-12 15:27:36,90.53
10189,23992,2024-01-12 15:27:48,90.18
10190,23993,2024-01-12 15:28:00,89.92
10191,23994,2024-01-12 15:28:12,89.75
10192,23995,2024-01-12 15:28:24,89.39
10193,23996,2024-01-12 15:28:36,89.09
10194,23997,2024-01-12 15:28:48,88.78
10195,23998,2024-01-12 15:29:00,88.52
10196,23999,2024-01-12 15:29:12,88.34
10197,24000,2024-01-12 15:29:24,88.04
10198,24001,2024-01-12 15:29:36,87.73
10199,24002,2024-01-12 15:29:48,87.38
10200,43503,2024-01-15 08:30:00,97.59
10201,43504,2024-01-15 08:30:12,96.89
10202,43505,2024-01-15 08:30:24,96.76
10203,43506,2024-01-15 08:30:36,97.55
10204,43507,2024-01-15 08:30:48,98.42
10205,43508,2024-01-15 08:31:00,98.21
10206,43509,2024-01-15 08:31:12,97.46
10207,43510,2024-01-15 08:31:24,98.12
10208,43511,2024-01-15 08:31:36,97.72
10209,43512,2024-01-15 08:31:48,98.6
10210,43513,2024-01-15 08:32:00,99.13
10211,43514,2024-01-15 08:32:12,98.73
10212,43515,2024-01-15 08:32:24,99.48
10213,43516,2024-01-15 08:32:36,98.78
10214,43517,2024-01-15 08:32:48,99.56
10215,43518,2024-01-15 08:33:00,99.3
10216,43519,2024-01-15 08:33:12,98.99
10217,43520,2024-01-15 08:33:24,99.35
10218,43521,2024-01-15 08:33:36,99.7
10219,43522,2024-01-15 08:33:48,99.52
10220,43523,2024-01-15 08:34:00,100.05
10221,43524,2024-01-15 08:34:12,100.18
10222,43525,2024-01-15 08:34:24,100.27
10223,43526,2024-01-15 08:34:36,99.65
10224,43527,2024-01-15 08:34:48,100.18
10225,43528,2024-01-15 08:35:00,100.57
10226,43529,2024-01-15 08:35:12,99.74
10227,43530,2024-01-15 08:35:24,100.62
10228,43531,2024-01-15 08:35:36,100.7
10229,43532,2024-01-15 08:35:48,100.4
10230,43533,2024-01-15 08:36:00,100.4
10231,43534,2024-01-15 08:36:12,100.27
10232,43535,2024-01-15 08:36:24,100.92
10233,43536,2024-01-15 08:36:36,100.18
10234,43537,2024-01-15 08:36:48,101.8
10235,43538,2024-01-15 08:37:00,101.58
10236,43539,2024-01-15 08:37:12,101.27
10237,43540,2024-01-15 08:37:24,101.8
10238,43541,2024-01-15 08:37:36,100.97
10239,43542,2024-01-15 08:37:48,101.71
10240,43543,2024-01-15 08:38:00,101.67
10241,43544,2024-01-15 08:38:12,102.15
10242,43545,2024-01-15 08:38:24,102.98
10243,43546,2024-01-15 08:38:36,102.9
10244,43547,2024-01-15 08:38:48,102.98
10245,43548,2024-01-15 08:39:00,102.72
10246,43549,2024-01-15 08:39:12,103.42
10247,43550,2024-01-15 08:39:24,102.85
10248,43551,2024-01-15 08:39:36,103.73
10249,43552,2024-01-15 08:39:48,103.47
10250,43553,2024-01-15 08:40:00,102.72
10251,43554,2024-01-15 08:40:12,103.82
10252,43555,2024-01-15 08:40:24,104.12
10253,43556,2024-01-15 08:40:36,103.38
10254,43557,2024-01-15 08:40:48,102.46
10255,43558,2024-01-15 08:41:00,102.72
10256,43559,2024-01-15 08:41:12,102.68
10257,43560,2024-01-15 08:41:24,102.76
10258,43561,2024-01-15 08:41:36,101.93
10259,43562,2024-01-15 08:41:48,102.41
10260,43563,2024-01-15 08:42:00,102.76
10261,43564,2024-01-15 08:42:12,102.37
10262,43565,2024-01-15 08:42:24,103.07
10263,43566,2024-01-15 08:42:36,103.25
10264,43567,2024-01-15 08:42:48,103.38
10265,43568,2024-01-15 08:43:00,102.85
10266,43569,2024-01-15 08:43:12,103.03
10267,43570,2024-01-15 08:43:24,102.15
10268,43571,2024-01-15 08:43:36,101.71
10269,43572,2024-01-15 08:43:48,102.24
10270,43573,2024-01-15 08:44:00,101.93
10271,43574,2024-01-15 08:44:12,102.81
10272,43575,2024-01-15 08:44:24,102.81
10273,43576,2024-01-15 08:44:36,102.72
10274,43577,2024-01-15 08:44:48,103.42
10275,43578,2024-01-15 08:45:00,103.38
10276,43579,2024-01-15 08:45:12,103.77
10277,43580,2024-01-15 08:45:24,103.82
10278,43581,2024-01-15 08:45:36,104.12
10279,43582,2024-01-15 08:45:48,104.52
10280,43583,2024-01-15 08:46:00,103.95
10281,43584,2024-01-15 08:46:12,104.17
10282,43585,2024-01-15 08:46:24,104.82
10283,43586,2024-01-15 08:46:36,104.82
10284,43587,2024-01-15 08:46:48,105.17
10285,43588,2024-01-15 08:47:00,104.82
10286,43589,2024-01-15 08:47:12,105.44
10287,43590,2024-01-15 08:47:24,105.31
10288,43591,2024-01-15 08:47:36,105.66
10289,43592,2024-01-15 08:47:48,105.61
10290,43593,2024-01-15 08:48:00,105.88
10291,43594,2024-01-15 08:48:12,105.92
10292,43595,2024-01-15 08:48:24,105.88
10293,43596,2024-01-15 08:48:36,106.05
10294,43597,2024-01-15 08:48:48,105.26
10295,43598,2024-01-15 08:49:00,105.66
10296,43599,2024-01-15 08:49:12,104.91
10297,43600,2024-01-15 08:49:24,104.82
10298,43601,2024-01-15 08:49:36,105.39
10299,43602,2024-01-15 08:49:48,104.12
10300,43603,2024-01-15 08:50:00,103.11
10301,43604,2024-01-15 08:50:12,103.51
10302,43605,2024-01-15 08:50:24,103.2
10303,43606,2024-01-15 08:50:36,102.28
10304,43607,2024-01-15 08:50:48,102.15
10305,43608,2024-01-15 08:51:00,103.29
10306,43609,2024-01-15 08:51:12,103.11
10307,43610,2024-01-15 08:51:24,102.72
10308,43611,2024-01-15 08:51:36,102.85
10309,43612,2024-01-15 08:51:48,102.76
10310,43613,2024-01-15 08:52:00,102.76
10311,43614,2024-01-15 08:52:12,103.16
10312,43615,2024-01-15 08:52:24,103.82
10313,43616,2024-01-15 08:52:36,103.07
10314,43617,2024-01-15 08:52:48,103.55
10315,43618,2024-01-15 08:53:00,103.77
10316,43619,2024-01-15 08:53:12,103.2
10317,43620,2024-01-15 08:53:24,103.86
10318,43621,2024-01-15 08:53:36,104.43
10319,43622,2024-01-15 08:53:48,103.68
10320,43623,2024-01-15 08:54:00,103.77
10321,43624,2024-01-15 08:54:12,104.17
10322,43625,2024-01-15 08:54:24,103.73
10323,43626,2024-01-15 08:54:36,103.86
10324,43627,2024-01-15 08:54:48,104.39
10325,43628,2024-01-15 08:55:00,103.95
10326,43629,2024-01-15 08:55:12,103.42
10327,43630,2024-01-15 08:55:24,104.47
10328,43631,2024-01-15 08:55:36,104.91
10329,43632,2024-01-15 08:55:48,104.47
10330,43633,2024-01-15 08:56:00,104.87
10331,43634,2024-01-15 08:56:12,104.61
10332,43635,2024-01-15 08:56:24,104.56
10333,43636,2024-01-15 08:56:36,104.3
10334,43637,2024-01-15 08:56:48,105.0
10335,43638,2024-01-15 08:57:00,105.04
10336,43639,2024-01-15 08:57:12,104.96
10337,43640,2024-01-15 08:57:24,104.47
10338,43641,2024-01-15 08:57:36,105.26
10339,43642,2024-01-15 08:57:48,104.91
10340,43643,2024-01-15 08:58:00,105.17
10341,43644,2024-01-15 08:58:12,105.35
10342,43645,2024-01-15 08:58:24,105.22
10343,43646,2024-01-15 08:58:36,105.7
10344,43647,2024-01-15 08:58:48,104.3
10345,43648,2024-01-15 08:59:00,105.31
10346,43649,2024-01-15 08:59:12,105.44
10347,43650,2024-01-15 08:59:24,105.7
10348,43651,2024-01-15 08:59:36,105.26
10349,43652,2024-01-15 08:59:48,105.66
10350,43653,2024-01-15 09:00:00,105.53
10351,43654,2024-01-15 09:00:12,106.23
10352,43655,2024-01-15 09:00:24,106.49
10353,43656,2024-01-15 09:00:36,105.92
10354,43657,2024-01-15 09:00:48,105.96
10355,43658,2024-01-15 09:01:00,106.05
10356,43659,2024-01-15 09:01:12,106.18
10357,43660,2024-01-15 09:01:24,106.18
10358,43661,2024-01-15 09:01:36,105.83
10359,43662,2024-01-15 09:01:48,106.53
10360,43663,2024-01-15 09:02:00,106.58
10361,43664,2024-01-15 09:02:12,106.71
10362,43665,2024-01-15 09:02:24,106.58
10363,43666,2024-01-15 09:02:36,106.36
10364,43667,2024-01-15 09:02:48,106.49
10365,43668,2024-01-15 09:03:00,107.28
10366,43669,2024-01-15 09:03:12,107.63
10367,43670,2024-01-15 09:03:24,106.88
10368,43671,2024-01-15 09:03:36,107.98
10369,43672,2024-01-15 09:03:48,107.67
10370,43673,2024-01-15 09:04:00,108.77
10371,43674,2024-01-15 09:04:12,107.54
10372,43675,2024-01-15 09:04:24,107.37
10373,43676,2024-01-15 09:04:36,107.59
10374,43677,2024-01-15 09:04:48,108.2
10375,43678,2024-01-15 09:05:00,107.72
10376,43679,2024-01-15 09:05:12,107.06
10377,43680,2024-01-15 09:05:24,107.85
10378,43681,2024-01-15 09:05:36,107.02
10379,43682,2024-01-15 09:05:48,108.11
10380,43683,2024-01-15 09:06:00,108.42
10381,43684,2024-01-15 09:06:12,108.29
10382,43685,2024-01-15 09:06:24,108.16
10383,43686,2024-01-15 09:06:36,107.5
10384,43687,2024-01-15 09:06:48,108.33
10385,43688,2024-01-15 09:07:00,108.64
10386,43689,2024-01-15 09:07:12,108.77
10387,43690,2024-01-15 09:07:24,108.11
10388,43691,2024-01-15 09:07:36,108.81
10389,43692,2024-01-15 09:07:48,108.33
10390,43693,2024-01-15 09:08:00,107.98
10391,43694,2024-01-15 09:08:12,108.99
10392,43695,2024-01-15 09:08:24,108.86
10393,43696,2024-01-15 09:08:36,108.77
10394,43697,2024-01-15 09:08:48,109.12
10395,43698,2024-01-15 09:09:00,109.12
10396,43699,2024-01-15 09:09:12,109.3
10397,43700,2024-01-15 09:09:24,108.81
10398,43701,2024-01-15 09:09:36,108.94
10399,43702,2024-01-15 09:09:48,110.17
10400,43703,2024-01-15 09:10:00,110.17
10401,43704,2024-01-15 09:10:12,110.08
10402,43705,2024-01-15 09:10:24,109.82
10403,43706,2024-01-15 09:10:36,110.26
10404,43707,2024-01-15 09:10:48,109.56
10405,43708,2024-01-15 09:11:00,110.13
10406,43709,2024-01-15 09:11:12,109.82
10407,43710,2024-01-15 09:11:24,109.95
10408,43711,2024-01-15 09:11:36,109.73
10409,43712,2024-01-15 09:11:48,109.95
10410,43713,2024-01-15 09:12:00,110.17
10411,43714,2024-01-15 09:12:12,110.57
10412,43715,2024-01-15 09:12:24,110.17
10413,43716,2024-01-15 09:12:36,110.61
10414,43717,2024-01-15 09:12:48,111.22
10415,43718,2024-01-15 09:13:00,110.92
10416,43719,2024-01-15 09:13:12,111.4
10417,43720,2024-01-15 09:13:24,110.74
10418,43721,2024-01-15 09:13:36,110.87
10419,43722,2024-01-15 09:13:48,110.83
10420,43723,2024-01-15 09:14:00,111.62
10421,43724,2024-01-15 09:14:12,110.74
10422,43725,2024-01-15 09:14:24,111.4
10423,43726,2024-01-15 09:14:36,110.83
10424,43727,2024-01-15 09:14:48,111.22
10425,43728,2024-01-15 09:15:00,111.62
10426,43729,2024-01-15 09:15:12,111.4
10427,43730,2024-01-15 09:15:24,111.44
10428,43731,2024-01-15 09:15:36,111.4
10429,43732,2024-01-15 09:15:48,111.27
10430,43733,2024-01-15 09:16:00,111.97
10431,43734,2024-01-15 09:16:12,111.66
10432,43735,2024-01-15 09:16:24,111.4
10433,43736,2024-01-15 09:16:36,111.93
10434,43737,2024-01-15 09:16:48,112.14
10435,43738,2024-01-15 09:17:00,111.62
10436,43739,2024-01-15 09:17:12,111.62
10437,43740,2024-01-15 09:17:24,111.71
10438,43741,2024-01-15 09:17:36,112.28
10439,43742,2024-01-15 09:17:48,112.1
10440,43743,2024-01-15 09:18:00,112.19
10441,43744,2024-01-15 09:18:12,112.76
10442,43745,2024-01-15 09:18:24,113.5
10443,43746,2024-01-15 09:18:36,112.71
10444,43747,2024-01-15 09:18:48,113.02
10445,43748,2024-01-15 09:19:00,113.55
10446,43749,2024-01-15 09:19:12,112.85
10447,43750,2024-01-15 09:19:24,113.63
10448,43751,2024-01-15 09:19:36,113.9
10449,43752,2024-01-15 09:19:48,113.59
10450,43753,2024-01-15 09:20:00,114.6
10451,43754,2024-01-15 09:20:12,113.46
10452,43755,2024-01-15 09:20:24,114.25
10453,43756,2024-01-15 09:20:36,114.29
10454,43757,2024-01-15 09:20:48,114.91
10455,43758,2024-01-15 09:21:00,114.56
10456,43759,2024-01-15 09:21:12,114.69
10457,43760,2024-01-15 09:21:24,115.39
10458,43761,2024-01-15 09:21:36,115.34
10459,43762,2024-01-15 09:21:48,114.73
10460,43763,2024-01-15 09:22:00,115.91
10461,43764,2024-01-15 09:22:12,115.78
10462,43765,2024-01-15 09:22:24,115.83
10463,43766,2024-01-15 09:22:36,115.96
10464,43767,2024-01-15 09:22:48,115.3
10465,43768,2024-01-15 09:23:00,116.26
10466,43769,2024-01-15 09:23:12,116.79
10467,43770,2024-01-15 09:23:24,115.56
10468,43771,2024-01-15 09:23:36,116.05
10469,43772,2024-01-15 09:23:48,116.66
10470,43773,2024-01-15 09:24:00,116.4
10471,43774,2024-01-15 09:24:12,116.31
10472,43775,2024-01-15 09:24:24,116.75
10473,43776,2024-01-15 09:24:36,117.71
10474,43777,2024-01-15 09:24:48,117.23
10475,43778,2024-01-15 09:25:00,116.79
10476,43779,2024-01-15 09:25:12,117.58
10477,43780,2024-01-15 09:25:24,116.48
10478,43781,2024-01-15 09:25:36,117.54
10479,43782,2024-01-15 09:25:48,117.23
10480,43783,2024-01-15 09:26:00,117.19
10481,43784,2024-01-15 09:26:12,117.45
10482,43785,2024-01-15 09:26:24,116.88
10483,43786,2024-01-15 09:26:36,117.62
10484,43787,2024-01-15 09:26:48,116.66
10485,43788,2024-01-15 09:27:00,118.37
10486,43789,2024-01-15 09:27:12,117.23
10487,43790,2024-01-15 09:27:24,117.62
10488,43791,2024-01-15 09:27:36,117.23
10489,43792,2024-01-15 09:27:48,118.24
10490,43793,2024-01-15 09:28:00,117.23
10491,43794,2024-01-15 09:28:12,118.28
10492,43795,2024-01-15 09:28:24,118.63
10493,43796,2024-01-15 09:28:36,118.06
10494,43797,2024-01-15 09:28:48,118.15
10495,43798,2024-01-15 09:29:00,118.54
10496,43799,2024-01-15 09:29:12,118.15
10497,43800,2024-01-15 09:29:24,117.97
10498,43801,2024-01-15 09:29:36,118.11
10499,43802,2024-01-15 09:29:48,118.06
10500,43803,2024-01-15 09:30:00,119.29
10501,43804,2024-01-15 09:30:12,118.68
10502,43805,2024-01-15 09:30:24,119.68
10503,43806,2024-01-15 09:30:36,118.98
10504,43807,2024-01-15 09:30:48,119.11
10505,43808,2024-01-15 09:31:00,119.33
10506,43809,2024-01-15 09:31:12,118.41
10507,43810,2024-01-15 09:31:24,119.51
10508,43811,2024-01-15 09:31:36,120.56
10509,43812,2024-01-15 09:31:48,120.17
10510,43813,2024-01-15 09:32:00,120.17
10511,43814,2024-01-15 09:32:12,120.03
10512,43815,2024-01-15 09:32:24,120.87
10513,43816,2024-01-15 09:32:36,120.69
10514,43817,2024-01-15 09:32:48,120.87
10515,43818,2024-01-15 09:33:00,120.95
10516,43819,2024-01-15 09:33:12,120.95
10517,43820,2024-01-15 09:33:24,122.01
10518,43821,2024-01-15 09:33:36,122.01
10519,43822,2024-01-15 09:33:48,122.27
10520,43823,2024-01-15 09:34:00,121.26
10521,43824,2024-01-15 09:34:12,122.18
10522,43825,2024-01-15 09:34:24,121.66
10523,43826,2024-01-15 09:34:36,121.83
10524,43827,2024-01-15 09:34:48,122.01
10525,43828,2024-01-15 09:35:00,123.01
10526,43829,2024-01-15 09:35:12,122.84
10527,43830,2024-01-15 09:35:24,122.4
10528,43831,2024-01-15 09:35:36,123.67
10529,43832,2024-01-15 09:35:48,122.75
10530,43833,2024-01-15 09:36:00,123.76
10531,43834,2024-01-15 09:36:12,123.89
10532,43835,2024-01-15 09:36:24,123.19
10533,43836,2024-01-15 09:36:36,123.8
10534,43837,2024-01-15 09:36:48,124.11
10535,43838,2024-01-15 09:37:00,123.72
10536,43839,2024-01-15 09:37:12,124.02
10537,43840,2024-01-15 09:37:24,123.98
10538,43841,2024-01-15 09:37:36,124.46
10539,43842,2024-01-15 09:37:48,123.72
10540,43843,2024-01-15 09:38:00,123.19
10541,43844,2024-01-15 09:38:12,122.66
10542,43845,2024-01-15 09:38:24,122.14
10543,43846,2024-01-15 09:38:36,121.61
10544,43847,2024-01-15 09:38:48,121.13
10545,43848,2024-01-15 09:39:00,120.65
10546,43849,2024-01-15 09:39:12,120.17
10547,43850,2024-01-15 09:39:24,119.73
10548,43851,2024-01-15 09:39:36,119.2
10549,43852,2024-01-15 09:39:48,118.81
10550,43853,2024-01-15 09:40:00,118.28
10551,43854,2024-01-15 09:40:12,117.89
10552,43855,2024-01-15 09:40:24,117.45
10553,43856,2024-01-15 09:40:36,117.01
10554,43857,2024-01-15 09:40:48,116.53
10555,43858,2024-01-15 09:41:00,116.13
10556,43859,2024-01-15 09:41:12,115.69
10557,43860,2024-01-15 09:41:24,115.3
10558,43861,2024-01-15 09:41:36,114.95
10559,43862,2024-01-15 09:41:48,114.51
10560,43863,2024-01-15 09:42:00,114.07
10561,43864,2024-01-15 09:42:12,113.72
10562,43865,2024-01-15 09:42:24,113.28
10563,43866,2024-01-15 09:42:36,112.93
10564,43867,2024-01-15 09:42:48,112.45
10565,43868,2024-01-15 09:43:00,112.14
10566,43869,2024-01-15 09:43:12,111.75
10567,43870,2024-01-15 09:43:24,111.44
10568,43871,2024-01-15 09:43:36,111.05
10569,43872,2024-01-15 09:43:48,110.7
10570,43873,2024-01-15 09:44:00,110.22
10571,43874,2024-01-15 09:44:12,109.95
10572,43875,2024-01-15 09:44:24,109.51
10573,43876,2024-01-15 09:44:36,109.25
10574,43877,2024-01-15 09:44:48,108.81
10575,43878,2024-01-15 09:45:00,108.55
10576,43879,2024-01-15 09:45:12,108.24
10577,43880,2024-01-15 09:45:24,107.8
10578,43881,2024-01-15 09:45:36,107.54
10579,43882,2024-01-15 09:45:48,107.19
10580,43883,2024-01-15 09:46:00,106.84
10581,43884,2024-01-15 09:46:12,106.58
10582,43885,2024-01-15 09:46:24,106.18
10583,43886,2024-01-15 09:46:36,105.83
10584,43887,2024-01-15 09:46:48,105.61
10585,43888,2024-01-15 09:47:00,105.26
10586,43889,2024-01-15 09:47:12,104.91
10587,43890,2024-01-15 09:47:24,104.56
10588,43891,2024-01-15 09:47:36,104.21
10589,43892,2024-01-15 09:47:48,103.95
10590,43893,2024-01-15 09:48:00,103.55
10591,43894,2024-01-15 09:48:12,103.38
10592,43895,2024-01-15 09:48:24,102.98
10593,43896,2024-01-15 09:48:36,102.68
10594,43897,2024-01-15 09:48:48,102.37
10595,43898,2024-01-15 09:49:00,102.06
10596,43899,2024-01-15 09:49:12,101.76
10597,43900,2024-01-15 09:49:24,101.49
10598,43901,2024-01-15 09:49:36,101.14
10599,43902,2024-01-15 09:49:48,100.88
10600,43903,2024-01-15 09:50:00,100.53
10601,43904,2024-01-15 09:50:12,100.09
10602,43905,2024-01-15 09:50:24,99.7
10603,43906,2024-01-15 09:50:36,99.35
10604,43907,2024-01-15 09:50:48,98.86
10605,43908,2024-01-15 09:51:00,98.47
10606,43909,2024-01-15 09:51:12,100.05
10607,43910,2024-01-15 09:51:24,98.03
10608,43911,2024-01-15 09:51:36,99.56
10609,43912,2024-01-15 09:51:48,99.78
10610,43913,2024-01-15 09:52:00,100.18
10611,43914,2024-01-15 09:52:12,100.13
10612,43915,2024-01-15 09:52:24,100.18
10613,43916,2024-01-15 09:52:36,99.7
10614,43917,2024-01-15 09:52:48,100.18
10615,43918,2024-01-15 09:53:00,100.22
10616,43919,2024-01-15 09:53:12,101.27
10617,43920,2024-01-15 09:53:24,101.05
10618,43921,2024-01-15 09:53:36,101.8
10619,43922,2024-01-15 09:53:48,101.58
10620,43923,2024-01-15 09:54:00,101.32
10621,43924,2024-01-15 09:54:12,102.28
10622,43925,2024-01-15 09:54:24,101.76
10623,43926,2024-01-15 09:54:36,102.72
10624,43927,2024-01-15 09:54:48,102.54
10625,43928,2024-01-15 09:55:00,103.11
10626,43929,2024-01-15 09:55:12,103.68
10627,43930,2024-01-15 09:55:24,103.29
10628,43931,2024-01-15 09:55:36,104.3
10629,43932,2024-01-15 09:55:48,104.17
10630,43933,2024-01-15 09:56:00,104.39
10631,43934,2024-01-15 09:56:12,104.34
10632,43935,2024-01-15 09:56:24,104.61
10633,43936,2024-01-15 09:56:36,105.26
10634,43937,2024-01-15 09:56:48,104.96
10635,43938,2024-01-15 09:57:00,104.78
10636,43939,2024-01-15 09:57:12,105.35
10637,43940,2024-01-15 09:57:24,105.88
10638,43941,2024-01-15 09:57:36,105.79
10639,43942,2024-01-15 09:57:48,106.01
10640,43943,2024-01-15 09:58:00,106.31
10641,43944,2024-01-15 09:58:12,106.53
10642,43945,2024-01-15 09:58:24,106.31
10643,43946,2024-01-15 09:58:36,107.02
10644,43947,2024-01-15 09:58:48,106.36
10645,43948,2024-01-15 09:59:00,106.97
10646,43949,2024-01-15 09:59:12,107.02
10647,43950,2024-01-15 09:59:24,107.85
10648,43951,2024-01-15 09:59:36,107.41
10649,43952,2024-01-15 09:59:48,106.62
10650,43953,2024-01-15 10:00:00,107.19
10651,43954,2024-01-15 10:00:12,107.37
10652,43955,2024-01-15 10:00:24,107.19
10653,43956,2024-01-15 10:00:36,107.67
10654,43957,2024-01-15 10:00:48,108.07
10655,43958,2024-01-15 10:01:00,107.67
10656,43959,2024-01-15 10:01:12,107.37
10657,43960,2024-01-15 10:01:24,107.54
10658,43961,2024-01-15 10:01:36,108.46
10659,43962,2024-01-15 10:01:48,108.16
10660,43963,2024-01-15 10:02:00,108.46
10661,43964,2024-01-15 10:02:12,108.37
10662,43965,2024-01-15 10:02:24,108.16
10663,43966,2024-01-15 10:02:36,108.81
10664,43967,2024-01-15 10:02:48,108.07
10665,43968,2024-01-15 10:03:00,109.21
10666,43969,2024-01-15 10:03:12,109.03
10667,43970,2024-01-15 10:03:24,108.99
10668,43971,2024-01-15 10:03:36,109.3
10669,43972,2024-01-15 10:03:48,108.81
10670,43973,2024-01-15 10:04:00,108.81
10671,43974,2024-01-15 10:04:12,108.73
10672,43975,2024-01-15 10:04:24,108.77
10673,43976,2024-01-15 10:04:36,109.51
10674,43977,2024-01-15 10:04:48,109.82
10675,43978,2024-01-15 10:05:00,109.43
10676,43979,2024-01-15 10:05:12,109.03
10677,43980,2024-01-15 10:05:24,109.73
10678,43981,2024-01-15 10:05:36,109.73
10679,43982,2024-01-15 10:05:48,109.51
10680,43983,2024-01-15 10:06:00,109.16
10681,43984,2024-01-15 10:06:12,109.3
10682,43985,2024-01-15 10:06:24,109.82
10683,43986,2024-01-15 10:06:36,108.68
10684,43987,2024-01-15 10:06:48,110.0
10685,43988,2024-01-15 10:07:00,108.99
10686,43989,2024-01-15 10:07:12,109.65
10687,43990,2024-01-15 10:07:24,110.04
10688,43991,2024-01-15 10:07:36,110.35
10689,43992,2024-01-15 10:07:48,110.0
10690,43993,2024-01-15 10:08:00,110.52
10691,43994,2024-01-15 10:08:12,110.39
10692,43995,2024-01-15 10:08:24,109.51
10693,43996,2024-01-15 10:08:36,109.51
10694,43997,2024-01-15 10:08:48,110.22
10695,43998,2024-01-15 10:09:00,110.96
10696,43999,2024-01-15 10:09:12,111.4
10697,44000,2024-01-15 10:09:24,110.39
10698,44001,2024-01-15 10:09:36,110.87
10699,44002,2024-01-15 10:09:48,110.92
10700,44003,2024-01-15 10:10:00,110.0
10701,44004,2024-01-15 10:10:12,110.74
10702,44005,2024-01-15 10:10:24,111.05
10703,44006,2024-01-15 10:10:36,110.96
10704,44007,2024-01-15 10:10:48,111.22
10705,44008,2024-01-15 10:11:00,111.4
10706,44009,2024-01-15 10:11:12,110.92
10707,44010,2024-01-15 10:11:24,111.09
10708,44011,2024-01-15 10:11:36,111.57
10709,44012,2024-01-15 10:11:48,110.39
10710,44013,2024-01-15 10:12:00,111.62
10711,44014,2024-01-15 10:12:12,110.92
10712,44015,2024-01-15 10:12:24,110.43
10713,44016,2024-01-15 10:12:36,110.7
10714,44017,2024-01-15 10:12:48,111.53
10715,44018,2024-01-15 10:13:00,111.31
10716,44019,2024-01-15 10:13:12,111.22
10717,44020,2024-01-15 10:13:24,111.09
10718,44021,2024-01-15 10:13:36,111.4
10719,44022,2024-01-15 10:13:48,110.7
10720,44023,2024-01-15 10:14:00,111.27
10721,44024,2024-01-15 10:14:12,111.22
10722,44025,2024-01-15 10:14:24,111.84
10723,44026,2024-01-15 10:14:36,111.53
10724,44027,2024-01-15 10:14:48,111.27
10725,44028,2024-01-15 10:15:00,111.79
10726,44029,2024-01-15 10:15:12,112.67
10727,44030,2024-01-15 10:15:24,112.28
10728,44031,2024-01-15 10:15:36,112.32
10729,44032,2024-01-15 10:15:48,111.97
10730,44033,2024-01-15 10:16:00,112.1
10731,44034,2024-01-15 10:16:12,112.36
10732,44035,2024-01-15 10:16:24,111.84
10733,44036,2024-01-15 10:16:36,112.8
10734,44037,2024-01-15 10:16:48,113.15
10735,44038,2024-01-15 10:17:00,112.54
10736,44039,2024-01-15 10:17:12,112.28
10737,44040,2024-01-15 10:17:24,112.89
10738,44041,2024-01-15 10:17:36,112.19
10739,44042,2024-01-15 10:17:48,113.72
10740,44043,2024-01-15 10:18:00,112.98
10741,44044,2024-01-15 10:18:12,112.93
10742,44045,2024-01-15 10:18:24,113.5
10743,44046,2024-01-15 10:18:36,112.85
10744,44047,2024-01-15 10:18:48,113.5
10745,44048,2024-01-15 10:19:00,113.33
10746,44049,2024-01-15 10:19:12,112.28
10747,44050,2024-01-15 10:19:24,114.03
10748,44051,2024-01-15 10:19:36,113.02
10749,44052,2024-01-15 10:19:48,113.9
10750,44053,2024-01-15 10:20:00,114.56
10751,44054,2024-01-15 10:20:12,113.37
10752,44055,2024-01-15 10:20:24,114.64
10753,44056,2024-01-15 10:20:36,113.81
10754,44057,2024-01-15 10:20:48,114.07
10755,44058,2024-01-15 10:21:00,114.25
10756,44059,2024-01-15 10:21:12,113.68
10757,44060,2024-01-15 10:21:24,114.51
10758,44061,2024-01-15 10:21:36,115.08
10759,44062,2024-01-15 10:21:48,114.86
10760,44063,2024-01-15 10:22:00,114.99
10761,44064,2024-01-15 10:22:12,114.99
10762,44065,2024-01-15 10:22:24,114.95
10763,44066,2024-01-15 10:22:36,114.91
10764,44067,2024-01-15 10:22:48,115.04
10765,44068,2024-01-15 10:23:00,114.86
10766,44069,2024-01-15 10:23:12,116.48
10767,44070,2024-01-15 10:23:24,115.69
10768,44071,2024-01-15 10:23:36,116.13
10769,44072,2024-01-15 10:23:48,115.65
10770,44073,2024-01-15 10:24:00,116.88
10771,44074,2024-01-15 10:24:12,117.19
10772,44075,2024-01-15 10:24:24,115.78
10773,44076,2024-01-15 10:24:36,116.53
10774,44077,2024-01-15 10:24:48,116.18
10775,44078,2024-01-15 10:25:00,117.14
10776,44079,2024-01-15 10:25:12,117.45
10777,44080,2024-01-15 10:25:24,117.4
10778,44081,2024-01-15 10:25:36,117.23
10779,44082,2024-01-15 10:25:48,117.32
10780,44083,2024-01-15 10:26:00,117.71
10781,44084,2024-01-15 10:26:12,117.54
10782,44085,2024-01-15 10:26:24,117.4
10783,44086,2024-01-15 10:26:36,117.54
10784,44087,2024-01-15 10:26:48,117.8
10785,44088,2024-01-15 10:27:00,117.8
10786,44089,2024-01-15 10:27:12,118.28
10787,44090,2024-01-15 10:27:24,118.24
10788,44091,2024-01-15 10:27:36,119.11
10789,44092,2024-01-15 10:27:48,118.85
10790,44093,2024-01-15 10:28:00,118.85
10791,44094,2024-01-15 10:28:12,118.54
10792,44095,2024-01-15 10:28:24,117.71
10793,44096,2024-01-15 10:28:36,118.24
10794,44097,2024-01-15 10:28:48,117.54
10795,44098,2024-01-15 10:29:00,117.58
10796,44099,2024-01-15 10:29:12,118.15
10797,44100,2024-01-15 10:29:24,117.75
10798,44101,2024-01-15 10:29:36,117.36
10799,44102,2024-01-15 10:29:48,117.8
10800,44103,2024-01-15 10:30:00,117.8
10801,44104,2024-01-15 10:30:12,118.63
10802,44105,2024-01-15 10:30:24,118.85
10803,44106,2024-01-15 10:30:36,118.41
10804,44107,2024-01-15 10:30:48,119.29
10805,44108,2024-01-15 10:31:00,118.59
10806,44109,2024-01-15 10:31:12,119.55
10807,44110,2024-01-15 10:31:24,118.72
10808,44111,2024-01-15 10:31:36,118.98
10809,44112,2024-01-15 10:31:48,119.16
10810,44113,2024-01-15 10:32:00,119.73
10811,44114,2024-01-15 10:32:12,119.6
10812,44115,2024-01-15 10:32:24,120.52
10813,44116,2024-01-15 10:32:36,120.38
10814,44117,2024-01-15 10:32:48,120.03
10815,44118,2024-01-15 10:33:00,119.73
10816,44119,2024-01-15 10:33:12,119.82
10817,44120,2024-01-15 10:33:24,120.43
10818,44121,2024-01-15 10:33:36,119.82
10819,44122,2024-01-15 10:33:48,120.65
10820,44123,2024-01-15 10:34:00,121.39
10821,44124,2024-01-15 10:34:12,120.74
10822,44125,2024-01-15 10:34:24,120.95
10823,44126,2024-01-15 10:34:36,120.69
10824,44127,2024-01-15 10:34:48,121.09
10825,44128,2024-01-15 10:35:00,121.74
10826,44129,2024-01-15 10:35:12,121.04
10827,44130,2024-01-15 10:35:24,121.35
10828,44131,2024-01-15 10:35:36,121.66
10829,44132,2024-01-15 10:35:48,121.35
10830,44133,2024-01-15 10:36:00,121.74
10831,44134,2024-01-15 10:36:12,121.88
10832,44135,2024-01-15 10:36:24,121.92
10833,44136,2024-01-15 10:36:36,122.49
10834,44137,2024-01-15 10:36:48,122.01
10835,44138,2024-01-15 10:37:00,122.14
10836,44139,2024-01-15 10:37:12,122.14
10837,44140,2024-01-15 10:37:24,122.97
10838,44141,2024-01-15 10:37:36,122.27
10839,44142,2024-01-15 10:37:48,123.28
10840,44143,2024-01-15 10:38:00,123.5
10841,44144,2024-01-15 10:38:12,122.84
10842,44145,2024-01-15 10:38:24,122.27
10843,44146,2024-01-15 10:38:36,123.67
10844,44147,2024-01-15 10:38:48,122.8
10845,44148,2024-01-15 10:39:00,123.19
10846,44149,2024-01-15 10:39:12,122.84
10847,44150,2024-01-15 10:39:24,123.76
10848,44151,2024-01-15 10:39:36,122.84
10849,44152,2024-01-15 10:39:48,124.02
10850,44153,2024-01-15 10:40:00,122.97
10851,44154,2024-01-15 10:40:12,123.72
10852,44155,2024-01-15 10:40:24,123.19
10853,44156,2024-01-15 10:40:36,123.54
10854,44157,2024-01-15 10:40:48,124.02
10855,44158,2024-01-15 10:41:00,123.94
10856,44159,2024-01-15 10:41:12,123.58
10857,44160,2024-01-15 10:41:24,123.41
10858,44161,2024-01-15 10:41:36,123.85
10859,44162,2024-01-15 10:41:48,124.11
10860,44163,2024-01-15 10:42:00,123.32
10861,44164,2024-01-15 10:42:12,123.67
10862,44165,2024-01-15 10:42:24,124.2
10863,44166,2024-01-15 10:42:36,123.5
10864,44167,2024-01-15 10:42:48,124.2
10865,44168,2024-01-15 10:43:00,124.55
10866,44169,2024-01-15 10:43:12,124.55
10867,44170,2024-01-15 10:43:24,124.55
10868,44171,2024-01-15 10:43:36,124.46
10869,44172,2024-01-15 10:43:48,123.89
10870,44173,2024-01-15 10:44:00,124.9
10871,44174,2024-01-15 10:44:12,124.07
10872,44175,2024-01-15 10:44:24,124.24
10873,44176,2024-01-15 10:44:36,124.99
10874,44177,2024-01-15 10:44:48,124.2
10875,44178,2024-01-15 10:45:00,123.63
10876,44179,2024-01-15 10:45:12,123.01
10877,44180,2024-01-15 10:45:24,122.31
10878,44181,2024-01-15 10:45:36,121.79
10879,44182,2024-01-15 10:45:48,121.22
10880,44183,2024-01-15 10:46:00,120.69
10881,44184,2024-01-15 10:46:12,120.08
10882,44185,2024-01-15 10:46:24,119.55
10883,44186,2024-01-15 10:46:36,119.2
10884,44187,2024-01-15 10:46:48,118.63
10885,44188,2024-01-15 10:47:00,118.28
10886,44189,2024-01-15 10:47:12,117.8
10887,44190,2024-01-15 10:47:24,117.19
10888,44191,2024-01-15 10:47:36,116.66
10889,44192,2024-01-15 10:47:48,116.22
10890,44193,2024-01-15 10:48:00,115.61
10891,44194,2024-01-15 10:48:12,115.17
10892,44195,2024-01-15 10:48:24,114.69
10893,44196,2024-01-15 10:48:36,114.2
10894,44197,2024-01-15 10:48:48,113.68
10895,44198,2024-01-15 10:49:00,113.2
10896,44199,2024-01-15 10:49:12,112.8
10897,44200,2024-01-15 10:49:24,112.28
10898,44201,2024-01-15 10:49:36,111.84
10899,44202,2024-01-15 10:49:48,111.4
10900,44203,2024-01-15 10:50:00,110.87
10901,44204,2024-01-15 10:50:12,110.52
10902,44205,2024-01-15 10:50:24,110.0
10903,44206,2024-01-15 10:50:36,109.6
10904,44207,2024-01-15 10:50:48,109.16
10905,44208,2024-01-15 10:51:00,108.86
10906,44209,2024-01-15 10:51:12,108.46
10907,44210,2024-01-15 10:51:24,108.11
10908,44211,2024-01-15 10:51:36,107.76
10909,44212,2024-01-15 10:51:48,107.37
10910,44213,2024-01-15 10:52:00,107.02
10911,44214,2024-01-15 10:52:12,106.67
10912,44215,2024-01-15 10:52:24,106.31
10913,44216,2024-01-15 10:52:36,106.01
10914,44217,2024-01-15 10:52:48,105.61
10915,44218,2024-01-15 10:53:00,105.31
10916,44219,2024-01-15 10:53:12,104.91
10917,44220,2024-01-15 10:53:24,104.56
10918,44221,2024-01-15 10:53:36,104.21
10919,44222,2024-01-15 10:53:48,103.86
10920,44223,2024-01-15 10:54:00,103.51
10921,44224,2024-01-15 10:54:12,103.25
10922,44225,2024-01-15 10:54:24,102.85
10923,44226,2024-01-15 10:54:36,102.5
10924,44227,2024-01-15 10:54:48,102.15
10925,44228,2024-01-15 10:55:00,101.84
10926,44229,2024-01-15 10:55:12,101.58
10927,44230,2024-01-15 10:55:24,101.19
10928,44231,2024-01-15 10:55:36,100.88
10929,44232,2024-01-15 10:55:48,100.48
10930,44233,2024-01-15 10:56:00,100.18
10931,44234,2024-01-15 10:56:12,99.91
10932,44235,2024-01-15 10:56:24,99.56
10933,44236,2024-01-15 10:56:36,99.21
10934,44237,2024-01-15 10:56:48,98.91
10935,44238,2024-01-15 10:57:00,98.6
10936,44239,2024-01-15 10:57:12,98.64
10937,44240,2024-01-15 10:57:24,99.52
10938,44241,2024-01-15 10:57:36,98.86
10939,44242,2024-01-15 10:57:48,100.05
10940,44243,2024-01-15 10:58:00,98.78
10941,44244,2024-01-15 10:58:12,99.78
10942,44245,2024-01-15 10:58:24,100.05
10943,44246,2024-01-15 10:58:36,100.48
10944,44247,2024-01-15 10:58:48,100.97
10945,44248,2024-01-15 10:59:00,101.1
10946,44249,2024-01-15 10:59:12,100.66
10947,44250,2024-01-15 10:59:24,102.15
10948,44251,2024-01-15 10:59:36,102.11
10949,44252,2024-01-15 10:59:48,102.24
10950,44253,2024-01-15 11:00:00,102.37
10951,44254,2024-01-15 11:00:12,102.9
10952,44255,2024-01-15 11:00:24,102.02
10953,44256,2024-01-15 11:00:36,103.51
10954,44257,2024-01-15 11:00:48,102.9
10955,44258,2024-01-15 11:01:00,103.51
10956,44259,2024-01-15 11:01:12,103.2
10957,44260,2024-01-15 11:01:24,103.29
10958,44261,2024-01-15 11:01:36,104.34
10959,44262,2024-01-15 11:01:48,103.95
10960,44263,2024-01-15 11:02:00,104.04
10961,44264,2024-01-15 11:02:12,104.21
10962,44265,2024-01-15 11:02:24,103.99
10963,44266,2024-01-15 11:02:36,105.13
10964,44267,2024-01-15 11:02:48,105.0
10965,44268,2024-01-15 11:03:00,105.53
10966,44269,2024-01-15 11:03:12,105.44
10967,44270,2024-01-15 11:03:24,105.53
10968,44271,2024-01-15 11:03:36,105.88
10969,44272,2024-01-15 11:03:48,106.36
10970,44273,2024-01-15 11:04:00,106.67
10971,44274,2024-01-15 11:04:12,106.45
10972,44275,2024-01-15 11:04:24,105.66
10973,44276,2024-01-15 11:04:36,106.18
10974,44277,2024-01-15 11:04:48,106.67
10975,44278,2024-01-15 11:05:00,106.36
10976,44279,2024-01-15 11:05:12,106.58
10977,44280,2024-01-15 11:05:24,107.15
10978,44281,2024-01-15 11:05:36,107.06
10979,44282,2024-01-15 11:05:48,107.76
10980,44283,2024-01-15 11:06:00,106.75
10981,44284,2024-01-15 11:06:12,107.94
10982,44285,2024-01-15 11:06:24,107.98
10983,44286,2024-01-15 11:06:36,108.02
10984,44287,2024-01-15 11:06:48,108.46
10985,44288,2024-01-15 11:07:00,108.24
10986,44289,2024-01-15 11:07:12,108.42
10987,44290,2024-01-15 11:07:24,108.9
10988,44291,2024-01-15 11:07:36,109.12
10989,44292,2024-01-15 11:07:48,108.94
10990,44293,2024-01-15 11:08:00,109.73
10991,44294,2024-01-15 11:08:12,109.3
10992,44295,2024-01-15 11:08:24,109.34
10993,44296,2024-01-15 11:08:36,109.56
10994,44297,2024-01-15 11:08:48,109.34
10995,44298,2024-01-15 11:09:00,109.56
10996,44299,2024-01-15 11:09:12,109.78
10997,44300,2024-01-15 11:09:24,110.17
10998,44301,2024-01-15 11:09:36,110.08
10999,44302,2024-01-15 11:09:48,110.04
11000,44303,2024-01-15 11:10:00,110.87
11001,44304,2024-01-15 11:10:12,110.74
11002,44305,2024-01-15 11:10:24,110.87
11003,44306,2024-01-15 11:10:36,111.88
11004,44307,2024-01-15 11:10:48,112.28
11005,44308,2024-01-15 11:11:00,111.79
11006,44309,2024-01-15 11:11:12,110.52
11007,44310,2024-01-15 11:11:24,111.97
11008,44311,2024-01-15 11:11:36,112.36
11009,44312,2024-01-15 11:11:48,112.49
11010,44313,2024-01-15 11:12:00,112.45
11011,44314,2024-01-15 11:12:12,113.42
11012,44315,2024-01-15 11:12:24,113.55
11013,44316,2024-01-15 11:12:36,112.54
11014,44317,2024-01-15 11:12:48,112.67
11015,44318,2024-01-15 11:13:00,113.42
11016,44319,2024-01-15 11:13:12,113.77
11017,44320,2024-01-15 11:13:24,113.28
11018,44321,2024-01-15 11:13:36,113.37
11019,44322,2024-01-15 11:13:48,113.72
11020,44323,2024-01-15 11:14:00,112.89
11021,44324,2024-01-15 11:14:12,113.77
11022,44325,2024-01-15 11:14:24,114.56
11023,44326,2024-01-15 11:14:36,114.2
11024,44327,2024-01-15 11:14:48,114.56
11025,44328,2024-01-15 11:15:00,114.25
11026,44329,2024-01-15 11:15:12,115.26
11027,44330,2024-01-15 11:15:24,114.86
11028,44331,2024-01-15 11:15:36,115.43
11029,44332,2024-01-15 11:15:48,115.26
11030,44333,2024-01-15 11:16:00,115.52
11031,44334,2024-01-15 11:16:12,114.82
11032,44335,2024-01-15 11:16:24,113.99
11033,44336,2024-01-15 11:16:36,115.26
11034,44337,2024-01-15 11:16:48,115.96
11035,44338,2024-01-15 11:17:00,115.96
11036,44339,2024-01-15 11:17:12,115.74
11037,44340,2024-01-15 11:17:24,115.78
11038,44341,2024-01-15 11:17:36,114.77
11039,44342,2024-01-15 11:17:48,116.0
11040,44343,2024-01-15 11:18:00,116.4
11041,44344,2024-01-15 11:18:12,116.05
11042,44345,2024-01-15 11:18:24,116.7
11043,44346,2024-01-15 11:18:36,117.27
11044,44347,2024-01-15 11:18:48,117.01
11045,44348,2024-01-15 11:19:00,116.31
11046,44349,2024-01-15 11:19:12,116.48
11047,44350,2024-01-15 11:19:24,117.54
11048,44351,2024-01-15 11:19:36,117.58
11049,44352,2024-01-15 11:19:48,117.49
11050,44353,2024-01-15 11:20:00,117.45
11051,44354,2024-01-15 11:20:12,117.67
11052,44355,2024-01-15 11:20:24,117.19
11053,44356,2024-01-15 11:20:36,117.97
11054,44357,2024-01-15 11:20:48,117.45
11055,44358,2024-01-15 11:21:00,117.27
11056,44359,2024-01-15 11:21:12,116.83
11057,44360,2024-01-15 11:21:24,118.54
11058,44361,2024-01-15 11:21:36,118.06
11059,44362,2024-01-15 11:21:48,118.76
11060,44363,2024-01-15 11:22:00,118.94
11061,44364,2024-01-15 11:22:12,118.5
11062,44365,2024-01-15 11:22:24,119.51
11063,44366,2024-01-15 11:22:36,118.24
11064,44367,2024-01-15 11:22:48,119.46
11065,44368,2024-01-15 11:23:00,119.03
11066,44369,2024-01-15 11:23:12,119.55
11067,44370,2024-01-15 11:23:24,119.29
11068,44371,2024-01-15 11:23:36,119.38
11069,44372,2024-01-15 11:23:48,119.64
11070,44373,2024-01-15 11:24:00,119.82
11071,44374,2024-01-15 11:24:12,120.21
11072,44375,2024-01-15 11:24:24,120.95
11073,44376,2024-01-15 11:24:36,120.78
11074,44377,2024-01-15 11:24:48,120.34
11075,44378,2024-01-15 11:25:00,121.26
11076,44379,2024-01-15 11:25:12,120.52
11077,44380,2024-01-15 11:25:24,121.13
11078,44381,2024-01-15 11:25:36,120.6
11079,44382,2024-01-15 11:25:48,121.17
11080,44383,2024-01-15 11:26:00,120.82
11081,44384,2024-01-15 11:26:12,121.39
11082,44385,2024-01-15 11:26:24,122.14
11083,44386,2024-01-15 11:26:36,121.66
11084,44387,2024-01-15 11:26:48,120.34
11085,44388,2024-01-15 11:27:00,121.88
11086,44389,2024-01-15 11:27:12,121.35
11087,44390,2024-01-15 11:27:24,121.88
11088,44391,2024-01-15 11:27:36,121.66
11089,44392,2024-01-15 11:27:48,122.31
11090,44393,2024-01-15 11:28:00,122.8
11091,44394,2024-01-15 11:28:12,122.31
11092,44395,2024-01-15 11:28:24,122.97
11093,44396,2024-01-15 11:28:36,122.66
11094,44397,2024-01-15 11:28:48,122.27
11095,44398,2024-01-15 11:29:00,122.4
11096,44399,2024-01-15 11:29:12,124.11
11097,44400,2024-01-15 11:29:24,122.75
11098,44401,2024-01-15 11:29:36,123.32
11099,44402,2024-01-15 11:29:48,123.06
11100,44403,2024-01-15 11:30:00,123.67
11101,44404,2024-01-15 11:30:12,123.63
11102,44405,2024-01-15 11:30:24,123.89
11103,44406,2024-01-15 11:30:36,123.58
11104,44407,2024-01-15 11:30:48,124.02
11105,44408,2024-01-15 11:31:00,123.72
11106,44409,2024-01-15 11:31:12,124.72
11107,44410,2024-01-15 11:31:24,123.85
11108,44411,2024-01-15 11:31:36,123.32
11109,44412,2024-01-15 11:31:48,122.66
11110,44413,2024-01-15 11:32:00,122.27
11111,44414,2024-01-15 11:32:12,121.7
11112,44415,2024-01-15 11:32:24,121.22
11113,44416,2024-01-15 11:32:36,120.74
11114,44417,2024-01-15 11:32:48,120.25
11115,44418,2024-01-15 11:33:00,119.82
11116,44419,2024-01-15 11:33:12,119.29
11117,44420,2024-01-15 11:33:24,118.81
11118,44421,2024-01-15 11:33:36,118.32
11119,44422,2024-01-15 11:33:48,117.97
11120,44423,2024-01-15 11:34:00,117.54
11121,44424,2024-01-15 11:34:12,117.01
11122,44425,2024-01-15 11:34:24,116.53
11123,44426,2024-01-15 11:34:36,116.18
11124,44427,2024-01-15 11:34:48,115.78
11125,44428,2024-01-15 11:35:00,115.34
11126,44429,2024-01-15 11:35:12,114.91
11127,44430,2024-01-15 11:35:24,114.47
11128,44431,2024-01-15 11:35:36,114.07
11129,44432,2024-01-15 11:35:48,113.63
11130,44433,2024-01-15 11:36:00,113.24
11131,44434,2024-01-15 11:36:12,112.85
11132,44435,2024-01-15 11:36:24,112.36
11133,44436,2024-01-15 11:36:36,111.93
11134,44437,2024-01-15 11:36:48,111.4
11135,44438,2024-01-15 11:37:00,111.14
11136,44439,2024-01-15 11:37:12,110.7
11137,44440,2024-01-15 11:37:24,110.3
11138,44441,2024-01-15 11:37:36,109.82
11139,44442,2024-01-15 11:37:48,109.43
11140,44443,2024-01-15 11:38:00,109.03
11141,44444,2024-01-15 11:38:12,108.64
11142,44445,2024-01-15 11:38:24,108.2
11143,44446,2024-01-15 11:38:36,107.85
11144,44447,2024-01-15 11:38:48,107.54
11145,44448,2024-01-15 11:39:00,107.15
11146,44449,2024-01-15 11:39:12,106.75
11147,44450,2024-01-15 11:39:24,106.4
11148,44451,2024-01-15 11:39:36,105.96
11149,44452,2024-01-15 11:39:48,105.53
11150,44453,2024-01-15 11:40:00,105.22
11151,44454,2024-01-15 11:40:12,104.82
11152,44455,2024-01-15 11:40:24,104.47
11153,44456,2024-01-15 11:40:36,104.12
11154,44457,2024-01-15 11:40:48,103.86
11155,44458,2024-01-15 11:41:00,103.51
11156,44459,2024-01-15 11:41:12,103.11
11157,44460,2024-01-15 11:41:24,102.76
11158,44461,2024-01-15 11:41:36,102.41
11159,44462,2024-01-15 11:41:48,102.11
11160,44463,2024-01-15 11:42:00,101.76
11161,44464,2024-01-15 11:42:12,101.41
11162,44465,2024-01-15 11:42:24,101.05
11163,44466,2024-01-15 11:42:36,100.66
11164,44467,2024-01-15 11:42:48,100.35
11165,44468,2024-01-15 11:43:00,100.05
11166,44469,2024-01-15 11:43:12,99.7
11167,44470,2024-01-15 11:43:24,99.43
11168,44471,2024-01-15 11:43:36,99.13
11169,44472,2024-01-15 11:43:48,98.78
11170,44473,2024-01-15 11:44:00,98.38
11171,44474,2024-01-15 11:44:12,98.91
11172,44475,2024-01-15 11:44:24,98.64
11173,44476,2024-01-15 11:44:36,100.13
11174,44477,2024-01-15 11:44:48,100.13
11175,44478,2024-01-15 11:45:00,100.44
11176,44479,2024-01-15 11:45:12,100.27
11177,44480,2024-01-15 11:45:24,100.92
11178,44481,2024-01-15 11:45:36,101.1
11179,44482,2024-01-15 11:45:48,101.32
11180,44483,2024-01-15 11:46:00,101.93
11181,44484,2024-01-15 11:46:12,101.71
11182,44485,2024-01-15 11:46:24,102.63
11183,44486,2024-01-15 11:46:36,101.76
11184,44487,2024-01-15 11:46:48,102.54
11185,44488,2024-01-15 11:47:00,102.5
11186,44489,2024-01-15 11:47:12,103.07
11187,44490,2024-01-15 11:47:24,103.11
11188,44491,2024-01-15 11:47:36,103.68
11189,44492,2024-01-15 11:47:48,102.94
11190,44493,2024-01-15 11:48:00,103.86
11191,44494,2024-01-15 11:48:12,103.33
11192,44495,2024-01-15 11:48:24,103.33
11193,44496,2024-01-15 11:48:36,104.08
11194,44497,2024-01-15 11:48:48,104.12
11195,44498,2024-01-15 11:49:00,104.74
11196,44499,2024-01-15 11:49:12,104.74
11197,44500,2024-01-15 11:49:24,105.0
11198,44501,2024-01-15 11:49:36,104.74
11199,44502,2024-01-15 11:49:48,105.74
11200,44503,2024-01-15 11:50:00,106.27
11201,44504,2024-01-15 11:50:12,105.66
11202,44505,2024-01-15 11:50:24,106.01
11203,44506,2024-01-15 11:50:36,105.13
11204,44507,2024-01-15 11:50:48,106.01
11205,44508,2024-01-15 11:51:00,106.27
11206,44509,2024-01-15 11:51:12,107.19
11207,44510,2024-01-15 11:51:24,106.97
11208,44511,2024-01-15 11:51:36,107.41
11209,44512,2024-01-15 11:51:48,107.59
11210,44513,2024-01-15 11:52:00,107.63
11211,44514,2024-01-15 11:52:12,107.54
11212,44515,2024-01-15 11:52:24,107.41
11213,44516,2024-01-15 11:52:36,108.29
11214,44517,2024-01-15 11:52:48,108.77
11215,44518,2024-01-15 11:53:00,108.99
11216,44519,2024-01-15 11:53:12,108.16
11217,44520,2024-01-15 11:53:24,109.34
11218,44521,2024-01-15 11:53:36,109.51
11219,44522,2024-01-15 11:53:48,109.51
11220,44523,2024-01-15 11:54:00,109.51
11221,44524,2024-01-15 11:54:12,109.21
11222,44525,2024-01-15 11:54:24,110.0
11223,44526,2024-01-15 11:54:36,109.3
11224,44527,2024-01-15 11:54:48,110.7
11225,44528,2024-01-15 11:55:00,110.48
11226,44529,2024-01-15 11:55:12,110.65
11227,44530,2024-01-15 11:55:24,111.18
11228,44531,2024-01-15 11:55:36,110.92
11229,44532,2024-01-15 11:55:48,110.7
11230,44533,2024-01-15 11:56:00,111.22
11231,44534,2024-01-15 11:56:12,111.05
11232,44535,2024-01-15 11:56:24,111.57
11233,44536,2024-01-15 11:56:36,111.44
11234,44537,2024-01-15 11:56:48,112.28
11235,44538,2024-01-15 11:57:00,111.75
11236,44539,2024-01-15 11:57:12,112.1
11237,44540,2024-01-15 11:57:24,112.14
11238,44541,2024-01-15 11:57:36,112.28
11239,44542,2024-01-15 11:57:48,112.14
11240,44543,2024-01-15 11:58:00,111.57
11241,44544,2024-01-15 11:58:12,112.14
11242,44545,2024-01-15 11:58:24,112.54
11243,44546,2024-01-15 11:58:36,112.58
11244,44547,2024-01-15 11:58:48,112.98
11245,44548,2024-01-15 11:59:00,112.41
11246,44549,2024-01-15 11:59:12,114.25
11247,44550,2024-01-15 11:59:24,113.46
11248,44551,2024-01-15 11:59:36,113.85
11249,44552,2024-01-15 11:59:48,113.42
11250,44553,2024-01-15 12:00:00,113.94
11251,44554,2024-01-15 12:00:12,114.2
11252,44555,2024-01-15 12:00:24,114.25
11253,44556,2024-01-15 12:00:36,114.6
11254,44557,2024-01-15 12:00:48,114.64
11255,44558,2024-01-15 12:01:00,114.25
11256,44559,2024-01-15 12:01:12,114.86
11257,44560,2024-01-15 12:01:24,114.99
11258,44561,2024-01-15 12:01:36,114.91
11259,44562,2024-01-15 12:01:48,115.56
11260,44563,2024-01-15 12:02:00,115.48
11261,44564,2024-01-15 12:02:12,115.52
11262,44565,2024-01-15 12:02:24,116.05
11263,44566,2024-01-15 12:02:36,115.56
11264,44567,2024-01-15 12:02:48,116.31
11265,44568,2024-01-15 12:03:00,117.14
11266,44569,2024-01-15 12:03:12,117.54
11267,44570,2024-01-15 12:03:24,116.75
11268,44571,2024-01-15 12:03:36,116.13
11269,44572,2024-01-15 12:03:48,117.05
11270,44573,2024-01-15 12:04:00,116.83
11271,44574,2024-01-15 12:04:12,117.36
11272,44575,2024-01-15 12:04:24,116.88
11273,44576,2024-01-15 12:04:36,118.15
11274,44577,2024-01-15 12:04:48,118.06
11275,44578,2024-01-15 12:05:00,118.11
11276,44579,2024-01-15 12:05:12,117.93
11277,44580,2024-01-15 12:05:24,118.02
11278,44581,2024-01-15 12:05:36,118.41
11279,44582,2024-01-15 12:05:48,118.24
11280,44583,2024-01-15 12:06:00,118.63
11281,44584,2024-01-15 12:06:12,119.25
11282,44585,2024-01-15 12:06:24,118.59
11283,44586,2024-01-15 12:06:36,118.81
11284,44587,2024-01-15 12:06:48,118.94
11285,44588,2024-01-15 12:07:00,119.2
11286,44589,2024-01-15 12:07:12,119.77
11287,44590,2024-01-15 12:07:24,119.86
11288,44591,2024-01-15 12:07:36,120.03
11289,44592,2024-01-15 12:07:48,119.73
11290,44593,2024-01-15 12:08:00,119.86
11291,44594,2024-01-15 12:08:12,120.21
11292,44595,2024-01-15 12:08:24,120.82
11293,44596,2024-01-15 12:08:36,120.12
11294,44597,2024-01-15 12:08:48,120.38
11295,44598,2024-01-15 12:09:00,120.65
11296,44599,2024-01-15 12:09:12,121.57
11297,44600,2024-01-15 12:09:24,120.95
11298,44601,2024-01-15 12:09:36,121.04
11299,44602,2024-01-15 12:09:48,121.13
11300,44603,2024-01-15 12:10:00,122.14
11301,44604,2024-01-15 12:10:12,121.96
11302,44605,2024-01-15 12:10:24,122.18
11303,44606,2024-01-15 12:10:36,122.66
11304,44607,2024-01-15 12:10:48,122.62
11305,44608,2024-01-15 12:11:00,122.66
11306,44609,2024-01-15 12:11:12,122.8
11307,44610,2024-01-15 12:11:24,123.37
11308,44611,2024-01-15 12:11:36,123.15
11309,44612,2024-01-15 12:11:48,123.5
11310,44613,2024-01-15 12:12:00,122.71
11311,44614,2024-01-15 12:12:12,122.58
11312,44615,2024-01-15 12:12:24,122.84
11313,44616,2024-01-15 12:12:36,123.54
11314,44617,2024-01-15 12:12:48,124.11
11315,44618,2024-01-15 12:13:00,124.2
11316,44619,2024-01-15 12:13:12,123.85
11317,44620,2024-01-15 12:13:24,124.37
11318,44621,2024-01-15 12:13:36,124.46
11319,44622,2024-01-15 12:13:48,123.94
11320,44623,2024-01-15 12:14:00,123.67
11321,44624,2024-01-15 12:14:12,123.19
11322,44625,2024-01-15 12:14:24,122.62
11323,44626,2024-01-15 12:14:36,122.18
11324,44627,2024-01-15 12:14:48,121.66
11325,44628,2024-01-15 12:15:00,121.13
11326,44629,2024-01-15 12:15:12,120.65
11327,44630,2024-01-15 12:15:24,120.17
11328,44631,2024-01-15 12:15:36,119.64
11329,44632,2024-01-15 12:15:48,119.25
11330,44633,2024-01-15 12:16:00,118.63
11331,44634,2024-01-15 12:16:12,118.32
11332,44635,2024-01-15 12:16:24,117.89
11333,44636,2024-01-15 12:16:36,117.4
11334,44637,2024-01-15 12:16:48,117.01
11335,44638,2024-01-15 12:17:00,116.57
11336,44639,2024-01-15 12:17:12,116.13
11337,44640,2024-01-15 12:17:24,115.69
11338,44641,2024-01-15 12:17:36,115.26
11339,44642,2024-01-15 12:17:48,114.91
11340,44643,2024-01-15 12:18:00,114.42
11341,44644,2024-01-15 12:18:12,114.07
11342,44645,2024-01-15 12:18:24,113.68
11343,44646,2024-01-15 12:18:36,113.24
11344,44647,2024-01-15 12:18:48,112.89
11345,44648,2024-01-15 12:19:00,112.49
11346,44649,2024-01-15 12:19:12,112.14
11347,44650,2024-01-15 12:19:24,111.71
11348,44651,2024-01-15 12:19:36,111.4
11349,44652,2024-01-15 12:19:48,111.05
11350,44653,2024-01-15 12:20:00,110.7
11351,44654,2024-01-15 12:20:12,110.35
11352,44655,2024-01-15 12:20:24,109.91
11353,44656,2024-01-15 12:20:36,109.6
11354,44657,2024-01-15 12:20:48,109.3
11355,44658,2024-01-15 12:21:00,108.9
11356,44659,2024-01-15 12:21:12,108.59
11357,44660,2024-01-15 12:21:24,108.29
11358,44661,2024-01-15 12:21:36,107.89
11359,44662,2024-01-15 12:21:48,107.59
11360,44663,2024-01-15 12:22:00,107.28
11361,44664,2024-01-15 12:22:12,106.88
11362,44665,2024-01-15 12:22:24,106.58
11363,44666,2024-01-15 12:22:36,106.18
11364,44667,2024-01-15 12:22:48,105.96
11365,44668,2024-01-15 12:23:00,105.57
11366,44669,2024-01-15 12:23:12,105.26
11367,44670,2024-01-15 12:23:24,104.96
11368,44671,2024-01-15 12:23:36,104.61
11369,44672,2024-01-15 12:23:48,104.3
11370,44673,2024-01-15 12:24:00,103.99
11371,44674,2024-01-15 12:24:12,103.68
11372,44675,2024-01-15 12:24:24,103.47
11373,44676,2024-01-15 12:24:36,103.07
11374,44677,2024-01-15 12:24:48,102.76
11375,44678,2024-01-15 12:25:00,102.46
11376,44679,2024-01-15 12:25:12,102.11
11377,44680,2024-01-15 12:25:24,101.89
11378,44681,2024-01-15 12:25:36,101.45
11379,44682,2024-01-15 12:25:48,101.19
11380,44683,2024-01-15 12:26:00,100.97
11381,44684,2024-01-15 12:26:12,100.62
11382,44685,2024-01-15 12:26:24,100.31
11383,44686,2024-01-15 12:26:36,100.05
11384,44687,2024-01-15 12:26:48,99.7
11385,44688,2024-01-15 12:27:00,99.39
11386,44689,2024-01-15 12:27:12,99.13
11387,44690,2024-01-15 12:27:24,98.78
11388,44691,2024-01-15 12:27:36,99.91
11389,44692,2024-01-15 12:27:48,98.91
11390,44693,2024-01-15 12:28:00,100.18
11391,44694,2024-01-15 12:28:12,99.74
11392,44695,2024-01-15 12:28:24,99.91
11393,44696,2024-01-15 12:28:36,101.41
11394,44697,2024-01-15 12:28:48,101.41
11395,44698,2024-01-15 12:29:00,101.27
11396,44699,2024-01-15 12:29:12,102.15
11397,44700,2024-01-15 12:29:24,102.24
11398,44701,2024-01-15 12:29:36,102.68
11399,44702,2024-01-15 12:29:48,102.81
11400,44703,2024-01-15 12:30:00,103.16
11401,44704,2024-01-15 12:30:12,103.68
11402,44705,2024-01-15 12:30:24,103.82
11403,44706,2024-01-15 12:30:36,103.86
11404,44707,2024-01-15 12:30:48,103.51
11405,44708,2024-01-15 12:31:00,104.87
11406,44709,2024-01-15 12:31:12,105.35
11407,44710,2024-01-15 12:31:24,104.69
11408,44711,2024-01-15 12:31:36,104.56
11409,44712,2024-01-15 12:31:48,105.04
11410,44713,2024-01-15 12:32:00,105.79
11411,44714,2024-01-15 12:32:12,106.18
11412,44715,2024-01-15 12:32:24,106.23
11413,44716,2024-01-15 12:32:36,106.36
11414,44717,2024-01-15 12:32:48,107.37
11415,44718,2024-01-15 12:33:00,106.45
11416,44719,2024-01-15 12:33:12,107.06
11417,44720,2024-01-15 12:33:24,107.1
11418,44721,2024-01-15 12:33:36,107.32
11419,44722,2024-01-15 12:33:48,107.76
11420,44723,2024-01-15 12:34:00,107.54
11421,44724,2024-01-15 12:34:12,108.2
11422,44725,2024-01-15 12:34:24,108.64
11423,44726,2024-01-15 12:34:36,109.03
11424,44727,2024-01-15 12:34:48,109.12
11425,44728,2024-01-15 12:35:00,109.08
11426,44729,2024-01-15 12:35:12,109.43
11427,44730,2024-01-15 12:35:24,109.3
11428,44731,2024-01-15 12:35:36,110.0
11429,44732,2024-01-15 12:35:48,109.82
11430,44733,2024-01-15 12:36:00,110.61
11431,44734,2024-01-15 12:36:12,110.48
11432,44735,2024-01-15 12:36:24,110.57
11433,44736,2024-01-15 12:36:36,111.05
11434,44737,2024-01-15 12:36:48,110.96
11435,44738,2024-01-15 12:37:00,111.14
11436,44739,2024-01-15 12:37:12,111.27
11437,44740,2024-01-15 12:37:24,111.44
11438,44741,2024-01-15 12:37:36,111.22
11439,44742,2024-01-15 12:37:48,111.79
11440,44743,2024-01-15 12:38:00,112.28
11441,44744,2024-01-15 12:38:12,111.71
11442,44745,2024-01-15 12:38:24,111.62
11443,44746,2024-01-15 12:38:36,111.84
11444,44747,2024-01-15 12:38:48,111.53
11445,44748,2024-01-15 12:39:00,112.49
11446,44749,2024-01-15 12:39:12,112.89
11447,44750,2024-01-15 12:39:24,112.1
11448,44751,2024-01-15 12:39:36,112.28
11449,44752,2024-01-15 12:39:48,112.49
11450,44753,2024-01-15 12:40:00,112.63
11451,44754,2024-01-15 12:40:12,112.89
11452,44755,2024-01-15 12:40:24,113.02
11453,44756,2024-01-15 12:40:36,113.28
11454,44757,2024-01-15 12:40:48,113.85
11455,44758,2024-01-15 12:41:00,114.07
11456,44759,2024-01-15 12:41:12,114.03
11457,44760,2024-01-15 12:41:24,113.94
11458,44761,2024-01-15 12:41:36,113.99
11459,44762,2024-01-15 12:41:48,113.59
11460,44763,2024-01-15 12:42:00,113.99
11461,44764,2024-01-15 12:42:12,114.82
11462,44765,2024-01-15 12:42:24,114.91
11463,44766,2024-01-15 12:42:36,113.63
11464,44767,2024-01-15 12:42:48,114.2
11465,44768,2024-01-15 12:43:00,114.25
11466,44769,2024-01-15 12:43:12,114.34
11467,44770,2024-01-15 12:43:24,114.2
11468,44771,2024-01-15 12:43:36,114.42
11469,44772,2024-01-15 12:43:48,113.99
11470,44773,2024-01-15 12:44:00,113.24
11471,44774,2024-01-15 12:44:12,113.9
11472,44775,2024-01-15 12:44:24,113.5
11473,44776,2024-01-15 12:44:36,114.38
11474,44777,2024-01-15 12:44:48,114.51
11475,44778,2024-01-15 12:45:00,113.94
11476,44779,2024-01-15 12:45:12,113.94
11477,44780,2024-01-15 12:45:24,114.12
11478,44781,2024-01-15 12:45:36,114.77
11479,44782,2024-01-15 12:45:48,114.16
11480,44783,2024-01-15 12:46:00,114.86
11481,44784,2024-01-15 12:46:12,114.29
11482,44785,2024-01-15 12:46:24,113.81
11483,44786,2024-01-15 12:46:36,113.99
11484,44787,2024-01-15 12:46:48,113.77
11485,44788,2024-01-15 12:47:00,115.48
11486,44789,2024-01-15 12:47:12,113.37
11487,44790,2024-01-15 12:47:24,114.34
11488,44791,2024-01-15 12:47:36,114.99
11489,44792,2024-01-15 12:47:48,114.91
11490,44793,2024-01-15 12:48:00,114.29
11491,44794,2024-01-15 12:48:12,114.16
11492,44795,2024-01-15 12:48:24,114.29
11493,44796,2024-01-15 12:48:36,115.39
11494,44797,2024-01-15 12:48:48,115.04
11495,44798,2024-01-15 12:49:00,113.72
11496,44799,2024-01-15 12:49:12,114.64
11497,44800,2024-01-15 12:49:24,114.34
11498,44801,2024-01-15 12:49:36,114.51
11499,44802,2024-01-15 12:49:48,114.56
11500,44803,2024-01-15 12:50:00,114.64
11501,44804,2024-01-15 12:50:12,115.08
11502,44805,2024-01-15 12:50:24,115.39
11503,44806,2024-01-15 12:50:36,115.21
11504,44807,2024-01-15 12:50:48,114.16
11505,44808,2024-01-15 12:51:00,115.08
11506,44809,2024-01-15 12:51:12,115.61
11507,44810,2024-01-15 12:51:24,115.04
11508,44811,2024-01-15 12:51:36,115.34
11509,44812,2024-01-15 12:51:48,116.09
11510,44813,2024-01-15 12:52:00,115.26
11511,44814,2024-01-15 12:52:12,115.65
11512,44815,2024-01-15 12:52:24,115.56
11513,44816,2024-01-15 12:52:36,116.09
11514,44817,2024-01-15 12:52:48,117.01
11515,44818,2024-01-15 12:53:00,116.4
11516,44819,2024-01-15 12:53:12,116.57
11517,44820,2024-01-15 12:53:24,116.26
11518,44821,2024-01-15 12:53:36,116.44
11519,44822,2024-01-15 12:53:48,116.09
11520,44823,2024-01-15 12:54:00,115.34
11521,44824,2024-01-15 12:54:12,116.26
11522,44825,2024-01-15 12:54:24,115.12
11523,44826,2024-01-15 12:54:36,115.69
11524,44827,2024-01-15 12:54:48,116.26
11525,44828,2024-01-15 12:55:00,115.69
11526,44829,2024-01-15 12:55:12,115.78
11527,44830,2024-01-15 12:55:24,116.62
11528,44831,2024-01-15 12:55:36,117.23
11529,44832,2024-01-15 12:55:48,116.0
11530,44833,2024-01-15 12:56:00,116.22
11531,44834,2024-01-15 12:56:12,115.74
11532,44835,2024-01-15 12:56:24,116.48
11533,44836,2024-01-15 12:56:36,116.4
11534,44837,2024-01-15 12:56:48,116.18
11535,44838,2024-01-15 12:57:00,115.34
11536,44839,2024-01-15 12:57:12,116.05
11537,44840,2024-01-15 12:57:24,115.08
11538,44841,2024-01-15 12:57:36,116.13
11539,44842,2024-01-15 12:57:48,115.74
11540,44843,2024-01-15 12:58:00,115.65
11541,44844,2024-01-15 12:58:12,116.62
11542,44845,2024-01-15 12:58:24,116.66
11543,44846,2024-01-15 12:58:36,116.62
11544,44847,2024-01-15 12:58:48,116.75
11545,44848,2024-01-15 12:59:00,116.62
11546,44849,2024-01-15 12:59:12,116.83
11547,44850,2024-01-15 12:59:24,116.44
11548,44851,2024-01-15 12:59:36,117.05
11549,44852,2024-01-15 12:59:48,116.48
11550,44853,2024-01-15 13:00:00,115.74
11551,44854,2024-01-15 13:00:12,116.35
11552,44855,2024-01-15 13:00:24,116.4
11553,44856,2024-01-15 13:00:36,115.78
11554,44857,2024-01-15 13:00:48,115.61
11555,44858,2024-01-15 13:01:00,115.83
11556,44859,2024-01-15 13:01:12,116.66
11557,44860,2024-01-15 13:01:24,116.0
11558,44861,2024-01-15 13:01:36,115.34
11559,44862,2024-01-15 13:01:48,117.05
11560,44863,2024-01-15 13:02:00,117.54
11561,44864,2024-01-15 13:02:12,117.45
11562,44865,2024-01-15 13:02:24,116.53
11563,44866,2024-01-15 13:02:36,116.7
11564,44867,2024-01-15 13:02:48,116.53
11565,44868,2024-01-15 13:03:00,117.36
11566,44869,2024-01-15 13:03:12,116.53
11567,44870,2024-01-15 13:03:24,116.88
11568,44871,2024-01-15 13:03:36,116.31
11569,44872,2024-01-15 13:03:48,116.88
11570,44873,2024-01-15 13:04:00,116.66
11571,44874,2024-01-15 13:04:12,116.48
11572,44875,2024-01-15 13:04:24,116.57
11573,44876,2024-01-15 13:04:36,116.35
11574,44877,2024-01-15 13:04:48,116.88
11575,44878,2024-01-15 13:05:00,118.02
11576,44879,2024-01-15 13:05:12,117.1
11577,44880,2024-01-15 13:05:24,117.67
11578,44881,2024-01-15 13:05:36,117.89
11579,44882,2024-01-15 13:05:48,116.83
11580,44883,2024-01-15 13:06:00,117.19
11581,44884,2024-01-15 13:06:12,116.48
11582,44885,2024-01-15 13:06:24,117.45
11583,44886,2024-01-15 13:06:36,116.83
11584,44887,2024-01-15 13:06:48,117.19
11585,44888,2024-01-15 13:07:00,117.27
11586,44889,2024-01-15 13:07:12,117.45
11587,44890,2024-01-15 13:07:24,117.19
11588,44891,2024-01-15 13:07:36,116.31
11589,44892,2024-01-15 13:07:48,116.88
11590,44893,2024-01-15 13:08:00,117.1
11591,44894,2024-01-15 13:08:12,116.88
11592,44895,2024-01-15 13:08:24,117.23
11593,44896,2024-01-15 13:08:36,116.83
11594,44897,2024-01-15 13:08:48,117.05
11595,44898,2024-01-15 13:09:00,117.32
11596,44899,2024-01-15 13:09:12,117.45
11597,44900,2024-01-15 13:09:24,117.71
11598,44901,2024-01-15 13:09:36,118.63
11599,44902,2024-01-15 13:09:48,117.58
11600,44903,2024-01-15 13:10:00,117.71
11601,44904,2024-01-15 13:10:12,117.58
11602,44905,2024-01-15 13:10:24,118.15
11603,44906,2024-01-15 13:10:36,118.11
11604,44907,2024-01-15 13:10:48,117.23
11605,44908,2024-01-15 13:11:00,118.37
11606,44909,2024-01-15 13:11:12,118.28
11607,44910,2024-01-15 13:11:24,117.93
11608,44911,2024-01-15 13:11:36,117.8
11609,44912,2024-01-15 13:11:48,117.8
11610,44913,2024-01-15 13:12:00,117.23
11611,44914,2024-01-15 13:12:12,117.93
11612,44915,2024-01-15 13:12:24,117.71
11613,44916,2024-01-15 13:12:36,116.44
11614,44917,2024-01-15 13:12:48,118.41
11615,44918,2024-01-15 13:13:00,118.02
11616,44919,2024-01-15 13:13:12,117.45
11617,44920,2024-01-15 13:13:24,118.28
11618,44921,2024-01-15 13:13:36,118.24
11619,44922,2024-01-15 13:13:48,118.37
11620,44923,2024-01-15 13:14:00,119.2
11621,44924,2024-01-15 13:14:12,118.81
11622,44925,2024-01-15 13:14:24,118.15
11623,44926,2024-01-15 13:14:36,118.72
11624,44927,2024-01-15 13:14:48,119.38
11625,44928,2024-01-15 13:15:00,118.54
11626,44929,2024-01-15 13:15:12,118.85
11627,44930,2024-01-15 13:15:24,118.94
11628,44931,2024-01-15 13:15:36,118.41
11629,44932,2024-01-15 13:15:48,118.37
11630,44933,2024-01-15 13:16:00,119.38
11631,44934,2024-01-15 13:16:12,118.89
11632,44935,2024-01-15 13:16:24,119.55
11633,44936,2024-01-15 13:16:36,118.54
11634,44937,2024-01-15 13:16:48,119.16
11635,44938,2024-01-15 13:17:00,119.07
11636,44939,2024-01-15 13:17:12,119.9
11637,44940,2024-01-15 13:17:24,119.68
11638,44941,2024-01-15 13:17:36,120.34
11639,44942,2024-01-15 13:17:48,119.82
11640,44943,2024-01-15 13:18:00,119.2
11641,44944,2024-01-15 13:18:12,119.73
11642,44945,2024-01-15 13:18:24,119.55
11643,44946,2024-01-15 13:18:36,118.63
11644,44947,2024-01-15 13:18:48,119.77
11645,44948,2024-01-15 13:19:00,118.98
11646,44949,2024-01-15 13:19:12,119.38
11647,44950,2024-01-15 13:19:24,120.34
11648,44951,2024-01-15 13:19:36,120.17
11649,44952,2024-01-15 13:19:48,119.99
11650,44953,2024-01-15 13:20:00,119.95
11651,44954,2024-01-15 13:20:12,120.56
11652,44955,2024-01-15 13:20:24,121.44
11653,44956,2024-01-15 13:20:36,120.52
11654,44957,2024-01-15 13:20:48,120.69
11655,44958,2024-01-15 13:21:00,120.69
11656,44959,2024-01-15 13:21:12,119.82
11657,44960,2024-01-15 13:21:24,119.99
11658,44961,2024-01-15 13:21:36,120.95
11659,44962,2024-01-15 13:21:48,120.03
11660,44963,2024-01-15 13:22:00,120.69
11661,44964,2024-01-15 13:22:12,120.25
11662,44965,2024-01-15 13:22:24,120.69
11663,44966,2024-01-15 13:22:36,119.73
11664,44967,2024-01-15 13:22:48,120.6
11665,44968,2024-01-15 13:23:00,120.52
11666,44969,2024-01-15 13:23:12,120.52
11667,44970,2024-01-15 13:23:24,119.73
11668,44971,2024-01-15 13:23:36,119.9
11669,44972,2024-01-15 13:23:48,120.91
11670,44973,2024-01-15 13:24:00,120.95
11671,44974,2024-01-15 13:24:12,121.04
11672,44975,2024-01-15 13:24:24,120.6
11673,44976,2024-01-15 13:24:36,120.78
11674,44977,2024-01-15 13:24:48,120.17
11675,44978,2024-01-15 13:25:00,120.43
11676,44979,2024-01-15 13:25:12,119.95
11677,44980,2024-01-15 13:25:24,120.08
11678,44981,2024-01-15 13:25:36,120.3
11679,44982,2024-01-15 13:25:48,121.0
11680,44983,2024-01-15 13:26:00,120.78
11681,44984,2024-01-15 13:26:12,120.47
11682,44985,2024-01-15 13:26:24,120.38
11683,44986,2024-01-15 13:26:36,120.12
11684,44987,2024-01-15 13:26:48,120.34
11685,44988,2024-01-15 13:27:00,120.12
11686,44989,2024-01-15 13:27:12,120.38
11687,44990,2024-01-15 13:27:24,120.17
11688,44991,2024-01-15 13:27:36,119.46
11689,44992,2024-01-15 13:27:48,120.12
11690,44993,2024-01-15 13:28:00,120.78
11691,44994,2024-01-15 13:28:12,120.56
11692,44995,2024-01-15 13:28:24,120.78
11693,44996,2024-01-15 13:28:36,120.38
11694,44997,2024-01-15 13:28:48,121.09
11695,44998,2024-01-15 13:29:00,120.21
11696,44999,2024-01-15 13:29:12,119.9
11697,45000,2024-01-15 13:29:24,120.43
11698,45001,2024-01-15 13:29:36,120.34
11699,45002,2024-01-15 13:29:48,120.17
11700,45003,2024-01-15 13:30:00,120.25
11701,45004,2024-01-15 13:30:12,120.43
11702,45005,2024-01-15 13:30:24,120.38
11703,45006,2024-01-15 13:30:36,119.73
11704,45007,2024-01-15 13:30:48,119.68
11705,45008,2024-01-15 13:31:00,120.25
11706,45009,2024-01-15 13:31:12,119.99
11707,45010,2024-01-15 13:31:24,120.82
11708,45011,2024-01-15 13:31:36,120.21
11709,45012,2024-01-15 13:31:48,121.26
11710,45013,2024-01-15 13:32:00,121.31
11711,45014,2024-01-15 13:32:12,121.39
11712,45015,2024-01-15 13:32:24,121.74
11713,45016,2024-01-15 13:32:36,121.0
11714,45017,2024-01-15 13:32:48,120.38
11715,45018,2024-01-15 13:33:00,120.74
11716,45019,2024-01-15 13:33:12,121.44
11717,45020,2024-01-15 13:33:24,120.91
11718,45021,2024-01-15 13:33:36,120.17
11719,45022,2024-01-15 13:33:48,120.34
11720,45023,2024-01-15 13:34:00,120.56
11721,45024,2024-01-15 13:34:12,120.6
11722,45025,2024-01-15 13:34:24,120.17
11723,45026,2024-01-15 13:34:36,119.9
11724,45027,2024-01-15 13:34:48,120.87
11725,45028,2024-01-15 13:35:00,120.34
11726,45029,2024-01-15 13:35:12,120.69
11727,45030,2024-01-15 13:35:24,120.69
11728,45031,2024-01-15 13:35:36,121.22
11729,45032,2024-01-15 13:35:48,121.39
11730,45033,2024-01-15 13:36:00,120.34
11731,45034,2024-01-15 13:36:12,121.48
11732,45035,2024-01-15 13:36:24,121.22
11733,45036,2024-01-15 13:36:36,120.52
11734,45037,2024-01-15 13:36:48,119.6
11735,45038,2024-01-15 13:37:00,119.86
11736,45039,2024-01-15 13:37:12,119.42
11737,45040,2024-01-15 13:37:24,119.86
11738,45041,2024-01-15 13:37:36,120.38
11739,45042,2024-01-15 13:37:48,120.03
11740,45043,2024-01-15 13:38:00,120.34
11741,45044,2024-01-15 13:38:12,120.17
11742,45045,2024-01-15 13:38:24,120.69
11743,45046,2024-01-15 13:38:36,120.82
11744,45047,2024-01-15 13:38:48,119.82
11745,45048,2024-01-15 13:39:00,120.3
11746,45049,2024-01-15 13:39:12,120.6
11747,45050,2024-01-15 13:39:24,120.87
11748,45051,2024-01-15 13:39:36,121.79
11749,45052,2024-01-15 13:39:48,121.0
11750,45053,2024-01-15 13:40:00,120.03
11751,45054,2024-01-15 13:40:12,120.69
11752,45055,2024-01-15 13:40:24,121.31
11753,45056,2024-01-15 13:40:36,120.38
11754,45057,2024-01-15 13:40:48,120.38
11755,45058,2024-01-15 13:41:00,120.74
11756,45059,2024-01-15 13:41:12,120.38
11757,45060,2024-01-15 13:41:24,121.09
11758,45061,2024-01-15 13:41:36,120.95
11759,45062,2024-01-15 13:41:48,121.57
11760,45063,2024-01-15 13:42:00,121.22
11761,45064,2024-01-15 13:42:12,121.44
11762,45065,2024-01-15 13:42:24,121.92
11763,45066,2024-01-15 13:42:36,121.52
11764,45067,2024-01-15 13:42:48,122.14
11765,45068,2024-01-15 13:43:00,121.39
11766,45069,2024-01-15 13:43:12,121.83
11767,45070,2024-01-15 13:43:24,121.74
11768,45071,2024-01-15 13:43:36,120.69
11769,45072,2024-01-15 13:43:48,120.82
11770,45073,2024-01-15 13:44:00,121.57
11771,45074,2024-01-15 13:44:12,120.78
11772,45075,2024-01-15 13:44:24,120.38
11773,45076,2024-01-15 13:44:36,121.17
11774,45077,2024-01-15 13:44:48,120.78
11775,45078,2024-01-15 13:45:00,120.82
11776,45079,2024-01-15 13:45:12,120.69
11777,45080,2024-01-15 13:45:24,121.31
11778,45081,2024-01-15 13:45:36,121.44
11779,45082,2024-01-15 13:45:48,120.91
11780,45083,2024-01-15 13:46:00,121.22
11781,45084,2024-01-15 13:46:12,121.44
11782,45085,2024-01-15 13:46:24,122.45
11783,45086,2024-01-15 13:46:36,122.58
11784,45087,2024-01-15 13:46:48,121.66
11785,45088,2024-01-15 13:47:00,122.66
11786,45089,2024-01-15 13:47:12,122.05
11787,45090,2024-01-15 13:47:24,122.09
11788,45091,2024-01-15 13:47:36,121.79
11789,45092,2024-01-15 13:47:48,122.05
11790,45093,2024-01-15 13:48:00,122.31
11791,45094,2024-01-15 13:48:12,121.31
11792,45095,2024-01-15 13:48:24,122.01
11793,45096,2024-01-15 13:48:36,121.31
11794,45097,2024-01-15 13:48:48,122.27
11795,45098,2024-01-15 13:49:00,122.01
11796,45099,2024-01-15 13:49:12,122.49
11797,45100,2024-01-15 13:49:24,122.05
11798,45101,2024-01-15 13:49:36,122.36
11799,45102,2024-01-15 13:49:48,122.27
11800,45103,2024-01-15 13:50:00,121.66
11801,45104,2024-01-15 13:50:12,121.92
11802,45105,2024-01-15 13:50:24,122.62
11803,45106,2024-01-15 13:50:36,122.31
11804,45107,2024-01-15 13:50:48,121.74
11805,45108,2024-01-15 13:51:00,121.61
11806,45109,2024-01-15 13:51:12,122.8
11807,45110,2024-01-15 13:51:24,123.06
11808,45111,2024-01-15 13:51:36,122.66
11809,45112,2024-01-15 13:51:48,122.14
11810,45113,2024-01-15 13:52:00,123.23
11811,45114,2024-01-15 13:52:12,122.36
11812,45115,2024-01-15 13:52:24,123.67
11813,45116,2024-01-15 13:52:36,123.01
11814,45117,2024-01-15 13:52:48,122.97
11815,45118,2024-01-15 13:53:00,124.15
11816,45119,2024-01-15 13:53:12,123.06
11817,45120,2024-01-15 13:53:24,123.54
11818,45121,2024-01-15 13:53:36,124.02
11819,45122,2024-01-15 13:53:48,123.8
11820,45123,2024-01-15 13:54:00,123.85
11821,45124,2024-01-15 13:54:12,124.46
11822,45125,2024-01-15 13:54:24,123.85
11823,45126,2024-01-15 13:54:36,123.89
11824,45127,2024-01-15 13:54:48,124.81
11825,45128,2024-01-15 13:55:00,124.33
11826,45129,2024-01-15 13:55:12,123.58
11827,45130,2024-01-15 13:55:24,122.97
11828,45131,2024-01-15 13:55:36,122.27
11829,45132,2024-01-15 13:55:48,121.57
11830,45133,2024-01-15 13:56:00,120.82
11831,45134,2024-01-15 13:56:12,120.17
11832,45135,2024-01-15 13:56:24,119.6
11833,45136,2024-01-15 13:56:36,118.89
11834,45137,2024-01-15 13:56:48,118.24
11835,45138,2024-01-15 13:57:00,117.62
11836,45139,2024-01-15 13:57:12,116.88
11837,45140,2024-01-15 13:57:24,116.48
11838,45141,2024-01-15 13:57:36,116.05
11839,45142,2024-01-15 13:57:48,115.65
11840,45143,2024-01-15 13:58:00,115.26
11841,45144,2024-01-15 13:58:12,114.82
11842,45145,2024-01-15 13:58:24,114.38
11843,45146,2024-01-15 13:58:36,114.07
11844,45147,2024-01-15 13:58:48,113.68
11845,45148,2024-01-15 13:59:00,113.2
11846,45149,2024-01-15 13:59:12,112.8
11847,45150,2024-01-15 13:59:24,112.28
11848,45151,2024-01-15 13:59:36,111.62
11849,45152,2024-01-15 13:59:48,111.14
11850,45153,2024-01-15 14:00:00,110.61
11851,45154,2024-01-15 14:00:12,110.04
11852,45155,2024-01-15 14:00:24,109.51
11853,45156,2024-01-15 14:00:36,109.12
11854,45157,2024-01-15 14:00:48,108.51
11855,45158,2024-01-15 14:01:00,108.07
11856,45159,2024-01-15 14:01:12,107.63
11857,45160,2024-01-15 14:01:24,107.19
11858,45161,2024-01-15 14:01:36,106.93
11859,45162,2024-01-15 14:01:48,106.53
11860,45163,2024-01-15 14:02:00,106.14
11861,45164,2024-01-15 14:02:12,105.7
11862,45165,2024-01-15 14:02:24,105.31
11863,45166,2024-01-15 14:02:36,104.82
11864,45167,2024-01-15 14:02:48,104.47
11865,45168,2024-01-15 14:03:00,104.04
11866,45169,2024-01-15 14:03:12,103.51
11867,45170,2024-01-15 14:03:24,102.98
11868,45171,2024-01-15 14:03:36,102.33
11869,45172,2024-01-15 14:03:48,101.76
11870,45173,2024-01-15 14:04:00,101.19
11871,45174,2024-01-15 14:04:12,100.88
11872,45175,2024-01-15 14:04:24,100.35
11873,45176,2024-01-15 14:04:36,99.78
11874,45177,2024-01-15 14:04:48,99.35
11875,45178,2024-01-15 14:05:00,98.82
11876,45179,2024-01-15 14:05:12,98.42
11877,45180,2024-01-15 14:05:24,98.07
11878,45181,2024-01-15 14:05:36,97.9
11879,45182,2024-01-15 14:05:48,97.64
11880,45183,2024-01-15 14:06:00,98.12
11881,45184,2024-01-15 14:06:12,98.38
11882,45185,2024-01-15 14:06:24,98.21
11883,45186,2024-01-15 14:06:36,98.69
11884,45187,2024-01-15 14:06:48,98.6
11885,45188,2024-01-15 14:07:00,98.29
11886,45189,2024-01-15 14:07:12,98.91
11887,45190,2024-01-15 14:07:24,98.6
11888,45191,2024-01-15 14:07:36,98.82
11889,45192,2024-01-15 14:07:48,99.96
11890,45193,2024-01-15 14:08:00,99.7
11891,45194,2024-01-15 14:08:12,99.17
11892,45195,2024-01-15 14:08:24,99.83
11893,45196,2024-01-15 14:08:36,99.52
11894,45197,2024-01-15 14:08:48,100.05
11895,45198,2024-01-15 14:09:00,99.7
11896,45199,2024-01-15 14:09:12,100.62
11897,45200,2024-01-15 14:09:24,100.13
11898,45201,2024-01-15 14:09:36,100.75
11899,45202,2024-01-15 14:09:48,101.27
11900,45203,2024-01-15 14:10:00,101.93
11901,45204,2024-01-15 14:10:12,101.14
11902,45205,2024-01-15 14:10:24,101.32
11903,45206,2024-01-15 14:10:36,101.58
11904,45207,2024-01-15 14:10:48,102.28
11905,45208,2024-01-15 14:11:00,102.28
11906,45209,2024-01-15 14:11:12,102.37
11907,45210,2024-01-15 14:11:24,102.76
11908,45211,2024-01-15 14:11:36,102.81
11909,45212,2024-01-15 14:11:48,102.85
11910,45213,2024-01-15 14:12:00,102.54
11911,45214,2024-01-15 14:12:12,103.16
11912,45215,2024-01-15 14:12:24,102.72
11913,45216,2024-01-15 14:12:36,103.73
11914,45217,2024-01-15 14:12:48,103.9
11915,45218,2024-01-15 14:13:00,103.82
11916,45219,2024-01-15 14:13:12,103.16
11917,45220,2024-01-15 14:13:24,104.3
11918,45221,2024-01-15 14:13:36,104.25
11919,45222,2024-01-15 14:13:48,104.21
11920,45223,2024-01-15 14:14:00,104.56
11921,45224,2024-01-15 14:14:12,105.13
11922,45225,2024-01-15 14:14:24,104.61
11923,45226,2024-01-15 14:14:36,104.56
11924,45227,2024-01-15 14:14:48,104.69
11925,45228,2024-01-15 14:15:00,105.57
11926,45229,2024-01-15 14:15:12,104.74
11927,45230,2024-01-15 14:15:24,105.31
11928,45231,2024-01-15 14:15:36,105.09
11929,45232,2024-01-15 14:15:48,106.4
11930,45233,2024-01-15 14:16:00,106.49
11931,45234,2024-01-15 14:16:12,106.75
11932,45235,2024-01-15 14:16:24,106.23
11933,45236,2024-01-15 14:16:36,107.28
11934,45237,2024-01-15 14:16:48,106.14
11935,45238,2024-01-15 14:17:00,106.58
11936,45239,2024-01-15 14:17:12,107.67
11937,45240,2024-01-15 14:17:24,107.32
11938,45241,2024-01-15 14:17:36,107.89
11939,45242,2024-01-15 14:17:48,107.5
11940,45243,2024-01-15 14:18:00,108.16
11941,45244,2024-01-15 14:18:12,107.8
11942,45245,2024-01-15 14:18:24,107.89
11943,45246,2024-01-15 14:18:36,107.94
11944,45247,2024-01-15 14:18:48,107.72
11945,45248,2024-01-15 14:19:00,108.16
11946,45249,2024-01-15 14:19:12,108.24
11947,45250,2024-01-15 14:19:24,107.85
11948,45251,2024-01-15 14:19:36,107.98
11949,45252,2024-01-15 14:19:48,108.55
11950,45253,2024-01-15 14:20:00,109.21
11951,45254,2024-01-15 14:20:12,108.55
11952,45255,2024-01-15 14:20:24,109.16
11953,45256,2024-01-15 14:20:36,108.99
11954,45257,2024-01-15 14:20:48,108.16
11955,45258,2024-01-15 14:21:00,108.73
11956,45259,2024-01-15 14:21:12,109.08
11957,45260,2024-01-15 14:21:24,109.08
11958,45261,2024-01-15 14:21:36,108.33
11959,45262,2024-01-15 14:21:48,108.86
11960,45263,2024-01-15 14:22:00,109.08
11961,45264,2024-01-15 14:22:12,108.55
11962,45265,2024-01-15 14:22:24,109.34
11963,45266,2024-01-15 14:22:36,108.73
11964,45267,2024-01-15 14:22:48,109.38
11965,45268,2024-01-15 14:23:00,109.6
11966,45269,2024-01-15 14:23:12,109.73
11967,45270,2024-01-15 14:23:24,110.0
11968,45271,2024-01-15 14:23:36,110.52
11969,45272,2024-01-15 14:23:48,110.22
11970,45273,2024-01-15 14:24:00,110.79
11971,45274,2024-01-15 14:24:12,110.87
11972,45275,2024-01-15 14:24:24,110.79
11973,45276,2024-01-15 14:24:36,110.83
11974,45277,2024-01-15 14:24:48,111.4
11975,45278,2024-01-15 14:25:00,111.62
11976,45279,2024-01-15 14:25:12,111.62
11977,45280,2024-01-15 14:25:24,109.65
11978,45281,2024-01-15 14:25:36,109.65
11979,45282,2024-01-15 14:25:48,110.35
11980,45283,2024-01-15 14:26:00,110.79
11981,45284,2024-01-15 14:26:12,111.0
11982,45285,2024-01-15 14:26:24,110.43
11983,45286,2024-01-15 14:26:36,111.53
11984,45287,2024-01-15 14:26:48,111.97
11985,45288,2024-01-15 14:27:00,111.93
11986,45289,2024-01-15 14:27:12,111.93
11987,45290,2024-01-15 14:27:24,111.97
11988,45291,2024-01-15 14:27:36,112.67
11989,45292,2024-01-15 14:27:48,112.32
11990,45293,2024-01-15 14:28:00,113.24
11991,45294,2024-01-15 14:28:12,112.41
11992,45295,2024-01-15 14:28:24,112.63
11993,45296,2024-01-15 14:28:36,112.98
11994,45297,2024-01-15 14:28:48,112.58
11995,45298,2024-01-15 14:29:00,112.76
11996,45299,2024-01-15 14:29:12,112.67
11997,45300,2024-01-15 14:29:24,113.2
11998,45301,2024-01-15 14:29:36,113.15
11999,45302,2024-01-15 14:29:48,113.42
12000,45303,2024-01-15 14:30:00,114.03
12001,45304,2024-01-15 14:30:12,114.95
12002,45305,2024-01-15 14:30:24,114.77
12003,45306,2024-01-15 14:30:36,114.73
12004,45307,2024-01-15 14:30:48,114.77
12005,45308,2024-01-15 14:31:00,115.04
12006,45309,2024-01-15 14:31:12,115.12
12007,45310,2024-01-15 14:31:24,115.65
12008,45311,2024-01-15 14:31:36,116.4
12009,45312,2024-01-15 14:31:48,115.56
12010,45313,2024-01-15 14:32:00,115.69
12011,45314,2024-01-15 14:32:12,116.7
12012,45315,2024-01-15 14:32:24,117.01
12013,45316,2024-01-15 14:32:36,116.62
12014,45317,2024-01-15 14:32:48,116.53
12015,45318,2024-01-15 14:33:00,117.05
12016,45319,2024-01-15 14:33:12,117.23
12017,45320,2024-01-15 14:33:24,117.4
12018,45321,2024-01-15 14:33:36,117.58
12019,45322,2024-01-15 14:33:48,118.15
12020,45323,2024-01-15 14:34:00,117.54
12021,45324,2024-01-15 14:34:12,117.67
12022,45325,2024-01-15 14:34:24,118.94
12023,45326,2024-01-15 14:34:36,118.46
12024,45327,2024-01-15 14:34:48,118.76
12025,45328,2024-01-15 14:35:00,119.33
12026,45329,2024-01-15 14:35:12,119.64
12027,45330,2024-01-15 14:35:24,119.03
12028,45331,2024-01-15 14:35:36,120.03
12029,45332,2024-01-15 14:35:48,120.03
12030,45333,2024-01-15 14:36:00,119.86
12031,45334,2024-01-15 14:36:12,120.12
12032,45335,2024-01-15 14:36:24,120.52
12033,45336,2024-01-15 14:36:36,120.17
12034,45337,2024-01-15 14:36:48,119.68
12035,45338,2024-01-15 14:37:00,119.77
12036,45339,2024-01-15 14:37:12,120.87
12037,45340,2024-01-15 14:37:24,121.0
12038,45341,2024-01-15 14:37:36,121.74
12039,45342,2024-01-15 14:37:48,121.57
12040,45343,2024-01-15 14:38:00,121.66
12041,45344,2024-01-15 14:38:12,122.4
12042,45345,2024-01-15 14:38:24,122.8
12043,45346,2024-01-15 14:38:36,121.88
12044,45347,2024-01-15 14:38:48,123.01
12045,45348,2024-01-15 14:39:00,122.75
12046,45349,2024-01-15 14:39:12,122.62
12047,45350,2024-01-15 14:39:24,122.49
12048,45351,2024-01-15 14:39:36,123.85
12049,45352,2024-01-15 14:39:48,123.28
12050,45353,2024-01-15 14:40:00,123.76
12051,45354,2024-01-15 14:40:12,123.5
12052,45355,2024-01-15 14:40:24,123.85
12053,45356,2024-01-15 14:40:36,124.68
12054,45357,2024-01-15 14:40:48,124.11
12055,45358,2024-01-15 14:41:00,123.72
12056,45359,2024-01-15 14:41:12,123.19
12057,45360,2024-01-15 14:41:24,122.66
12058,45361,2024-01-15 14:41:36,122.27
12059,45362,2024-01-15 14:41:48,121.74
12060,45363,2024-01-15 14:42:00,121.35
12061,45364,2024-01-15 14:42:12,120.91
12062,45365,2024-01-15 14:42:24,120.38
12063,45366,2024-01-15 14:42:36,120.03
12064,45367,2024-01-15 14:42:48,119.55
12065,45368,2024-01-15 14:43:00,119.2
12066,45369,2024-01-15 14:43:12,118.63
12067,45370,2024-01-15 14:43:24,118.32
12068,45371,2024-01-15 14:43:36,117.97
12069,45372,2024-01-15 14:43:48,117.58
12070,45373,2024-01-15 14:44:00,117.19
12071,45374,2024-01-15 14:44:12,116.75
12072,45375,2024-01-15 14:44:24,116.4
12073,45376,2024-01-15 14:44:36,116.0
12074,45377,2024-01-15 14:44:48,115.52
12075,45378,2024-01-15 14:45:00,115.26
12076,45379,2024-01-15 14:45:12,114.77
12077,45380,2024-01-15 14:45:24,114.42
12078,45381,2024-01-15 14:45:36,114.07
12079,45382,2024-01-15 14:45:48,113.72
12080,45383,2024-01-15 14:46:00,113.37
12081,45384,2024-01-15 14:46:12,113.11
12082,45385,2024-01-15 14:46:24,112.67
12083,45386,2024-01-15 14:46:36,112.41
12084,45387,2024-01-15 14:46:48,111.97
12085,45388,2024-01-15 14:47:00,111.66
12086,45389,2024-01-15 14:47:12,111.4
12087,45390,2024-01-15 14:47:24,111.05
12088,45391,2024-01-15 14:47:36,110.7
12089,45392,2024-01-15 14:47:48,110.35
12090,45393,2024-01-15 14:48:00,110.08
12091,45394,2024-01-15 14:48:12,109.69
12092,45395,2024-01-15 14:48:24,109.38
12093,45396,2024-01-15 14:48:36,108.94
12094,45397,2024-01-15 14:48:48,108.55
12095,45398,2024-01-15 14:49:00,108.16
12096,45399,2024-01-15 14:49:12,107.89
12097,45400,2024-01-15 14:49:24,107.54
12098,45401,2024-01-15 14:49:36,107.06
12099,45402,2024-01-15 14:49:48,106.71
12100,45403,2024-01-15 14:50:00,106.31
12101,45404,2024-01-15 14:50:12,106.01
12102,45405,2024-01-15 14:50:24,105.66
12103,45406,2024-01-15 14:50:36,105.31
12104,45407,2024-01-15 14:50:48,104.91
12105,45408,2024-01-15 14:51:00,104.56
12106,45409,2024-01-15 14:51:12,104.25
12107,45410,2024-01-15 14:51:24,103.99
12108,45411,2024-01-15 14:51:36,103.68
12109,45412,2024-01-15 14:51:48,103.25
12110,45413,2024-01-15 14:52:00,102.85
12111,45414,2024-01-15 14:52:12,102.63
12112,45415,2024-01-15 14:52:24,102.37
12113,45416,2024-01-15 14:52:36,102.02
12114,45417,2024-01-15 14:52:48,101.67
12115,45418,2024-01-15 14:53:00,101.41
12116,45419,2024-01-15 14:53:12,101.1
12117,45420,2024-01-15 14:53:24,100.79
12118,45421,2024-01-15 14:53:36,100.53
12119,45422,2024-01-15 14:53:48,100.05
12120,45423,2024-01-15 14:54:00,99.56
12121,45424,2024-01-15 14:54:12,99.08
12122,45425,2024-01-15 14:54:24,98.64
12123,45426,2024-01-15 14:54:36,98.38
12124,45427,2024-01-15 14:54:48,98.78
12125,45428,2024-01-15 14:55:00,99.39
12126,45429,2024-01-15 14:55:12,100.18
12127,45430,2024-01-15 14:55:24,99.52
12128,45431,2024-01-15 14:55:36,100.35
12129,45432,2024-01-15 14:55:48,100.35
12130,45433,2024-01-15 14:56:00,100.75
12131,45434,2024-01-15 14:56:12,101.1
12132,45435,2024-01-15 14:56:24,100.4
12133,45436,2024-01-15 14:56:36,101.27
12134,45437,2024-01-15 14:56:48,101.32
12135,45438,2024-01-15 14:57:00,101.1
12136,45439,2024-01-15 14:57:12,101.93
12137,45440,2024-01-15 14:57:24,102.28
12138,45441,2024-01-15 14:57:36,102.15
12139,45442,2024-01-15 14:57:48,101.89
12140,45443,2024-01-15 14:58:00,101.93
12141,45444,2024-01-15 14:58:12,102.63
12142,45445,2024-01-15 14:58:24,102.85
12143,45446,2024-01-15 14:58:36,103.33
12144,45447,2024-01-15 14:58:48,103.03
12145,45448,2024-01-15 14:59:00,103.6
12146,45449,2024-01-15 14:59:12,103.51
12147,45450,2024-01-15 14:59:24,103.86
12148,45451,2024-01-15 14:59:36,103.95
12149,45452,2024-01-15 14:59:48,103.95
12150,45453,2024-01-15 15:00:00,104.17
12151,45454,2024-01-15 15:00:12,103.73
12152,45455,2024-01-15 15:00:24,104.56
12153,45456,2024-01-15 15:00:36,104.08
12154,45457,2024-01-15 15:00:48,104.91
12155,45458,2024-01-15 15:01:00,104.82
12156,45459,2024-01-15 15:01:12,105.35
12157,45460,2024-01-15 15:01:24,105.61
12158,45461,2024-01-15 15:01:36,105.26
12159,45462,2024-01-15 15:01:48,105.26
12160,45463,2024-01-15 15:02:00,106.31
12161,45464,2024-01-15 15:02:12,106.01
12162,45465,2024-01-15 15:02:24,106.36
12163,45466,2024-01-15 15:02:36,106.58
12164,45467,2024-01-15 15:02:48,106.84
12165,45468,2024-01-15 15:03:00,107.06
12166,45469,2024-01-15 15:03:12,107.28
12167,45470,2024-01-15 15:03:24,107.15
12168,45471,2024-01-15 15:03:36,107.06
12169,45472,2024-01-15 15:03:48,106.58
12170,45473,2024-01-15 15:04:00,107.41
12171,45474,2024-01-15 15:04:12,107.72
12172,45475,2024-01-15 15:04:24,107.41
12173,45476,2024-01-15 15:04:36,106.84
12174,45477,2024-01-15 15:04:48,107.63
12175,45478,2024-01-15 15:05:00,107.06
12176,45479,2024-01-15 15:05:12,107.37
12177,45480,2024-01-15 15:05:24,107.5
12178,45481,2024-01-15 15:05:36,108.07
12179,45482,2024-01-15 15:05:48,108.11
12180,45483,2024-01-15 15:06:00,107.37
12181,45484,2024-01-15 15:06:12,108.42
12182,45485,2024-01-15 15:06:24,108.37
12183,45486,2024-01-15 15:06:36,108.29
12184,45487,2024-01-15 15:06:48,108.33
12185,45488,2024-01-15 15:07:00,108.9
12186,45489,2024-01-15 15:07:12,108.94
12187,45490,2024-01-15 15:07:24,108.51
12188,45491,2024-01-15 15:07:36,109.65
12189,45492,2024-01-15 15:07:48,109.73
12190,45493,2024-01-15 15:08:00,110.52
12191,45494,2024-01-15 15:08:12,108.86
12192,45495,2024-01-15 15:08:24,110.0
12193,45496,2024-01-15 15:08:36,109.34
12194,45497,2024-01-15 15:08:48,109.3
12195,45498,2024-01-15 15:09:00,109.73
12196,45499,2024-01-15 15:09:12,110.13
12197,45500,2024-01-15 15:09:24,109.56
12198,45501,2024-01-15 15:09:36,109.12
12199,45502,2024-01-15 15:09:48,109.73
12200,45503,2024-01-15 15:10:00,109.3
12201,45504,2024-01-15 15:10:12,110.22
12202,45505,2024-01-15 15:10:24,110.22
12203,45506,2024-01-15 15:10:36,109.95
12204,45507,2024-01-15 15:10:48,110.17
12205,45508,2024-01-15 15:11:00,110.57
12206,45509,2024-01-15 15:11:12,110.08
12207,45510,2024-01-15 15:11:24,110.83
12208,45511,2024-01-15 15:11:36,110.7
12209,45512,2024-01-15 15:11:48,110.79
12210,45513,2024-01-15 15:12:00,110.7
12211,45514,2024-01-15 15:12:12,111.66
12212,45515,2024-01-15 15:12:24,111.14
12213,45516,2024-01-15 15:12:36,111.88
12214,45517,2024-01-15 15:12:48,111.79
12215,45518,2024-01-15 15:13:00,112.23
12216,45519,2024-01-15 15:13:12,112.63
12217,45520,2024-01-15 15:13:24,112.49
12218,45521,2024-01-15 15:13:36,112.67
12219,45522,2024-01-15 15:13:48,112.19
12220,45523,2024-01-15 15:14:00,112.54
12221,45524,2024-01-15 15:14:12,112.28
12222,45525,2024-01-15 15:14:24,112.36
12223,45526,2024-01-15 15:14:36,112.49
12224,45527,2024-01-15 15:14:48,112.67
12225,45528,2024-01-15 15:15:00,112.45
12226,45529,2024-01-15 15:15:12,113.33
12227,45530,2024-01-15 15:15:24,111.84
12228,45531,2024-01-15 15:15:36,111.97
12229,45532,2024-01-15 15:15:48,111.75
12230,45533,2024-01-15 15:16:00,112.8
12231,45534,2024-01-15 15:16:12,113.02
12232,45535,2024-01-15 15:16:24,112.89
12233,45536,2024-01-15 15:16:36,113.46
12234,45537,2024-01-15 15:16:48,112.54
12235,45538,2024-01-15 15:17:00,113.63
12236,45539,2024-01-15 15:17:12,112.8
12237,45540,2024-01-15 15:17:24,113.5
12238,45541,2024-01-15 15:17:36,113.59
12239,45542,2024-01-15 15:17:48,112.71
12240,45543,2024-01-15 15:18:00,113.15
12241,45544,2024-01-15 15:18:12,113.63
12242,45545,2024-01-15 15:18:24,113.77
12243,45546,2024-01-15 15:18:36,112.93
12244,45547,2024-01-15 15:18:48,114.64
12245,45548,2024-01-15 15:19:00,113.2
12246,45549,2024-01-15 15:19:12,113.5
12247,45550,2024-01-15 15:19:24,113.72
12248,45551,2024-01-15 15:19:36,114.42
12249,45552,2024-01-15 15:19:48,113.5
12250,45553,2024-01-15 15:20:00,114.38
12251,45554,2024-01-15 15:20:12,113.28
12252,45555,2024-01-15 15:20:24,113.94
12253,45556,2024-01-15 15:20:36,114.42
12254,45557,2024-01-15 15:20:48,113.5
12255,45558,2024-01-15 15:21:00,114.6
12256,45559,2024-01-15 15:21:12,114.6
12257,45560,2024-01-15 15:21:24,114.91
12258,45561,2024-01-15 15:21:36,113.9
12259,45562,2024-01-15 15:21:48,114.51
12260,45563,2024-01-15 15:22:00,115.61
12261,45564,2024-01-15 15:22:12,115.34
12262,45565,2024-01-15 15:22:24,115.17
12263,45566,2024-01-15 15:22:36,115.39
12264,45567,2024-01-15 15:22:48,115.43
12265,45568,2024-01-15 15:23:00,115.56
12266,45569,2024-01-15 15:23:12,116.4
12267,45570,2024-01-15 15:23:24,115.65
12268,45571,2024-01-15 15:23:36,117.01
12269,45572,2024-01-15 15:23:48,116.05
12270,45573,2024-01-15 15:24:00,116.22
12271,45574,2024-01-15 15:24:12,115.74
12272,45575,2024-01-15 15:24:24,115.69
12273,45576,2024-01-15 15:24:36,116.18
12274,45577,2024-01-15 15:24:48,116.62
12275,45578,2024-01-15 15:25:00,116.4
12276,45579,2024-01-15 15:25:12,116.66
12277,45580,2024-01-15 15:25:24,116.83
12278,45581,2024-01-15 15:25:36,117.23
12279,45582,2024-01-15 15:25:48,116.7
12280,45583,2024-01-15 15:26:00,117.75
12281,45584,2024-01-15 15:26:12,117.23
12282,45585,2024-01-15 15:26:24,117.01
12283,45586,2024-01-15 15:26:36,117.54
12284,45587,2024-01-15 15:26:48,117.75
12285,45588,2024-01-15 15:27:00,118.32
12286,45589,2024-01-15 15:27:12,118.28
12287,45590,2024-01-15 15:27:24,118.32
12288,45591,2024-01-15 15:27:36,117.93
12289,45592,2024-01-15 15:27:48,117.75
12290,45593,2024-01-15 15:28:00,119.38
12291,45594,2024-01-15 15:28:12,118.63
12292,45595,2024-01-15 15:28:24,118.63
12293,45596,2024-01-15 15:28:36,118.98
12294,45597,2024-01-15 15:28:48,118.85
12295,45598,2024-01-15 15:29:00,119.25
12296,45599,2024-01-15 15:29:12,118.63
12297,45600,2024-01-15 15:29:24,119.51
12298,45601,2024-01-15 15:29:36,118.98
12299,45602,2024-01-15 15:29:48,120.43
12300,45603,2024-01-15 15:30:00,118.94
12301,45604,2024-01-15 15:30:12,120.03
12302,45605,2024-01-15 15:30:24,119.95
12303,45606,2024-01-15 15:30:36,120.78
12304,45607,2024-01-15 15:30:48,120.34
12305,45608,2024-01-15 15:31:00,120.95
12306,45609,2024-01-15 15:31:12,121.39
12307,45610,2024-01-15 15:31:24,120.65
12308,45611,2024-01-15 15:31:36,121.0
12309,45612,2024-01-15 15:31:48,121.17
12310,45613,2024-01-15 15:32:00,122.27
12311,45614,2024-01-15 15:32:12,121.66
12312,45615,2024-01-15 15:32:24,122.49
12313,45616,2024-01-15 15:32:36,122.05
12314,45617,2024-01-15 15:32:48,121.17
12315,45618,2024-01-15 15:33:00,121.92
12316,45619,2024-01-15 15:33:12,121.57
12317,45620,2024-01-15 15:33:24,121.74
12318,45621,2024-01-15 15:33:36,122.49
12319,45622,2024-01-15 15:33:48,122.36
12320,45623,2024-01-15 15:34:00,122.8
12321,45624,2024-01-15 15:34:12,123.45
12322,45625,2024-01-15 15:34:24,123.85
12323,45626,2024-01-15 15:34:36,122.31
12324,45627,2024-01-15 15:34:48,122.97
12325,45628,2024-01-15 15:35:00,123.23
12326,45629,2024-01-15 15:35:12,123.85
12327,45630,2024-01-15 15:35:24,123.58
12328,45631,2024-01-15 15:35:36,123.19
12329,45632,2024-01-15 15:35:48,123.28
12330,45633,2024-01-15 15:36:00,123.32
12331,45634,2024-01-15 15:36:12,124.07
12332,45635,2024-01-15 15:36:24,123.58
12333,45636,2024-01-15 15:36:36,124.11
12334,45637,2024-01-15 15:36:48,123.85
12335,45638,2024-01-15 15:37:00,123.54
12336,45639,2024-01-15 15:37:12,122.97
12337,45640,2024-01-15 15:37:24,122.45
12338,45641,2024-01-15 15:37:36,121.92
12339,45642,2024-01-15 15:37:48,121.52
12340,45643,2024-01-15 15:38:00,121.0
12341,45644,2024-01-15 15:38:12,120.52
12342,45645,2024-01-15 15:38:24,119.99
12343,45646,2024-01-15 15:38:36,119.55
12344,45647,2024-01-15 15:38:48,118.94
12345,45648,2024-01-15 15:39:00,118.46
12346,45649,2024-01-15 15:39:12,117.97
12347,45650,2024-01-15 15:39:24,117.49
12348,45651,2024-01-15 15:39:36,117.1
12349,45652,2024-01-15 15:39:48,116.7
12350,45653,2024-01-15 15:40:00,116.22
12351,45654,2024-01-15 15:40:12,115.91
12352,45655,2024-01-15 15:40:24,115.43
12353,45656,2024-01-15 15:40:36,115.12
12354,45657,2024-01-15 15:40:48,114.73
12355,45658,2024-01-15 15:41:00,114.29
12356,45659,2024-01-15 15:41:12,113.85
12357,45660,2024-01-15 15:41:24,113.46
12358,45661,2024-01-15 15:41:36,113.02
12359,45662,2024-01-15 15:41:48,112.71
12360,45663,2024-01-15 15:42:00,112.32
12361,45664,2024-01-15 15:42:12,112.06
12362,45665,2024-01-15 15:42:24,111.62
12363,45666,2024-01-15 15:42:36,111.27
12364,45667,2024-01-15 15:42:48,110.87
12365,45668,2024-01-15 15:43:00,110.52
12366,45669,2024-01-15 15:43:12,110.22
12367,45670,2024-01-15 15:43:24,109.86
12368,45671,2024-01-15 15:43:36,109.51
12369,45672,2024-01-15 15:43:48,109.16
12370,45673,2024-01-15 15:44:00,108.81
12371,45674,2024-01-15 15:44:12,108.37
12372,45675,2024-01-15 15:44:24,108.07
12373,45676,2024-01-15 15:44:36,107.59
12374,45677,2024-01-15 15:44:48,107.37
12375,45678,2024-01-15 15:45:00,106.97
12376,45679,2024-01-15 15:45:12,106.58
12377,45680,2024-01-15 15:45:24,106.18
12378,45681,2024-01-15 15:45:36,105.88
12379,45682,2024-01-15 15:45:48,105.53
12380,45683,2024-01-15 15:46:00,105.22
12381,45684,2024-01-15 15:46:12,104.82
12382,45685,2024-01-15 15:46:24,104.43
12383,45686,2024-01-15 15:46:36,104.12
12384,45687,2024-01-15 15:46:48,103.77
12385,45688,2024-01-15 15:47:00,103.42
12386,45689,2024-01-15 15:47:12,103.03
12387,45690,2024-01-15 15:47:24,102.72
12388,45691,2024-01-15 15:47:36,102.28
12389,45692,2024-01-15 15:47:48,101.93
12390,45693,2024-01-15 15:48:00,101.62
12391,45694,2024-01-15 15:48:12,101.32
12392,45695,2024-01-15 15:48:24,100.97
12393,45696,2024-01-15 15:48:36,100.57
12394,45697,2024-01-15 15:48:48,100.22
12395,45698,2024-01-15 15:49:00,99.96
12396,45699,2024-01-15 15:49:12,99.65
12397,45700,2024-01-15 15:49:24,99.39
12398,45701,2024-01-15 15:49:36,98.99
12399,45702,2024-01-15 15:49:48,98.42
12400,45703,2024-01-15 15:50:00,99.35
12401,45704,2024-01-15 15:50:12,100.27
12402,45705,2024-01-15 15:50:24,100.4
12403,45706,2024-01-15 15:50:36,100.66
12404,45707,2024-01-15 15:50:48,100.18
12405,45708,2024-01-15 15:51:00,101.27
12406,45709,2024-01-15 15:51:12,101.23
12407,45710,2024-01-15 15:51:24,102.02
12408,45711,2024-01-15 15:51:36,102.11
12409,45712,2024-01-15 15:51:48,102.81
12410,45713,2024-01-15 15:52:00,102.76
12411,45714,2024-01-15 15:52:12,102.28
12412,45715,2024-01-15 15:52:24,103.07
12413,45716,2024-01-15 15:52:36,103.25
12414,45717,2024-01-15 15:52:48,102.76
12415,45718,2024-01-15 15:53:00,104.04
12416,45719,2024-01-15 15:53:12,102.68
12417,45720,2024-01-15 15:53:24,104.34
12418,45721,2024-01-15 15:53:36,104.61
12419,45722,2024-01-15 15:53:48,104.69
12420,45723,2024-01-15 15:54:00,104.82
12421,45724,2024-01-15 15:54:12,104.78
12422,45725,2024-01-15 15:54:24,105.22
12423,45726,2024-01-15 15:54:36,105.66
12424,45727,2024-01-15 15:54:48,106.01
12425,45728,2024-01-15 15:55:00,106.36
12426,45729,2024-01-15 15:55:12,106.01
12427,45730,2024-01-15 15:55:24,106.36
12428,45731,2024-01-15 15:55:36,106.23
12429,45732,2024-01-15 15:55:48,106.75
12430,45733,2024-01-15 15:56:00,107.63
12431,45734,2024-01-15 15:56:12,106.88
12432,45735,2024-01-15 15:56:24,106.58
12433,45736,2024-01-15 15:56:36,107.72
12434,45737,2024-01-15 15:56:48,108.33
12435,45738,2024-01-15 15:57:00,107.76
12436,45739,2024-01-15 15:57:12,108.64
12437,45740,2024-01-15 15:57:24,108.94
12438,45741,2024-01-15 15:57:36,108.2
12439,45742,2024-01-15 15:57:48,108.68
12440,45743,2024-01-15 15:58:00,109.91
12441,45744,2024-01-15 15:58:12,109.51
12442,45745,2024-01-15 15:58:24,109.3
12443,45746,2024-01-15 15:58:36,109.34
12444,45747,2024-01-15 15:58:48,109.82
12445,45748,2024-01-15 15:59:00,109.95
12446,45749,2024-01-15 15:59:12,109.86
12447,45750,2024-01-15 15:59:24,110.57
12448,45751,2024-01-15 15:59:36,109.91
12449,45752,2024-01-15 15:59:48,111.4
12450,49953,2024-01-16 06:00:00,97.94
12451,49954,2024-01-16 06:00:12,97.99
12452,49955,2024-01-16 06:00:24,98.6
12453,49956,2024-01-16 06:00:36,98.6
12454,49957,2024-01-16 06:00:48,98.82
12455,49958,2024-01-16 06:01:00,99.35
12456,49959,2024-01-16 06:01:12,99.21
12457,49960,2024-01-16 06:01:24,99.65
12458,49961,2024-01-16 06:01:36,99.21
12459,49962,2024-01-16 06:01:48,99.61
12460,49963,2024-01-16 06:02:00,100.4
12461,49964,2024-01-16 06:02:12,100.53
12462,49965,2024-01-16 06:02:24,99.91
12463,49966,2024-01-16 06:02:36,100.92
12464,49967,2024-01-16 06:02:48,101.05
12465,49968,2024-01-16 06:03:00,101.01
12466,49969,2024-01-16 06:03:12,100.92
12467,49970,2024-01-16 06:03:24,101.45
12468,49971,2024-01-16 06:03:36,102.15
12469,49972,2024-01-16 06:03:48,101.76
12470,49973,2024-01-16 06:04:00,101.58
12471,49974,2024-01-16 06:04:12,101.93
12472,49975,2024-01-16 06:04:24,102.72
12473,49976,2024-01-16 06:04:36,103.07
12474,49977,2024-01-16 06:04:48,103.55
12475,49978,2024-01-16 06:05:00,103.33
12476,49979,2024-01-16 06:05:12,104.12
12477,49980,2024-01-16 06:05:24,103.73
12478,49981,2024-01-16 06:05:36,104.12
12479,49982,2024-01-16 06:05:48,104.65
12480,49983,2024-01-16 06:06:00,104.21
12481,49984,2024-01-16 06:06:12,104.74
12482,49985,2024-01-16 06:06:24,104.21
12483,49986,2024-01-16 06:06:36,104.21
12484,49987,2024-01-16 06:06:48,104.56
12485,49988,2024-01-16 06:07:00,105.22
12486,49989,2024-01-16 06:07:12,105.61
12487,49990,2024-01-16 06:07:24,106.01
12488,49991,2024-01-16 06:07:36,105.44
12489,49992,2024-01-16 06:07:48,105.74
12490,49993,2024-01-16 06:08:00,105.83
12491,49994,2024-01-16 06:08:12,106.01
12492,49995,2024-01-16 06:08:24,106.14
12493,49996,2024-01-16 06:08:36,106.8
12494,49997,2024-01-16 06:08:48,106.75
12495,49998,2024-01-16 06:09:00,106.97
12496,49999,2024-01-16 06:09:12,107.37
12497,50000,2024-01-16 06:09:24,107.02
12498,50001,2024-01-16 06:09:36,107.41
12499,50002,2024-01-16 06:09:48,107.89
12500,50003,2024-01-16 06:10:00,108.24
12501,50004,2024-01-16 06:10:12,108.51
12502,50005,2024-01-16 06:10:24,108.77
12503,50006,2024-01-16 06:10:36,108.37
12504,50007,2024-01-16 06:10:48,108.64
12505,50008,2024-01-16 06:11:00,108.73
12506,50009,2024-01-16 06:11:12,108.81
12507,50010,2024-01-16 06:11:24,109.25
12508,50011,2024-01-16 06:11:36,109.51
12509,50012,2024-01-16 06:11:48,109.16
12510,50013,2024-01-16 06:12:00,109.82
12511,50014,2024-01-16 06:12:12,109.78
12512,50015,2024-01-16 06:12:24,110.0
12513,50016,2024-01-16 06:12:36,109.95
12514,50017,2024-01-16 06:12:48,110.35
12515,50018,2024-01-16 06:13:00,111.05
12516,50019,2024-01-16 06:13:12,110.92
12517,50020,2024-01-16 06:13:24,110.96
12518,50021,2024-01-16 06:13:36,111.62
12519,50022,2024-01-16 06:13:48,111.36
12520,50023,2024-01-16 06:14:00,111.27
12521,50024,2024-01-16 06:14:12,111.09
12522,50025,2024-01-16 06:14:24,111.62
12523,50026,2024-01-16 06:14:36,112.06
12524,50027,2024-01-16 06:14:48,112.19
12525,50028,2024-01-16 06:15:00,112.01
12526,50029,2024-01-16 06:15:12,112.1
12527,50030,2024-01-16 06:15:24,112.41
12528,50031,2024-01-16 06:15:36,113.24
12529,50032,2024-01-16 06:15:48,112.76
12530,50033,2024-01-16 06:16:00,112.1
12531,50034,2024-01-16 06:16:12,112.58
12532,50035,2024-01-16 06:16:24,112.45
12533,50036,2024-01-16 06:16:36,112.63
12534,50037,2024-01-16 06:16:48,113.33
12535,50038,2024-01-16 06:17:00,113.02
12536,50039,2024-01-16 06:17:12,113.68
12537,50040,2024-01-16 06:17:24,113.68
12538,50041,2024-01-16 06:17:36,113.68
12539,50042,2024-01-16 06:17:48,113.55
12540,50043,2024-01-16 06:18:00,113.68
12541,50044,2024-01-16 06:18:12,114.95
12542,50045,2024-01-16 06:18:24,115.17
12543,50046,2024-01-16 06:18:36,114.95
12544,50047,2024-01-16 06:18:48,114.77
12545,50048,2024-01-16 06:19:00,115.34
12546,50049,2024-01-16 06:19:12,115.69
12547,50050,2024-01-16 06:19:24,114.6
12548,50051,2024-01-16 06:19:36,115.69
12549,50052,2024-01-16 06:19:48,116.0
12550,50053,2024-01-16 06:20:00,115.61
12551,50054,2024-01-16 06:20:12,116.22
12552,50055,2024-01-16 06:20:24,115.96
12553,50056,2024-01-16 06:20:36,116.35
12554,50057,2024-01-16 06:20:48,115.83
12555,50058,2024-01-16 06:21:00,117.01
12556,50059,2024-01-16 06:21:12,116.88
12557,50060,2024-01-16 06:21:24,116.92
12558,50061,2024-01-16 06:21:36,117.8
12559,50062,2024-01-16 06:21:48,117.23
12560,50063,2024-01-16 06:22:00,117.89
12561,50064,2024-01-16 06:22:12,118.15
12562,50065,2024-01-16 06:22:24,118.41
12563,50066,2024-01-16 06:22:36,117.4
12564,50067,2024-01-16 06:22:48,118.63
12565,50068,2024-01-16 06:23:00,118.98
12566,50069,2024-01-16 06:23:12,118.94
12567,50070,2024-01-16 06:23:24,118.94
12568,50071,2024-01-16 06:23:36,118.5
12569,50072,2024-01-16 06:23:48,118.72
12570,50073,2024-01-16 06:24:00,119.38
12571,50074,2024-01-16 06:24:12,119.64
12572,50075,2024-01-16 06:24:24,119.46
12573,50076,2024-01-16 06:24:36,119.55
12574,50077,2024-01-16 06:24:48,119.42
12575,50078,2024-01-16 06:25:00,119.82
12576,50079,2024-01-16 06:25:12,120.03
12577,50080,2024-01-16 06:25:24,119.9
12578,50081,2024-01-16 06:25:36,119.82
12579,50082,2024-01-16 06:25:48,119.73
12580,50083,2024-01-16 06:26:00,120.65
12581,50084,2024-01-16 06:26:12,121.17
12582,50085,2024-01-16 06:26:24,121.39
12583,50086,2024-01-16 06:26:36,120.78
12584,50087,2024-01-16 06:26:48,121.44
12585,50088,2024-01-16 06:27:00,121.57
12586,50089,2024-01-16 06:27:12,121.39
12587,50090,2024-01-16 06:27:24,121.7
12588,50091,2024-01-16 06:27:36,121.79
12589,50092,2024-01-16 06:27:48,122.23
12590,50093,2024-01-16 06:28:00,121.83
12591,50094,2024-01-16 06:28:12,122.58
12592,50095,2024-01-16 06:28:24,122.45
12593,50096,2024-01-16 06:28:36,121.83
12594,50097,2024-01-16 06:28:48,121.74
12595,50098,2024-01-16 06:29:00,122.97
12596,50099,2024-01-16 06:29:12,123.15
12597,50100,2024-01-16 06:29:24,122.71
12598,50101,2024-01-16 06:29:36,123.67
12599,50102,2024-01-16 06:29:48,123.23
12600,50103,2024-01-16 06:30:00,123.32
12601,50104,2024-01-16 06:30:12,123.67
12602,50105,2024-01-16 06:30:24,123.94
12603,50106,2024-01-16 06:30:36,123.8
12604,50107,2024-01-16 06:30:48,123.15
12605,50108,2024-01-16 06:31:00,123.98
12606,50109,2024-01-16 06:31:12,124.37
12607,50110,2024-01-16 06:31:24,124.55
12608,50111,2024-01-16 06:31:36,123.76
12609,50112,2024-01-16 06:31:48,124.64
12610,50113,2024-01-16 06:32:00,123.89
12611,50114,2024-01-16 06:32:12,123.32
12612,50115,2024-01-16 06:32:24,122.8
12613,50116,2024-01-16 06:32:36,122.31
12614,50117,2024-01-16 06:32:48,121.83
12615,50118,2024-01-16 06:33:00,121.31
12616,50119,2024-01-16 06:33:12,120.74
12617,50120,2024-01-16 06:33:24,120.3
12618,50121,2024-01-16 06:33:36,119.82
12619,50122,2024-01-16 06:33:48,119.33
12620,50123,2024-01-16 06:34:00,118.85
12621,50124,2024-01-16 06:34:12,118.46
12622,50125,2024-01-16 06:34:24,117.97
12623,50126,2024-01-16 06:34:36,117.58
12624,50127,2024-01-16 06:34:48,117.23
12625,50128,2024-01-16 06:35:00,116.83
12626,50129,2024-01-16 06:35:12,116.4
12627,50130,2024-01-16 06:35:24,116.09
12628,50131,2024-01-16 06:35:36,115.69
12629,50132,2024-01-16 06:35:48,115.3
12630,50133,2024-01-16 06:36:00,114.95
12631,50134,2024-01-16 06:36:12,114.56
12632,50135,2024-01-16 06:36:24,114.07
12633,50136,2024-01-16 06:36:36,113.68
12634,50137,2024-01-16 06:36:48,113.24
12635,50138,2024-01-16 06:37:00,112.93
12636,50139,2024-01-16 06:37:12,112.45
12637,50140,2024-01-16 06:37:24,112.14
12638,50141,2024-01-16 06:37:36,111.75
12639,50142,2024-01-16 06:37:48,111.36
12640,50143,2024-01-16 06:38:00,110.92
12641,50144,2024-01-16 06:38:12,110.61
12642,50145,2024-01-16 06:38:24,110.22
12643,50146,2024-01-16 06:38:36,109.86
12644,50147,2024-01-16 06:38:48,109.6
12645,50148,2024-01-16 06:39:00,109.21
12646,50149,2024-01-16 06:39:12,108.81
12647,50150,2024-01-16 06:39:24,108.55
12648,50151,2024-01-16 06:39:36,108.24
12649,50152,2024-01-16 06:39:48,107.94
12650,50153,2024-01-16 06:40:00,107.63
12651,50154,2024-01-16 06:40:12,107.32
12652,50155,2024-01-16 06:40:24,107.02
12653,50156,2024-01-16 06:40:36,106.75
12654,50157,2024-01-16 06:40:48,106.36
12655,50158,2024-01-16 06:41:00,106.05
12656,50159,2024-01-16 06:41:12,105.79
12657,50160,2024-01-16 06:41:24,105.39
12658,50161,2024-01-16 06:41:36,105.0
12659,50162,2024-01-16 06:41:48,104.74
12660,50163,2024-01-16 06:42:00,104.39
12661,50164,2024-01-16 06:42:12,104.04
12662,50165,2024-01-16 06:42:24,103.77
12663,50166,2024-01-16 06:42:36,103.42
12664,50167,2024-01-16 06:42:48,103.11
12665,50168,2024-01-16 06:43:00,102.76
12666,50169,2024-01-16 06:43:12,102.46
12667,50170,2024-01-16 06:43:24,102.19
12668,50171,2024-01-16 06:43:36,101.8
12669,50172,2024-01-16 06:43:48,101.45
12670,50173,2024-01-16 06:44:00,101.19
12671,50174,2024-01-16 06:44:12,100.88
12672,50175,2024-01-16 06:44:24,100.62
12673,50176,2024-01-16 06:44:36,100.27
12674,50177,2024-01-16 06:44:48,99.91
12675,50178,2024-01-16 06:45:00,99.65
12676,50179,2024-01-16 06:45:12,99.3
12677,50180,2024-01-16 06:45:24,98.99
12678,50181,2024-01-16 06:45:36,98.64
12679,50182,2024-01-16 06:45:48,99.17
12680,50183,2024-01-16 06:46:00,99.56
12681,50184,2024-01-16 06:46:12,99.43
12682,50185,2024-01-16 06:46:24,100.18
12683,50186,2024-01-16 06:46:36,99.65
12684,50187,2024-01-16 06:46:48,100.75
12685,50188,2024-01-16 06:47:00,100.7
12686,50189,2024-01-16 06:47:12,100.92
12687,50190,2024-01-16 06:47:24,101.27
12688,50191,2024-01-16 06:47:36,100.92
12689,50192,2024-01-16 06:47:48,101.62
12690,50193,2024-01-16 06:48:00,102.72
12691,50194,2024-01-16 06:48:12,101.98
12692,50195,2024-01-16 06:48:24,101.76
12693,50196,2024-01-16 06:48:36,103.38
12694,50197,2024-01-16 06:48:48,103.07
12695,50198,2024-01-16 06:49:00,103.77
12696,50199,2024-01-16 06:49:12,103.9
12697,50200,2024-01-16 06:49:24,103.55
12698,50201,2024-01-16 06:49:36,104.47
12699,50202,2024-01-16 06:49:48,104.43
12700,50203,2024-01-16 06:50:00,104.91
12701,50204,2024-01-16 06:50:12,105.09
12702,50205,2024-01-16 06:50:24,105.61
12703,50206,2024-01-16 06:50:36,104.69
12704,50207,2024-01-16 06:50:48,106.23
12705,50208,2024-01-16 06:51:00,105.66
12706,50209,2024-01-16 06:51:12,106.58
12707,50210,2024-01-16 06:51:24,105.79
12708,50211,2024-01-16 06:51:36,106.31
12709,50212,2024-01-16 06:51:48,106.67
12710,50213,2024-01-16 06:52:00,106.93
12711,50214,2024-01-16 06:52:12,107.37
12712,50215,2024-01-16 06:52:24,107.59
12713,50216,2024-01-16 06:52:36,107.63
12714,50217,2024-01-16 06:52:48,108.33
12715,50218,2024-01-16 06:53:00,108.2
12716,50219,2024-01-16 06:53:12,108.42
12717,50220,2024-01-16 06:53:24,107.72
12718,50221,2024-01-16 06:53:36,108.9
12719,50222,2024-01-16 06:53:48,108.2
12720,50223,2024-01-16 06:54:00,108.24
12721,50224,2024-01-16 06:54:12,109.34
12722,50225,2024-01-16 06:54:24,109.38
12723,50226,2024-01-16 06:54:36,109.82
12724,50227,2024-01-16 06:54:48,110.43
12725,50228,2024-01-16 06:55:00,109.69
12726,50229,2024-01-16 06:55:12,109.47
12727,50230,2024-01-16 06:55:24,109.82
12728,50231,2024-01-16 06:55:36,110.79
12729,50232,2024-01-16 06:55:48,111.14
12730,50233,2024-01-16 06:56:00,111.14
12731,50234,2024-01-16 06:56:12,110.83
12732,50235,2024-01-16 06:56:24,111.57
12733,50236,2024-01-16 06:56:36,111.36
12734,50237,2024-01-16 06:56:48,111.27
12735,50238,2024-01-16 06:57:00,111.97
12736,50239,2024-01-16 06:57:12,112.1
12737,50240,2024-01-16 06:57:24,111.0
12738,50241,2024-01-16 06:57:36,111.97
12739,50242,2024-01-16 06:57:48,111.88
12740,50243,2024-01-16 06:58:00,112.67
12741,50244,2024-01-16 06:58:12,113.15
12742,50245,2024-01-16 06:58:24,113.37
12743,50246,2024-01-16 06:58:36,113.59
12744,50247,2024-01-16 06:58:48,113.77
12745,50248,2024-01-16 06:59:00,113.42
12746,50249,2024-01-16 06:59:12,114.07
12747,50250,2024-01-16 06:59:24,113.46
12748,50251,2024-01-16 06:59:36,113.02
12749,50252,2024-01-16 06:59:48,114.34
12750,50253,2024-01-16 07:00:00,113.77
12751,50254,2024-01-16 07:00:12,114.34
12752,50255,2024-01-16 07:00:24,114.2
12753,50256,2024-01-16 07:00:36,114.47
12754,50257,2024-01-16 07:00:48,115.04
12755,50258,2024-01-16 07:01:00,115.21
12756,50259,2024-01-16 07:01:12,115.43
12757,50260,2024-01-16 07:01:24,115.08
12758,50261,2024-01-16 07:01:36,115.96
12759,50262,2024-01-16 07:01:48,115.91
12760,50263,2024-01-16 07:02:00,115.78
12761,50264,2024-01-16 07:02:12,116.18
12762,50265,2024-01-16 07:02:24,116.4
12763,50266,2024-01-16 07:02:36,116.05
12764,50267,2024-01-16 07:02:48,116.53
12765,50268,2024-01-16 07:03:00,116.92
12766,50269,2024-01-16 07:03:12,116.4
12767,50270,2024-01-16 07:03:24,117.1
12768,50271,2024-01-16 07:03:36,116.22
12769,50272,2024-01-16 07:03:48,117.14
12770,50273,2024-01-16 07:04:00,117.4
12771,50274,2024-01-16 07:04:12,118.32
12772,50275,2024-01-16 07:04:24,117.58
12773,50276,2024-01-16 07:04:36,117.58
12774,50277,2024-01-16 07:04:48,118.5
12775,50278,2024-01-16 07:05:00,118.28
12776,50279,2024-01-16 07:05:12,118.63
12777,50280,2024-01-16 07:05:24,118.37
12778,50281,2024-01-16 07:05:36,118.59
12779,50282,2024-01-16 07:05:48,117.75
12780,50283,2024-01-16 07:06:00,118.85
12781,50284,2024-01-16 07:06:12,118.54
12782,50285,2024-01-16 07:06:24,118.85
12783,50286,2024-01-16 07:06:36,119.55
12784,50287,2024-01-16 07:06:48,119.2
12785,50288,2024-01-16 07:07:00,118.81
12786,50289,2024-01-16 07:07:12,119.86
12787,50290,2024-01-16 07:07:24,119.86
12788,50291,2024-01-16 07:07:36,120.25
12789,50292,2024-01-16 07:07:48,120.3
12790,50293,2024-01-16 07:08:00,120.03
12791,50294,2024-01-16 07:08:12,120.38
12792,50295,2024-01-16 07:08:24,119.82
12793,50296,2024-01-16 07:08:36,120.87
12794,50297,2024-01-16 07:08:48,120.87
12795,50298,2024-01-16 07:09:00,120.91
12796,50299,2024-01-16 07:09:12,120.34
12797,50300,2024-01-16 07:09:24,120.87
12798,50301,2024-01-16 07:09:36,120.69
12799,50302,2024-01-16 07:09:48,120.87
12800,50303,2024-01-16 07:10:00,121.39
12801,50304,2024-01-16 07:10:12,121.0
12802,50305,2024-01-16 07:10:24,120.74
12803,50306,2024-01-16 07:10:36,121.92
12804,50307,2024-01-16 07:10:48,121.13
12805,50308,2024-01-16 07:11:00,121.74
12806,50309,2024-01-16 07:11:12,121.17
12807,50310,2024-01-16 07:11:24,120.78
12808,50311,2024-01-16 07:11:36,121.35
12809,50312,2024-01-16 07:11:48,121.35
12810,50313,2024-01-16 07:12:00,121.13
12811,50314,2024-01-16 07:12:12,121.39
12812,50315,2024-01-16 07:12:24,121.66
12813,50316,2024-01-16 07:12:36,120.69
12814,50317,2024-01-16 07:12:48,121.04
12815,50318,2024-01-16 07:13:00,121.7
12816,50319,2024-01-16 07:13:12,120.03
12817,50320,2024-01-16 07:13:24,121.13
12818,50321,2024-01-16 07:13:36,121.44
12819,50322,2024-01-16 07:13:48,120.65
12820,50323,2024-01-16 07:14:00,120.17
12821,50324,2024-01-16 07:14:12,120.12
12822,50325,2024-01-16 07:14:24,120.17
12823,50326,2024-01-16 07:14:36,120.56
12824,50327,2024-01-16 07:14:48,120.87
12825,50328,2024-01-16 07:15:00,120.56
12826,50329,2024-01-16 07:15:12,119.86
12827,50330,2024-01-16 07:15:24,121.31
12828,50331,2024-01-16 07:15:36,121.22
12829,50332,2024-01-16 07:15:48,121.44
12830,50333,2024-01-16 07:16:00,122.09
12831,50334,2024-01-16 07:16:12,121.92
12832,50335,2024-01-16 07:16:24,122.09
12833,50336,2024-01-16 07:16:36,122.27
12834,50337,2024-01-16 07:16:48,122.36
12835,50338,2024-01-16 07:17:00,122.49
12836,50339,2024-01-16 07:17:12,121.92
12837,50340,2024-01-16 07:17:24,122.49
12838,50341,2024-01-16 07:17:36,122.01
12839,50342,2024-01-16 07:17:48,122.4
12840,50343,2024-01-16 07:18:00,121.74
12841,50344,2024-01-16 07:18:12,122.31
12842,50345,2024-01-16 07:18:24,123.01
12843,50346,2024-01-16 07:18:36,122.58
12844,50347,2024-01-16 07:18:48,122.97
12845,50348,2024-01-16 07:19:00,123.01
12846,50349,2024-01-16 07:19:12,122.45
12847,50350,2024-01-16 07:19:24,123.06
12848,50351,2024-01-16 07:19:36,122.62
12849,50352,2024-01-16 07:19:48,122.58
12850,50353,2024-01-16 07:20:00,123.41
12851,50354,2024-01-16 07:20:12,123.89
12852,50355,2024-01-16 07:20:24,123.85
12853,50356,2024-01-16 07:20:36,124.55
12854,50357,2024-01-16 07:20:48,124.59
12855,50358,2024-01-16 07:21:00,124.51
12856,50359,2024-01-16 07:21:12,124.11
12857,50360,2024-01-16 07:21:24,123.63
12858,50361,2024-01-16 07:21:36,123.15
12859,50362,2024-01-16 07:21:48,122.58
12860,50363,2024-01-16 07:22:00,122.09
12861,50364,2024-01-16 07:22:12,121.61
12862,50365,2024-01-16 07:22:24,121.09
12863,50366,2024-01-16 07:22:36,120.56
12864,50367,2024-01-16 07:22:48,120.17
12865,50368,2024-01-16 07:23:00,119.68
12866,50369,2024-01-16 07:23:12,119.29
12867,50370,2024-01-16 07:23:24,118.72
12868,50371,2024-01-16 07:23:36,118.28
12869,50372,2024-01-16 07:23:48,117.84
12870,50373,2024-01-16 07:24:00,117.4
12871,50374,2024-01-16 07:24:12,116.97
12872,50375,2024-01-16 07:24:24,116.53
12873,50376,2024-01-16 07:24:36,116.18
12874,50377,2024-01-16 07:24:48,115.69
12875,50378,2024-01-16 07:25:00,115.3
12876,50379,2024-01-16 07:25:12,114.95
12877,50380,2024-01-16 07:25:24,114.51
12878,50381,2024-01-16 07:25:36,114.07
12879,50382,2024-01-16 07:25:48,113.72
12880,50383,2024-01-16 07:26:00,113.33
12881,50384,2024-01-16 07:26:12,112.93
12882,50385,2024-01-16 07:26:24,112.54
12883,50386,2024-01-16 07:26:36,112.23
12884,50387,2024-01-16 07:26:48,111.84
12885,50388,2024-01-16 07:27:00,111.36
12886,50389,2024-01-16 07:27:12,110.96
12887,50390,2024-01-16 07:27:24,110.7
12888,50391,2024-01-16 07:27:36,110.35
12889,50392,2024-01-16 07:27:48,109.95
12890,50393,2024-01-16 07:28:00,109.51
12891,50394,2024-01-16 07:28:12,109.16
12892,50395,2024-01-16 07:28:24,108.81
12893,50396,2024-01-16 07:28:36,108.51
12894,50397,2024-01-16 07:28:48,108.16
12895,50398,2024-01-16 07:29:00,107.85
12896,50399,2024-01-16 07:29:12,107.41
12897,50400,2024-01-16 07:29:24,107.15
12898,50401,2024-01-16 07:29:36,106.84
12899,50402,2024-01-16 07:29:48,106.58
12900,50403,2024-01-16 07:30:00,106.23
12901,50404,2024-01-16 07:30:12,105.92
12902,50405,2024-01-16 07:30:24,105.61
12903,50406,2024-01-16 07:30:36,105.26
12904,50407,2024-01-16 07:30:48,104.91
12905,50408,2024-01-16 07:31:00,104.61
12906,50409,2024-01-16 07:31:12,104.25
12907,50410,2024-01-16 07:31:24,103.99
12908,50411,2024-01-16 07:31:36,103.68
12909,50412,2024-01-16 07:31:48,103.33
12910,50413,2024-01-16 07:32:00,103.03
12911,50414,2024-01-16 07:32:12,102.72
12912,50415,2024-01-16 07:32:24,102.46
12913,50416,2024-01-16 07:32:36,102.11
12914,50417,2024-01-16 07:32:48,101.8
12915,50418,2024-01-16 07:33:00,101.36
12916,50419,2024-01-16 07:33:12,101.05
12917,50420,2024-01-16 07:33:24,100.75
12918,50421,2024-01-16 07:33:36,100.4
12919,50422,2024-01-16 07:33:48,100.18
12920,50423,2024-01-16 07:34:00,99.91
12921,50424,2024-01-16 07:34:12,99.61
12922,50425,2024-01-16 07:34:24,99.35
12923,50426,2024-01-16 07:34:36,99.13
12924,50427,2024-01-16 07:34:48,98.86
12925,50428,2024-01-16 07:35:00,98.51
12926,50429,2024-01-16 07:35:12,98.25
12927,50430,2024-01-16 07:35:24,98.42
12928,50431,2024-01-16 07:35:36,99.56
12929,50432,2024-01-16 07:35:48,99.96
12930,50433,2024-01-16 07:36:00,100.18
12931,50434,2024-01-16 07:36:12,100.88
12932,50435,2024-01-16 07:36:24,101.1
12933,50436,2024-01-16 07:36:36,101.19
12934,50437,2024-01-16 07:36:48,101.58
12935,50438,2024-01-16 07:37:00,101.71
12936,50439,2024-01-16 07:37:12,102.02
12937,50440,2024-01-16 07:37:24,102.76
12938,50441,2024-01-16 07:37:36,103.33
12939,50442,2024-01-16 07:37:48,102.68
12940,50443,2024-01-16 07:38:00,104.39
12941,50444,2024-01-16 07:38:12,103.16
12942,50445,2024-01-16 07:38:24,104.25
12943,50446,2024-01-16 07:38:36,104.52
12944,50447,2024-01-16 07:38:48,104.47
12945,50448,2024-01-16 07:39:00,104.82
12946,50449,2024-01-16 07:39:12,105.53
12947,50450,2024-01-16 07:39:24,105.0
12948,50451,2024-01-16 07:39:36,106.36
12949,50452,2024-01-16 07:39:48,106.01
12950,50453,2024-01-16 07:40:00,106.67
12951,50454,2024-01-16 07:40:12,106.62
12952,50455,2024-01-16 07:40:24,106.31
12953,50456,2024-01-16 07:40:36,107.19
12954,50457,2024-01-16 07:40:48,106.88
12955,50458,2024-01-16 07:41:00,107.15
12956,50459,2024-01-16 07:41:12,107.98
12957,50460,2024-01-16 07:41:24,108.37
12958,50461,2024-01-16 07:41:36,108.68
12959,50462,2024-01-16 07:41:48,108.29
12960,50463,2024-01-16 07:42:00,109.16
12961,50464,2024-01-16 07:42:12,108.9
12962,50465,2024-01-16 07:42:24,108.81
12963,50466,2024-01-16 07:42:36,108.55
12964,50467,2024-01-16 07:42:48,110.08
12965,50468,2024-01-16 07:43:00,110.22
12966,50469,2024-01-16 07:43:12,110.48
12967,50470,2024-01-16 07:43:24,110.3
12968,50471,2024-01-16 07:43:36,110.92
12969,50472,2024-01-16 07:43:48,110.08
12970,50473,2024-01-16 07:44:00,110.43
12971,50474,2024-01-16 07:44:12,110.87
12972,50475,2024-01-16 07:44:24,111.62
12973,50476,2024-01-16 07:44:36,111.88
12974,50477,2024-01-16 07:44:48,111.49
12975,50478,2024-01-16 07:45:00,111.88
12976,50479,2024-01-16 07:45:12,111.57
12977,50480,2024-01-16 07:45:24,112.06
12978,50481,2024-01-16 07:45:36,112.8
12979,50482,2024-01-16 07:45:48,112.67
12980,50483,2024-01-16 07:46:00,111.84
12981,50484,2024-01-16 07:46:12,112.49
12982,50485,2024-01-16 07:46:24,111.84
12983,50486,2024-01-16 07:46:36,113.24
12984,50487,2024-01-16 07:46:48,113.77
12985,50488,2024-01-16 07:47:00,113.63
12986,50489,2024-01-16 07:47:12,113.5
12987,50490,2024-01-16 07:47:24,114.34
12988,50491,2024-01-16 07:47:36,113.5
12989,50492,2024-01-16 07:47:48,114.16
12990,50493,2024-01-16 07:48:00,113.68
12991,50494,2024-01-16 07:48:12,114.25
12992,50495,2024-01-16 07:48:24,114.95
12993,50496,2024-01-16 07:48:36,114.56
12994,50497,2024-01-16 07:48:48,115.48
12995,50498,2024-01-16 07:49:00,115.26
12996,50499,2024-01-16 07:49:12,114.95
12997,50500,2024-01-16 07:49:24,115.65
12998,50501,2024-01-16 07:49:36,115.34
12999,50502,2024-01-16 07:49:48,115.74
13000,50503,2024-01-16 07:50:00,116.66
13001,50504,2024-01-16 07:50:12,115.87
13002,50505,2024-01-16 07:50:24,116.53
13003,50506,2024-01-16 07:50:36,116.44
13004,50507,2024-01-16 07:50:48,115.69
13005,50508,2024-01-16 07:51:00,116.31
13006,50509,2024-01-16 07:51:12,116.88
13007,50510,2024-01-16 07:51:24,117.1
13008,50511,2024-01-16 07:51:36,117.23
13009,50512,2024-01-16 07:51:48,117.32
13010,50513,2024-01-16 07:52:00,117.71
13011,50514,2024-01-16 07:52:12,117.71
13012,50515,2024-01-16 07:52:24,117.1
13013,50516,2024-01-16 07:52:36,118.06
13014,50517,2024-01-16 07:52:48,118.59
13015,50518,2024-01-16 07:53:00,118.19
13016,50519,2024-01-16 07:53:12,117.1
13017,50520,2024-01-16 07:53:24,118.81
13018,50521,2024-01-16 07:53:36,118.06
13019,50522,2024-01-16 07:53:48,119.03
13020,50523,2024-01-16 07:54:00,118.28
13021,50524,2024-01-16 07:54:12,119.55
13022,50525,2024-01-16 07:54:24,119.11
13023,50526,2024-01-16 07:54:36,119.29
13024,50527,2024-01-16 07:54:48,119.46
13025,50528,2024-01-16 07:55:00,119.42
13026,50529,2024-01-16 07:55:12,120.34
13027,50530,2024-01-16 07:55:24,119.77
13028,50531,2024-01-16 07:55:36,119.68
13029,50532,2024-01-16 07:55:48,120.78
13030,50533,2024-01-16 07:56:00,121.0
13031,50534,2024-01-16 07:56:12,121.17
13032,50535,2024-01-16 07:56:24,120.95
13033,50536,2024-01-16 07:56:36,120.91
13034,50537,2024-01-16 07:56:48,121.35
13035,50538,2024-01-16 07:57:00,121.48
13036,50539,2024-01-16 07:57:12,121.39
13037,50540,2024-01-16 07:57:24,121.79
13038,50541,2024-01-16 07:57:36,120.78
13039,50542,2024-01-16 07:57:48,121.74
13040,50543,2024-01-16 07:58:00,121.57
13041,50544,2024-01-16 07:58:12,122.62
13042,50545,2024-01-16 07:58:24,121.92
13043,50546,2024-01-16 07:58:36,122.18
13044,50547,2024-01-16 07:58:48,123.06
13045,50548,2024-01-16 07:59:00,122.66
13046,50549,2024-01-16 07:59:12,123.32
13047,50550,2024-01-16 07:59:24,123.15
13048,50551,2024-01-16 07:59:36,122.8
13049,50552,2024-01-16 07:59:48,124.02
13050,50553,2024-01-16 08:00:00,123.15
13051,50554,2024-01-16 08:00:12,123.72
13052,50555,2024-01-16 08:00:24,123.58
13053,50556,2024-01-16 08:00:36,123.89
13054,50557,2024-01-16 08:00:48,123.15
13055,50558,2024-01-16 08:01:00,123.8
13056,50559,2024-01-16 08:01:12,124.2
13057,50560,2024-01-16 08:01:24,124.94
13058,50561,2024-01-16 08:01:36,124.24
13059,50562,2024-01-16 08:01:48,123.72
13060,50563,2024-01-16 08:02:00,123.15
13061,50564,2024-01-16 08:02:12,122.62
13062,50565,2024-01-16 08:02:24,122.09
13063,50566,2024-01-16 08:02:36,121.61
13064,50567,2024-01-16 08:02:48,121.13
13065,50568,2024-01-16 08:03:00,120.69
13066,50569,2024-01-16 08:03:12,120.25
13067,50570,2024-01-16 08:03:24,119.73
13068,50571,2024-01-16 08:03:36,119.2
13069,50572,2024-01-16 08:03:48,118.81
13070,50573,2024-01-16 08:04:00,118.37
13071,50574,2024-01-16 08:04:12,117.97
13072,50575,2024-01-16 08:04:24,117.45
13073,50576,2024-01-16 08:04:36,117.05
13074,50577,2024-01-16 08:04:48,116.53
13075,50578,2024-01-16 08:05:00,116.22
13076,50579,2024-01-16 08:05:12,115.78
13077,50580,2024-01-16 08:05:24,115.34
13078,50581,2024-01-16 08:05:36,114.99
13079,50582,2024-01-16 08:05:48,114.6
13080,50583,2024-01-16 08:06:00,114.25
13081,50584,2024-01-16 08:06:12,113.9
13082,50585,2024-01-16 08:06:24,113.59
13083,50586,2024-01-16 08:06:36,113.2
13084,50587,2024-01-16 08:06:48,112.89
13085,50588,2024-01-16 08:07:00,112.54
13086,50589,2024-01-16 08:07:12,112.14
13087,50590,2024-01-16 08:07:24,111.79
13088,50591,2024-01-16 08:07:36,111.4
13089,50592,2024-01-16 08:07:48,111.05
13090,50593,2024-01-16 08:08:00,110.79
13091,50594,2024-01-16 08:08:12,110.39
13092,50595,2024-01-16 08:08:24,110.13
13093,50596,2024-01-16 08:08:36,109.78
13094,50597,2024-01-16 08:08:48,109.43
13095,50598,2024-01-16 08:09:00,109.08
13096,50599,2024-01-16 08:09:12,108.81
13097,50600,2024-01-16 08:09:24,108.42
13098,50601,2024-01-16 08:09:36,108.07
13099,50602,2024-01-16 08:09:48,107.72
13100,50603,2024-01-16 08:10:00,107.37
13101,50604,2024-01-16 08:10:12,107.06
13102,50605,2024-01-16 08:10:24,106.8
13103,50606,2024-01-16 08:10:36,106.45
13104,50607,2024-01-16 08:10:48,106.01
13105,50608,2024-01-16 08:11:00,105.79
13106,50609,2024-01-16 08:11:12,105.44
13107,50610,2024-01-16 08:11:24,105.09
13108,50611,2024-01-16 08:11:36,104.87
13109,50612,2024-01-16 08:11:48,104.56
13110,50613,2024-01-16 08:12:00,104.25
13111,50614,2024-01-16 08:12:12,103.95
13112,50615,2024-01-16 08:12:24,103.55
13113,50616,2024-01-16 08:12:36,103.33
13114,50617,2024-01-16 08:12:48,102.98
13115,50618,2024-01-16 08:13:00,102.63
13116,50619,2024-01-16 08:13:12,102.37
13117,50620,2024-01-16 08:13:24,102.06
13118,50621,2024-01-16 08:13:36,101.71
13119,50622,2024-01-16 08:13:48,101.45
13120,50623,2024-01-16 08:14:00,101.1
13121,50624,2024-01-16 08:14:12,100.84
13122,50625,2024-01-16 08:14:24,100.4
13123,50626,2024-01-16 08:14:36,100.27
13124,50627,2024-01-16 08:14:48,100.0
13125,50628,2024-01-16 08:15:00,99.65
13126,50629,2024-01-16 08:15:12,99.35
13127,50630,2024-01-16 08:15:24,99.04
13128,50631,2024-01-16 08:15:36,98.73
13129,50632,2024-01-16 08:15:48,98.42
13130,50633,2024-01-16 08:16:00,99.35
13131,50634,2024-01-16 08:16:12,99.08
13132,50635,2024-01-16 08:16:24,99.65
13133,50636,2024-01-16 08:16:36,99.78
13134,50637,2024-01-16 08:16:48,99.3
13135,50638,2024-01-16 08:17:00,100.84
13136,50639,2024-01-16 08:17:12,100.97
13137,50640,2024-01-16 08:17:24,100.97
13138,50641,2024-01-16 08:17:36,101.32
13139,50642,2024-01-16 08:17:48,101.32
13140,50643,2024-01-16 08:18:00,101.19
13141,50644,2024-01-16 08:18:12,102.06
13142,50645,2024-01-16 08:18:24,102.68
13143,50646,2024-01-16 08:18:36,102.28
13144,50647,2024-01-16 08:18:48,102.81
13145,50648,2024-01-16 08:19:00,102.85
13146,50649,2024-01-16 08:19:12,103.55
13147,50650,2024-01-16 08:19:24,103.29
13148,50651,2024-01-16 08:19:36,102.72
13149,50652,2024-01-16 08:19:48,104.04
13150,50653,2024-01-16 08:20:00,104.21
13151,50654,2024-01-16 08:20:12,104.21
13152,50655,2024-01-16 08:20:24,103.68
13153,50656,2024-01-16 08:20:36,103.9
13154,50657,2024-01-16 08:20:48,104.25
13155,50658,2024-01-16 08:21:00,104.08
13156,50659,2024-01-16 08:21:12,105.31
13157,50660,2024-01-16 08:21:24,105.22
13158,50661,2024-01-16 08:21:36,105.66
13159,50662,2024-01-16 08:21:48,104.82
13160,50663,2024-01-16 08:22:00,104.39
13161,50664,2024-01-16 08:22:12,104.91
13162,50665,2024-01-16 08:22:24,104.56
13163,50666,2024-01-16 08:22:36,105.57
13164,50667,2024-01-16 08:22:48,105.26
13165,50668,2024-01-16 08:23:00,105.17
13166,50669,2024-01-16 08:23:12,104.91
13167,50670,2024-01-16 08:23:24,105.53
13168,50671,2024-01-16 08:23:36,105.66
13169,50672,2024-01-16 08:23:48,105.31
13170,50673,2024-01-16 08:24:00,105.79
13171,50674,2024-01-16 08:24:12,105.57
13172,50675,2024-01-16 08:24:24,105.96
13173,50676,2024-01-16 08:24:36,105.83
13174,50677,2024-01-16 08:24:48,106.36
13175,50678,2024-01-16 08:25:00,106.18
13176,50679,2024-01-16 08:25:12,106.49
13177,50680,2024-01-16 08:25:24,106.36
13178,50681,2024-01-16 08:25:36,107.06
13179,50682,2024-01-16 08:25:48,107.15
13180,50683,2024-01-16 08:26:00,106.71
13181,50684,2024-01-16 08:26:12,107.5
13182,50685,2024-01-16 08:26:24,107.63
13183,50686,2024-01-16 08:26:36,107.76
13184,50687,2024-01-16 08:26:48,108.2
13185,50688,2024-01-16 08:27:00,107.54
13186,50689,2024-01-16 08:27:12,108.33
13187,50690,2024-01-16 08:27:24,108.16
13188,50691,2024-01-16 08:27:36,108.33
13189,50692,2024-01-16 08:27:48,109.08
13190,50693,2024-01-16 08:28:00,108.94
13191,50694,2024-01-16 08:28:12,108.94
13192,50695,2024-01-16 08:28:24,109.16
13193,50696,2024-01-16 08:28:36,110.22
13194,50697,2024-01-16 08:28:48,109.82
13195,50698,2024-01-16 08:29:00,109.91
13196,50699,2024-01-16 08:29:12,111.09
13197,50700,2024-01-16 08:29:24,110.74
13198,50701,2024-01-16 08:29:36,111.27
13199,50702,2024-01-16 08:29:48,110.43
13200,50703,2024-01-16 08:30:00,110.79
13201,50704,2024-01-16 08:30:12,110.96
13202,50705,2024-01-16 08:30:24,110.79
13203,50706,2024-01-16 08:30:36,111.53
13204,50707,2024-01-16 08:30:48,111.97
13205,50708,2024-01-16 08:31:00,111.93
13206,50709,2024-01-16 08:31:12,111.97
13207,50710,2024-01-16 08:31:24,112.32
13208,50711,2024-01-16 08:31:36,112.32
13209,50712,2024-01-16 08:31:48,113.11
13210,50713,2024-01-16 08:32:00,112.89
13211,50714,2024-01-16 08:32:12,113.72
13212,50715,2024-01-16 08:32:24,113.5
13213,50716,2024-01-16 08:32:36,113.59
13214,50717,2024-01-16 08:32:48,113.85
13215,50718,2024-01-16 08:33:00,113.72
13216,50719,2024-01-16 08:33:12,114.64
13217,50720,2024-01-16 08:33:24,113.99
13218,50721,2024-01-16 08:33:36,114.07
13219,50722,2024-01-16 08:33:48,114.25
13220,50723,2024-01-16 08:34:00,115.26
13221,50724,2024-01-16 08:34:12,115.04
13222,50725,2024-01-16 08:34:24,115.78
13223,50726,2024-01-16 08:34:36,115.04
13224,50727,2024-01-16 08:34:48,116.05
13225,50728,2024-01-16 08:35:00,115.34
13226,50729,2024-01-16 08:35:12,116.22
13227,50730,2024-01-16 08:35:24,116.22
13228,50731,2024-01-16 08:35:36,115.83
13229,50732,2024-01-16 08:35:48,116.0
13230,50733,2024-01-16 08:36:00,117.05
13231,50734,2024-01-16 08:36:12,116.53
13232,50735,2024-01-16 08:36:24,116.48
13233,50736,2024-01-16 08:36:36,117.4
13234,50737,2024-01-16 08:36:48,117.1
13235,50738,2024-01-16 08:37:00,118.28
13236,50739,2024-01-16 08:37:12,117.93
13237,50740,2024-01-16 08:37:24,117.93
13238,50741,2024-01-16 08:37:36,117.97
13239,50742,2024-01-16 08:37:48,118.76
13240,50743,2024-01-16 08:38:00,117.89
13241,50744,2024-01-16 08:38:12,119.16
13242,50745,2024-01-16 08:38:24,119.29
13243,50746,2024-01-16 08:38:36,119.6
13244,50747,2024-01-16 08:38:48,119.2
13245,50748,2024-01-16 08:39:00,119.38
13246,50749,2024-01-16 08:39:12,120.25
13247,50750,2024-01-16 08:39:24,119.99
13248,50751,2024-01-16 08:39:36,120.69
13249,50752,2024-01-16 08:39:48,120.43
13250,50753,2024-01-16 08:40:00,120.69
13251,50754,2024-01-16 08:40:12,120.65
13252,50755,2024-01-16 08:40:24,120.6
13253,50756,2024-01-16 08:40:36,121.61
13254,50757,2024-01-16 08:40:48,120.52
13255,50758,2024-01-16 08:41:00,121.17
13256,50759,2024-01-16 08:41:12,121.35
13257,50760,2024-01-16 08:41:24,121.66
13258,50761,2024-01-16 08:41:36,122.14
13259,50762,2024-01-16 08:41:48,121.66
13260,50763,2024-01-16 08:42:00,122.71
13261,50764,2024-01-16 08:42:12,122.27
13262,50765,2024-01-16 08:42:24,121.22
13263,50766,2024-01-16 08:42:36,121.83
13264,50767,2024-01-16 08:42:48,122.97
13265,50768,2024-01-16 08:43:00,122.71
13266,50769,2024-01-16 08:43:12,123.32
13267,50770,2024-01-16 08:43:24,123.01
13268,50771,2024-01-16 08:43:36,122.49
13269,50772,2024-01-16 08:43:48,123.06
13270,50773,2024-01-16 08:44:00,123.5
13271,50774,2024-01-16 08:44:12,123.63
13272,50775,2024-01-16 08:44:24,123.89
13273,50776,2024-01-16 08:44:36,124.02
13274,50777,2024-01-16 08:44:48,123.85
13275,50778,2024-01-16 08:45:00,123.28
13276,50779,2024-01-16 08:45:12,124.02
13277,50780,2024-01-16 08:45:24,124.77
13278,50781,2024-01-16 08:45:36,123.76
13279,50782,2024-01-16 08:45:48,123.28
13280,50783,2024-01-16 08:46:00,122.8
13281,50784,2024-01-16 08:46:12,122.27
13282,50785,2024-01-16 08:46:24,121.74
13283,50786,2024-01-16 08:46:36,121.22
13284,50787,2024-01-16 08:46:48,120.74
13285,50788,2024-01-16 08:47:00,120.21
13286,50789,2024-01-16 08:47:12,119.82
13287,50790,2024-01-16 08:47:24,119.38
13288,50791,2024-01-16 08:47:36,118.85
13289,50792,2024-01-16 08:47:48,118.46
13290,50793,2024-01-16 08:48:00,118.06
13291,50794,2024-01-16 08:48:12,117.58
13292,50795,2024-01-16 08:48:24,117.1
13293,50796,2024-01-16 08:48:36,116.7
13294,50797,2024-01-16 08:48:48,116.31
13295,50798,2024-01-16 08:49:00,115.91
13296,50799,2024-01-16 08:49:12,115.43
13297,50800,2024-01-16 08:49:24,115.04
13298,50801,2024-01-16 08:49:36,114.64
13299,50802,2024-01-16 08:49:48,114.29
13300,50803,2024-01-16 08:50:00,113.9
13301,50804,2024-01-16 08:50:12,113.5
13302,50805,2024-01-16 08:50:24,113.02
13303,50806,2024-01-16 08:50:36,112.71
13304,50807,2024-01-16 08:50:48,112.45
13305,50808,2024-01-16 08:51:00,112.06
13306,50809,2024-01-16 08:51:12,111.62
13307,50810,2024-01-16 08:51:24,111.27
13308,50811,2024-01-16 08:51:36,110.87
13309,50812,2024-01-16 08:51:48,110.52
13310,50813,2024-01-16 08:52:00,110.13
13311,50814,2024-01-16 08:52:12,109.78
13312,50815,2024-01-16 08:52:24,109.47
13313,50816,2024-01-16 08:52:36,109.12
13314,50817,2024-01-16 08:52:48,108.81
13315,50818,2024-01-16 08:53:00,108.42
13316,50819,2024-01-16 08:53:12,108.16
13317,50820,2024-01-16 08:53:24,107.76
13318,50821,2024-01-16 08:53:36,107.41
13319,50822,2024-01-16 08:53:48,107.15
13320,50823,2024-01-16 08:54:00,106.75
13321,50824,2024-01-16 08:54:12,106.49
13322,50825,2024-01-16 08:54:24,106.23
13323,50826,2024-01-16 08:54:36,105.96
13324,50827,2024-01-16 08:54:48,105.66
13325,50828,2024-01-16 08:55:00,105.35
13326,50829,2024-01-16 08:55:12,105.09
13327,50830,2024-01-16 08:55:24,104.82
13328,50831,2024-01-16 08:55:36,104.47
13329,50832,2024-01-16 08:55:48,104.04
13330,50833,2024-01-16 08:56:00,103.55
13331,50834,2024-01-16 08:56:12,103.16
13332,50835,2024-01-16 08:56:24,102.76
13333,50836,2024-01-16 08:56:36,102.41
13334,50837,2024-01-16 08:56:48,101.98
13335,50838,2024-01-16 08:57:00,101.67
13336,50839,2024-01-16 08:57:12,101.32
13337,50840,2024-01-16 08:57:24,100.92
13338,50841,2024-01-16 08:57:36,100.53
13339,50842,2024-01-16 08:57:48,100.13
13340,50843,2024-01-16 08:58:00,99.83
13341,50844,2024-01-16 08:58:12,99.39
13342,50845,2024-01-16 08:58:24,98.99
13343,50846,2024-01-16 08:58:36,98.82
13344,50847,2024-01-16 08:58:48,98.29
13345,50848,2024-01-16 08:59:00,99.21
13346,50849,2024-01-16 08:59:12,99.61
13347,50850,2024-01-16 08:59:24,99.61
13348,50851,2024-01-16 08:59:36,99.74
13349,50852,2024-01-16 08:59:48,100.75
13350,50853,2024-01-16 09:00:00,100.75
13351,50854,2024-01-16 09:00:12,100.97
13352,50855,2024-01-16 09:00:24,101.67
13353,50856,2024-01-16 09:00:36,101.54
13354,50857,2024-01-16 09:00:48,101.32
13355,50858,2024-01-16 09:01:00,101.89
13356,50859,2024-01-16 09:01:12,101.71
13357,50860,2024-01-16 09:01:24,101.62
13358,50861,2024-01-16 09:01:36,102.72
13359,50862,2024-01-16 09:01:48,102.85
13360,50863,2024-01-16 09:02:00,102.94
13361,50864,2024-01-16 09:02:12,103.11
13362,50865,2024-01-16 09:02:24,103.82
13363,50866,2024-01-16 09:02:36,103.9
13364,50867,2024-01-16 09:02:48,103.42
13365,50868,2024-01-16 09:03:00,103.77
13366,50869,2024-01-16 09:03:12,104.47
13367,50870,2024-01-16 09:03:24,104.56
13368,50871,2024-01-16 09:03:36,104.91
13369,50872,2024-01-16 09:03:48,104.52
13370,50873,2024-01-16 09:04:00,103.86
13371,50874,2024-01-16 09:04:12,104.61
13372,50875,2024-01-16 09:04:24,105.26
13373,50876,2024-01-16 09:04:36,105.04
13374,50877,2024-01-16 09:04:48,105.09
13375,50878,2024-01-16 09:05:00,105.83
13376,50879,2024-01-16 09:05:12,106.18
13377,50880,2024-01-16 09:05:24,105.48
13378,50881,2024-01-16 09:05:36,106.18
13379,50882,2024-01-16 09:05:48,105.92
13380,50883,2024-01-16 09:06:00,106.71
13381,50884,2024-01-16 09:06:12,106.4
13382,50885,2024-01-16 09:06:24,106.71
13383,50886,2024-01-16 09:06:36,106.84
13384,50887,2024-01-16 09:06:48,106.31
13385,50888,2024-01-16 09:07:00,106.93
13386,50889,2024-01-16 09:07:12,106.84
13387,50890,2024-01-16 09:07:24,107.41
13388,50891,2024-01-16 09:07:36,107.98
13389,50892,2024-01-16 09:07:48,107.8
13390,50893,2024-01-16 09:08:00,108.59
13391,50894,2024-01-16 09:08:12,108.07
13392,50895,2024-01-16 09:08:24,108.33
13393,50896,2024-01-16 09:08:36,108.33
13394,50897,2024-01-16 09:08:48,108.37
13395,50898,2024-01-16 09:09:00,108.59
13396,50899,2024-01-16 09:09:12,108.68
13397,50900,2024-01-16 09:09:24,108.33
13398,50901,2024-01-16 09:09:36,109.12
13399,50902,2024-01-16 09:09:48,108.77
13400,50903,2024-01-16 09:10:00,109.65
13401,50904,2024-01-16 09:10:12,109.16
13402,50905,2024-01-16 09:10:24,109.86
13403,50906,2024-01-16 09:10:36,109.82
13404,50907,2024-01-16 09:10:48,109.25
13405,50908,2024-01-16 09:11:00,110.43
13406,50909,2024-01-16 09:11:12,110.0
13407,50910,2024-01-16 09:11:24,109.95
13408,50911,2024-01-16 09:11:36,110.08
13409,50912,2024-01-16 09:11:48,109.6
13410,50913,2024-01-16 09:12:00,111.4
13411,50914,2024-01-16 09:12:12,110.26
13412,50915,2024-01-16 09:12:24,111.14
13413,50916,2024-01-16 09:12:36,111.0
13414,50917,2024-01-16 09:12:48,110.79
13415,50918,2024-01-16 09:13:00,110.61
13416,50919,2024-01-16 09:13:12,110.87
13417,50920,2024-01-16 09:13:24,111.4
13418,50921,2024-01-16 09:13:36,110.79
13419,50922,2024-01-16 09:13:48,110.92
13420,50923,2024-01-16 09:14:00,110.79
13421,50924,2024-01-16 09:14:12,111.53
13422,50925,2024-01-16 09:14:24,111.62
13423,50926,2024-01-16 09:14:36,111.18
13424,50927,2024-01-16 09:14:48,111.93
13425,50928,2024-01-16 09:15:00,112.14
13426,50929,2024-01-16 09:15:12,111.62
13427,50930,2024-01-16 09:15:24,112.23
13428,50931,2024-01-16 09:15:36,112.98
13429,50932,2024-01-16 09:15:48,112.32
13430,50933,2024-01-16 09:16:00,113.33
13431,50934,2024-01-16 09:16:12,113.11
13432,50935,2024-01-16 09:16:24,112.98
13433,50936,2024-01-16 09:16:36,114.03
13434,50937,2024-01-16 09:16:48,113.24
13435,50938,2024-01-16 09:17:00,113.94
13436,50939,2024-01-16 09:17:12,114.77
13437,50940,2024-01-16 09:17:24,114.25
13438,50941,2024-01-16 09:17:36,114.95
13439,50942,2024-01-16 09:17:48,115.26
13440,50943,2024-01-16 09:18:00,115.43
13441,50944,2024-01-16 09:18:12,114.95
13442,50945,2024-01-16 09:18:24,115.96
13443,50946,2024-01-16 09:18:36,115.56
13444,50947,2024-01-16 09:18:48,116.75
13445,50948,2024-01-16 09:19:00,115.91
13446,50949,2024-01-16 09:19:12,116.53
13447,50950,2024-01-16 09:19:24,116.48
13448,50951,2024-01-16 09:19:36,116.88
13449,50952,2024-01-16 09:19:48,116.88
13450,50953,2024-01-16 09:20:00,116.66
13451,50954,2024-01-16 09:20:12,116.0
13452,50955,2024-01-16 09:20:24,116.4
13453,50956,2024-01-16 09:20:36,116.66
13454,50957,2024-01-16 09:20:48,117.23
13455,50958,2024-01-16 09:21:00,117.49
13456,50959,2024-01-16 09:21:12,117.58
13457,50960,2024-01-16 09:21:24,117.67
13458,50961,2024-01-16 09:21:36,116.88
13459,50962,2024-01-16 09:21:48,117.89
13460,50963,2024-01-16 09:22:00,118.06
13461,50964,2024-01-16 09:22:12,118.02
13462,50965,2024-01-16 09:22:24,116.75
13463,50966,2024-01-16 09:22:36,118.19
13464,50967,2024-01-16 09:22:48,118.28
13465,50968,2024-01-16 09:23:00,118.37
13466,50969,2024-01-16 09:23:12,117.58
13467,50970,2024-01-16 09:23:24,118.28
13468,50971,2024-01-16 09:23:36,118.19
13469,50972,2024-01-16 09:23:48,117.75
13470,50973,2024-01-16 09:24:00,117.8
13471,50974,2024-01-16 09:24:12,117.75
13472,50975,2024-01-16 09:24:24,117.54
13473,50976,2024-01-16 09:24:36,118.59
13474,50977,2024-01-16 09:24:48,117.23
13475,50978,2024-01-16 09:25:00,117.05
13476,50979,2024-01-16 09:25:12,118.28
13477,50980,2024-01-16 09:25:24,117.58
13478,50981,2024-01-16 09:25:36,118.41
13479,50982,2024-01-16 09:25:48,118.24
13480,50983,2024-01-16 09:26:00,118.59
13481,50984,2024-01-16 09:26:12,118.41
13482,50985,2024-01-16 09:26:24,118.28
13483,50986,2024-01-16 09:26:36,117.84
13484,50987,2024-01-16 09:26:48,118.06
13485,50988,2024-01-16 09:27:00,118.19
13486,50989,2024-01-16 09:27:12,117.05
13487,50990,2024-01-16 09:27:24,118.81
13488,50991,2024-01-16 09:27:36,117.8
13489,50992,2024-01-16 09:27:48,118.06
13490,50993,2024-01-16 09:28:00,118.24
13491,50994,2024-01-16 09:28:12,118.28
13492,50995,2024-01-16 09:28:24,118.94
13493,50996,2024-01-16 09:28:36,119.11
13494,50997,2024-01-16 09:28:48,118.76
13495,50998,2024-01-16 09:29:00,119.51
13496,50999,2024-01-16 09:29:12,120.17
13497,51000,2024-01-16 09:29:24,119.38
13498,51001,2024-01-16 09:29:36,119.16
13499,51002,2024-01-16 09:29:48,119.99
13500,51003,2024-01-16 09:30:00,119.68
13501,51004,2024-01-16 09:30:12,120.17
13502,51005,2024-01-16 09:30:24,119.6
13503,51006,2024-01-16 09:30:36,120.52
13504,51007,2024-01-16 09:30:48,119.82
13505,51008,2024-01-16 09:31:00,120.65
13506,51009,2024-01-16 09:31:12,120.38
13507,51010,2024-01-16 09:31:24,120.82
13508,51011,2024-01-16 09:31:36,121.04
13509,51012,2024-01-16 09:31:48,121.22
13510,51013,2024-01-16 09:32:00,121.31
13511,51014,2024-01-16 09:32:12,122.01
13512,51015,2024-01-16 09:32:24,122.49
13513,51016,2024-01-16 09:32:36,122.31
13514,51017,2024-01-16 09:32:48,122.49
13515,51018,2024-01-16 09:33:00,122.66
13516,51019,2024-01-16 09:33:12,121.92
13517,51020,2024-01-16 09:33:24,122.66
13518,51021,2024-01-16 09:33:36,123.67
13519,51022,2024-01-16 09:33:48,122.8
13520,51023,2024-01-16 09:34:00,123.41
13521,51024,2024-01-16 09:34:12,123.72
13522,51025,2024-01-16 09:34:24,123.58
13523,51026,2024-01-16 09:34:36,123.98
13524,51027,2024-01-16 09:34:48,124.46
13525,51028,2024-01-16 09:35:00,124.2
13526,51029,2024-01-16 09:35:12,124.24
13527,51030,2024-01-16 09:35:24,124.15
13528,51031,2024-01-16 09:35:36,123.67
13529,51032,2024-01-16 09:35:48,123.15
13530,51033,2024-01-16 09:36:00,122.62
13531,51034,2024-01-16 09:36:12,122.14
13532,51035,2024-01-16 09:36:24,121.74
13533,51036,2024-01-16 09:36:36,121.22
13534,51037,2024-01-16 09:36:48,120.74
13535,51038,2024-01-16 09:37:00,120.34
13536,51039,2024-01-16 09:37:12,119.95
13537,51040,2024-01-16 09:37:24,119.51
13538,51041,2024-01-16 09:37:36,118.98
13539,51042,2024-01-16 09:37:48,118.59
13540,51043,2024-01-16 09:38:00,118.24
13541,51044,2024-01-16 09:38:12,117.84
13542,51045,2024-01-16 09:38:24,117.36
13543,51046,2024-01-16 09:38:36,117.05
13544,51047,2024-01-16 09:38:48,116.57
13545,51048,2024-01-16 09:39:00,116.26
13546,51049,2024-01-16 09:39:12,115.83
13547,51050,2024-01-16 09:39:24,115.52
13548,51051,2024-01-16 09:39:36,115.12
13549,51052,2024-01-16 09:39:48,114.77
13550,51053,2024-01-16 09:40:00,114.42
13551,51054,2024-01-16 09:40:12,114.12
13552,51055,2024-01-16 09:40:24,113.68
13553,51056,2024-01-16 09:40:36,113.37
13554,51057,2024-01-16 09:40:48,112.98
13555,51058,2024-01-16 09:41:00,112.58
13556,51059,2024-01-16 09:41:12,112.28
13557,51060,2024-01-16 09:41:24,111.93
13558,51061,2024-01-16 09:41:36,111.62
13559,51062,2024-01-16 09:41:48,111.27
13560,51063,2024-01-16 09:42:00,110.96
13561,51064,2024-01-16 09:42:12,110.57
13562,51065,2024-01-16 09:42:24,110.22
13563,51066,2024-01-16 09:42:36,110.0
13564,51067,2024-01-16 09:42:48,109.65
13565,51068,2024-01-16 09:43:00,109.34
13566,51069,2024-01-16 09:43:12,109.03
13567,51070,2024-01-16 09:43:24,108.68
13568,51071,2024-01-16 09:43:36,108.42
13569,51072,2024-01-16 09:43:48,108.07
13570,51073,2024-01-16 09:44:00,107.72
13571,51074,2024-01-16 09:44:12,107.45
13572,51075,2024-01-16 09:44:24,107.06
13573,51076,2024-01-16 09:44:36,106.88
13574,51077,2024-01-16 09:44:48,106.58
13575,51078,2024-01-16 09:45:00,106.27
13576,51079,2024-01-16 09:45:12,106.01
13577,51080,2024-01-16 09:45:24,105.66
13578,51081,2024-01-16 09:45:36,105.26
13579,51082,2024-01-16 09:45:48,105.09
13580,51083,2024-01-16 09:46:00,104.74
13581,51084,2024-01-16 09:46:12,104.52
13582,51085,2024-01-16 09:46:24,104.21
13583,51086,2024-01-16 09:46:36,103.95
13584,51087,2024-01-16 09:46:48,103.55
13585,51088,2024-01-16 09:47:00,103.33
13586,51089,2024-01-16 09:47:12,103.03
13587,51090,2024-01-16 09:47:24,102.81
13588,51091,2024-01-16 09:47:36,102.54
13589,51092,2024-01-16 09:47:48,102.24
13590,51093,2024-01-16 09:48:00,101.8
13591,51094,2024-01-16 09:48:12,101.58
13592,51095,2024-01-16 09:48:24,101.23
13593,51096,2024-01-16 09:48:36,100.92
13594,51097,2024-01-16 09:48:48,100.53
13595,51098,2024-01-16 09:49:00,100.31
13596,51099,2024-01-16 09:49:12,99.91
13597,51100,2024-01-16 09:49:24,99.52
13598,51101,2024-01-16 09:49:36,98.99
13599,51102,2024-01-16 09:49:48,98.56
13600,51103,2024-01-16 09:50:00,98.29
13601,51104,2024-01-16 09:50:12,98.78
13602,51105,2024-01-16 09:50:24,98.12
13603,51106,2024-01-16 09:50:36,98.42
13604,51107,2024-01-16 09:50:48,98.91
13605,51108,2024-01-16 09:51:00,99.35
13606,51109,2024-01-16 09:51:12,99.26
13607,51110,2024-01-16 09:51:24,99.65
13608,51111,2024-01-16 09:51:36,99.83
13609,51112,2024-01-16 09:51:48,100.75
13610,51113,2024-01-16 09:52:00,100.75
13611,51114,2024-01-16 09:52:12,100.48
13612,51115,2024-01-16 09:52:24,100.7
13613,51116,2024-01-16 09:52:36,100.75
13614,51117,2024-01-16 09:52:48,100.88
13615,51118,2024-01-16 09:53:00,101.1
13616,51119,2024-01-16 09:53:12,101.32
13617,51120,2024-01-16 09:53:24,101.41
13618,51121,2024-01-16 09:53:36,101.62
13619,51122,2024-01-16 09:53:48,101.49
13620,51123,2024-01-16 09:54:00,102.11
13621,51124,2024-01-16 09:54:12,102.54
13622,51125,2024-01-16 09:54:24,101.58
13623,51126,2024-01-16 09:54:36,103.11
13624,51127,2024-01-16 09:54:48,103.38
13625,51128,2024-01-16 09:55:00,103.86
13626,51129,2024-01-16 09:55:12,103.2
13627,51130,2024-01-16 09:55:24,103.6
13628,51131,2024-01-16 09:55:36,103.9
13629,51132,2024-01-16 09:55:48,104.04
13630,51133,2024-01-16 09:56:00,104.21
13631,51134,2024-01-16 09:56:12,104.25
13632,51135,2024-01-16 09:56:24,104.56
13633,51136,2024-01-16 09:56:36,103.9
13634,51137,2024-01-16 09:56:48,105.09
13635,51138,2024-01-16 09:57:00,105.09
13636,51139,2024-01-16 09:57:12,105.31
13637,51140,2024-01-16 09:57:24,104.74
13638,51141,2024-01-16 09:57:36,105.0
13639,51142,2024-01-16 09:57:48,106.01
13640,51143,2024-01-16 09:58:00,105.61
13641,51144,2024-01-16 09:58:12,105.92
13642,51145,2024-01-16 09:58:24,106.01
13643,51146,2024-01-16 09:58:36,106.27
13644,51147,2024-01-16 09:58:48,107.32
13645,51148,2024-01-16 09:59:00,107.15
13646,51149,2024-01-16 09:59:12,107.63
13647,51150,2024-01-16 09:59:24,107.41
13648,51151,2024-01-16 09:59:36,107.72
13649,51152,2024-01-16 09:59:48,107.45
13650,51153,2024-01-16 10:00:00,107.02
13651,51154,2024-01-16 10:00:12,108.07
13652,51155,2024-01-16 10:00:24,108.16
13653,51156,2024-01-16 10:00:36,108.07
13654,51157,2024-01-16 10:00:48,108.81
13655,51158,2024-01-16 10:01:00,108.29
13656,51159,2024-01-16 10:01:12,109.03
13657,51160,2024-01-16 10:01:24,109.03
13658,51161,2024-01-16 10:01:36,109.6
13659,51162,2024-01-16 10:01:48,109.78
13660,51163,2024-01-16 10:02:00,108.99
13661,51164,2024-01-16 10:02:12,110.08
13662,51165,2024-01-16 10:02:24,109.78
13663,51166,2024-01-16 10:02:36,110.0
13664,51167,2024-01-16 10:02:48,110.65
13665,51168,2024-01-16 10:03:00,110.43
13666,51169,2024-01-16 10:03:12,110.3
13667,51170,2024-01-16 10:03:24,110.35
13668,51171,2024-01-16 10:03:36,109.91
13669,51172,2024-01-16 10:03:48,109.78
13670,51173,2024-01-16 10:04:00,110.35
13671,51174,2024-01-16 10:04:12,110.61
13672,51175,2024-01-16 10:04:24,111.05
13673,51176,2024-01-16 10:04:36,110.52
13674,51177,2024-01-16 10:04:48,111.4
13675,51178,2024-01-16 10:05:00,110.96
13676,51179,2024-01-16 10:05:12,111.22
13677,51180,2024-01-16 10:05:24,111.44
13678,51181,2024-01-16 10:05:36,112.67
13679,51182,2024-01-16 10:05:48,112.45
13680,51183,2024-01-16 10:06:00,113.15
13681,51184,2024-01-16 10:06:12,113.28
13682,51185,2024-01-16 10:06:24,113.37
13683,51186,2024-01-16 10:06:36,113.46
13684,51187,2024-01-16 10:06:48,113.42
13685,51188,2024-01-16 10:07:00,112.8
13686,51189,2024-01-16 10:07:12,113.33
13687,51190,2024-01-16 10:07:24,113.11
13688,51191,2024-01-16 10:07:36,113.24
13689,51192,2024-01-16 10:07:48,113.85
13690,51193,2024-01-16 10:08:00,113.5
13691,51194,2024-01-16 10:08:12,114.03
13692,51195,2024-01-16 10:08:24,114.03
13693,51196,2024-01-16 10:08:36,113.94
13694,51197,2024-01-16 10:08:48,113.02
13695,51198,2024-01-16 10:09:00,113.94
13696,51199,2024-01-16 10:09:12,114.64
13697,51200,2024-01-16 10:09:24,114.69
13698,51201,2024-01-16 10:09:36,115.04
13699,51202,2024-01-16 10:09:48,114.12
13700,51203,2024-01-16 10:10:00,114.34
13701,51204,2024-01-16 10:10:12,114.82
13702,51205,2024-01-16 10:10:24,114.95
13703,51206,2024-01-16 10:10:36,114.42
13704,51207,2024-01-16 10:10:48,114.77
13705,51208,2024-01-16 10:11:00,114.95
13706,51209,2024-01-16 10:11:12,114.56
13707,51210,2024-01-16 10:11:24,114.29
13708,51211,2024-01-16 10:11:36,114.86
13709,51212,2024-01-16 10:11:48,115.3
13710,51213,2024-01-16 10:12:00,115.83
13711,51214,2024-01-16 10:12:12,116.13
13712,51215,2024-01-16 10:12:24,116.05
13713,51216,2024-01-16 10:12:36,116.48
13714,51217,2024-01-16 10:12:48,116.83
13715,51218,2024-01-16 10:13:00,116.53
13716,51219,2024-01-16 10:13:12,116.88
13717,51220,2024-01-16 10:13:24,116.53
13718,51221,2024-01-16 10:13:36,116.88
13719,51222,2024-01-16 10:13:48,116.53
13720,51223,2024-01-16 10:14:00,117.23
13721,51224,2024-01-16 10:14:12,116.88
13722,51225,2024-01-16 10:14:24,117.19
13723,51226,2024-01-16 10:14:36,117.45
13724,51227,2024-01-16 10:14:48,117.89
13725,51228,2024-01-16 10:15:00,117.19
13726,51229,2024-01-16 10:15:12,118.32
13727,51230,2024-01-16 10:15:24,118.11
13728,51231,2024-01-16 10:15:36,117.8
13729,51232,2024-01-16 10:15:48,117.8
13730,51233,2024-01-16 10:16:00,118.76
13731,51234,2024-01-16 10:16:12,118.19
13732,51235,2024-01-16 10:16:24,118.5
13733,51236,2024-01-16 10:16:36,119.11
13734,51237,2024-01-16 10:16:48,119.2
13735,51238,2024-01-16 10:17:00,118.81
13736,51239,2024-01-16 10:17:12,119.38
13737,51240,2024-01-16 10:17:24,119.11
13738,51241,2024-01-16 10:17:36,119.6
13739,51242,2024-01-16 10:17:48,119.29
13740,51243,2024-01-16 10:18:00,119.55
13741,51244,2024-01-16 10:18:12,119.6
13742,51245,2024-01-16 10:18:24,120.38
13743,51246,2024-01-16 10:18:36,119.9
13744,51247,2024-01-16 10:18:48,120.74
13745,51248,2024-01-16 10:19:00,120.95
13746,51249,2024-01-16 10:19:12,119.82
13747,51250,2024-01-16 10:19:24,120.65
13748,51251,2024-01-16 10:19:36,121.44
13749,51252,2024-01-16 10:19:48,121.17
13750,51253,2024-01-16 10:20:00,120.12
13751,51254,2024-01-16 10:20:12,121.52
13752,51255,2024-01-16 10:20:24,121.22
13753,51256,2024-01-16 10:20:36,121.74
13754,51257,2024-01-16 10:20:48,122.01
13755,51258,2024-01-16 10:21:00,121.88
13756,51259,2024-01-16 10:21:12,121.79
13757,51260,2024-01-16 10:21:24,121.83
13758,51261,2024-01-16 10:21:36,122.01
13759,51262,2024-01-16 10:21:48,122.09
13760,51263,2024-01-16 10:22:00,122.84
13761,51264,2024-01-16 10:22:12,122.97
13762,51265,2024-01-16 10:22:24,123.15
13763,51266,2024-01-16 10:22:36,122.75
13764,51267,2024-01-16 10:22:48,122.14
13765,51268,2024-01-16 10:23:00,122.66
13766,51269,2024-01-16 10:23:12,122.14
13767,51270,2024-01-16 10:23:24,123.8
13768,51271,2024-01-16 10:23:36,122.84
13769,51272,2024-01-16 10:23:48,123.37
13770,51273,2024-01-16 10:24:00,123.58
13771,51274,2024-01-16 10:24:12,124.37
13772,51275,2024-01-16 10:24:24,123.85
13773,51276,2024-01-16 10:24:36,124.24
13774,51277,2024-01-16 10:24:48,123.89
13775,51278,2024-01-16 10:25:00,123.67
13776,51279,2024-01-16 10:25:12,124.24
13777,51280,2024-01-16 10:25:24,123.54
13778,51281,2024-01-16 10:25:36,123.06
13779,51282,2024-01-16 10:25:48,122.53
13780,51283,2024-01-16 10:26:00,121.92
13781,51284,2024-01-16 10:26:12,121.31
13782,51285,2024-01-16 10:26:24,120.78
13783,51286,2024-01-16 10:26:36,120.3
13784,51287,2024-01-16 10:26:48,119.77
13785,51288,2024-01-16 10:27:00,119.33
13786,51289,2024-01-16 10:27:12,118.85
13787,51290,2024-01-16 10:27:24,118.32
13788,51291,2024-01-16 10:27:36,117.8
13789,51292,2024-01-16 10:27:48,117.4
13790,51293,2024-01-16 10:28:00,116.88
13791,51294,2024-01-16 10:28:12,116.53
13792,51295,2024-01-16 10:28:24,116.13
13793,51296,2024-01-16 10:28:36,115.65
13794,51297,2024-01-16 10:28:48,115.12
13795,51298,2024-01-16 10:29:00,114.86
13796,51299,2024-01-16 10:29:12,114.42
13797,51300,2024-01-16 10:29:24,113.99
13798,51301,2024-01-16 10:29:36,113.5
13799,51302,2024-01-16 10:29:48,113.15
13800,51303,2024-01-16 10:30:00,112.8
13801,51304,2024-01-16 10:30:12,112.41
13802,51305,2024-01-16 10:30:24,111.93
13803,51306,2024-01-16 10:30:36,111.66
13804,51307,2024-01-16 10:30:48,111.22
13805,51308,2024-01-16 10:31:00,110.87
13806,51309,2024-01-16 10:31:12,110.43
13807,51310,2024-01-16 10:31:24,110.13
13808,51311,2024-01-16 10:31:36,109.73
13809,51312,2024-01-16 10:31:48,109.34
13810,51313,2024-01-16 10:32:00,109.03
13811,51314,2024-01-16 10:32:12,108.59
13812,51315,2024-01-16 10:32:24,108.33
13813,51316,2024-01-16 10:32:36,107.98
13814,51317,2024-01-16 10:32:48,107.72
13815,51318,2024-01-16 10:33:00,107.32
13816,51319,2024-01-16 10:33:12,107.02
13817,51320,2024-01-16 10:33:24,106.71
13818,51321,2024-01-16 10:33:36,106.27
13819,51322,2024-01-16 10:33:48,105.96
13820,51323,2024-01-16 10:34:00,105.66
13821,51324,2024-01-16 10:34:12,105.31
13822,51325,2024-01-16 10:34:24,104.96
13823,51326,2024-01-16 10:34:36,104.61
13824,51327,2024-01-16 10:34:48,104.25
13825,51328,2024-01-16 10:35:00,103.9
13826,51329,2024-01-16 10:35:12,103.51
13827,51330,2024-01-16 10:35:24,103.25
13828,51331,2024-01-16 10:35:36,102.85
13829,51332,2024-01-16 10:35:48,102.59
13830,51333,2024-01-16 10:36:00,102.28
13831,51334,2024-01-16 10:36:12,101.84
13832,51335,2024-01-16 10:36:24,101.58
13833,51336,2024-01-16 10:36:36,101.27
13834,51337,2024-01-16 10:36:48,100.92
13835,51338,2024-01-16 10:37:00,100.53
13836,51339,2024-01-16 10:37:12,100.18
13837,51340,2024-01-16 10:37:24,99.91
13838,51341,2024-01-16 10:37:36,99.56
13839,51342,2024-01-16 10:37:48,99.26
13840,51343,2024-01-16 10:38:00,98.95
13841,51344,2024-01-16 10:38:12,98.6
13842,51345,2024-01-16 10:38:24,98.29
13843,51346,2024-01-16 10:38:36,98.82
13844,51347,2024-01-16 10:38:48,99.35
13845,51348,2024-01-16 10:39:00,99.7
13846,51349,2024-01-16 10:39:12,99.52
13847,51350,2024-01-16 10:39:24,100.13
13848,51351,2024-01-16 10:39:36,100.35
13849,51352,2024-01-16 10:39:48,101.58
13850,51353,2024-01-16 10:40:00,101.41
13851,51354,2024-01-16 10:40:12,101.84
13852,51355,2024-01-16 10:40:24,101.45
13853,51356,2024-01-16 10:40:36,101.49
13854,51357,2024-01-16 10:40:48,102.54
13855,51358,2024-01-16 10:41:00,102.54
13856,51359,2024-01-16 10:41:12,102.15
13857,51360,2024-01-16 10:41:24,103.16
13858,51361,2024-01-16 10:41:36,102.54
13859,51362,2024-01-16 10:41:48,103.55
13860,51363,2024-01-16 10:42:00,103.9
13861,51364,2024-01-16 10:42:12,103.82
13862,51365,2024-01-16 10:42:24,104.12
13863,51366,2024-01-16 10:42:36,104.56
13864,51367,2024-01-16 10:42:48,104.91
13865,51368,2024-01-16 10:43:00,105.44
13866,51369,2024-01-16 10:43:12,104.56
13867,51370,2024-01-16 10:43:24,105.53
13868,51371,2024-01-16 10:43:36,104.82
13869,51372,2024-01-16 10:43:48,106.18
13870,51373,2024-01-16 10:44:00,106.93
13871,51374,2024-01-16 10:44:12,105.31
13872,51375,2024-01-16 10:44:24,105.79
13873,51376,2024-01-16 10:44:36,105.74
13874,51377,2024-01-16 10:44:48,105.53
13875,51378,2024-01-16 10:45:00,105.35
13876,51379,2024-01-16 10:45:12,105.88
13877,51380,2024-01-16 10:45:24,105.22
13878,51381,2024-01-16 10:45:36,105.35
13879,51382,2024-01-16 10:45:48,105.92
13880,51383,2024-01-16 10:46:00,105.79
13881,51384,2024-01-16 10:46:12,106.31
13882,51385,2024-01-16 10:46:24,105.53
13883,51386,2024-01-16 10:46:36,106.18
13884,51387,2024-01-16 10:46:48,105.96
13885,51388,2024-01-16 10:47:00,107.67
13886,51389,2024-01-16 10:47:12,107.19
13887,51390,2024-01-16 10:47:24,106.97
13888,51391,2024-01-16 10:47:36,107.63
13889,51392,2024-01-16 10:47:48,107.67
13890,51393,2024-01-16 10:48:00,108.59
13891,51394,2024-01-16 10:48:12,108.55
13892,51395,2024-01-16 10:48:24,107.98
13893,51396,2024-01-16 10:48:36,108.68
13894,51397,2024-01-16 10:48:48,108.59
13895,51398,2024-01-16 10:49:00,108.81
13896,51399,2024-01-16 10:49:12,109.08
13897,51400,2024-01-16 10:49:24,109.12
13898,51401,2024-01-16 10:49:36,109.43
13899,51402,2024-01-16 10:49:48,108.94
13900,51403,2024-01-16 10:50:00,109.34
13901,51404,2024-01-16 10:50:12,110.08
13902,51405,2024-01-16 10:50:24,110.43
13903,51406,2024-01-16 10:50:36,110.04
13904,51407,2024-01-16 10:50:48,110.7
13905,51408,2024-01-16 10:51:00,110.52
13906,51409,2024-01-16 10:51:12,109.65
13907,51410,2024-01-16 10:51:24,110.48
13908,51411,2024-01-16 10:51:36,110.52
13909,51412,2024-01-16 10:51:48,111.44
13910,51413,2024-01-16 10:52:00,110.87
13911,51414,2024-01-16 10:52:12,112.06
13912,51415,2024-01-16 10:52:24,111.05
13913,51416,2024-01-16 10:52:36,112.23
13914,51417,2024-01-16 10:52:48,112.45
13915,51418,2024-01-16 10:53:00,112.28
13916,51419,2024-01-16 10:53:12,112.63
13917,51420,2024-01-16 10:53:24,112.8
13918,51421,2024-01-16 10:53:36,112.89
13919,51422,2024-01-16 10:53:48,112.93
13920,51423,2024-01-16 10:54:00,114.07
13921,51424,2024-01-16 10:54:12,113.37
13922,51425,2024-01-16 10:54:24,112.8
13923,51426,2024-01-16 10:54:36,113.37
13924,51427,2024-01-16 10:54:48,113.77
13925,51428,2024-01-16 10:55:00,113.77
13926,51429,2024-01-16 10:55:12,114.03
13927,51430,2024-01-16 10:55:24,113.99
13928,51431,2024-01-16 10:55:36,113.68
13929,51432,2024-01-16 10:55:48,114.25
13930,51433,2024-01-16 10:56:00,114.38
13931,51434,2024-01-16 10:56:12,115.56
13932,51435,2024-01-16 10:56:24,115.26
13933,51436,2024-01-16 10:56:36,114.73
13934,51437,2024-01-16 10:56:48,115.08
13935,51438,2024-01-16 10:57:00,115.56
13936,51439,2024-01-16 10:57:12,115.52
13937,51440,2024-01-16 10:57:24,116.0
13938,51441,2024-01-16 10:57:36,115.74
13939,51442,2024-01-16 10:57:48,116.09
13940,51443,2024-01-16 10:58:00,115.39
13941,51444,2024-01-16 10:58:12,116.44
13942,51445,2024-01-16 10:58:24,114.42
13943,51446,2024-01-16 10:58:36,116.48
13944,51447,2024-01-16 10:58:48,116.22
13945,51448,2024-01-16 10:59:00,116.22
13946,51449,2024-01-16 10:59:12,117.23
13947,51450,2024-01-16 10:59:24,117.45
13948,51451,2024-01-16 10:59:36,117.19
13949,51452,2024-01-16 10:59:48,117.32
13950,51453,2024-01-16 11:00:00,116.75
13951,51454,2024-01-16 11:00:12,117.32
13952,51455,2024-01-16 11:00:24,117.8
13953,51456,2024-01-16 11:00:36,117.54
13954,51457,2024-01-16 11:00:48,118.46
13955,51458,2024-01-16 11:01:00,118.46
13956,51459,2024-01-16 11:01:12,118.28
13957,51460,2024-01-16 11:01:24,118.63
13958,51461,2024-01-16 11:01:36,118.76
13959,51462,2024-01-16 11:01:48,118.72
13960,51463,2024-01-16 11:02:00,118.28
13961,51464,2024-01-16 11:02:12,118.98
13962,51465,2024-01-16 11:02:24,119.11
13963,51466,2024-01-16 11:02:36,119.11
13964,51467,2024-01-16 11:02:48,119.38
13965,51468,2024-01-16 11:03:00,119.64
13966,51469,2024-01-16 11:03:12,120.03
13967,51470,2024-01-16 11:03:24,119.51
13968,51471,2024-01-16 11:03:36,120.25
13969,51472,2024-01-16 11:03:48,120.38
13970,51473,2024-01-16 11:04:00,119.82
13971,51474,2024-01-16 11:04:12,120.38
13972,51475,2024-01-16 11:04:24,120.17
13973,51476,2024-01-16 11:04:36,120.47
13974,51477,2024-01-16 11:04:48,121.09
13975,51478,2024-01-16 11:05:00,121.31
13976,51479,2024-01-16 11:05:12,120.6
13977,51480,2024-01-16 11:05:24,121.17
13978,51481,2024-01-16 11:05:36,121.04
13979,51482,2024-01-16 11:05:48,121.74
13980,51483,2024-01-16 11:06:00,121.74
13981,51484,2024-01-16 11:06:12,121.79
13982,51485,2024-01-16 11:06:24,121.74
13983,51486,2024-01-16 11:06:36,122.01
13984,51487,2024-01-16 11:06:48,122.27
13985,51488,2024-01-16 11:07:00,122.84
13986,51489,2024-01-16 11:07:12,121.44
13987,51490,2024-01-16 11:07:24,122.97
13988,51491,2024-01-16 11:07:36,122.31
13989,51492,2024-01-16 11:07:48,122.45
13990,51493,2024-01-16 11:08:00,123.19
13991,51494,2024-01-16 11:08:12,123.15
13992,51495,2024-01-16 11:08:24,122.36
13993,51496,2024-01-16 11:08:36,123.72
13994,51497,2024-01-16 11:08:48,123.58
13995,51498,2024-01-16 11:09:00,124.51
13996,51499,2024-01-16 11:09:12,123.37
13997,51500,2024-01-16 11:09:24,124.46
13998,51501,2024-01-16 11:09:36,123.8
13999,51502,2024-01-16 11:09:48,124.42
14000,51503,2024-01-16 11:10:00,124.9
14001,51504,2024-01-16 11:10:12,123.85
14002,51505,2024-01-16 11:10:24,123.32
14003,51506,2024-01-16 11:10:36,122.58
14004,51507,2024-01-16 11:10:48,121.74
14005,51508,2024-01-16 11:11:00,120.87
14006,51509,2024-01-16 11:11:12,119.82
14007,51510,2024-01-16 11:11:24,118.85
14008,51511,2024-01-16 11:11:36,117.89
14009,51512,2024-01-16 11:11:48,116.97
14010,51513,2024-01-16 11:12:00,116.05
14011,51514,2024-01-16 11:12:12,115.08
14012,51515,2024-01-16 11:12:24,114.03
14013,51516,2024-01-16 11:12:36,112.85
14014,51517,2024-01-16 11:12:48,111.75
14015,51518,2024-01-16 11:13:00,111.0
14016,51519,2024-01-16 11:13:12,110.17
14017,51520,2024-01-16 11:13:24,109.3
14018,51521,2024-01-16 11:13:36,108.55
14019,51522,2024-01-16 11:13:48,107.8
14020,51523,2024-01-16 11:14:00,107.06
14021,51524,2024-01-16 11:14:12,106.31
14022,51525,2024-01-16 11:14:24,105.44
14023,51526,2024-01-16 11:14:36,104.47
14024,51527,2024-01-16 11:14:48,103.68
14025,51528,2024-01-16 11:15:00,102.98
14026,51529,2024-01-16 11:15:12,102.02
14027,51530,2024-01-16 11:15:24,101.1
14028,51531,2024-01-16 11:15:36,100.05
14029,51532,2024-01-16 11:15:48,99.43
14030,51533,2024-01-16 11:16:00,99.39
14031,51534,2024-01-16 11:16:12,98.47
14032,51535,2024-01-16 11:16:24,98.29
14033,51536,2024-01-16 11:16:36,97.85
14034,51537,2024-01-16 11:16:48,97.59
14035,51538,2024-01-16 11:17:00,97.64
14036,51539,2024-01-16 11:17:12,98.51
14037,51540,2024-01-16 11:17:24,97.94
14038,51541,2024-01-16 11:17:36,97.2
14039,51542,2024-01-16 11:17:48,97.81
14040,51543,2024-01-16 11:18:00,97.28
14041,51544,2024-01-16 11:18:12,96.72
14042,51545,2024-01-16 11:18:24,95.71
14043,51546,2024-01-16 11:18:36,96.19
14044,51547,2024-01-16 11:18:48,94.57
14045,51548,2024-01-16 11:19:00,94.87
14046,51549,2024-01-16 11:19:12,94.09
14047,51550,2024-01-16 11:19:24,93.73
14048,51551,2024-01-16 11:19:36,93.52
14049,51552,2024-01-16 11:19:48,93.69
14050,51553,2024-01-16 11:20:00,93.52
14051,51554,2024-01-16 11:20:12,93.25
14052,51555,2024-01-16 11:20:24,92.77
14053,51556,2024-01-16 11:20:36,91.5
14054,51557,2024-01-16 11:20:48,91.94
14055,51558,2024-01-16 11:21:00,91.46
14056,51559,2024-01-16 11:21:12,90.53
14057,51560,2024-01-16 11:21:24,90.62
14058,51561,2024-01-16 11:21:36,89.83
14059,51562,2024-01-16 11:21:48,91.24
14060,51563,2024-01-16 11:22:00,93.16
14061,51564,2024-01-16 11:22:12,93.6
14062,51565,2024-01-16 11:22:24,93.69
14063,51566,2024-01-16 11:22:36,92.73
14064,51567,2024-01-16 11:22:48,92.95
14065,51568,2024-01-16 11:23:00,92.33
14066,51569,2024-01-16 11:23:12,92.29
14067,51570,2024-01-16 11:23:24,90.84
14068,51571,2024-01-16 11:23:36,91.63
14069,51572,2024-01-16 11:23:48,90.75
14070,51573,2024-01-16 11:24:00,90.8
14071,51574,2024-01-16 11:24:12,93.25
14072,51575,2024-01-16 11:24:24,94.79
14073,51576,2024-01-16 11:24:36,93.87
14074,51577,2024-01-16 11:24:48,92.55
14075,51578,2024-01-16 11:25:00,92.55
14076,51579,2024-01-16 11:25:12,92.73
14077,51580,2024-01-16 11:25:24,92.24
14078,51581,2024-01-16 11:25:36,91.59
14079,51582,2024-01-16 11:25:48,91.06
14080,51583,2024-01-16 11:26:00,91.41
14081,51584,2024-01-16 11:26:12,92.07
14082,51585,2024-01-16 11:26:24,94.79
14083,51586,2024-01-16 11:26:36,94.22
14084,51587,2024-01-16 11:26:48,93.52
14085,51588,2024-01-16 11:27:00,93.47
14086,51589,2024-01-16 11:27:12,92.11
14087,51590,2024-01-16 11:27:24,92.9
14088,51591,2024-01-16 11:27:36,92.51
14089,51592,2024-01-16 11:27:48,92.33
14090,51593,2024-01-16 11:28:00,90.71
14091,51594,2024-01-16 11:28:12,90.97
14092,51595,2024-01-16 11:28:24,90.36
14093,51596,2024-01-16 11:28:36,92.02
14094,51597,2024-01-16 11:28:48,95.01
14095,51598,2024-01-16 11:29:00,94.26
14096,51599,2024-01-16 11:29:12,94.44
14097,51600,2024-01-16 11:29:24,92.99
14098,51601,2024-01-16 11:29:36,93.16
14099,51602,2024-01-16 11:29:48,92.68
14100,51603,2024-01-16 11:30:00,92.11
14101,51604,2024-01-16 11:30:12,91.63
14102,51605,2024-01-16 11:30:24,90.53
14103,51606,2024-01-16 11:30:36,90.49
14104,51607,2024-01-16 11:30:48,94.39
14105,51608,2024-01-16 11:31:00,94.3
14106,51609,2024-01-16 11:31:12,93.87
14107,51610,2024-01-16 11:31:24,93.56
14108,51611,2024-01-16 11:31:36,93.38
14109,51612,2024-01-16 11:31:48,92.77
14110,51613,2024-01-16 11:32:00,92.55
14111,51614,2024-01-16 11:32:12,91.98
14112,51615,2024-01-16 11:32:24,91.54
14113,51616,2024-01-16 11:32:36,91.59
14114,51617,2024-01-16 11:32:48,91.67
14115,51618,2024-01-16 11:33:00,91.89
14116,51619,2024-01-16 11:33:12,95.01
14117,51620,2024-01-16 11:33:24,94.09
14118,51621,2024-01-16 11:33:36,92.95
14119,51622,2024-01-16 11:33:48,93.25
14120,51623,2024-01-16 11:34:00,93.69
14121,51624,2024-01-16 11:34:12,92.68
14122,51625,2024-01-16 11:34:24,92.46
14123,51626,2024-01-16 11:34:36,91.63
14124,51627,2024-01-16 11:34:48,91.76
14125,51628,2024-01-16 11:35:00,91.19
14126,51629,2024-01-16 11:35:12,91.15
14127,51630,2024-01-16 11:35:24,93.12
14128,51631,2024-01-16 11:35:36,94.65
14129,51632,2024-01-16 11:35:48,93.82
14130,51633,2024-01-16 11:36:00,93.38
14131,51634,2024-01-16 11:36:12,92.59
14132,51635,2024-01-16 11:36:24,92.9
14133,51636,2024-01-16 11:36:36,91.89
14134,51637,2024-01-16 11:36:48,91.02
14135,51638,2024-01-16 11:37:00,92.07
14136,51639,2024-01-16 11:37:12,91.63
14137,51640,2024-01-16 11:37:24,90.62
14138,51641,2024-01-16 11:37:36,93.82
14139,51642,2024-01-16 11:37:48,94.7
14140,51643,2024-01-16 11:38:00,94.0
14141,51644,2024-01-16 11:38:12,93.73
14142,51645,2024-01-16 11:38:24,92.68
14143,51646,2024-01-16 11:38:36,92.59
14144,51647,2024-01-16 11:38:48,92.73
14145,51648,2024-01-16 11:39:00,92.38
14146,51649,2024-01-16 11:39:12,90.93
14147,51650,2024-01-16 11:39:24,91.81
14148,51651,2024-01-16 11:39:36,91.59
14149,51652,2024-01-16 11:39:48,90.97
14150,51653,2024-01-16 11:40:00,94.22
14151,51654,2024-01-16 11:40:12,94.39
14152,51655,2024-01-16 11:40:24,94.52
14153,51656,2024-01-16 11:40:36,94.17
14154,51657,2024-01-16 11:40:48,93.69
14155,51658,2024-01-16 11:41:00,92.64
14156,51659,2024-01-16 11:41:12,91.98
14157,51660,2024-01-16 11:41:24,92.29
14158,51661,2024-01-16 11:41:36,91.02
14159,51662,2024-01-16 11:41:48,91.15
14160,51663,2024-01-16 11:42:00,91.24
14161,51664,2024-01-16 11:42:12,91.1
14162,51665,2024-01-16 11:42:24,94.44
14163,51666,2024-01-16 11:42:36,94.3
14164,51667,2024-01-16 11:42:48,93.73
14165,51668,2024-01-16 11:43:00,92.81
14166,51669,2024-01-16 11:43:12,93.3
14167,51670,2024-01-16 11:43:24,92.11
14168,51671,2024-01-16 11:43:36,91.46
14169,51672,2024-01-16 11:43:48,92.33
14170,51673,2024-01-16 11:44:00,91.94
14171,51674,2024-01-16 11:44:12,91.41
14172,51675,2024-01-16 11:44:24,91.06
14173,51676,2024-01-16 11:44:36,94.48
14174,51677,2024-01-16 11:44:48,94.04
14175,51678,2024-01-16 11:45:00,95.05
14176,51679,2024-01-16 11:45:12,94.92
14177,51680,2024-01-16 11:45:24,94.22
14178,51681,2024-01-16 11:45:36,94.26
14179,51682,2024-01-16 11:45:48,93.82
14180,51683,2024-01-16 11:46:00,93.69
14181,51684,2024-01-16 11:46:12,93.08
14182,51685,2024-01-16 11:46:24,93.03
14183,51686,2024-01-16 11:46:36,92.24
14184,51687,2024-01-16 11:46:48,92.33
14185,51688,2024-01-16 11:47:00,91.85
14186,51689,2024-01-16 11:47:12,90.71
14187,51690,2024-01-16 11:47:24,90.8
14188,51691,2024-01-16 11:47:36,90.93
14189,51692,2024-01-16 11:47:48,93.95
14190,51693,2024-01-16 11:48:00,94.61
14191,51694,2024-01-16 11:48:12,94.35
14192,51695,2024-01-16 11:48:24,93.78
14193,51696,2024-01-16 11:48:36,93.65
14194,51697,2024-01-16 11:48:48,91.94
14195,51698,2024-01-16 11:49:00,92.73
14196,51699,2024-01-16 11:49:12,92.73
14197,51700,2024-01-16 11:49:24,92.07
14198,51701,2024-01-16 11:49:36,92.2
14199,51702,2024-01-16 11:49:48,91.54
14200,51703,2024-01-16 11:50:00,91.81
14201,51704,2024-01-16 11:50:12,91.54
14202,51705,2024-01-16 11:50:24,91.98
14203,51706,2024-01-16 11:50:36,92.02
14204,51707,2024-01-16 11:50:48,91.06
14205,51708,2024-01-16 11:51:00,91.98
14206,51709,2024-01-16 11:51:12,91.5
14207,51710,2024-01-16 11:51:24,91.98
14208,51711,2024-01-16 11:51:36,91.94
14209,51712,2024-01-16 11:51:48,91.32
14210,51713,2024-01-16 11:52:00,91.41
14211,51714,2024-01-16 11:52:12,91.37
14212,51715,2024-01-16 11:52:24,92.9
14213,51716,2024-01-16 11:52:36,94.92
14214,51717,2024-01-16 11:52:48,94.22
14215,51718,2024-01-16 11:53:00,93.87
14216,51719,2024-01-16 11:53:12,93.34
14217,51720,2024-01-16 11:53:24,92.86
14218,51721,2024-01-16 11:53:36,92.64
14219,51722,2024-01-16 11:53:48,92.51
14220,51723,2024-01-16 11:54:00,92.51
14221,51724,2024-01-16 11:54:12,91.76
14222,51725,2024-01-16 11:54:24,90.53
14223,51726,2024-01-16 11:54:36,91.63
14224,51727,2024-01-16 11:54:48,95.27
14225,51728,2024-01-16 11:55:00,94.7
14226,51729,2024-01-16 11:55:12,92.99
14227,51730,2024-01-16 11:55:24,93.34
14228,51731,2024-01-16 11:55:36,92.42
14229,51732,2024-01-16 11:55:48,92.55
14230,51733,2024-01-16 11:56:00,92.29
14231,51734,2024-01-16 11:56:12,91.98
14232,51735,2024-01-16 11:56:24,92.2
14233,51736,2024-01-16 11:56:36,90.75
14234,51737,2024-01-16 11:56:48,90.89
14235,51738,2024-01-16 11:57:00,91.02
14236,51739,2024-01-16 11:57:12,95.36
14237,51740,2024-01-16 11:57:24,94.26
14238,51741,2024-01-16 11:57:36,94.17
14239,51742,2024-01-16 11:57:48,93.78
14240,51743,2024-01-16 11:58:00,92.77
14241,51744,2024-01-16 11:58:12,92.64
14242,51745,2024-01-16 11:58:24,91.63
14243,51746,2024-01-16 11:58:36,92.2
14244,51747,2024-01-16 11:58:48,91.94
14245,51748,2024-01-16 11:59:00,91.59
14246,51749,2024-01-16 11:59:12,91.46
14247,51750,2024-01-16 11:59:24,93.08
14248,51751,2024-01-16 11:59:36,94.74
14249,51752,2024-01-16 11:59:48,94.0
14250,51753,2024-01-16 12:00:00,93.3
14251,51754,2024-01-16 12:00:12,93.21
14252,51755,2024-01-16 12:00:24,94.22
14253,51756,2024-01-16 12:00:36,93.87
14254,51757,2024-01-16 12:00:48,94.74
14255,51758,2024-01-16 12:01:00,94.57
14256,51759,2024-01-16 12:01:12,95.09
14257,51760,2024-01-16 12:01:24,95.44
14258,51761,2024-01-16 12:01:36,94.39
14259,51762,2024-01-16 12:01:48,95.97
14260,51763,2024-01-16 12:02:00,96.36
14261,51764,2024-01-16 12:02:12,96.63
14262,51765,2024-01-16 12:02:24,97.15
14263,51766,2024-01-16 12:02:36,96.98
14264,51767,2024-01-16 12:02:48,97.55
14265,51768,2024-01-16 12:03:00,97.72
14266,51769,2024-01-16 12:03:12,96.76
14267,51770,2024-01-16 12:03:24,98.42
14268,51771,2024-01-16 12:03:36,98.47
14269,51772,2024-01-16 12:03:48,99.08
14270,51773,2024-01-16 12:04:00,99.56
14271,51774,2024-01-16 12:04:12,98.99
14272,51775,2024-01-16 12:04:24,98.99
14273,51776,2024-01-16 12:04:36,99.65
14274,51777,2024-01-16 12:04:48,100.4
14275,51778,2024-01-16 12:05:00,100.27
14276,51779,2024-01-16 12:05:12,100.92
14277,51780,2024-01-16 12:05:24,101.49
14278,51781,2024-01-16 12:05:36,101.41
14279,51782,2024-01-16 12:05:48,101.45
14280,51783,2024-01-16 12:06:00,102.15
14281,51784,2024-01-16 12:06:12,101.49
14282,51785,2024-01-16 12:06:24,102.41
14283,51786,2024-01-16 12:06:36,102.46
14284,51787,2024-01-16 12:06:48,103.03
14285,51788,2024-01-16 12:07:00,102.46
14286,51789,2024-01-16 12:07:12,103.55
14287,51790,2024-01-16 12:07:24,103.55
14288,51791,2024-01-16 12:07:36,103.29
14289,51792,2024-01-16 12:07:48,104.56
14290,51793,2024-01-16 12:08:00,104.47
14291,51794,2024-01-16 12:08:12,104.74
14292,51795,2024-01-16 12:08:24,104.96
14293,51796,2024-01-16 12:08:36,104.87
14294,51797,2024-01-16 12:08:48,105.44
14295,51798,2024-01-16 12:09:00,105.17
14296,51799,2024-01-16 12:09:12,105.44
14297,51800,2024-01-16 12:09:24,105.39
14298,51801,2024-01-16 12:09:36,105.61
14299,51802,2024-01-16 12:09:48,105.92
14300,51803,2024-01-16 12:10:00,105.35
14301,51804,2024-01-16 12:10:12,105.96
14302,51805,2024-01-16 12:10:24,107.28
14303,51806,2024-01-16 12:10:36,106.53
14304,51807,2024-01-16 12:10:48,106.67
14305,51808,2024-01-16 12:11:00,106.97
14306,51809,2024-01-16 12:11:12,108.07
14307,51810,2024-01-16 12:11:24,107.54
14308,51811,2024-01-16 12:11:36,107.54
14309,51812,2024-01-16 12:11:48,108.42
14310,51813,2024-01-16 12:12:00,108.46
14311,51814,2024-01-16 12:12:12,108.07
14312,51815,2024-01-16 12:12:24,108.99
14313,51816,2024-01-16 12:12:36,108.9
14314,51817,2024-01-16 12:12:48,109.34
14315,51818,2024-01-16 12:13:00,109.51
14316,51819,2024-01-16 12:13:12,110.43
14317,51820,2024-01-16 12:13:24,110.08
14318,51821,2024-01-16 12:13:36,110.52
14319,51822,2024-01-16 12:13:48,110.0
14320,51823,2024-01-16 12:14:00,110.13
14321,51824,2024-01-16 12:14:12,109.95
14322,51825,2024-01-16 12:14:24,111.05
14323,51826,2024-01-16 12:14:36,110.74
14324,51827,2024-01-16 12:14:48,111.05
14325,51828,2024-01-16 12:15:00,111.05
14326,51829,2024-01-16 12:15:12,111.22
14327,51830,2024-01-16 12:15:24,111.05
14328,51831,2024-01-16 12:15:36,111.75
14329,51832,2024-01-16 12:15:48,112.1
14330,51833,2024-01-16 12:16:00,111.84
14331,51834,2024-01-16 12:16:12,112.14
14332,51835,2024-01-16 12:16:24,111.57
14333,51836,2024-01-16 12:16:36,112.36
14334,51837,2024-01-16 12:16:48,112.98
14335,51838,2024-01-16 12:17:00,113.2
14336,51839,2024-01-16 12:17:12,113.24
14337,51840,2024-01-16 12:17:24,113.2
14338,51841,2024-01-16 12:17:36,114.03
14339,51842,2024-01-16 12:17:48,113.2
14340,51843,2024-01-16 12:18:00,114.51
14341,51844,2024-01-16 12:18:12,114.07
14342,51845,2024-01-16 12:18:24,113.94
14343,51846,2024-01-16 12:18:36,114.29
14344,51847,2024-01-16 12:18:48,114.03
14345,51848,2024-01-16 12:19:00,115.12
14346,51849,2024-01-16 12:19:12,115.52
14347,51850,2024-01-16 12:19:24,115.43
14348,51851,2024-01-16 12:19:36,115.78
14349,51852,2024-01-16 12:19:48,115.52
14350,51853,2024-01-16 12:20:00,115.69
14351,51854,2024-01-16 12:20:12,115.65
14352,51855,2024-01-16 12:20:24,116.4
14353,51856,2024-01-16 12:20:36,116.09
14354,51857,2024-01-16 12:20:48,116.48
14355,51858,2024-01-16 12:21:00,116.88
14356,51859,2024-01-16 12:21:12,116.48
14357,51860,2024-01-16 12:21:24,117.1
14358,51861,2024-01-16 12:21:36,117.45
14359,51862,2024-01-16 12:21:48,117.27
14360,51863,2024-01-16 12:22:00,118.06
14361,51864,2024-01-16 12:22:12,117.75
14362,51865,2024-01-16 12:22:24,118.11
14363,51866,2024-01-16 12:22:36,118.24
14364,51867,2024-01-16 12:22:48,118.41
14365,51868,2024-01-16 12:23:00,118.81
14366,51869,2024-01-16 12:23:12,117.97
14367,51870,2024-01-16 12:23:24,118.76
14368,51871,2024-01-16 12:23:36,118.85
14369,51872,2024-01-16 12:23:48,119.51
14370,51873,2024-01-16 12:24:00,118.98
14371,51874,2024-01-16 12:24:12,119.64
14372,51875,2024-01-16 12:24:24,118.76
14373,51876,2024-01-16 12:24:36,119.55
14374,51877,2024-01-16 12:24:48,119.46
14375,51878,2024-01-16 12:25:00,120.21
14376,51879,2024-01-16 12:25:12,119.25
14377,51880,2024-01-16 12:25:24,120.56
14378,51881,2024-01-16 12:25:36,121.09
14379,51882,2024-01-16 12:25:48,120.74
14380,51883,2024-01-16 12:26:00,120.38
14381,51884,2024-01-16 12:26:12,121.09
14382,51885,2024-01-16 12:26:24,120.52
14383,51886,2024-01-16 12:26:36,121.39
14384,51887,2024-01-16 12:26:48,120.95
14385,51888,2024-01-16 12:27:00,121.0
14386,51889,2024-01-16 12:27:12,122.36
14387,51890,2024-01-16 12:27:24,121.61
14388,51891,2024-01-16 12:27:36,122.36
14389,51892,2024-01-16 12:27:48,122.09
14390,51893,2024-01-16 12:28:00,122.71
14391,51894,2024-01-16 12:28:12,122.84
14392,51895,2024-01-16 12:28:24,122.49
14393,51896,2024-01-16 12:28:36,122.8
14394,51897,2024-01-16 12:28:48,123.54
14395,51898,2024-01-16 12:29:00,123.54
14396,51899,2024-01-16 12:29:12,123.89
14397,51900,2024-01-16 12:29:24,123.37
14398,51901,2024-01-16 12:29:36,123.19
14399,51902,2024-01-16 12:29:48,123.98
14400,51903,2024-01-16 12:30:00,124.24
14401,51904,2024-01-16 12:30:12,123.89
14402,51905,2024-01-16 12:30:24,123.89
14403,51906,2024-01-16 12:30:36,123.37
14404,51907,2024-01-16 12:30:48,122.84
14405,51908,2024-01-16 12:31:00,122.31
14406,51909,2024-01-16 12:31:12,121.92
14407,51910,2024-01-16 12:31:24,121.44
14408,51911,2024-01-16 12:31:36,120.95
14409,51912,2024-01-16 12:31:48,120.43
14410,51913,2024-01-16 12:32:00,119.99
14411,51914,2024-01-16 12:32:12,119.55
14412,51915,2024-01-16 12:32:24,119.11
14413,51916,2024-01-16 12:32:36,118.63
14414,51917,2024-01-16 12:32:48,118.15
14415,51918,2024-01-16 12:33:00,117.75
14416,51919,2024-01-16 12:33:12,117.23
14417,51920,2024-01-16 12:33:24,116.83
14418,51921,2024-01-16 12:33:36,116.48
14419,51922,2024-01-16 12:33:48,116.0
14420,51923,2024-01-16 12:34:00,115.65
14421,51924,2024-01-16 12:34:12,115.21
14422,51925,2024-01-16 12:34:24,114.77
14423,51926,2024-01-16 12:34:36,114.42
14424,51927,2024-01-16 12:34:48,113.94
14425,51928,2024-01-16 12:35:00,113.55
14426,51929,2024-01-16 12:35:12,113.02
14427,51930,2024-01-16 12:35:24,112.76
14428,51931,2024-01-16 12:35:36,112.36
14429,51932,2024-01-16 12:35:48,111.97
14430,51933,2024-01-16 12:36:00,111.57
14431,51934,2024-01-16 12:36:12,111.05
14432,51935,2024-01-16 12:36:24,110.57
14433,51936,2024-01-16 12:36:36,110.13
14434,51937,2024-01-16 12:36:48,109.73
14435,51938,2024-01-16 12:37:00,109.38
14436,51939,2024-01-16 12:37:12,108.94
14437,51940,2024-01-16 12:37:24,108.55
14438,51941,2024-01-16 12:37:36,108.16
14439,51942,2024-01-16 12:37:48,107.76
14440,51943,2024-01-16 12:38:00,107.41
14441,51944,2024-01-16 12:38:12,107.1
14442,51945,2024-01-16 12:38:24,106.71
14443,51946,2024-01-16 12:38:36,106.4
14444,51947,2024-01-16 12:38:48,106.01
14445,51948,2024-01-16 12:39:00,105.66
14446,51949,2024-01-16 12:39:12,105.31
14447,51950,2024-01-16 12:39:24,104.96
14448,51951,2024-01-16 12:39:36,104.61
14449,51952,2024-01-16 12:39:48,104.3
14450,51953,2024-01-16 12:40:00,103.95
14451,51954,2024-01-16 12:40:12,103.64
14452,51955,2024-01-16 12:40:24,103.29
14453,51956,2024-01-16 12:40:36,102.98
14454,51957,2024-01-16 12:40:48,102.59
14455,51958,2024-01-16 12:41:00,102.33
14456,51959,2024-01-16 12:41:12,102.02
14457,51960,2024-01-16 12:41:24,101.71
14458,51961,2024-01-16 12:41:36,101.32
14459,51962,2024-01-16 12:41:48,101.05
14460,51963,2024-01-16 12:42:00,100.75
14461,51964,2024-01-16 12:42:12,100.4
14462,51965,2024-01-16 12:42:24,100.05
14463,51966,2024-01-16 12:42:36,99.7
14464,51967,2024-01-16 12:42:48,99.39
14465,51968,2024-01-16 12:43:00,99.13
14466,51969,2024-01-16 12:43:12,99.39
14467,51970,2024-01-16 12:43:24,99.48
14468,51971,2024-01-16 12:43:36,99.13
14469,51972,2024-01-16 12:43:48,99.91
14470,51973,2024-01-16 12:44:00,100.4
14471,51974,2024-01-16 12:44:12,100.79
14472,51975,2024-01-16 12:44:24,100.62
14473,51976,2024-01-16 12:44:36,101.05
14474,51977,2024-01-16 12:44:48,102.15
14475,51978,2024-01-16 12:45:00,102.15
14476,51979,2024-01-16 12:45:12,101.76
14477,51980,2024-01-16 12:45:24,102.19
14478,51981,2024-01-16 12:45:36,101.76
14479,51982,2024-01-16 12:45:48,102.37
14480,51983,2024-01-16 12:46:00,102.54
14481,51984,2024-01-16 12:46:12,101.58
14482,51985,2024-01-16 12:46:24,101.19
14483,51986,2024-01-16 12:46:36,101.01
14484,51987,2024-01-16 12:46:48,100.97
14485,51988,2024-01-16 12:47:00,100.53
14486,51989,2024-01-16 12:47:12,99.91
14487,51990,2024-01-16 12:47:24,99.83
14488,51991,2024-01-16 12:47:36,98.86
14489,51992,2024-01-16 12:47:48,99.13
14490,51993,2024-01-16 12:48:00,98.6
14491,51994,2024-01-16 12:48:12,98.42
14492,51995,2024-01-16 12:48:24,97.5
14493,51996,2024-01-16 12:48:36,98.07
14494,51997,2024-01-16 12:48:48,98.29
14495,51998,2024-01-16 12:49:00,97.33
14496,51999,2024-01-16 12:49:12,97.28
14497,52000,2024-01-16 12:49:24,97.24
14498,52001,2024-01-16 12:49:36,97.42
14499,52002,2024-01-16 12:49:48,96.5
14500,52003,2024-01-16 12:50:00,96.67
14501,52004,2024-01-16 12:50:12,96.06
14502,52005,2024-01-16 12:50:24,95.14
14503,52006,2024-01-16 12:50:36,95.36
14504,52007,2024-01-16 12:50:48,95.09
14505,52008,2024-01-16 12:51:00,94.83
14506,52009,2024-01-16 12:51:12,93.6
14507,52010,2024-01-16 12:51:24,93.91
14508,52011,2024-01-16 12:51:36,92.68
14509,52012,2024-01-16 12:51:48,92.86
14510,52013,2024-01-16 12:52:00,93.38
14511,52014,2024-01-16 12:52:12,91.98
14512,52015,2024-01-16 12:52:24,92.73
14513,52016,2024-01-16 12:52:36,92.29
14514,52017,2024-01-16 12:52:48,91.02
14515,52018,2024-01-16 12:53:00,91.37
14516,52019,2024-01-16 12:53:12,91.63
14517,52020,2024-01-16 12:53:24,90.32
14518,52021,2024-01-16 12:53:36,94.22
14519,52022,2024-01-16 12:53:48,94.61
14520,52023,2024-01-16 12:54:00,93.69
14521,52024,2024-01-16 12:54:12,94.09
14522,52025,2024-01-16 12:54:24,94.04
14523,52026,2024-01-16 12:54:36,93.65
14524,52027,2024-01-16 12:54:48,94.44
14525,52028,2024-01-16 12:55:00,94.48
14526,52029,2024-01-16 12:55:12,95.71
14527,52030,2024-01-16 12:55:24,95.01
14528,52031,2024-01-16 12:55:36,94.96
14529,52032,2024-01-16 12:55:48,96.01
14530,52033,2024-01-16 12:56:00,95.79
14531,52034,2024-01-16 12:56:12,95.93
14532,52035,2024-01-16 12:56:24,96.41
14533,52036,2024-01-16 12:56:36,97.55
14534,52037,2024-01-16 12:56:48,96.93
14535,52038,2024-01-16 12:57:00,97.24
14536,52039,2024-01-16 12:57:12,97.11
14537,52040,2024-01-16 12:57:24,98.38
14538,52041,2024-01-16 12:57:36,98.56
14539,52042,2024-01-16 12:57:48,98.78
14540,52043,2024-01-16 12:58:00,98.99
14541,52044,2024-01-16 12:58:12,98.78
14542,52045,2024-01-16 12:58:24,99.39
14543,52046,2024-01-16 12:58:36,99.61
14544,52047,2024-01-16 12:58:48,98.91
14545,52048,2024-01-16 12:59:00,99.61
14546,52049,2024-01-16 12:59:12,100.53
14547,52050,2024-01-16 12:59:24,100.0
14548,52051,2024-01-16 12:59:36,100.35
14549,52052,2024-01-16 12:59:48,101.1
14550,52053,2024-01-16 13:00:00,101.32
14551,52054,2024-01-16 13:00:12,101.45
14552,52055,2024-01-16 13:00:24,101.45
14553,52056,2024-01-16 13:00:36,101.62
14554,52057,2024-01-16 13:00:48,101.93
14555,52058,2024-01-16 13:01:00,102.15
14556,52059,2024-01-16 13:01:12,102.54
14557,52060,2024-01-16 13:01:24,102.46
14558,52061,2024-01-16 13:01:36,102.02
14559,52062,2024-01-16 13:01:48,102.54
14560,52063,2024-01-16 13:02:00,103.33
14561,52064,2024-01-16 13:02:12,103.2
14562,52065,2024-01-16 13:02:24,103.42
14563,52066,2024-01-16 13:02:36,104.17
14564,52067,2024-01-16 13:02:48,103.73
14565,52068,2024-01-16 13:03:00,104.39
14566,52069,2024-01-16 13:03:12,104.74
14567,52070,2024-01-16 13:03:24,105.04
14568,52071,2024-01-16 13:03:36,105.26
14569,52072,2024-01-16 13:03:48,105.39
14570,52073,2024-01-16 13:04:00,106.01
14571,52074,2024-01-16 13:04:12,105.22
14572,52075,2024-01-16 13:04:24,106.58
14573,52076,2024-01-16 13:04:36,106.1
14574,52077,2024-01-16 13:04:48,106.49
14575,52078,2024-01-16 13:05:00,106.45
14576,52079,2024-01-16 13:05:12,106.84
14577,52080,2024-01-16 13:05:24,106.67
14578,52081,2024-01-16 13:05:36,108.07
14579,52082,2024-01-16 13:05:48,107.76
14580,52083,2024-01-16 13:06:00,108.24
14581,52084,2024-01-16 13:06:12,107.72
14582,52085,2024-01-16 13:06:24,107.41
14583,52086,2024-01-16 13:06:36,108.37
14584,52087,2024-01-16 13:06:48,107.89
14585,52088,2024-01-16 13:07:00,108.37
14586,52089,2024-01-16 13:07:12,108.29
14587,52090,2024-01-16 13:07:24,108.59
14588,52091,2024-01-16 13:07:36,108.59
14589,52092,2024-01-16 13:07:48,110.0
14590,52093,2024-01-16 13:08:00,109.86
14591,52094,2024-01-16 13:08:12,109.73
14592,52095,2024-01-16 13:08:24,109.3
14593,52096,2024-01-16 13:08:36,109.91
14594,52097,2024-01-16 13:08:48,109.34
14595,52098,2024-01-16 13:09:00,110.13
14596,52099,2024-01-16 13:09:12,110.61
14597,52100,2024-01-16 13:09:24,111.27
14598,52101,2024-01-16 13:09:36,110.22
14599,52102,2024-01-16 13:09:48,111.62
14600,52103,2024-01-16 13:10:00,110.17
14601,52104,2024-01-16 13:10:12,111.18
14602,52105,2024-01-16 13:10:24,111.97
14603,52106,2024-01-16 13:10:36,111.27
14604,52107,2024-01-16 13:10:48,112.28
14605,52108,2024-01-16 13:11:00,111.75
14606,52109,2024-01-16 13:11:12,111.57
14607,52110,2024-01-16 13:11:24,112.1
14608,52111,2024-01-16 13:11:36,112.28
14609,52112,2024-01-16 13:11:48,112.49
14610,52113,2024-01-16 13:12:00,111.62
14611,52114,2024-01-16 13:12:12,112.98
14612,52115,2024-01-16 13:12:24,113.24
14613,52116,2024-01-16 13:12:36,113.02
14614,52117,2024-01-16 13:12:48,113.59
14615,52118,2024-01-16 13:13:00,113.28
14616,52119,2024-01-16 13:13:12,112.98
14617,52120,2024-01-16 13:13:24,112.93
14618,52121,2024-01-16 13:13:36,113.02
14619,52122,2024-01-16 13:13:48,113.02
14620,52123,2024-01-16 13:14:00,111.93
14621,52124,2024-01-16 13:14:12,112.49
14622,52125,2024-01-16 13:14:24,112.89
14623,52126,2024-01-16 13:14:36,111.71
14624,52127,2024-01-16 13:14:48,111.79
14625,52128,2024-01-16 13:15:00,110.92
14626,52129,2024-01-16 13:15:12,110.08
14627,52130,2024-01-16 13:15:24,108.81
14628,52131,2024-01-16 13:15:36,108.59
14629,52132,2024-01-16 13:15:48,108.55
14630,52133,2024-01-16 13:16:00,108.33
14631,52134,2024-01-16 13:16:12,107.32
14632,52135,2024-01-16 13:16:24,107.19
14633,52136,2024-01-16 13:16:36,106.8
14634,52137,2024-01-16 13:16:48,106.36
14635,52138,2024-01-16 13:17:00,105.48
14636,52139,2024-01-16 13:17:12,104.61
14637,52140,2024-01-16 13:17:24,104.82
14638,52141,2024-01-16 13:17:36,103.9
14639,52142,2024-01-16 13:17:48,103.86
14640,52143,2024-01-16 13:18:00,103.73
14641,52144,2024-01-16 13:18:12,103.2
14642,52145,2024-01-16 13:18:24,103.03
14643,52146,2024-01-16 13:18:36,102.02
14644,52147,2024-01-16 13:18:48,102.28
14645,52148,2024-01-16 13:19:00,101.62
14646,52149,2024-01-16 13:19:12,101.93
14647,52150,2024-01-16 13:19:24,101.62
14648,52151,2024-01-16 13:19:36,100.75
14649,52152,2024-01-16 13:19:48,100.18
14650,52153,2024-01-16 13:20:00,100.0
14651,52154,2024-01-16 13:20:12,99.65
14652,52155,2024-01-16 13:20:24,99.56
14653,52156,2024-01-16 13:20:36,99.08
14654,52157,2024-01-16 13:20:48,98.6
14655,52158,2024-01-16 13:21:00,98.12
14656,52159,2024-01-16 13:21:12,97.59
14657,52160,2024-01-16 13:21:24,97.07
14658,52161,2024-01-16 13:21:36,96.67
14659,52162,2024-01-16 13:21:48,97.15
14660,52163,2024-01-16 13:22:00,96.67
14661,52164,2024-01-16 13:22:12,95.27
14662,52165,2024-01-16 13:22:24,95.84
14663,52166,2024-01-16 13:22:36,95.44
14664,52167,2024-01-16 13:22:48,95.44
14665,52168,2024-01-16 13:23:00,94.22
14666,52169,2024-01-16 13:23:12,93.16
14667,52170,2024-01-16 13:23:24,94.09
14668,52171,2024-01-16 13:23:36,94.09
14669,52172,2024-01-16 13:23:48,92.95
14670,52173,2024-01-16 13:24:00,93.16
14671,52174,2024-01-16 13:24:12,92.16
14672,52175,2024-01-16 13:24:24,92.51
14673,52176,2024-01-16 13:24:36,92.24
14674,52177,2024-01-16 13:24:48,91.59
14675,52178,2024-01-16 13:25:00,91.32
14676,52179,2024-01-16 13:25:12,90.53
14677,52180,2024-01-16 13:25:24,90.45
14678,52181,2024-01-16 13:25:36,90.89
14679,52182,2024-01-16 13:25:48,94.44
14680,52183,2024-01-16 13:26:00,94.92
14681,52184,2024-01-16 13:26:12,93.82
14682,52185,2024-01-16 13:26:24,93.95
14683,52186,2024-01-16 13:26:36,93.78
14684,52187,2024-01-16 13:26:48,93.08
14685,52188,2024-01-16 13:27:00,92.73
14686,52189,2024-01-16 13:27:12,92.59
14687,52190,2024-01-16 13:27:24,92.2
14688,52191,2024-01-16 13:27:36,91.24
14689,52192,2024-01-16 13:27:48,91.1
14690,52193,2024-01-16 13:28:00,91.02
14691,52194,2024-01-16 13:28:12,93.91
14692,52195,2024-01-16 13:28:24,95.01
14693,52196,2024-01-16 13:28:36,93.78
14694,52197,2024-01-16 13:28:48,94.22
14695,52198,2024-01-16 13:29:00,93.08
14696,52199,2024-01-16 13:29:12,93.95
14697,52200,2024-01-16 13:29:24,93.21
14698,52201,2024-01-16 13:29:36,91.63
14699,52202,2024-01-16 13:29:48,92.24
14700,52203,2024-01-16 13:30:00,92.11
14701,52204,2024-01-16 13:30:12,92.02
14702,52205,2024-01-16 13:30:24,90.8
14703,52206,2024-01-16 13:30:36,90.84
14704,52207,2024-01-16 13:30:48,90.58
14705,52208,2024-01-16 13:31:00,94.52
14706,52209,2024-01-16 13:31:12,94.79
14707,52210,2024-01-16 13:31:24,93.47
14708,52211,2024-01-16 13:31:36,94.09
14709,52212,2024-01-16 13:31:48,92.73
14710,52213,2024-01-16 13:32:00,93.52
14711,52214,2024-01-16 13:32:12,93.08
14712,52215,2024-01-16 13:32:24,93.34
14713,52216,2024-01-16 13:32:36,93.73
14714,52217,2024-01-16 13:32:48,92.29
14715,52218,2024-01-16 13:33:00,93.16
14716,52219,2024-01-16 13:33:12,93.52
14717,52220,2024-01-16 13:33:24,92.95
14718,52221,2024-01-16 13:33:36,92.68
14719,52222,2024-01-16 13:33:48,92.46
14720,52223,2024-01-16 13:34:00,92.46
14721,52224,2024-01-16 13:34:12,91.81
14722,52225,2024-01-16 13:34:24,91.98
14723,52226,2024-01-16 13:34:36,91.1
14724,52227,2024-01-16 13:34:48,90.23
14725,52228,2024-01-16 13:35:00,92.95
14726,52229,2024-01-16 13:35:12,94.57
14727,52230,2024-01-16 13:35:24,93.47
14728,52231,2024-01-16 13:35:36,94.22
14729,52232,2024-01-16 13:35:48,93.16
14730,52233,2024-01-16 13:36:00,93.3
14731,52234,2024-01-16 13:36:12,92.2
14732,52235,2024-01-16 13:36:24,92.33
14733,52236,2024-01-16 13:36:36,91.63
14734,52237,2024-01-16 13:36:48,92.2
14735,52238,2024-01-16 13:37:00,91.02
14736,52239,2024-01-16 13:37:12,91.15
14737,52240,2024-01-16 13:37:24,94.61
14738,52241,2024-01-16 13:37:36,94.3
14739,52242,2024-01-16 13:37:48,93.82
14740,52243,2024-01-16 13:38:00,93.43
14741,52244,2024-01-16 13:38:12,93.03
14742,52245,2024-01-16 13:38:24,93.3
14743,52246,2024-01-16 13:38:36,92.51
14744,52247,2024-01-16 13:38:48,92.11
14745,52248,2024-01-16 13:39:00,92.07
14746,52249,2024-01-16 13:39:12,91.32
14747,52250,2024-01-16 13:39:24,91.06
14748,52251,2024-01-16 13:39:36,91.37
14749,52252,2024-01-16 13:39:48,92.33
14750,52253,2024-01-16 13:40:00,94.92
14751,52254,2024-01-16 13:40:12,94.04
14752,52255,2024-01-16 13:40:24,94.3
14753,52256,2024-01-16 13:40:36,93.56
14754,52257,2024-01-16 13:40:48,92.81
14755,52258,2024-01-16 13:41:00,93.43
14756,52259,2024-01-16 13:41:12,92.33
14757,52260,2024-01-16 13:41:24,91.67
14758,52261,2024-01-16 13:41:36,92.59
14759,52262,2024-01-16 13:41:48,91.5
14760,52263,2024-01-16 13:42:00,91.32
14761,52264,2024-01-16 13:42:12,92.11
14762,52265,2024-01-16 13:42:24,94.92
14763,52266,2024-01-16 13:42:36,93.38
14764,52267,2024-01-16 13:42:48,92.81
14765,52268,2024-01-16 13:43:00,92.68
14766,52269,2024-01-16 13:43:12,93.03
14767,52270,2024-01-16 13:43:24,92.11
14768,52271,2024-01-16 13:43:36,91.98
14769,52272,2024-01-16 13:43:48,91.24
14770,52273,2024-01-16 13:44:00,91.81
14771,52274,2024-01-16 13:44:12,94.7
14772,52275,2024-01-16 13:44:24,94.22
14773,52276,2024-01-16 13:44:36,93.82
14774,52277,2024-01-16 13:44:48,94.13
14775,52278,2024-01-16 13:45:00,93.08
14776,52279,2024-01-16 13:45:12,93.25
14777,52280,2024-01-16 13:45:24,92.24
14778,52281,2024-01-16 13:45:36,92.2
14779,52282,2024-01-16 13:45:48,91.85
14780,52283,2024-01-16 13:46:00,90.58
14781,52284,2024-01-16 13:46:12,94.0
14782,52285,2024-01-16 13:46:24,94.74
14783,52286,2024-01-16 13:46:36,93.73
14784,52287,2024-01-16 13:46:48,92.99
14785,52288,2024-01-16 13:47:00,93.12
14786,52289,2024-01-16 13:47:12,92.68
14787,52290,2024-01-16 13:47:24,91.41
14788,52291,2024-01-16 13:47:36,91.59
14789,52292,2024-01-16 13:47:48,92.77
14790,52293,2024-01-16 13:48:00,93.95
14791,52294,2024-01-16 13:48:12,93.78
14792,52295,2024-01-16 13:48:24,94.22
14793,52296,2024-01-16 13:48:36,93.3
14794,52297,2024-01-16 13:48:48,92.86
14795,52298,2024-01-16 13:49:00,93.21
14796,52299,2024-01-16 13:49:12,92.16
14797,52300,2024-01-16 13:49:24,92.46
14798,52301,2024-01-16 13:49:36,92.46
14799,52302,2024-01-16 13:49:48,91.46
14800,52303,2024-01-16 13:50:00,91.5
14801,52304,2024-01-16 13:50:12,91.02
14802,52305,2024-01-16 13:50:24,92.59
14803,52306,2024-01-16 13:50:36,95.01
14804,52307,2024-01-16 13:50:48,94.79
14805,52308,2024-01-16 13:51:00,94.48
14806,52309,2024-01-16 13:51:12,93.38
14807,52310,2024-01-16 13:51:24,93.65
14808,52311,2024-01-16 13:51:36,93.12
14809,52312,2024-01-16 13:51:48,92.16
14810,52313,2024-01-16 13:52:00,92.68
14811,52314,2024-01-16 13:52:12,91.98
14812,52315,2024-01-16 13:52:24,91.81
14813,52316,2024-01-16 13:52:36,90.97
14814,52317,2024-01-16 13:52:48,90.36
14815,52318,2024-01-16 13:53:00,92.29
14816,52319,2024-01-16 13:53:12,94.74
14817,52320,2024-01-16 13:53:24,93.73
14818,52321,2024-01-16 13:53:36,94.39
14819,52322,2024-01-16 13:53:48,93.25
14820,52323,2024-01-16 13:54:00,93.34
14821,52324,2024-01-16 13:54:12,92.9
14822,52325,2024-01-16 13:54:24,92.07
14823,52326,2024-01-16 13:54:36,91.85
14824,52327,2024-01-16 13:54:48,91.94
14825,52328,2024-01-16 13:55:00,91.59
14826,52329,2024-01-16 13:55:12,91.41
14827,52330,2024-01-16 13:55:24,90.53
14828,52331,2024-01-16 13:55:36,94.22
14829,52332,2024-01-16 13:55:48,94.35
14830,52333,2024-01-16 13:56:00,94.57
14831,52334,2024-01-16 13:56:12,93.21
14832,52335,2024-01-16 13:56:24,93.87
14833,52336,2024-01-16 13:56:36,93.03
14834,52337,2024-01-16 13:56:48,93.08
14835,52338,2024-01-16 13:57:00,92.38
14836,52339,2024-01-16 13:57:12,92.64
14837,52340,2024-01-16 13:57:24,91.81
14838,52341,2024-01-16 13:57:36,91.63
14839,52342,2024-01-16 13:57:48,91.41
14840,52343,2024-01-16 13:58:00,90.45
14841,52344,2024-01-16 13:58:12,94.04
14842,52345,2024-01-16 13:58:24,94.3
14843,52346,2024-01-16 13:58:36,93.34
14844,52347,2024-01-16 13:58:48,92.9
14845,52348,2024-01-16 13:59:00,93.12
14846,52349,2024-01-16 13:59:12,92.46
14847,52350,2024-01-16 13:59:24,92.68
14848,52351,2024-01-16 13:59:36,92.2
14849,52352,2024-01-16 13:59:48,91.54
14850,52353,2024-01-16 14:00:00,90.58
14851,52354,2024-01-16 14:00:12,90.71
14852,52355,2024-01-16 14:00:24,89.83
14853,52356,2024-01-16 14:00:36,92.81
14854,52357,2024-01-16 14:00:48,94.65
14855,52358,2024-01-16 14:01:00,93.73
14856,52359,2024-01-16 14:01:12,93.87
14857,52360,2024-01-16 14:01:24,93.6
14858,52361,2024-01-16 14:01:36,93.08
14859,52362,2024-01-16 14:01:48,92.77
14860,52363,2024-01-16 14:02:00,91.67
14861,52364,2024-01-16 14:02:12,91.81
14862,52365,2024-01-16 14:02:24,91.63
14863,52366,2024-01-16 14:02:36,91.02
14864,52367,2024-01-16 14:02:48,91.24
14865,52368,2024-01-16 14:03:00,90.58
14866,52369,2024-01-16 14:03:12,94.0
14867,52370,2024-01-16 14:03:24,94.7
14868,52371,2024-01-16 14:03:36,94.39
14869,52372,2024-01-16 14:03:48,94.22
14870,52373,2024-01-16 14:04:00,93.78
14871,52374,2024-01-16 14:04:12,93.12
14872,52375,2024-01-16 14:04:24,93.16
14873,52376,2024-01-16 14:04:36,92.29
14874,52377,2024-01-16 14:04:48,92.11
14875,52378,2024-01-16 14:05:00,92.77
14876,52379,2024-01-16 14:05:12,93.34
14877,52380,2024-01-16 14:05:24,92.77
14878,52381,2024-01-16 14:05:36,92.68
14879,52382,2024-01-16 14:05:48,93.34
14880,52383,2024-01-16 14:06:00,92.99
14881,52384,2024-01-16 14:06:12,93.16
14882,52385,2024-01-16 14:06:24,92.77
14883,52386,2024-01-16 14:06:36,93.16
14884,52387,2024-01-16 14:06:48,92.73
14885,52388,2024-01-16 14:07:00,93.08
14886,52389,2024-01-16 14:07:12,92.2
14887,52390,2024-01-16 14:07:24,92.51
14888,52391,2024-01-16 14:07:36,93.34
14889,52392,2024-01-16 14:07:48,92.46
14890,52393,2024-01-16 14:08:00,91.72
14891,52394,2024-01-16 14:08:12,92.16
14892,52395,2024-01-16 14:08:24,92.16
14893,52396,2024-01-16 14:08:36,91.76
14894,52397,2024-01-16 14:08:48,91.5
14895,52398,2024-01-16 14:09:00,90.93
14896,52399,2024-01-16 14:09:12,91.24
14897,52400,2024-01-16 14:09:24,94.79
14898,52401,2024-01-16 14:09:36,94.44
14899,52402,2024-01-16 14:09:48,94.57
14900,52403,2024-01-16 14:10:00,92.73
14901,52404,2024-01-16 14:10:12,93.52
14902,52405,2024-01-16 14:10:24,93.3
14903,52406,2024-01-16 14:10:36,92.68
14904,52407,2024-01-16 14:10:48,92.38
14905,52408,2024-01-16 14:11:00,91.46
14906,52409,2024-01-16 14:11:12,91.54
14907,52410,2024-01-16 14:11:24,91.41
14908,52411,2024-01-16 14:11:36,91.5
14909,52412,2024-01-16 14:11:48,92.51
14910,52413,2024-01-16 14:12:00,95.01
14911,52414,2024-01-16 14:12:12,94.22
14912,52415,2024-01-16 14:12:24,93.91
14913,52416,2024-01-16 14:12:36,93.43
14914,52417,2024-01-16 14:12:48,92.29
14915,52418,2024-01-16 14:13:00,92.86
14916,52419,2024-01-16 14:13:12,91.63
14917,52420,2024-01-16 14:13:24,92.42
14918,52421,2024-01-16 14:13:36,91.85
14919,52422,2024-01-16 14:13:48,91.06
14920,52423,2024-01-16 14:14:00,90.45
14921,52424,2024-01-16 14:14:12,93.03
14922,52425,2024-01-16 14:14:24,94.74
14923,52426,2024-01-16 14:14:36,94.04
14924,52427,2024-01-16 14:14:48,93.34
14925,52428,2024-01-16 14:15:00,93.38
14926,52429,2024-01-16 14:15:12,92.55
14927,52430,2024-01-16 14:15:24,92.77
14928,52431,2024-01-16 14:15:36,91.63
14929,52432,2024-01-16 14:15:48,92.07
14930,52433,2024-01-16 14:16:00,92.11
14931,52434,2024-01-16 14:16:12,91.41
14932,52435,2024-01-16 14:16:24,91.15
14933,52436,2024-01-16 14:16:36,90.18
14934,52437,2024-01-16 14:16:48,94.92
14935,52438,2024-01-16 14:17:00,95.01
14936,52439,2024-01-16 14:17:12,93.34
14937,52440,2024-01-16 14:17:24,93.47
14938,52441,2024-01-16 14:17:36,93.82
14939,52442,2024-01-16 14:17:48,93.52
14940,52443,2024-01-16 14:18:00,92.11
14941,52444,2024-01-16 14:18:12,92.95
14942,52445,2024-01-16 14:18:24,92.29
14943,52446,2024-01-16 14:18:36,92.16
14944,52447,2024-01-16 14:18:48,92.29
14945,52448,2024-01-16 14:19:00,91.41
14946,52449,2024-01-16 14:19:12,90.01
14947,52450,2024-01-16 14:19:24,93.03
14948,52451,2024-01-16 14:19:36,94.92
14949,52452,2024-01-16 14:19:48,93.73
14950,52453,2024-01-16 14:20:00,94.3
14951,52454,2024-01-16 14:20:12,93.69
14952,52455,2024-01-16 14:20:24,93.73
14953,52456,2024-01-16 14:20:36,92.81
14954,52457,2024-01-16 14:20:48,93.25
14955,52458,2024-01-16 14:21:00,91.94
14956,52459,2024-01-16 14:21:12,92.29
14957,52460,2024-01-16 14:21:24,91.94
14958,52461,2024-01-16 14:21:36,91.63
14959,52462,2024-01-16 14:21:48,91.5
14960,52463,2024-01-16 14:22:00,90.8
14961,52464,2024-01-16 14:22:12,94.09
14962,52465,2024-01-16 14:22:24,95.01
14963,52466,2024-01-16 14:22:36,94.35
14964,52467,2024-01-16 14:22:48,94.13
14965,52468,2024-01-16 14:23:00,93.82
14966,52469,2024-01-16 14:23:12,92.99
14967,52470,2024-01-16 14:23:24,92.24
14968,52471,2024-01-16 14:23:36,92.46
14969,52472,2024-01-16 14:23:48,92.42
14970,52473,2024-01-16 14:24:00,92.16
14971,52474,2024-01-16 14:24:12,90.97
14972,52475,2024-01-16 14:24:24,91.59
14973,52476,2024-01-16 14:24:36,92.77
14974,52477,2024-01-16 14:24:48,94.22
14975,52478,2024-01-16 14:25:00,93.73
14976,52479,2024-01-16 14:25:12,94.04
14977,52480,2024-01-16 14:25:24,93.43
14978,52481,2024-01-16 14:25:36,93.95
14979,52482,2024-01-16 14:25:48,92.55
14980,52483,2024-01-16 14:26:00,93.03
14981,52484,2024-01-16 14:26:12,92.59
14982,52485,2024-01-16 14:26:24,92.29
14983,52486,2024-01-16 14:26:36,91.67
14984,52487,2024-01-16 14:26:48,90.45
14985,52488,2024-01-16 14:27:00,90.49
14986,52489,2024-01-16 14:27:12,93.78
14987,52490,2024-01-16 14:27:24,94.39
14988,52491,2024-01-16 14:27:36,94.39
14989,52492,2024-01-16 14:27:48,94.65
14990,52493,2024-01-16 14:28:00,94.0
14991,52494,2024-01-16 14:28:12,92.73
14992,52495,2024-01-16 14:28:24,93.6
14993,52496,2024-01-16 14:28:36,92.99
14994,52497,2024-01-16 14:28:48,92.42
14995,52498,2024-01-16 14:29:00,91.94
14996,52499,2024-01-16 14:29:12,91.54
14997,52500,2024-01-16 14:29:24,91.41
14998,52501,2024-01-16 14:29:36,90.58
14999,52502,2024-01-16 14:29:48,91.02
15000,52503,2024-01-16 14:30:00,91.5
15001,52504,2024-01-16 14:30:12,92.42
15002,52505,2024-01-16 14:30:24,92.68
15003,52506,2024-01-16 14:30:36,92.55
15004,52507,2024-01-16 14:30:48,92.33
15005,52508,2024-01-16 14:31:00,93.3
15006,52509,2024-01-16 14:31:12,94.35
15007,52510,2024-01-16 14:31:24,94.52
15008,52511,2024-01-16 14:31:36,94.44
15009,52512,2024-01-16 14:31:48,95.31
15010,52513,2024-01-16 14:32:00,95.62
15011,52514,2024-01-16 14:32:12,95.18
15012,52515,2024-01-16 14:32:24,96.1
15013,52516,2024-01-16 14:32:36,96.58
15014,52517,2024-01-16 14:32:48,96.5
15015,52518,2024-01-16 14:33:00,96.45
15016,52519,2024-01-16 14:33:12,96.19
15017,52520,2024-01-16 14:33:24,97.68
15018,52521,2024-01-16 14:33:36,96.93
15019,52522,2024-01-16 14:33:48,97.5
15020,52523,2024-01-16 14:34:00,98.51
15021,52524,2024-01-16 14:34:12,98.42
15022,52525,2024-01-16 14:34:24,98.38
15023,52526,2024-01-16 14:34:36,98.82
15024,52527,2024-01-16 14:34:48,98.73
15025,52528,2024-01-16 14:35:00,100.09
15026,52529,2024-01-16 14:35:12,100.22
15027,52530,2024-01-16 14:35:24,99.48
15028,52531,2024-01-16 14:35:36,100.62
15029,52532,2024-01-16 14:35:48,100.31
15030,52533,2024-01-16 14:36:00,100.66
15031,52534,2024-01-16 14:36:12,101.14
15032,52535,2024-01-16 14:36:24,101.32
15033,52536,2024-01-16 14:36:36,101.58
15034,52537,2024-01-16 14:36:48,101.93
15035,52538,2024-01-16 14:37:00,102.28
15036,52539,2024-01-16 14:37:12,102.02
15037,52540,2024-01-16 14:37:24,102.41
15038,52541,2024-01-16 14:37:36,102.85
15039,52542,2024-01-16 14:37:48,102.46
15040,52543,2024-01-16 14:38:00,103.42
15041,52544,2024-01-16 14:38:12,103.2
15042,52545,2024-01-16 14:38:24,104.08
15043,52546,2024-01-16 14:38:36,103.77
15044,52547,2024-01-16 14:38:48,104.21
15045,52548,2024-01-16 14:39:00,104.69
15046,52549,2024-01-16 14:39:12,105.0
15047,52550,2024-01-16 14:39:24,104.08
15048,52551,2024-01-16 14:39:36,104.43
15049,52552,2024-01-16 14:39:48,105.09
15050,52553,2024-01-16 14:40:00,104.74
15051,52554,2024-01-16 14:40:12,105.57
15052,52555,2024-01-16 14:40:24,106.27
15053,52556,2024-01-16 14:40:36,105.92
15054,52557,2024-01-16 14:40:48,105.66
15055,52558,2024-01-16 14:41:00,106.49
15056,52559,2024-01-16 14:41:12,105.96
15057,52560,2024-01-16 14:41:24,106.23
15058,52561,2024-01-16 14:41:36,107.02
15059,52562,2024-01-16 14:41:48,107.28
15060,52563,2024-01-16 14:42:00,108.42
15061,52564,2024-01-16 14:42:12,107.94
15062,52565,2024-01-16 14:42:24,108.37
15063,52566,2024-01-16 14:42:36,108.37
15064,52567,2024-01-16 14:42:48,108.16
15065,52568,2024-01-16 14:43:00,108.33
15066,52569,2024-01-16 14:43:12,108.24
15067,52570,2024-01-16 14:43:24,109.3
15068,52571,2024-01-16 14:43:36,108.46
15069,52572,2024-01-16 14:43:48,109.47
15070,52573,2024-01-16 14:44:00,108.16
15071,52574,2024-01-16 14:44:12,109.73
15072,52575,2024-01-16 14:44:24,109.65
15073,52576,2024-01-16 14:44:36,110.35
15074,52577,2024-01-16 14:44:48,109.91
15075,52578,2024-01-16 14:45:00,110.26
15076,52579,2024-01-16 14:45:12,111.09
15077,52580,2024-01-16 14:45:24,110.83
15078,52581,2024-01-16 14:45:36,111.05
15079,52582,2024-01-16 14:45:48,111.84
15080,52583,2024-01-16 14:46:00,111.27
15081,52584,2024-01-16 14:46:12,111.57
15082,52585,2024-01-16 14:46:24,111.09
15083,52586,2024-01-16 14:46:36,112.32
15084,52587,2024-01-16 14:46:48,112.28
15085,52588,2024-01-16 14:47:00,112.71
15086,52589,2024-01-16 14:47:12,112.89
15087,52590,2024-01-16 14:47:24,112.93
15088,52591,2024-01-16 14:47:36,112.63
15089,52592,2024-01-16 14:47:48,112.67
15090,52593,2024-01-16 14:48:00,112.8
15091,52594,2024-01-16 14:48:12,113.2
15092,52595,2024-01-16 14:48:24,113.02
15093,52596,2024-01-16 14:48:36,112.85
15094,52597,2024-01-16 14:48:48,112.1
15095,52598,2024-01-16 14:49:00,111.4
15096,52599,2024-01-16 14:49:12,111.4
15097,52600,2024-01-16 14:49:24,110.3
15098,52601,2024-01-16 14:49:36,110.0
15099,52602,2024-01-16 14:49:48,109.73
15100,52603,2024-01-16 14:50:00,108.99
15101,52604,2024-01-16 14:50:12,108.07
15102,52605,2024-01-16 14:50:24,108.07
15103,52606,2024-01-16 14:50:36,108.02
15104,52607,2024-01-16 14:50:48,107.37
15105,52608,2024-01-16 14:51:00,106.36
15106,52609,2024-01-16 14:51:12,105.83
15107,52610,2024-01-16 14:51:24,105.79
15108,52611,2024-01-16 14:51:36,105.53
15109,52612,2024-01-16 14:51:48,105.35
15110,52613,2024-01-16 14:52:00,104.82
15111,52614,2024-01-16 14:52:12,104.47
15112,52615,2024-01-16 14:52:24,103.51
15113,52616,2024-01-16 14:52:36,103.51
15114,52617,2024-01-16 14:52:48,102.37
15115,52618,2024-01-16 14:53:00,102.63
15116,52619,2024-01-16 14:53:12,102.37
15117,52620,2024-01-16 14:53:24,101.36
15118,52621,2024-01-16 14:53:36,100.97
15119,52622,2024-01-16 14:53:48,101.01
15120,52623,2024-01-16 14:54:00,101.23
15121,52624,2024-01-16 14:54:12,99.91
15122,52625,2024-01-16 14:54:24,100.53
15123,52626,2024-01-16 14:54:36,99.17
15124,52627,2024-01-16 14:54:48,100.0
15125,52628,2024-01-16 14:55:00,99.13
15126,52629,2024-01-16 14:55:12,98.91
15127,52630,2024-01-16 14:55:24,98.82
15128,52631,2024-01-16 14:55:36,98.07
15129,52632,2024-01-16 14:55:48,97.07
15130,52633,2024-01-16 14:56:00,96.72
15131,52634,2024-01-16 14:56:12,97.37
15132,52635,2024-01-16 14:56:24,96.93
15133,52636,2024-01-16 14:56:36,97.24
15134,52637,2024-01-16 14:56:48,96.06
15135,52638,2024-01-16 14:57:00,95.93
15136,52639,2024-01-16 14:57:12,94.92
15137,52640,2024-01-16 14:57:24,94.96
15138,52641,2024-01-16 14:57:36,95.44
15139,52642,2024-01-16 14:57:48,94.92
15140,52643,2024-01-16 14:58:00,95.01
15141,52644,2024-01-16 14:58:12,94.39
15142,52645,2024-01-16 14:58:24,94.44
15143,52646,2024-01-16 14:58:36,94.04
15144,52647,2024-01-16 14:58:48,92.95
15145,52648,2024-01-16 14:59:00,94.09
15146,52649,2024-01-16 14:59:12,92.9
15147,52650,2024-01-16 14:59:24,94.39
15148,52651,2024-01-16 14:59:36,93.52
15149,52652,2024-01-16 14:59:48,93.43
15150,52653,2024-01-16 15:00:00,93.38
15151,52654,2024-01-16 15:00:12,93.56
15152,52655,2024-01-16 15:00:24,93.12
15153,52656,2024-01-16 15:00:36,92.73
15154,52657,2024-01-16 15:00:48,93.03
15155,52658,2024-01-16 15:01:00,92.33
15156,52659,2024-01-16 15:01:12,92.07
15157,52660,2024-01-16 15:01:24,91.81
15158,52661,2024-01-16 15:01:36,91.72
15159,52662,2024-01-16 15:01:48,90.97
15160,52663,2024-01-16 15:02:00,91.41
15161,52664,2024-01-16 15:02:12,90.89
15162,52665,2024-01-16 15:02:24,94.39
15163,52666,2024-01-16 15:02:36,94.74
15164,52667,2024-01-16 15:02:48,94.44
15165,52668,2024-01-16 15:03:00,94.13
15166,52669,2024-01-16 15:03:12,94.26
15167,52670,2024-01-16 15:03:24,93.03
15168,52671,2024-01-16 15:03:36,93.08
15169,52672,2024-01-16 15:03:48,92.42
15170,52673,2024-01-16 15:04:00,92.2
15171,52674,2024-01-16 15:04:12,92.07
15172,52675,2024-01-16 15:04:24,92.07
15173,52676,2024-01-16 15:04:36,91.06
15174,52677,2024-01-16 15:04:48,91.15
15175,52678,2024-01-16 15:05:00,92.51
15176,52679,2024-01-16 15:05:12,95.44
15177,52680,2024-01-16 15:05:24,94.3
15178,52681,2024-01-16 15:05:36,94.3
15179,52682,2024-01-16 15:05:48,93.87
15180,52683,2024-01-16 15:06:00,93.82
15181,52684,2024-01-16 15:06:12,92.59
15182,52685,2024-01-16 15:06:24,92.33
15183,52686,2024-01-16 15:06:36,92.02
15184,52687,2024-01-16 15:06:48,92.33
15185,52688,2024-01-16 15:07:00,92.07
15186,52689,2024-01-16 15:07:12,91.37
15187,52690,2024-01-16 15:07:24,90.71
15188,52691,2024-01-16 15:07:36,91.37
15189,52692,2024-01-16 15:07:48,95.05
15190,52693,2024-01-16 15:08:00,94.74
15191,52694,2024-01-16 15:08:12,93.78
15192,52695,2024-01-16 15:08:24,93.87
15193,52696,2024-01-16 15:08:36,92.42
15194,52697,2024-01-16 15:08:48,92.33
15195,52698,2024-01-16 15:09:00,92.29
15196,52699,2024-01-16 15:09:12,92.33
15197,52700,2024-01-16 15:09:24,91.98
15198,52701,2024-01-16 15:09:36,91.94
15199,52702,2024-01-16 15:09:48,91.46
15200,52703,2024-01-16 15:10:00,91.41
15201,52704,2024-01-16 15:10:12,93.3
15202,52705,2024-01-16 15:10:24,94.74
15203,52706,2024-01-16 15:10:36,94.57
15204,52707,2024-01-16 15:10:48,93.73
15205,52708,2024-01-16 15:11:00,93.73
15206,52709,2024-01-16 15:11:12,92.33
15207,52710,2024-01-16 15:11:24,92.68
15208,52711,2024-01-16 15:11:36,92.33
15209,52712,2024-01-16 15:11:48,92.33
15210,52713,2024-01-16 15:12:00,92.2
15211,52714,2024-01-16 15:12:12,91.89
15212,52715,2024-01-16 15:12:24,91.46
15213,52716,2024-01-16 15:12:36,91.54
15214,52717,2024-01-16 15:12:48,95.36
15215,52718,2024-01-16 15:13:00,94.13
15216,52719,2024-01-16 15:13:12,93.34
15217,52720,2024-01-16 15:13:24,93.16
15218,52721,2024-01-16 15:13:36,93.6
15219,52722,2024-01-16 15:13:48,92.95
15220,52723,2024-01-16 15:14:00,92.81
15221,52724,2024-01-16 15:14:12,91.89
15222,52725,2024-01-16 15:14:24,91.85
15223,52726,2024-01-16 15:14:36,91.63
15224,52727,2024-01-16 15:14:48,90.89
15225,52728,2024-01-16 15:15:00,90.45
15226,52729,2024-01-16 15:15:12,92.64
15227,52730,2024-01-16 15:15:24,94.7
15228,52731,2024-01-16 15:15:36,93.52
15229,52732,2024-01-16 15:15:48,93.73
15230,52733,2024-01-16 15:16:00,93.47
15231,52734,2024-01-16 15:16:12,92.99
15232,52735,2024-01-16 15:16:24,91.81
15233,52736,2024-01-16 15:16:36,92.16
15234,52737,2024-01-16 15:16:48,91.63
15235,52738,2024-01-16 15:17:00,91.15
15236,52739,2024-01-16 15:17:12,90.89
15237,52740,2024-01-16 15:17:24,94.39
15238,52741,2024-01-16 15:17:36,95.14
15239,52742,2024-01-16 15:17:48,94.52
15240,52743,2024-01-16 15:18:00,94.35
15241,52744,2024-01-16 15:18:12,92.95
15242,52745,2024-01-16 15:18:24,92.68
15243,52746,2024-01-16 15:18:36,92.99
15244,52747,2024-01-16 15:18:48,91.98
15245,52748,2024-01-16 15:19:00,92.55
15246,52749,2024-01-16 15:19:12,92.29
15247,52750,2024-01-16 15:19:24,91.28
15248,52751,2024-01-16 15:19:36,90.8
15249,52752,2024-01-16 15:19:48,90.62
15250,52753,2024-01-16 15:20:00,90.8
15251,52754,2024-01-16 15:20:12,94.65
15252,52755,2024-01-16 15:20:24,94.3
15253,52756,2024-01-16 15:20:36,93.78
15254,52757,2024-01-16 15:20:48,94.3
15255,52758,2024-01-16 15:21:00,93.43
15256,52759,2024-01-16 15:21:12,93.52
15257,52760,2024-01-16 15:21:24,92.99
15258,52761,2024-01-16 15:21:36,92.59
15259,52762,2024-01-16 15:21:48,92.11
15260,52763,2024-01-16 15:22:00,91.98
15261,52764,2024-01-16 15:22:12,91.63
15262,52765,2024-01-16 15:22:24,91.5
15263,52766,2024-01-16 15:22:36,90.4
15264,52767,2024-01-16 15:22:48,92.9
15265,52768,2024-01-16 15:23:00,95.05
15266,52769,2024-01-16 15:23:12,94.3
15267,52770,2024-01-16 15:23:24,93.87
15268,52771,2024-01-16 15:23:36,93.78
15269,52772,2024-01-16 15:23:48,93.25
15270,52773,2024-01-16 15:24:00,92.16
15271,52774,2024-01-16 15:24:12,92.9
15272,52775,2024-01-16 15:24:24,92.11
15273,52776,2024-01-16 15:24:36,91.5
15274,52777,2024-01-16 15:24:48,92.2
15275,52778,2024-01-16 15:25:00,91.94
15276,52779,2024-01-16 15:25:12,91.46
15277,52780,2024-01-16 15:25:24,91.06
15278,52781,2024-01-16 15:25:36,94.3
15279,52782,2024-01-16 15:25:48,94.87
15280,52783,2024-01-16 15:26:00,94.79
15281,52784,2024-01-16 15:26:12,93.69
15282,52785,2024-01-16 15:26:24,93.65
15283,52786,2024-01-16 15:26:36,93.16
15284,52787,2024-01-16 15:26:48,92.99
15285,52788,2024-01-16 15:27:00,91.94
15286,52789,2024-01-16 15:27:12,91.94
15287,52790,2024-01-16 15:27:24,92.11
15288,52791,2024-01-16 15:27:36,91.06
15289,52792,2024-01-16 15:27:48,91.06
15290,52793,2024-01-16 15:28:00,91.41
15291,52794,2024-01-16 15:28:12,94.13
15292,52795,2024-01-16 15:28:24,94.7
15293,52796,2024-01-16 15:28:36,94.04
15294,52797,2024-01-16 15:28:48,93.73
15295,52798,2024-01-16 15:29:00,93.82
15296,52799,2024-01-16 15:29:12,92.81
15297,52800,2024-01-16 15:29:24,92.95
15298,52801,2024-01-16 15:29:36,92.64
15299,52802,2024-01-16 15:29:48,91.59
15300,52803,2024-01-16 15:30:00,91.37
15301,52804,2024-01-16 15:30:12,91.02
15302,52805,2024-01-16 15:30:24,90.36
15303,52806,2024-01-16 15:30:36,90.75
15304,52807,2024-01-16 15:30:48,92.9
15305,52808,2024-01-16 15:31:00,94.74
15306,52809,2024-01-16 15:31:12,94.61
15307,52810,2024-01-16 15:31:24,93.6
15308,52811,2024-01-16 15:31:36,94.39
15309,52812,2024-01-16 15:31:48,94.3
15310,52813,2024-01-16 15:32:00,93.69
15311,52814,2024-01-16 15:32:12,93.82
15312,52815,2024-01-16 15:32:24,93.16
15313,52816,2024-01-16 15:32:36,93.91
15314,52817,2024-01-16 15:32:48,93.78
15315,52818,2024-01-16 15:33:00,92.77
15316,52819,2024-01-16 15:33:12,93.52
15317,52820,2024-01-16 15:33:24,93.52
15318,52821,2024-01-16 15:33:36,93.69
15319,52822,2024-01-16 15:33:48,93.21
15320,52823,2024-01-16 15:34:00,93.08
15321,52824,2024-01-16 15:34:12,92.07
15322,52825,2024-01-16 15:34:24,91.94
15323,52826,2024-01-16 15:34:36,92.11
15324,52827,2024-01-16 15:34:48,91.06
15325,52828,2024-01-16 15:35:00,90.97
15326,52829,2024-01-16 15:35:12,90.1
15327,52830,2024-01-16 15:35:24,94.44
15328,52831,2024-01-16 15:35:36,93.95
15329,52832,2024-01-16 15:35:48,94.57
15330,52833,2024-01-16 15:36:00,94.04
15331,52834,2024-01-16 15:36:12,93.3
15332,52835,2024-01-16 15:36:24,93.38
15333,52836,2024-01-16 15:36:36,92.33
15334,52837,2024-01-16 15:36:48,91.63
15335,52838,2024-01-16 15:37:00,91.98
15336,52839,2024-01-16 15:37:12,92.24
15337,52840,2024-01-16 15:37:24,91.15
15338,52841,2024-01-16 15:37:36,91.32
15339,52842,2024-01-16 15:37:48,90.53
15340,52843,2024-01-16 15:38:00,94.74
15341,52844,2024-01-16 15:38:12,94.09
15342,52845,2024-01-16 15:38:24,94.17
15343,52846,2024-01-16 15:38:36,93.95
15344,52847,2024-01-16 15:38:48,92.46
15345,52848,2024-01-16 15:39:00,92.81
15346,52849,2024-01-16 15:39:12,91.94
15347,52850,2024-01-16 15:39:24,91.76
15348,52851,2024-01-16 15:39:36,91.32
15349,52852,2024-01-16 15:39:48,91.81
15350,52853,2024-01-16 15:40:00,90.45
15351,52854,2024-01-16 15:40:12,90.71
15352,52855,2024-01-16 15:40:24,94.39
15353,52856,2024-01-16 15:40:36,94.7
15354,52857,2024-01-16 15:40:48,93.3
15355,52858,2024-01-16 15:41:00,94.04
15356,52859,2024-01-16 15:41:12,93.16
15357,52860,2024-01-16 15:41:24,92.99
15358,52861,2024-01-16 15:41:36,92.68
15359,52862,2024-01-16 15:41:48,92.81
15360,52863,2024-01-16 15:42:00,91.89
15361,52864,2024-01-16 15:42:12,91.67
15362,52865,2024-01-16 15:42:24,91.41
15363,52866,2024-01-16 15:42:36,90.71
15364,52867,2024-01-16 15:42:48,90.89
15365,52868,2024-01-16 15:43:00,94.22
15366,52869,2024-01-16 15:43:12,93.69
15367,52870,2024-01-16 15:43:24,94.48
15368,52871,2024-01-16 15:43:36,94.22
15369,52872,2024-01-16 15:43:48,93.6
15370,52873,2024-01-16 15:44:00,92.38
15371,52874,2024-01-16 15:44:12,92.81
15372,52875,2024-01-16 15:44:24,92.11
15373,52876,2024-01-16 15:44:36,91.85
15374,52877,2024-01-16 15:44:48,91.41
15375,52878,2024-01-16 15:45:00,90.75
15376,52879,2024-01-16 15:45:12,91.32
15377,52880,2024-01-16 15:45:24,94.39
15378,52881,2024-01-16 15:45:36,94.65
15379,52882,2024-01-16 15:45:48,93.6
15380,52883,2024-01-16 15:46:00,93.21
15381,52884,2024-01-16 15:46:12,93.21
15382,52885,2024-01-16 15:46:24,93.38
15383,52886,2024-01-16 15:46:36,92.2
15384,52887,2024-01-16 15:46:48,92.59
15385,52888,2024-01-16 15:47:00,91.67
15386,52889,2024-01-16 15:47:12,91.63
15387,52890,2024-01-16 15:47:24,90.45
15388,52891,2024-01-16 15:47:36,91.24
15389,52892,2024-01-16 15:47:48,92.77
15390,52893,2024-01-16 15:48:00,94.92
15391,52894,2024-01-16 15:48:12,94.7
15392,52895,2024-01-16 15:48:24,93.08
15393,52896,2024-01-16 15:48:36,93.82
15394,52897,2024-01-16 15:48:48,93.6
15395,52898,2024-01-16 15:49:00,92.33
15396,52899,2024-01-16 15:49:12,92.68
15397,52900,2024-01-16 15:49:24,92.29
15398,52901,2024-01-16 15:49:36,91.94
15399,52902,2024-01-16 15:49:48,91.24
15400,52903,2024-01-16 15:50:00,91.32
15401,52904,2024-01-16 15:50:12,91.19
15402,52905,2024-01-16 15:50:24,92.95
15403,52906,2024-01-16 15:50:36,94.39
15404,52907,2024-01-16 15:50:48,94.79
15405,52908,2024-01-16 15:51:00,94.26
15406,52909,2024-01-16 15:51:12,93.69
15407,52910,2024-01-16 15:51:24,93.56
15408,52911,2024-01-16 15:51:36,92.55
15409,52912,2024-01-16 15:51:48,92.86
15410,52913,2024-01-16 15:52:00,91.94
15411,52914,2024-01-16 15:52:12,91.72
15412,52915,2024-01-16 15:52:24,91.06
15413,52916,2024-01-16 15:52:36,91.28
15414,52917,2024-01-16 15:52:48,93.25
15415,52918,2024-01-16 15:53:00,94.83
15416,52919,2024-01-16 15:53:12,93.87
15417,52920,2024-01-16 15:53:24,93.6
15418,52921,2024-01-16 15:53:36,93.52
15419,52922,2024-01-16 15:53:48,93.3
15420,52923,2024-01-16 15:54:00,92.16
15421,52924,2024-01-16 15:54:12,92.42
15422,52925,2024-01-16 15:54:24,92.51
15423,52926,2024-01-16 15:54:36,91.37
15424,52927,2024-01-16 15:54:48,90.89
15425,52928,2024-01-16 15:55:00,91.5
15426,52929,2024-01-16 15:55:12,93.6
15427,52930,2024-01-16 15:55:24,94.87
15428,52931,2024-01-16 15:55:36,93.73
15429,52932,2024-01-16 15:55:48,93.6
15430,52933,2024-01-16 15:56:00,94.0
15431,52934,2024-01-16 15:56:12,93.25
15432,52935,2024-01-16 15:56:24,92.99
15433,52936,2024-01-16 15:56:36,92.64
15434,52937,2024-01-16 15:56:48,92.33
15435,52938,2024-01-16 15:57:00,91.67
15436,52939,2024-01-16 15:57:12,90.89
15437,52940,2024-01-16 15:57:24,91.46
15438,52941,2024-01-16 15:57:36,92.9
15439,52942,2024-01-16 15:57:48,94.48
15440,52943,2024-01-16 15:58:00,94.74
15441,52944,2024-01-16 15:58:12,93.69
15442,52945,2024-01-16 15:58:24,93.16
15443,52946,2024-01-16 15:58:36,93.52
15444,52947,2024-01-16 15:58:48,93.25
15445,52948,2024-01-16 15:59:00,92.2
15446,52949,2024-01-16 15:59:12,92.11
15447,52950,2024-01-16 15:59:24,91.85
15448,52951,2024-01-16 15:59:36,91.94
15449,52952,2024-01-16 15:59:48,91.76
15450,57153,2024-01-17 06:00:00,98.78
15451,57154,2024-01-17 06:00:12,99.26
15452,57155,2024-01-17 06:00:24,99.7
15453,57156,2024-01-17 06:00:36,99.56
15454,57157,2024-01-17 06:00:48,99.83
15455,57158,2024-01-17 06:01:00,100.05
15456,57159,2024-01-17 06:01:12,100.13
15457,57160,2024-01-17 06:01:24,100.31
15458,57161,2024-01-17 06:01:36,99.56
15459,57162,2024-01-17 06:01:48,100.22
15460,57163,2024-01-17 06:02:00,100.35
15461,57164,2024-01-17 06:02:12,100.31
15462,57165,2024-01-17 06:02:24,101.45
15463,57166,2024-01-17 06:02:36,100.35
15464,57167,2024-01-17 06:02:48,101.23
15465,57168,2024-01-17 06:03:00,100.84
15466,57169,2024-01-17 06:03:12,100.27
15467,57170,2024-01-17 06:03:24,100.22
15468,57171,2024-01-17 06:03:36,98.91
15469,57172,2024-01-17 06:03:48,99.39
15470,57173,2024-01-17 06:04:00,99.13
15471,57174,2024-01-17 06:04:12,98.47
15472,57175,2024-01-17 06:04:24,98.56
15473,57176,2024-01-17 06:04:36,97.55
15474,57177,2024-01-17 06:04:48,98.12
15475,57178,2024-01-17 06:05:00,96.93
15476,57179,2024-01-17 06:05:12,96.76
15477,57180,2024-01-17 06:05:24,96.58
15478,57181,2024-01-17 06:05:36,95.66
15479,57182,2024-01-17 06:05:48,95.22
15480,57183,2024-01-17 06:06:00,95.27
15481,57184,2024-01-17 06:06:12,94.65
15482,57185,2024-01-17 06:06:24,93.78
15483,57186,2024-01-17 06:06:36,94.52
15484,57187,2024-01-17 06:06:48,92.99
15485,57188,2024-01-17 06:07:00,93.52
15486,57189,2024-01-17 06:07:12,92.77
15487,57190,2024-01-17 06:07:24,93.91
15488,57191,2024-01-17 06:07:36,93.56
15489,57192,2024-01-17 06:07:48,93.34
15490,57193,2024-01-17 06:08:00,93.21
15491,57194,2024-01-17 06:08:12,92.86
15492,57195,2024-01-17 06:08:24,92.51
15493,57196,2024-01-17 06:08:36,91.59
15494,57197,2024-01-17 06:08:48,91.59
15495,57198,2024-01-17 06:09:00,91.1
15496,57199,2024-01-17 06:09:12,91.24
15497,57200,2024-01-17 06:09:24,92.64
15498,57201,2024-01-17 06:09:36,93.87
15499,57202,2024-01-17 06:09:48,94.79
15500,57203,2024-01-17 06:10:00,93.52
15501,57204,2024-01-17 06:10:12,93.21
15502,57205,2024-01-17 06:10:24,93.38
15503,57206,2024-01-17 06:10:36,93.21
15504,57207,2024-01-17 06:10:48,91.63
15505,57208,2024-01-17 06:11:00,92.02
15506,57209,2024-01-17 06:11:12,91.98
15507,57210,2024-01-17 06:11:24,91.89
15508,57211,2024-01-17 06:11:36,90.49
15509,57212,2024-01-17 06:11:48,92.86
15510,57213,2024-01-17 06:12:00,95.27
15511,57214,2024-01-17 06:12:12,94.35
15512,57215,2024-01-17 06:12:24,94.22
15513,57216,2024-01-17 06:12:36,93.82
15514,57217,2024-01-17 06:12:48,93.82
15515,57218,2024-01-17 06:13:00,92.81
15516,57219,2024-01-17 06:13:12,91.94
15517,57220,2024-01-17 06:13:24,92.2
15518,57221,2024-01-17 06:13:36,91.19
15519,57222,2024-01-17 06:13:48,91.59
15520,57223,2024-01-17 06:14:00,91.46
15521,57224,2024-01-17 06:14:12,93.47
15522,57225,2024-01-17 06:14:24,95.4
15523,57226,2024-01-17 06:14:36,94.09
15524,57227,2024-01-17 06:14:48,93.34
15525,57228,2024-01-17 06:15:00,93.52
15526,57229,2024-01-17 06:15:12,92.99
15527,57230,2024-01-17 06:15:24,92.59
15528,57231,2024-01-17 06:15:36,92.33
15529,57232,2024-01-17 06:15:48,91.98
15530,57233,2024-01-17 06:16:00,91.15
15531,57234,2024-01-17 06:16:12,91.02
15532,57235,2024-01-17 06:16:24,90.58
15533,57236,2024-01-17 06:16:36,94.92
15534,57237,2024-01-17 06:16:48,94.92
15535,57238,2024-01-17 06:17:00,94.61
15536,57239,2024-01-17 06:17:12,93.78
15537,57240,2024-01-17 06:17:24,93.6
15538,57241,2024-01-17 06:17:36,93.25
15539,57242,2024-01-17 06:17:48,92.64
15540,57243,2024-01-17 06:18:00,92.2
15541,57244,2024-01-17 06:18:12,91.28
15542,57245,2024-01-17 06:18:24,91.63
15543,57246,2024-01-17 06:18:36,91.54
15544,57247,2024-01-17 06:18:48,95.4
15545,57248,2024-01-17 06:19:00,94.79
15546,57249,2024-01-17 06:19:12,94.09
15547,57250,2024-01-17 06:19:24,93.87
15548,57251,2024-01-17 06:19:36,93.38
15549,57252,2024-01-17 06:19:48,93.03
15550,57253,2024-01-17 06:20:00,92.29
15551,57254,2024-01-17 06:20:12,92.59
15552,57255,2024-01-17 06:20:24,91.24
15553,57256,2024-01-17 06:20:36,91.81
15554,57257,2024-01-17 06:20:48,91.24
15555,57258,2024-01-17 06:21:00,92.16
15556,57259,2024-01-17 06:21:12,95.27
15557,57260,2024-01-17 06:21:24,94.3
15558,57261,2024-01-17 06:21:36,93.6
15559,57262,2024-01-17 06:21:48,93.73
15560,57263,2024-01-17 06:22:00,93.03
15561,57264,2024-01-17 06:22:12,92.77
15562,57265,2024-01-17 06:22:24,92.68
15563,57266,2024-01-17 06:22:36,92.51
15564,57267,2024-01-17 06:22:48,91.5
15565,57268,2024-01-17 06:23:00,91.76
15566,57269,2024-01-17 06:23:12,91.41
15567,57270,2024-01-17 06:23:24,93.56
15568,57271,2024-01-17 06:23:36,94.57
15569,57272,2024-01-17 06:23:48,94.44
15570,57273,2024-01-17 06:24:00,94.09
15571,57274,2024-01-17 06:24:12,93.6
15572,57275,2024-01-17 06:24:24,93.21
15573,57276,2024-01-17 06:24:36,92.81
15574,57277,2024-01-17 06:24:48,92.29
15575,57278,2024-01-17 06:25:00,91.28
15576,57279,2024-01-17 06:25:12,91.02
15577,57280,2024-01-17 06:25:24,91.24
15578,57281,2024-01-17 06:25:36,91.24
15579,57282,2024-01-17 06:25:48,94.3
15580,57283,2024-01-17 06:26:00,94.04
15581,57284,2024-01-17 06:26:12,95.09
15582,57285,2024-01-17 06:26:24,94.26
15583,57286,2024-01-17 06:26:36,94.22
15584,57287,2024-01-17 06:26:48,94.22
15585,57288,2024-01-17 06:27:00,94.22
15586,57289,2024-01-17 06:27:12,93.95
15587,57290,2024-01-17 06:27:24,93.38
15588,57291,2024-01-17 06:27:36,92.02
15589,57292,2024-01-17 06:27:48,91.81
15590,57293,2024-01-17 06:28:00,92.46
15591,57294,2024-01-17 06:28:12,91.5
15592,57295,2024-01-17 06:28:24,91.32
15593,57296,2024-01-17 06:28:36,92.29
15594,57297,2024-01-17 06:28:48,94.74
15595,57298,2024-01-17 06:29:00,94.7
15596,57299,2024-01-17 06:29:12,93.65
15597,57300,2024-01-17 06:29:24,93.87
15598,57301,2024-01-17 06:29:36,93.87
15599,57302,2024-01-17 06:29:48,92.81
15600,57303,2024-01-17 06:30:00,92.51
15601,57304,2024-01-17 06:30:12,92.02
15602,57305,2024-01-17 06:30:24,91.76
15603,57306,2024-01-17 06:30:36,91.46
15604,57307,2024-01-17 06:30:48,91.06
15605,57308,2024-01-17 06:31:00,92.81
15606,57309,2024-01-17 06:31:12,95.44
15607,57310,2024-01-17 06:31:24,94.79
15608,57311,2024-01-17 06:31:36,93.47
15609,57312,2024-01-17 06:31:48,94.09
15610,57313,2024-01-17 06:32:00,92.9
15611,57314,2024-01-17 06:32:12,92.07
15612,57315,2024-01-17 06:32:24,92.81
15613,57316,2024-01-17 06:32:36,92.38
15614,57317,2024-01-17 06:32:48,91.46
15615,57318,2024-01-17 06:33:00,91.1
15616,57319,2024-01-17 06:33:12,91.06
15617,57320,2024-01-17 06:33:24,91.54
15618,57321,2024-01-17 06:33:36,95.09
15619,57322,2024-01-17 06:33:48,94.92
15620,57323,2024-01-17 06:34:00,94.26
15621,57324,2024-01-17 06:34:12,93.52
15622,57325,2024-01-17 06:34:24,93.25
15623,57326,2024-01-17 06:34:36,92.33
15624,57327,2024-01-17 06:34:48,92.81
15625,57328,2024-01-17 06:35:00,92.33
15626,57329,2024-01-17 06:35:12,92.07
15627,57330,2024-01-17 06:35:24,91.19
15628,57331,2024-01-17 06:35:36,91.24
15629,57332,2024-01-17 06:35:48,93.34
15630,57333,2024-01-17 06:36:00,94.0
15631,57334,2024-01-17 06:36:12,94.35
15632,57335,2024-01-17 06:36:24,93.34
15633,57336,2024-01-17 06:36:36,92.55
15634,57337,2024-01-17 06:36:48,92.46
15635,57338,2024-01-17 06:37:00,92.51
15636,57339,2024-01-17 06:37:12,92.11
15637,57340,2024-01-17 06:37:24,91.94
15638,57341,2024-01-17 06:37:36,91.24
15639,57342,2024-01-17 06:37:48,90.97
15640,57343,2024-01-17 06:38:00,93.73
15641,57344,2024-01-17 06:38:12,94.57
15642,57345,2024-01-17 06:38:24,94.57
15643,57346,2024-01-17 06:38:36,93.82
15644,57347,2024-01-17 06:38:48,93.87
15645,57348,2024-01-17 06:39:00,93.16
15646,57349,2024-01-17 06:39:12,92.33
15647,57350,2024-01-17 06:39:24,92.64
15648,57351,2024-01-17 06:39:36,91.5
15649,57352,2024-01-17 06:39:48,91.81
15650,57353,2024-01-17 06:40:00,91.24
15651,57354,2024-01-17 06:40:12,91.24
15652,57355,2024-01-17 06:40:24,94.04
15653,57356,2024-01-17 06:40:36,94.96
15654,57357,2024-01-17 06:40:48,93.6
15655,57358,2024-01-17 06:41:00,94.26
15656,57359,2024-01-17 06:41:12,93.08
15657,57360,2024-01-17 06:41:24,93.25
15658,57361,2024-01-17 06:41:36,91.98
15659,57362,2024-01-17 06:41:48,91.89
15660,57363,2024-01-17 06:42:00,92.16
15661,57364,2024-01-17 06:42:12,91.37
15662,57365,2024-01-17 06:42:24,90.93
15663,57366,2024-01-17 06:42:36,91.98
15664,57367,2024-01-17 06:42:48,95.49
15665,57368,2024-01-17 06:43:00,94.61
15666,57369,2024-01-17 06:43:12,94.26
15667,57370,2024-01-17 06:43:24,94.04
15668,57371,2024-01-17 06:43:36,93.38
15669,57372,2024-01-17 06:43:48,92.68
15670,57373,2024-01-17 06:44:00,92.81
15671,57374,2024-01-17 06:44:12,91.63
15672,57375,2024-01-17 06:44:24,91.06
15673,57376,2024-01-17 06:44:36,91.76
15674,57377,2024-01-17 06:44:48,92.2
15675,57378,2024-01-17 06:45:00,92.11
15676,57379,2024-01-17 06:45:12,91.94
15677,57380,2024-01-17 06:45:24,91.15
15678,57381,2024-01-17 06:45:36,91.81
15679,57382,2024-01-17 06:45:48,91.85
15680,57383,2024-01-17 06:46:00,91.32
15681,57384,2024-01-17 06:46:12,90.93
15682,57385,2024-01-17 06:46:24,92.11
15683,57386,2024-01-17 06:46:36,95.14
15684,57387,2024-01-17 06:46:48,94.26
15685,57388,2024-01-17 06:47:00,94.61
15686,57389,2024-01-17 06:47:12,94.04
15687,57390,2024-01-17 06:47:24,93.43
15688,57391,2024-01-17 06:47:36,93.25
15689,57392,2024-01-17 06:47:48,92.2
15690,57393,2024-01-17 06:48:00,91.89
15691,57394,2024-01-17 06:48:12,91.89
15692,57395,2024-01-17 06:48:24,91.32
15693,57396,2024-01-17 06:48:36,91.59
15694,57397,2024-01-17 06:48:48,91.06
15695,57398,2024-01-17 06:49:00,95.01
15696,57399,2024-01-17 06:49:12,94.92
15697,57400,2024-01-17 06:49:24,94.65
15698,57401,2024-01-17 06:49:36,94.57
15699,57402,2024-01-17 06:49:48,93.56
15700,57403,2024-01-17 06:50:00,94.7
15701,57404,2024-01-17 06:50:12,94.17
15702,57405,2024-01-17 06:50:24,95.31
15703,57406,2024-01-17 06:50:36,95.27
15704,57407,2024-01-17 06:50:48,95.36
15705,57408,2024-01-17 06:51:00,95.49
15706,57409,2024-01-17 06:51:12,95.66
15707,57410,2024-01-17 06:51:24,96.01
15708,57411,2024-01-17 06:51:36,95.53
15709,57412,2024-01-17 06:51:48,96.36
15710,57413,2024-01-17 06:52:00,96.41
15711,57414,2024-01-17 06:52:12,96.19
15712,57415,2024-01-17 06:52:24,97.59
15713,57416,2024-01-17 06:52:36,97.37
15714,57417,2024-01-17 06:52:48,97.46
15715,57418,2024-01-17 06:53:00,97.42
15716,57419,2024-01-17 06:53:12,97.24
15717,57420,2024-01-17 06:53:24,98.12
15718,57421,2024-01-17 06:53:36,97.94
15719,57422,2024-01-17 06:53:48,98.16
15720,57423,2024-01-17 06:54:00,98.78
15721,57424,2024-01-17 06:54:12,99.48
15722,57425,2024-01-17 06:54:24,99.04
15723,57426,2024-01-17 06:54:36,99.56
15724,57427,2024-01-17 06:54:48,100.0
15725,57428,2024-01-17 06:55:00,100.22
15726,57429,2024-01-17 06:55:12,100.53
15727,57430,2024-01-17 06:55:24,100.31
15728,57431,2024-01-17 06:55:36,100.88
15729,57432,2024-01-17 06:55:48,100.48
15730,57433,2024-01-17 06:56:00,100.27
15731,57434,2024-01-17 06:56:12,101.14
15732,57435,2024-01-17 06:56:24,101.14
15733,57436,2024-01-17 06:56:36,101.45
15734,57437,2024-01-17 06:56:48,102.15
15735,57438,2024-01-17 06:57:00,101.62
15736,57439,2024-01-17 06:57:12,102.15
15737,57440,2024-01-17 06:57:24,102.02
15738,57441,2024-01-17 06:57:36,101.23
15739,57442,2024-01-17 06:57:48,102.46
15740,57443,2024-01-17 06:58:00,102.37
15741,57444,2024-01-17 06:58:12,102.33
15742,57445,2024-01-17 06:58:24,102.98
15743,57446,2024-01-17 06:58:36,102.63
15744,57447,2024-01-17 06:58:48,103.11
15745,57448,2024-01-17 06:59:00,103.82
15746,57449,2024-01-17 06:59:12,103.9
15747,57450,2024-01-17 06:59:24,104.08
15748,57451,2024-01-17 06:59:36,104.61
15749,57452,2024-01-17 06:59:48,104.34
15750,57453,2024-01-17 07:00:00,104.12
15751,57454,2024-01-17 07:00:12,104.21
15752,57455,2024-01-17 07:00:24,104.74
15753,57456,2024-01-17 07:00:36,104.87
15754,57457,2024-01-17 07:00:48,103.9
15755,57458,2024-01-17 07:01:00,104.25
15756,57459,2024-01-17 07:01:12,105.44
15757,57460,2024-01-17 07:01:24,105.79
15758,57461,2024-01-17 07:01:36,105.66
15759,57462,2024-01-17 07:01:48,105.83
15760,57463,2024-01-17 07:02:00,105.61
15761,57464,2024-01-17 07:02:12,105.96
15762,57465,2024-01-17 07:02:24,105.09
15763,57466,2024-01-17 07:02:36,105.7
15764,57467,2024-01-17 07:02:48,105.66
15765,57468,2024-01-17 07:03:00,106.45
15766,57469,2024-01-17 07:03:12,107.19
15767,57470,2024-01-17 07:03:24,106.75
15768,57471,2024-01-17 07:03:36,106.58
15769,57472,2024-01-17 07:03:48,107.15
15770,57473,2024-01-17 07:04:00,107.63
15771,57474,2024-01-17 07:04:12,107.67
15772,57475,2024-01-17 07:04:24,107.28
15773,57476,2024-01-17 07:04:36,107.54
15774,57477,2024-01-17 07:04:48,108.59
15775,57478,2024-01-17 07:05:00,108.29
15776,57479,2024-01-17 07:05:12,108.37
15777,57480,2024-01-17 07:05:24,108.16
15778,57481,2024-01-17 07:05:36,107.98
15779,57482,2024-01-17 07:05:48,108.68
15780,57483,2024-01-17 07:06:00,108.46
15781,57484,2024-01-17 07:06:12,108.94
15782,57485,2024-01-17 07:06:24,108.81
15783,57486,2024-01-17 07:06:36,109.25
15784,57487,2024-01-17 07:06:48,108.24
15785,57488,2024-01-17 07:07:00,109.65
15786,57489,2024-01-17 07:07:12,109.3
15787,57490,2024-01-17 07:07:24,109.78
15788,57491,2024-01-17 07:07:36,110.43
15789,57492,2024-01-17 07:07:48,109.91
15790,57493,2024-01-17 07:08:00,110.43
15791,57494,2024-01-17 07:08:12,110.57
15792,57495,2024-01-17 07:08:24,110.0
15793,57496,2024-01-17 07:08:36,110.92
15794,57497,2024-01-17 07:08:48,110.7
15795,57498,2024-01-17 07:09:00,110.52
15796,57499,2024-01-17 07:09:12,110.92
15797,57500,2024-01-17 07:09:24,111.57
15798,57501,2024-01-17 07:09:36,110.79
15799,57502,2024-01-17 07:09:48,111.22
15800,57503,2024-01-17 07:10:00,112.54
15801,57504,2024-01-17 07:10:12,112.01
15802,57505,2024-01-17 07:10:24,112.54
15803,57506,2024-01-17 07:10:36,112.49
15804,57507,2024-01-17 07:10:48,112.85
15805,57508,2024-01-17 07:11:00,112.49
15806,57509,2024-01-17 07:11:12,112.1
15807,57510,2024-01-17 07:11:24,112.36
15808,57511,2024-01-17 07:11:36,112.98
15809,57512,2024-01-17 07:11:48,113.5
15810,57513,2024-01-17 07:12:00,113.77
15811,57514,2024-01-17 07:12:12,113.77
15812,57515,2024-01-17 07:12:24,114.2
15813,57516,2024-01-17 07:12:36,113.94
15814,57517,2024-01-17 07:12:48,113.63
15815,57518,2024-01-17 07:13:00,114.03
15816,57519,2024-01-17 07:13:12,113.68
15817,57520,2024-01-17 07:13:24,114.07
15818,57521,2024-01-17 07:13:36,114.56
15819,57522,2024-01-17 07:13:48,114.29
15820,57523,2024-01-17 07:14:00,115.17
15821,57524,2024-01-17 07:14:12,114.91
15822,57525,2024-01-17 07:14:24,115.78
15823,57526,2024-01-17 07:14:36,115.17
15824,57527,2024-01-17 07:14:48,115.12
15825,57528,2024-01-17 07:15:00,115.48
15826,57529,2024-01-17 07:15:12,115.04
15827,57530,2024-01-17 07:15:24,115.69
15828,57531,2024-01-17 07:15:36,115.12
15829,57532,2024-01-17 07:15:48,116.18
15830,57533,2024-01-17 07:16:00,115.96
15831,57534,2024-01-17 07:16:12,116.44
15832,57535,2024-01-17 07:16:24,116.22
15833,57536,2024-01-17 07:16:36,116.35
15834,57537,2024-01-17 07:16:48,116.57
15835,57538,2024-01-17 07:17:00,117.1
15836,57539,2024-01-17 07:17:12,117.23
15837,57540,2024-01-17 07:17:24,117.32
15838,57541,2024-01-17 07:17:36,117.71
15839,57542,2024-01-17 07:17:48,117.19
15840,57543,2024-01-17 07:18:00,117.1
15841,57544,2024-01-17 07:18:12,118.02
15842,57545,2024-01-17 07:18:24,118.06
15843,57546,2024-01-17 07:18:36,117.62
15844,57547,2024-01-17 07:18:48,118.15
15845,57548,2024-01-17 07:19:00,118.19
15846,57549,2024-01-17 07:19:12,117.58
15847,57550,2024-01-17 07:19:24,118.11
15848,57551,2024-01-17 07:19:36,118.63
15849,57552,2024-01-17 07:19:48,118.5
15850,57553,2024-01-17 07:20:00,118.59
15851,57554,2024-01-17 07:20:12,118.89
15852,57555,2024-01-17 07:20:24,118.76
15853,57556,2024-01-17 07:20:36,118.59
15854,57557,2024-01-17 07:20:48,119.51
15855,57558,2024-01-17 07:21:00,119.03
15856,57559,2024-01-17 07:21:12,119.11
15857,57560,2024-01-17 07:21:24,119.6
15858,57561,2024-01-17 07:21:36,118.98
15859,57562,2024-01-17 07:21:48,119.6
15860,57563,2024-01-17 07:22:00,120.17
15861,57564,2024-01-17 07:22:12,119.9
15862,57565,2024-01-17 07:22:24,119.68
15863,57566,2024-01-17 07:22:36,120.12
15864,57567,2024-01-17 07:22:48,120.69
15865,57568,2024-01-17 07:23:00,120.17
15866,57569,2024-01-17 07:23:12,119.55
15867,57570,2024-01-17 07:23:24,119.86
15868,57571,2024-01-17 07:23:36,119.86
15869,57572,2024-01-17 07:23:48,120.78
15870,57573,2024-01-17 07:24:00,121.35
15871,57574,2024-01-17 07:24:12,120.78
15872,57575,2024-01-17 07:24:24,121.39
15873,57576,2024-01-17 07:24:36,120.95
15874,57577,2024-01-17 07:24:48,121.09
15875,57578,2024-01-17 07:25:00,121.44
15876,57579,2024-01-17 07:25:12,121.74
15877,57580,2024-01-17 07:25:24,121.13
15878,57581,2024-01-17 07:25:36,121.04
15879,57582,2024-01-17 07:25:48,121.31
15880,57583,2024-01-17 07:26:00,122.45
15881,57584,2024-01-17 07:26:12,122.01
15882,57585,2024-01-17 07:26:24,121.04
15883,57586,2024-01-17 07:26:36,121.57
15884,57587,2024-01-17 07:26:48,122.09
15885,57588,2024-01-17 07:27:00,122.8
15886,57589,2024-01-17 07:27:12,122.01
15887,57590,2024-01-17 07:27:24,122.8
15888,57591,2024-01-17 07:27:36,123.15
15889,57592,2024-01-17 07:27:48,123.01
15890,57593,2024-01-17 07:28:00,123.32
15891,57594,2024-01-17 07:28:12,123.63
15892,57595,2024-01-17 07:28:24,123.89
15893,57596,2024-01-17 07:28:36,124.2
15894,57597,2024-01-17 07:28:48,124.55
15895,57598,2024-01-17 07:29:00,124.59
15896,57599,2024-01-17 07:29:12,124.11
15897,57600,2024-01-17 07:29:24,124.86
15898,57601,2024-01-17 07:29:36,123.89
15899,57602,2024-01-17 07:29:48,123.41
15900,57603,2024-01-17 07:30:00,122.84
15901,57604,2024-01-17 07:30:12,122.4
15902,57605,2024-01-17 07:30:24,121.83
15903,57606,2024-01-17 07:30:36,121.44
15904,57607,2024-01-17 07:30:48,120.95
15905,57608,2024-01-17 07:31:00,120.52
15906,57609,2024-01-17 07:31:12,120.03
15907,57610,2024-01-17 07:31:24,119.64
15908,57611,2024-01-17 07:31:36,119.2
15909,57612,2024-01-17 07:31:48,118.72
15910,57613,2024-01-17 07:32:00,118.28
15911,57614,2024-01-17 07:32:12,117.89
15912,57615,2024-01-17 07:32:24,117.54
15913,57616,2024-01-17 07:32:36,117.05
15914,57617,2024-01-17 07:32:48,116.66
15915,57618,2024-01-17 07:33:00,116.26
15916,57619,2024-01-17 07:33:12,115.83
15917,57620,2024-01-17 07:33:24,115.43
15918,57621,2024-01-17 07:33:36,115.08
15919,57622,2024-01-17 07:33:48,114.6
15920,57623,2024-01-17 07:34:00,114.2
15921,57624,2024-01-17 07:34:12,113.9
15922,57625,2024-01-17 07:34:24,113.37
15923,57626,2024-01-17 07:34:36,113.11
15924,57627,2024-01-17 07:34:48,112.67
15925,57628,2024-01-17 07:35:00,112.41
15926,57629,2024-01-17 07:35:12,111.97
15927,57630,2024-01-17 07:35:24,111.71
15928,57631,2024-01-17 07:35:36,111.4
15929,57632,2024-01-17 07:35:48,110.96
15930,57633,2024-01-17 07:36:00,110.7
15931,57634,2024-01-17 07:36:12,110.3
15932,57635,2024-01-17 07:36:24,110.08
15933,57636,2024-01-17 07:36:36,109.65
15934,57637,2024-01-17 07:36:48,109.3
15935,57638,2024-01-17 07:37:00,108.9
15936,57639,2024-01-17 07:37:12,108.68
15937,57640,2024-01-17 07:37:24,108.33
15938,57641,2024-01-17 07:37:36,107.98
15939,57642,2024-01-17 07:37:48,107.67
15940,57643,2024-01-17 07:38:00,107.37
15941,57644,2024-01-17 07:38:12,107.1
15942,57645,2024-01-17 07:38:24,106.67
15943,57646,2024-01-17 07:38:36,106.4
15944,57647,2024-01-17 07:38:48,106.01
15945,57648,2024-01-17 07:39:00,105.66
15946,57649,2024-01-17 07:39:12,105.26
15947,57650,2024-01-17 07:39:24,104.96
15948,57651,2024-01-17 07:39:36,104.56
15949,57652,2024-01-17 07:39:48,104.21
15950,57653,2024-01-17 07:40:00,103.82
15951,57654,2024-01-17 07:40:12,103.47
15952,57655,2024-01-17 07:40:24,103.16
15953,57656,2024-01-17 07:40:36,102.81
15954,57657,2024-01-17 07:40:48,102.54
15955,57658,2024-01-17 07:41:00,102.15
15956,57659,2024-01-17 07:41:12,101.8
15957,57660,2024-01-17 07:41:24,101.54
15958,57661,2024-01-17 07:41:36,101.23
15959,57662,2024-01-17 07:41:48,100.84
15960,57663,2024-01-17 07:42:00,100.53
15961,57664,2024-01-17 07:42:12,100.13
15962,57665,2024-01-17 07:42:24,99.83
15963,57666,2024-01-17 07:42:36,99.43
15964,57667,2024-01-17 07:42:48,99.13
15965,57668,2024-01-17 07:43:00,98.86
15966,57669,2024-01-17 07:43:12,98.51
15967,57670,2024-01-17 07:43:24,99.35
15968,57671,2024-01-17 07:43:36,99.96
15969,57672,2024-01-17 07:43:48,99.21
15970,57673,2024-01-17 07:44:00,99.91
15971,57674,2024-01-17 07:44:12,100.05
15972,57675,2024-01-17 07:44:24,100.53
15973,57676,2024-01-17 07:44:36,100.57
15974,57677,2024-01-17 07:44:48,101.32
15975,57678,2024-01-17 07:45:00,101.45
15976,57679,2024-01-17 07:45:12,101.76
15977,57680,2024-01-17 07:45:24,102.15
15978,57681,2024-01-17 07:45:36,101.93
15979,57682,2024-01-17 07:45:48,102.72
15980,57683,2024-01-17 07:46:00,102.28
15981,57684,2024-01-17 07:46:12,103.42
15982,57685,2024-01-17 07:46:24,103.42
15983,57686,2024-01-17 07:46:36,103.64
15984,57687,2024-01-17 07:46:48,103.03
15985,57688,2024-01-17 07:47:00,104.04
15986,57689,2024-01-17 07:47:12,104.21
15987,57690,2024-01-17 07:47:24,104.43
15988,57691,2024-01-17 07:47:36,104.47
15989,57692,2024-01-17 07:47:48,104.69
15990,57693,2024-01-17 07:48:00,105.35
15991,57694,2024-01-17 07:48:12,105.31
15992,57695,2024-01-17 07:48:24,104.47
15993,57696,2024-01-17 07:48:36,105.44
15994,57697,2024-01-17 07:48:48,105.96
15995,57698,2024-01-17 07:49:00,106.18
15996,57699,2024-01-17 07:49:12,106.01
15997,57700,2024-01-17 07:49:24,106.75
15998,57701,2024-01-17 07:49:36,106.14
15999,57702,2024-01-17 07:49:48,106.36
16000,57703,2024-01-17 07:50:00,107.41
16001,57704,2024-01-17 07:50:12,108.11
16002,57705,2024-01-17 07:50:24,107.76
16003,57706,2024-01-17 07:50:36,108.16
16004,57707,2024-01-17 07:50:48,107.63
16005,57708,2024-01-17 07:51:00,107.98
16006,57709,2024-01-17 07:51:12,108.24
16007,57710,2024-01-17 07:51:24,107.85
16008,57711,2024-01-17 07:51:36,108.29
16009,57712,2024-01-17 07:51:48,109.38
16010,57713,2024-01-17 07:52:00,109.47
16011,57714,2024-01-17 07:52:12,109.38
16012,57715,2024-01-17 07:52:24,109.51
16013,57716,2024-01-17 07:52:36,109.78
16014,57717,2024-01-17 07:52:48,110.43
16015,57718,2024-01-17 07:53:00,110.26
16016,57719,2024-01-17 07:53:12,110.43
16017,57720,2024-01-17 07:53:24,109.86
16018,57721,2024-01-17 07:53:36,110.22
16019,57722,2024-01-17 07:53:48,110.26
16020,57723,2024-01-17 07:54:00,110.22
16021,57724,2024-01-17 07:54:12,110.0
16022,57725,2024-01-17 07:54:24,110.92
16023,57726,2024-01-17 07:54:36,111.36
16024,57727,2024-01-17 07:54:48,110.17
16025,57728,2024-01-17 07:55:00,110.79
16026,57729,2024-01-17 07:55:12,111.57
16027,57730,2024-01-17 07:55:24,111.97
16028,57731,2024-01-17 07:55:36,111.4
16029,57732,2024-01-17 07:55:48,112.14
16030,57733,2024-01-17 07:56:00,111.49
16031,57734,2024-01-17 07:56:12,111.93
16032,57735,2024-01-17 07:56:24,112.54
16033,57736,2024-01-17 07:56:36,112.45
16034,57737,2024-01-17 07:56:48,112.45
16035,57738,2024-01-17 07:57:00,112.8
16036,57739,2024-01-17 07:57:12,112.98
16037,57740,2024-01-17 07:57:24,113.46
16038,57741,2024-01-17 07:57:36,112.8
16039,57742,2024-01-17 07:57:48,113.85
16040,57743,2024-01-17 07:58:00,113.77
16041,57744,2024-01-17 07:58:12,114.03
16042,57745,2024-01-17 07:58:24,113.59
16043,57746,2024-01-17 07:58:36,114.12
16044,57747,2024-01-17 07:58:48,114.29
16045,57748,2024-01-17 07:59:00,114.16
16046,57749,2024-01-17 07:59:12,114.38
16047,57750,2024-01-17 07:59:24,115.3
16048,57751,2024-01-17 07:59:36,114.16
16049,57752,2024-01-17 07:59:48,114.77
16050,57753,2024-01-17 08:00:00,114.73
16051,57754,2024-01-17 08:00:12,115.21
16052,57755,2024-01-17 08:00:24,115.26
16053,57756,2024-01-17 08:00:36,115.48
16054,57757,2024-01-17 08:00:48,115.17
16055,57758,2024-01-17 08:01:00,115.69
16056,57759,2024-01-17 08:01:12,115.34
16057,57760,2024-01-17 08:01:24,115.78
16058,57761,2024-01-17 08:01:36,115.74
16059,57762,2024-01-17 08:01:48,115.74
16060,57763,2024-01-17 08:02:00,116.05
16061,57764,2024-01-17 08:02:12,116.62
16062,57765,2024-01-17 08:02:24,116.4
16063,57766,2024-01-17 08:02:36,116.7
16064,57767,2024-01-17 08:02:48,117.49
16065,57768,2024-01-17 08:03:00,116.88
16066,57769,2024-01-17 08:03:12,117.23
16067,57770,2024-01-17 08:03:24,117.4
16068,57771,2024-01-17 08:03:36,118.28
16069,57772,2024-01-17 08:03:48,117.75
16070,57773,2024-01-17 08:04:00,117.45
16071,57774,2024-01-17 08:04:12,117.84
16072,57775,2024-01-17 08:04:24,117.19
16073,57776,2024-01-17 08:04:36,117.71
16074,57777,2024-01-17 08:04:48,117.1
16075,57778,2024-01-17 08:05:00,118.32
16076,57779,2024-01-17 08:05:12,118.28
16077,57780,2024-01-17 08:05:24,117.67
16078,57781,2024-01-17 08:05:36,117.8
16079,57782,2024-01-17 08:05:48,118.32
16080,57783,2024-01-17 08:06:00,118.63
16081,57784,2024-01-17 08:06:12,119.07
16082,57785,2024-01-17 08:06:24,117.89
16083,57786,2024-01-17 08:06:36,118.46
16084,57787,2024-01-17 08:06:48,118.24
16085,57788,2024-01-17 08:07:00,118.46
16086,57789,2024-01-17 08:07:12,117.71
16087,57790,2024-01-17 08:07:24,119.11
16088,57791,2024-01-17 08:07:36,118.59
16089,57792,2024-01-17 08:07:48,118.24
16090,57793,2024-01-17 08:08:00,118.98
16091,57794,2024-01-17 08:08:12,119.07
16092,57795,2024-01-17 08:08:24,117.84
16093,57796,2024-01-17 08:08:36,119.03
16094,57797,2024-01-17 08:08:48,119.2
16095,57798,2024-01-17 08:09:00,118.89
16096,57799,2024-01-17 08:09:12,118.63
16097,57800,2024-01-17 08:09:24,119.42
16098,57801,2024-01-17 08:09:36,119.11
16099,57802,2024-01-17 08:09:48,119.68
16100,57803,2024-01-17 08:10:00,120.17
16101,57804,2024-01-17 08:10:12,118.85
16102,57805,2024-01-17 08:10:24,119.9
16103,57806,2024-01-17 08:10:36,119.55
16104,57807,2024-01-17 08:10:48,120.34
16105,57808,2024-01-17 08:11:00,119.51
16106,57809,2024-01-17 08:11:12,119.64
16107,57810,2024-01-17 08:11:24,119.11
16108,57811,2024-01-17 08:11:36,120.25
16109,57812,2024-01-17 08:11:48,120.03
16110,57813,2024-01-17 08:12:00,119.64
16111,57814,2024-01-17 08:12:12,120.38
16112,57815,2024-01-17 08:12:24,120.03
16113,57816,2024-01-17 08:12:36,120.21
16114,57817,2024-01-17 08:12:48,120.34
16115,57818,2024-01-17 08:13:00,120.6
16116,57819,2024-01-17 08:13:12,121.04
16117,57820,2024-01-17 08:13:24,121.13
16118,57821,2024-01-17 08:13:36,120.34
16119,57822,2024-01-17 08:13:48,121.22
16120,57823,2024-01-17 08:14:00,121.39
16121,57824,2024-01-17 08:14:12,121.04
16122,57825,2024-01-17 08:14:24,121.22
16123,57826,2024-01-17 08:14:36,121.26
16124,57827,2024-01-17 08:14:48,121.13
16125,57828,2024-01-17 08:15:00,121.7
16126,57829,2024-01-17 08:15:12,122.01
16127,57830,2024-01-17 08:15:24,122.18
16128,57831,2024-01-17 08:15:36,122.18
16129,57832,2024-01-17 08:15:48,122.8
16130,57833,2024-01-17 08:16:00,122.01
16131,57834,2024-01-17 08:16:12,122.93
16132,57835,2024-01-17 08:16:24,123.15
16133,57836,2024-01-17 08:16:36,122.97
16134,57837,2024-01-17 08:16:48,123.15
16135,57838,2024-01-17 08:17:00,122.75
16136,57839,2024-01-17 08:17:12,122.71
16137,57840,2024-01-17 08:17:24,123.8
16138,57841,2024-01-17 08:17:36,123.5
16139,57842,2024-01-17 08:17:48,123.23
16140,57843,2024-01-17 08:18:00,123.89
16141,57844,2024-01-17 08:18:12,123.85
16142,57845,2024-01-17 08:18:24,124.02
16143,57846,2024-01-17 08:18:36,124.46
16144,57847,2024-01-17 08:18:48,124.24
16145,57848,2024-01-17 08:19:00,123.67
16146,57849,2024-01-17 08:19:12,123.15
16147,57850,2024-01-17 08:19:24,122.58
16148,57851,2024-01-17 08:19:36,122.09
16149,57852,2024-01-17 08:19:48,121.57
16150,57853,2024-01-17 08:20:00,121.0
16151,57854,2024-01-17 08:20:12,120.56
16152,57855,2024-01-17 08:20:24,120.03
16153,57856,2024-01-17 08:20:36,119.55
16154,57857,2024-01-17 08:20:48,118.98
16155,57858,2024-01-17 08:21:00,118.54
16156,57859,2024-01-17 08:21:12,118.15
16157,57860,2024-01-17 08:21:24,117.67
16158,57861,2024-01-17 08:21:36,117.19
16159,57862,2024-01-17 08:21:48,116.75
16160,57863,2024-01-17 08:22:00,116.31
16161,57864,2024-01-17 08:22:12,115.83
16162,57865,2024-01-17 08:22:24,115.39
16163,57866,2024-01-17 08:22:36,114.95
16164,57867,2024-01-17 08:22:48,114.56
16165,57868,2024-01-17 08:23:00,114.16
16166,57869,2024-01-17 08:23:12,113.68
16167,57870,2024-01-17 08:23:24,113.28
16168,57871,2024-01-17 08:23:36,112.98
16169,57872,2024-01-17 08:23:48,112.49
16170,57873,2024-01-17 08:24:00,112.1
16171,57874,2024-01-17 08:24:12,111.71
16172,57875,2024-01-17 08:24:24,111.27
16173,57876,2024-01-17 08:24:36,110.96
16174,57877,2024-01-17 08:24:48,110.52
16175,57878,2024-01-17 08:25:00,110.17
16176,57879,2024-01-17 08:25:12,109.82
16177,57880,2024-01-17 08:25:24,109.47
16178,57881,2024-01-17 08:25:36,109.12
16179,57882,2024-01-17 08:25:48,108.73
16180,57883,2024-01-17 08:26:00,108.42
16181,57884,2024-01-17 08:26:12,108.07
16182,57885,2024-01-17 08:26:24,107.72
16183,57886,2024-01-17 08:26:36,107.32
16184,57887,2024-01-17 08:26:48,107.02
16185,57888,2024-01-17 08:27:00,106.71
16186,57889,2024-01-17 08:27:12,106.36
16187,57890,2024-01-17 08:27:24,106.1
16188,57891,2024-01-17 08:27:36,105.61
16189,57892,2024-01-17 08:27:48,105.31
16190,57893,2024-01-17 08:28:00,104.96
16191,57894,2024-01-17 08:28:12,104.69
16192,57895,2024-01-17 08:28:24,104.3
16193,57896,2024-01-17 08:28:36,103.99
16194,57897,2024-01-17 08:28:48,103.68
16195,57898,2024-01-17 08:29:00,103.33
16196,57899,2024-01-17 08:29:12,102.98
16197,57900,2024-01-17 08:29:24,102.68
16198,57901,2024-01-17 08:29:36,102.37
16199,57902,2024-01-17 08:29:48,101.98
16200,57903,2024-01-17 08:30:00,101.76
16201,57904,2024-01-17 08:30:12,101.36
16202,57905,2024-01-17 08:30:24,101.05
16203,57906,2024-01-17 08:30:36,100.7
16204,57907,2024-01-17 08:30:48,100.4
16205,57908,2024-01-17 08:31:00,100.18
16206,57909,2024-01-17 08:31:12,99.83
16207,57910,2024-01-17 08:31:24,99.65
16208,57911,2024-01-17 08:31:36,99.35
16209,57912,2024-01-17 08:31:48,99.04
16210,57913,2024-01-17 08:32:00,98.6
16211,57914,2024-01-17 08:32:12,98.95
16212,57915,2024-01-17 08:32:24,98.99
16213,57916,2024-01-17 08:32:36,99.43
16214,57917,2024-01-17 08:32:48,100.35
16215,57918,2024-01-17 08:33:00,100.05
16216,57919,2024-01-17 08:33:12,100.22
16217,57920,2024-01-17 08:33:24,100.4
16218,57921,2024-01-17 08:33:36,100.88
16219,57922,2024-01-17 08:33:48,100.97
16220,57923,2024-01-17 08:34:00,101.45
16221,57924,2024-01-17 08:34:12,100.97
16222,57925,2024-01-17 08:34:24,101.58
16223,57926,2024-01-17 08:34:36,101.84
16224,57927,2024-01-17 08:34:48,102.11
16225,57928,2024-01-17 08:35:00,102.63
16226,57929,2024-01-17 08:35:12,103.2
16227,57930,2024-01-17 08:35:24,103.11
16228,57931,2024-01-17 08:35:36,103.16
16229,57932,2024-01-17 08:35:48,103.55
16230,57933,2024-01-17 08:36:00,103.99
16231,57934,2024-01-17 08:36:12,103.99
16232,57935,2024-01-17 08:36:24,104.87
16233,57936,2024-01-17 08:36:36,104.12
16234,57937,2024-01-17 08:36:48,105.44
16235,57938,2024-01-17 08:37:00,105.35
16236,57939,2024-01-17 08:37:12,105.66
16237,57940,2024-01-17 08:37:24,105.09
16238,57941,2024-01-17 08:37:36,105.17
16239,57942,2024-01-17 08:37:48,105.53
16240,57943,2024-01-17 08:38:00,106.31
16241,57944,2024-01-17 08:38:12,106.14
16242,57945,2024-01-17 08:38:24,105.79
16243,57946,2024-01-17 08:38:36,106.71
16244,57947,2024-01-17 08:38:48,106.84
16245,57948,2024-01-17 08:39:00,106.97
16246,57949,2024-01-17 08:39:12,107.41
16247,57950,2024-01-17 08:39:24,107.67
16248,57951,2024-01-17 08:39:36,108.2
16249,57952,2024-01-17 08:39:48,107.76
16250,57953,2024-01-17 08:40:00,107.41
16251,57954,2024-01-17 08:40:12,107.89
16252,57955,2024-01-17 08:40:24,108.46
16253,57956,2024-01-17 08:40:36,107.94
16254,57957,2024-01-17 08:40:48,107.98
16255,57958,2024-01-17 08:41:00,108.16
16256,57959,2024-01-17 08:41:12,108.16
16257,57960,2024-01-17 08:41:24,108.77
16258,57961,2024-01-17 08:41:36,108.81
16259,57962,2024-01-17 08:41:48,108.64
16260,57963,2024-01-17 08:42:00,109.47
16261,57964,2024-01-17 08:42:12,108.64
16262,57965,2024-01-17 08:42:24,109.12
16263,57966,2024-01-17 08:42:36,108.86
16264,57967,2024-01-17 08:42:48,108.64
16265,57968,2024-01-17 08:43:00,108.59
16266,57969,2024-01-17 08:43:12,109.69
16267,57970,2024-01-17 08:43:24,109.08
16268,57971,2024-01-17 08:43:36,108.42
16269,57972,2024-01-17 08:43:48,109.82
16270,57973,2024-01-17 08:44:00,109.82
16271,57974,2024-01-17 08:44:12,110.0
16272,57975,2024-01-17 08:44:24,110.04
16273,57976,2024-01-17 08:44:36,109.73
16274,57977,2024-01-17 08:44:48,109.73
16275,57978,2024-01-17 08:45:00,110.13
16276,57979,2024-01-17 08:45:12,110.61
16277,57980,2024-01-17 08:45:24,111.4
16278,57981,2024-01-17 08:45:36,111.84
16279,57982,2024-01-17 08:45:48,111.62
16280,57983,2024-01-17 08:46:00,110.52
16281,57984,2024-01-17 08:46:12,111.22
16282,57985,2024-01-17 08:46:24,111.97
16283,57986,2024-01-17 08:46:36,112.06
16284,57987,2024-01-17 08:46:48,112.1
16285,57988,2024-01-17 08:47:00,111.4
16286,57989,2024-01-17 08:47:12,112.32
16287,57990,2024-01-17 08:47:24,112.01
16288,57991,2024-01-17 08:47:36,112.36
16289,57992,2024-01-17 08:47:48,112.67
16290,57993,2024-01-17 08:48:00,111.93
16291,57994,2024-01-17 08:48:12,113.28
16292,57995,2024-01-17 08:48:24,113.24
16293,57996,2024-01-17 08:48:36,112.85
16294,57997,2024-01-17 08:48:48,113.15
16295,57998,2024-01-17 08:49:00,113.02
16296,57999,2024-01-17 08:49:12,112.8
16297,58000,2024-01-17 08:49:24,113.11
16298,58001,2024-01-17 08:49:36,112.54
16299,58002,2024-01-17 08:49:48,113.68
16300,58003,2024-01-17 08:50:00,113.5
16301,58004,2024-01-17 08:50:12,114.03
16302,58005,2024-01-17 08:50:24,113.81
16303,58006,2024-01-17 08:50:36,114.51
16304,58007,2024-01-17 08:50:48,114.51
16305,58008,2024-01-17 08:51:00,114.25
16306,58009,2024-01-17 08:51:12,114.29
16307,58010,2024-01-17 08:51:24,114.34
16308,58011,2024-01-17 08:51:36,114.64
16309,58012,2024-01-17 08:51:48,114.86
16310,58013,2024-01-17 08:52:00,115.61
16311,58014,2024-01-17 08:52:12,115.96
16312,58015,2024-01-17 08:52:24,115.69
16313,58016,2024-01-17 08:52:36,114.73
16314,58017,2024-01-17 08:52:48,115.96
16315,58018,2024-01-17 08:53:00,115.21
16316,58019,2024-01-17 08:53:12,116.31
16317,58020,2024-01-17 08:53:24,116.53
16318,58021,2024-01-17 08:53:36,116.75
16319,58022,2024-01-17 08:53:48,116.57
16320,58023,2024-01-17 08:54:00,116.4
16321,58024,2024-01-17 08:54:12,116.48
16322,58025,2024-01-17 08:54:24,117.54
16323,58026,2024-01-17 08:54:36,117.19
16324,58027,2024-01-17 08:54:48,117.05
16325,58028,2024-01-17 08:55:00,117.49
16326,58029,2024-01-17 08:55:12,117.89
16327,58030,2024-01-17 08:55:24,117.62
16328,58031,2024-01-17 08:55:36,118.15
16329,58032,2024-01-17 08:55:48,117.75
16330,58033,2024-01-17 08:56:00,117.71
16331,58034,2024-01-17 08:56:12,118.37
16332,58035,2024-01-17 08:56:24,118.59
16333,58036,2024-01-17 08:56:36,118.32
16334,58037,2024-01-17 08:56:48,118.37
16335,58038,2024-01-17 08:57:00,119.16
16336,58039,2024-01-17 08:57:12,118.76
16337,58040,2024-01-17 08:57:24,118.94
16338,58041,2024-01-17 08:57:36,119.42
16339,58042,2024-01-17 08:57:48,119.51
16340,58043,2024-01-17 08:58:00,118.94
16341,58044,2024-01-17 08:58:12,118.98
16342,58045,2024-01-17 08:58:24,119.82
16343,58046,2024-01-17 08:58:36,119.55
16344,58047,2024-01-17 08:58:48,119.38
16345,58048,2024-01-17 08:59:00,120.12
16346,58049,2024-01-17 08:59:12,120.17
16347,58050,2024-01-17 08:59:24,119.9
16348,58051,2024-01-17 08:59:36,120.3
16349,58052,2024-01-17 08:59:48,120.87
16350,58053,2024-01-17 09:00:00,120.69
16351,58054,2024-01-17 09:00:12,120.87
16352,58055,2024-01-17 09:00:24,120.25
16353,58056,2024-01-17 09:00:36,121.17
16354,58057,2024-01-17 09:00:48,120.6
16355,58058,2024-01-17 09:01:00,121.35
16356,58059,2024-01-17 09:01:12,120.87
16357,58060,2024-01-17 09:01:24,122.01
16358,58061,2024-01-17 09:01:36,121.74
16359,58062,2024-01-17 09:01:48,121.44
16360,58063,2024-01-17 09:02:00,122.09
16361,58064,2024-01-17 09:02:12,122.36
16362,58065,2024-01-17 09:02:24,121.92
16363,58066,2024-01-17 09:02:36,123.15
16364,58067,2024-01-17 09:02:48,123.15
16365,58068,2024-01-17 09:03:00,122.4
16366,58069,2024-01-17 09:03:12,122.62
16367,58070,2024-01-17 09:03:24,123.5
16368,58071,2024-01-17 09:03:36,124.11
16369,58072,2024-01-17 09:03:48,123.45
16370,58073,2024-01-17 09:04:00,124.24
16371,58074,2024-01-17 09:04:12,123.94
16372,58075,2024-01-17 09:04:24,123.54
16373,58076,2024-01-17 09:04:36,124.33
16374,58077,2024-01-17 09:04:48,124.99
16375,58078,2024-01-17 09:05:00,124.42
16376,58079,2024-01-17 09:05:12,124.24
16377,58080,2024-01-17 09:05:24,123.58
16378,58081,2024-01-17 09:05:36,122.84
16379,58082,2024-01-17 09:05:48,122.4
16380,58083,2024-01-17 09:06:00,121.83
16381,58084,2024-01-17 09:06:12,121.44
16382,58085,2024-01-17 09:06:24,120.95
16383,58086,2024-01-17 09:06:36,120.43
16384,58087,2024-01-17 09:06:48,119.99
16385,58088,2024-01-17 09:07:00,119.42
16386,58089,2024-01-17 09:07:12,118.94
16387,58090,2024-01-17 09:07:24,118.46
16388,58091,2024-01-17 09:07:36,118.06
16389,58092,2024-01-17 09:07:48,117.58
16390,58093,2024-01-17 09:08:00,117.05
16391,58094,2024-01-17 09:08:12,116.7
16392,58095,2024-01-17 09:08:24,116.18
16393,58096,2024-01-17 09:08:36,115.74
16394,58097,2024-01-17 09:08:48,115.34
16395,58098,2024-01-17 09:09:00,114.95
16396,58099,2024-01-17 09:09:12,114.56
16397,58100,2024-01-17 09:09:24,114.2
16398,58101,2024-01-17 09:09:36,113.77
16399,58102,2024-01-17 09:09:48,113.46
16400,58103,2024-01-17 09:10:00,113.02
16401,58104,2024-01-17 09:10:12,112.76
16402,58105,2024-01-17 09:10:24,112.32
16403,58106,2024-01-17 09:10:36,112.06
16404,58107,2024-01-17 09:10:48,111.62
16405,58108,2024-01-17 09:11:00,111.36
16406,58109,2024-01-17 09:11:12,111.0
16407,58110,2024-01-17 09:11:24,110.65
16408,58111,2024-01-17 09:11:36,110.22
16409,58112,2024-01-17 09:11:48,110.0
16410,58113,2024-01-17 09:12:00,109.65
16411,58114,2024-01-17 09:12:12,109.34
16412,58115,2024-01-17 09:12:24,109.08
16413,58116,2024-01-17 09:12:36,108.73
16414,58117,2024-01-17 09:12:48,108.46
16415,58118,2024-01-17 09:13:00,108.11
16416,58119,2024-01-17 09:13:12,107.76
16417,58120,2024-01-17 09:13:24,107.45
16418,58121,2024-01-17 09:13:36,107.19
16419,58122,2024-01-17 09:13:48,106.8
16420,58123,2024-01-17 09:14:00,106.49
16421,58124,2024-01-17 09:14:12,106.14
16422,58125,2024-01-17 09:14:24,105.79
16423,58126,2024-01-17 09:14:36,105.48
16424,58127,2024-01-17 09:14:48,105.09
16425,58128,2024-01-17 09:15:00,104.78
16426,58129,2024-01-17 09:15:12,104.47
16427,58130,2024-01-17 09:15:24,104.17
16428,58131,2024-01-17 09:15:36,103.9
16429,58132,2024-01-17 09:15:48,103.55
16430,58133,2024-01-17 09:16:00,103.2
16431,58134,2024-01-17 09:16:12,102.85
16432,58135,2024-01-17 09:16:24,102.54
16433,58136,2024-01-17 09:16:36,102.15
16434,58137,2024-01-17 09:16:48,101.8
16435,58138,2024-01-17 09:17:00,101.58
16436,58139,2024-01-17 09:17:12,101.23
16437,58140,2024-01-17 09:17:24,100.92
16438,58141,2024-01-17 09:17:36,100.62
16439,58142,2024-01-17 09:17:48,100.31
16440,58143,2024-01-17 09:18:00,99.96
16441,58144,2024-01-17 09:18:12,99.7
16442,58145,2024-01-17 09:18:24,99.35
16443,58146,2024-01-17 09:18:36,99.08
16444,58147,2024-01-17 09:18:48,98.78
16445,58148,2024-01-17 09:19:00,98.42
16446,58149,2024-01-17 09:19:12,99.56
16447,58150,2024-01-17 09:19:24,99.26
16448,58151,2024-01-17 09:19:36,99.35
16449,58152,2024-01-17 09:19:48,99.26
16450,58153,2024-01-17 09:20:00,100.05
16451,58154,2024-01-17 09:20:12,100.0
16452,58155,2024-01-17 09:20:24,99.65
16453,58156,2024-01-17 09:20:36,100.09
16454,58157,2024-01-17 09:20:48,100.05
16455,58158,2024-01-17 09:21:00,99.91
16456,58159,2024-01-17 09:21:12,98.6
16457,58160,2024-01-17 09:21:24,99.87
16458,58161,2024-01-17 09:21:36,99.3
16459,58162,2024-01-17 09:21:48,99.21
16460,58163,2024-01-17 09:22:00,98.86
16461,58164,2024-01-17 09:22:12,99.13
16462,58165,2024-01-17 09:22:24,99.48
16463,58166,2024-01-17 09:22:36,99.87
16464,58167,2024-01-17 09:22:48,98.73
16465,58168,2024-01-17 09:23:00,99.91
16466,58169,2024-01-17 09:23:12,99.7
16467,58170,2024-01-17 09:23:24,99.7
16468,58171,2024-01-17 09:23:36,100.0
16469,58172,2024-01-17 09:23:48,99.26
16470,58173,2024-01-17 09:24:00,98.64
16471,58174,2024-01-17 09:24:12,99.83
16472,58175,2024-01-17 09:24:24,98.95
16473,58176,2024-01-17 09:24:36,100.13
16474,58177,2024-01-17 09:24:48,100.0
16475,58178,2024-01-17 09:25:00,99.83
16476,58179,2024-01-17 09:25:12,100.66
16477,58180,2024-01-17 09:25:24,100.97
16478,58181,2024-01-17 09:25:36,101.05
16479,58182,2024-01-17 09:25:48,101.67
16480,58183,2024-01-17 09:26:00,101.62
16481,58184,2024-01-17 09:26:12,101.67
16482,58185,2024-01-17 09:26:24,101.71
16483,58186,2024-01-17 09:26:36,101.49
16484,58187,2024-01-17 09:26:48,101.67
16485,58188,2024-01-17 09:27:00,102.72
16486,58189,2024-01-17 09:27:12,103.16
16487,58190,2024-01-17 09:27:24,103.07
16488,58191,2024-01-17 09:27:36,103.86
16489,58192,2024-01-17 09:27:48,103.2
16490,58193,2024-01-17 09:28:00,103.82
16491,58194,2024-01-17 09:28:12,104.08
16492,58195,2024-01-17 09:28:24,104.91
16493,58196,2024-01-17 09:28:36,104.87
16494,58197,2024-01-17 09:28:48,105.48
16495,58198,2024-01-17 09:29:00,105.17
16496,58199,2024-01-17 09:29:12,105.26
16497,58200,2024-01-17 09:29:24,105.48
16498,58201,2024-01-17 09:29:36,105.09
16499,58202,2024-01-17 09:29:48,105.79
16500,58203,2024-01-17 09:30:00,106.01
16501,58204,2024-01-17 09:30:12,106.49
16502,58205,2024-01-17 09:30:24,106.75
16503,58206,2024-01-17 09:30:36,106.53
16504,58207,2024-01-17 09:30:48,107.54
16505,58208,2024-01-17 09:31:00,107.41
16506,58209,2024-01-17 09:31:12,107.98
16507,58210,2024-01-17 09:31:24,108.24
16508,58211,2024-01-17 09:31:36,108.07
16509,58212,2024-01-17 09:31:48,107.98
16510,58213,2024-01-17 09:32:00,108.94
16511,58214,2024-01-17 09:32:12,108.2
16512,58215,2024-01-17 09:32:24,108.16
16513,58216,2024-01-17 09:32:36,109.6
16514,58217,2024-01-17 09:32:48,110.22
16515,58218,2024-01-17 09:33:00,110.17
16516,58219,2024-01-17 09:33:12,109.3
16517,58220,2024-01-17 09:33:24,110.92
16518,58221,2024-01-17 09:33:36,110.35
16519,58222,2024-01-17 09:33:48,110.35
16520,58223,2024-01-17 09:34:00,110.57
16521,58224,2024-01-17 09:34:12,110.96
16522,58225,2024-01-17 09:34:24,110.79
16523,58226,2024-01-17 09:34:36,111.18
16524,58227,2024-01-17 09:34:48,112.1
16525,58228,2024-01-17 09:35:00,111.93
16526,58229,2024-01-17 09:35:12,111.4
16527,58230,2024-01-17 09:35:24,112.28
16528,58231,2024-01-17 09:35:36,112.45
16529,58232,2024-01-17 09:35:48,111.97
16530,58233,2024-01-17 09:36:00,111.93
16531,58234,2024-01-17 09:36:12,113.02
16532,58235,2024-01-17 09:36:24,113.37
16533,58236,2024-01-17 09:36:36,113.11
16534,58237,2024-01-17 09:36:48,113.81
16535,58238,2024-01-17 09:37:00,113.5
16536,58239,2024-01-17 09:37:12,114.38
16537,58240,2024-01-17 09:37:24,114.25
16538,58241,2024-01-17 09:37:36,114.34
16539,58242,2024-01-17 09:37:48,114.56
16540,58243,2024-01-17 09:38:00,113.85
16541,58244,2024-01-17 09:38:12,114.29
16542,58245,2024-01-17 09:38:24,115.21
16543,58246,2024-01-17 09:38:36,115.04
16544,58247,2024-01-17 09:38:48,115.52
16545,58248,2024-01-17 09:39:00,115.26
16546,58249,2024-01-17 09:39:12,115.08
16547,58250,2024-01-17 09:39:24,115.48
16548,58251,2024-01-17 09:39:36,115.08
16549,58252,2024-01-17 09:39:48,116.62
16550,58253,2024-01-17 09:40:00,116.83
16551,58254,2024-01-17 09:40:12,116.66
16552,58255,2024-01-17 09:40:24,116.48
16553,58256,2024-01-17 09:40:36,116.75
16554,58257,2024-01-17 09:40:48,117.23
16555,58258,2024-01-17 09:41:00,117.54
16556,58259,2024-01-17 09:41:12,117.89
16557,58260,2024-01-17 09:41:24,118.06
16558,58261,2024-01-17 09:41:36,117.23
16559,58262,2024-01-17 09:41:48,118.28
16560,58263,2024-01-17 09:42:00,117.54
16561,58264,2024-01-17 09:42:12,117.58
16562,58265,2024-01-17 09:42:24,118.98
16563,58266,2024-01-17 09:42:36,118.98
16564,58267,2024-01-17 09:42:48,119.6
16565,58268,2024-01-17 09:43:00,119.46
16566,58269,2024-01-17 09:43:12,119.64
16567,58270,2024-01-17 09:43:24,119.68
16568,58271,2024-01-17 09:43:36,120.17
16569,58272,2024-01-17 09:43:48,120.03
16570,58273,2024-01-17 09:44:00,119.29
16571,58274,2024-01-17 09:44:12,119.03
16572,58275,2024-01-17 09:44:24,121.39
16573,58276,2024-01-17 09:44:36,120.03
16574,58277,2024-01-17 09:44:48,120.78
16575,58278,2024-01-17 09:45:00,120.47
16576,58279,2024-01-17 09:45:12,121.31
16577,58280,2024-01-17 09:45:24,121.09
16578,58281,2024-01-17 09:45:36,121.66
16579,58282,2024-01-17 09:45:48,121.04
16580,58283,2024-01-17 09:46:00,120.87
16581,58284,2024-01-17 09:46:12,122.01
16582,58285,2024-01-17 09:46:24,122.36
16583,58286,2024-01-17 09:46:36,121.7
16584,58287,2024-01-17 09:46:48,122.8
16585,58288,2024-01-17 09:47:00,122.84
16586,58289,2024-01-17 09:47:12,122.49
16587,58290,2024-01-17 09:47:24,122.66
16588,58291,2024-01-17 09:47:36,122.8
16589,58292,2024-01-17 09:47:48,123.15
16590,58293,2024-01-17 09:48:00,123.54
16591,58294,2024-01-17 09:48:12,122.88
16592,58295,2024-01-17 09:48:24,122.84
16593,58296,2024-01-17 09:48:36,123.85
16594,58297,2024-01-17 09:48:48,123.41
16595,58298,2024-01-17 09:49:00,123.89
16596,58299,2024-01-17 09:49:12,123.67
16597,58300,2024-01-17 09:49:24,123.98
16598,58301,2024-01-17 09:49:36,123.85
16599,58302,2024-01-17 09:49:48,124.07
16600,58303,2024-01-17 09:50:00,123.58
16601,58304,2024-01-17 09:50:12,123.01
16602,58305,2024-01-17 09:50:24,122.49
16603,58306,2024-01-17 09:50:36,122.01
16604,58307,2024-01-17 09:50:48,121.66
16605,58308,2024-01-17 09:51:00,121.13
16606,58309,2024-01-17 09:51:12,120.65
16607,58310,2024-01-17 09:51:24,120.21
16608,58311,2024-01-17 09:51:36,119.82
16609,58312,2024-01-17 09:51:48,119.38
16610,58313,2024-01-17 09:52:00,118.85
16611,58314,2024-01-17 09:52:12,118.54
16612,58315,2024-01-17 09:52:24,118.06
16613,58316,2024-01-17 09:52:36,117.62
16614,58317,2024-01-17 09:52:48,117.23
16615,58318,2024-01-17 09:53:00,116.79
16616,58319,2024-01-17 09:53:12,116.44
16617,58320,2024-01-17 09:53:24,115.96
16618,58321,2024-01-17 09:53:36,115.65
16619,58322,2024-01-17 09:53:48,115.26
16620,58323,2024-01-17 09:54:00,114.91
16621,58324,2024-01-17 09:54:12,114.51
16622,58325,2024-01-17 09:54:24,114.2
16623,58326,2024-01-17 09:54:36,113.81
16624,58327,2024-01-17 09:54:48,113.37
16625,58328,2024-01-17 09:55:00,112.98
16626,58329,2024-01-17 09:55:12,112.63
16627,58330,2024-01-17 09:55:24,112.32
16628,58331,2024-01-17 09:55:36,111.97
16629,58332,2024-01-17 09:55:48,111.66
16630,58333,2024-01-17 09:56:00,111.27
16631,58334,2024-01-17 09:56:12,110.96
16632,58335,2024-01-17 09:56:24,110.65
16633,58336,2024-01-17 09:56:36,110.3
16634,58337,2024-01-17 09:56:48,109.95
16635,58338,2024-01-17 09:57:00,109.65
16636,58339,2024-01-17 09:57:12,109.3
16637,58340,2024-01-17 09:57:24,108.94
16638,58341,2024-01-17 09:57:36,108.68
16639,58342,2024-01-17 09:57:48,108.37
16640,58343,2024-01-17 09:58:00,108.07
16641,58344,2024-01-17 09:58:12,107.76
16642,58345,2024-01-17 09:58:24,107.37
16643,58346,2024-01-17 09:58:36,107.15
16644,58347,2024-01-17 09:58:48,106.84
16645,58348,2024-01-17 09:59:00,106.53
16646,58349,2024-01-17 09:59:12,106.23
16647,58350,2024-01-17 09:59:24,105.92
16648,58351,2024-01-17 09:59:36,105.61
16649,58352,2024-01-17 09:59:48,105.31
16650,58353,2024-01-17 10:00:00,105.09
16651,58354,2024-01-17 10:00:12,104.74
16652,58355,2024-01-17 10:00:24,104.43
16653,58356,2024-01-17 10:00:36,104.12
16654,58357,2024-01-17 10:00:48,103.86
16655,58358,2024-01-17 10:01:00,103.55
16656,58359,2024-01-17 10:01:12,103.33
16657,58360,2024-01-17 10:01:24,102.98
16658,58361,2024-01-17 10:01:36,102.72
16659,58362,2024-01-17 10:01:48,102.46
16660,58363,2024-01-17 10:02:00,102.11
16661,58364,2024-01-17 10:02:12,101.89
16662,58365,2024-01-17 10:02:24,101.54
16663,58366,2024-01-17 10:02:36,101.27
16664,58367,2024-01-17 10:02:48,100.97
16665,58368,2024-01-17 10:03:00,100.57
16666,58369,2024-01-17 10:03:12,100.31
16667,58370,2024-01-17 10:03:24,99.91
16668,58371,2024-01-17 10:03:36,99.3
16669,58372,2024-01-17 10:03:48,98.42
16670,58373,2024-01-17 10:04:00,97.59
16671,58374,2024-01-17 10:04:12,97.72
16672,58375,2024-01-17 10:04:24,97.11
16673,58376,2024-01-17 10:04:36,96.1
16674,58377,2024-01-17 10:04:48,97.42
16675,58378,2024-01-17 10:05:00,97.15
16676,58379,2024-01-17 10:05:12,96.72
16677,58380,2024-01-17 10:05:24,95.53
16678,58381,2024-01-17 10:05:36,95.58
16679,58382,2024-01-17 10:05:48,95.93
16680,58383,2024-01-17 10:06:00,94.92
16681,58384,2024-01-17 10:06:12,95.62
16682,58385,2024-01-17 10:06:24,94.44
16683,58386,2024-01-17 10:06:36,94.74
16684,58387,2024-01-17 10:06:48,95.27
16685,58388,2024-01-17 10:07:00,94.79
16686,58389,2024-01-17 10:07:12,94.57
16687,58390,2024-01-17 10:07:24,94.17
16688,58391,2024-01-17 10:07:36,93.38
16689,58392,2024-01-17 10:07:48,93.6
16690,58393,2024-01-17 10:08:00,92.86
16691,58394,2024-01-17 10:08:12,92.51
16692,58395,2024-01-17 10:08:24,91.37
16693,58396,2024-01-17 10:08:36,92.02
16694,58397,2024-01-17 10:08:48,91.5
16695,58398,2024-01-17 10:09:00,91.63
16696,58399,2024-01-17 10:09:12,90.71
16697,58400,2024-01-17 10:09:24,90.58
16698,58401,2024-01-17 10:09:36,89.75
16699,58402,2024-01-17 10:09:48,92.33
16700,58403,2024-01-17 10:10:00,93.95
16701,58404,2024-01-17 10:10:12,94.52
16702,58405,2024-01-17 10:10:24,94.04
16703,58406,2024-01-17 10:10:36,93.82
16704,58407,2024-01-17 10:10:48,93.38
16705,58408,2024-01-17 10:11:00,93.03
16706,58409,2024-01-17 10:11:12,92.9
16707,58410,2024-01-17 10:11:24,92.16
16708,58411,2024-01-17 10:11:36,92.55
16709,58412,2024-01-17 10:11:48,91.37
16710,58413,2024-01-17 10:12:00,91.32
16711,58414,2024-01-17 10:12:12,90.4
16712,58415,2024-01-17 10:12:24,91.63
16713,58416,2024-01-17 10:12:36,94.83
16714,58417,2024-01-17 10:12:48,94.79
16715,58418,2024-01-17 10:13:00,94.61
16716,58419,2024-01-17 10:13:12,93.6
16717,58420,2024-01-17 10:13:24,93.69
16718,58421,2024-01-17 10:13:36,92.9
16719,58422,2024-01-17 10:13:48,92.38
16720,58423,2024-01-17 10:14:00,91.63
16721,58424,2024-01-17 10:14:12,90.93
16722,58425,2024-01-17 10:14:24,92.68
16723,58426,2024-01-17 10:14:36,94.96
16724,58427,2024-01-17 10:14:48,94.57
16725,58428,2024-01-17 10:15:00,94.87
16726,58429,2024-01-17 10:15:12,94.04
16727,58430,2024-01-17 10:15:24,94.17
16728,58431,2024-01-17 10:15:36,94.0
16729,58432,2024-01-17 10:15:48,92.95
16730,58433,2024-01-17 10:16:00,92.07
16731,58434,2024-01-17 10:16:12,91.85
16732,58435,2024-01-17 10:16:24,91.76
16733,58436,2024-01-17 10:16:36,91.37
16734,58437,2024-01-17 10:16:48,91.54
16735,58438,2024-01-17 10:17:00,93.82
16736,58439,2024-01-17 10:17:12,93.95
16737,58440,2024-01-17 10:17:24,93.16
16738,58441,2024-01-17 10:17:36,93.16
16739,58442,2024-01-17 10:17:48,91.98
16740,58443,2024-01-17 10:18:00,91.37
16741,58444,2024-01-17 10:18:12,91.02
16742,58445,2024-01-17 10:18:24,90.97
16743,58446,2024-01-17 10:18:36,91.94
16744,58447,2024-01-17 10:18:48,93.69
16745,58448,2024-01-17 10:19:00,93.82
16746,58449,2024-01-17 10:19:12,93.38
16747,58450,2024-01-17 10:19:24,92.55
16748,58451,2024-01-17 10:19:36,91.24
16749,58452,2024-01-17 10:19:48,91.72
16750,58453,2024-01-17 10:20:00,90.32
16751,58454,2024-01-17 10:20:12,91.98
16752,58455,2024-01-17 10:20:24,94.92
16753,58456,2024-01-17 10:20:36,93.87
16754,58457,2024-01-17 10:20:48,92.81
16755,58458,2024-01-17 10:21:00,92.95
16756,58459,2024-01-17 10:21:12,92.51
16757,58460,2024-01-17 10:21:24,92.11
16758,58461,2024-01-17 10:21:36,91.5
16759,58462,2024-01-17 10:21:48,90.71
16760,58463,2024-01-17 10:22:00,95.05
16761,58464,2024-01-17 10:22:12,94.22
16762,58465,2024-01-17 10:22:24,92.81
16763,58466,2024-01-17 10:22:36,93.47
16764,58467,2024-01-17 10:22:48,92.33
16765,58468,2024-01-17 10:23:00,92.02
16766,58469,2024-01-17 10:23:12,91.54
16767,58470,2024-01-17 10:23:24,90.93
16768,58471,2024-01-17 10:23:36,94.0
16769,58472,2024-01-17 10:23:48,94.79
16770,58473,2024-01-17 10:24:00,94.22
16771,58474,2024-01-17 10:24:12,92.77
16772,58475,2024-01-17 10:24:24,92.99
16773,58476,2024-01-17 10:24:36,92.64
16774,58477,2024-01-17 10:24:48,90.18
16775,58478,2024-01-17 10:25:00,91.67
16776,58479,2024-01-17 10:25:12,94.74
16777,58480,2024-01-17 10:25:24,94.48
16778,58481,2024-01-17 10:25:36,93.69
16779,58482,2024-01-17 10:25:48,92.77
16780,58483,2024-01-17 10:26:00,91.59
16781,58484,2024-01-17 10:26:12,91.32
16782,58485,2024-01-17 10:26:24,90.58
16783,58486,2024-01-17 10:26:36,93.21
16784,58487,2024-01-17 10:26:48,94.44
16785,58488,2024-01-17 10:27:00,93.34
16786,58489,2024-01-17 10:27:12,93.52
16787,58490,2024-01-17 10:27:24,93.03
16788,58491,2024-01-17 10:27:36,92.46
16789,58492,2024-01-17 10:27:48,91.85
16790,58493,2024-01-17 10:28:00,91.24
16791,58494,2024-01-17 10:28:12,94.79
16792,58495,2024-01-17 10:28:24,93.25
16793,58496,2024-01-17 10:28:36,93.34
16794,58497,2024-01-17 10:28:48,93.03
16795,58498,2024-01-17 10:29:00,92.68
16796,58499,2024-01-17 10:29:12,90.89
16797,58500,2024-01-17 10:29:24,91.19
16798,58501,2024-01-17 10:29:36,90.49
16799,58502,2024-01-17 10:29:48,93.16
16800,58503,2024-01-17 10:30:00,95.14
16801,58504,2024-01-17 10:30:12,93.69
16802,58505,2024-01-17 10:30:24,94.3
16803,58506,2024-01-17 10:30:36,94.0
16804,58507,2024-01-17 10:30:48,92.77
16805,58508,2024-01-17 10:31:00,92.81
16806,58509,2024-01-17 10:31:12,92.9
16807,58510,2024-01-17 10:31:24,92.95
16808,58511,2024-01-17 10:31:36,92.68
16809,58512,2024-01-17 10:31:48,92.46
16810,58513,2024-01-17 10:32:00,92.16
16811,58514,2024-01-17 10:32:12,91.76
16812,58515,2024-01-17 10:32:24,91.46
16813,58516,2024-01-17 10:32:36,90.71
16814,58517,2024-01-17 10:32:48,92.33
16815,58518,2024-01-17 10:33:00,95.31
16816,58519,2024-01-17 10:33:12,94.22
16817,58520,2024-01-17 10:33:24,93.47
16818,58521,2024-01-17 10:33:36,93.08
16819,58522,2024-01-17 10:33:48,92.9
16820,58523,2024-01-17 10:34:00,92.64
16821,58524,2024-01-17 10:34:12,91.72
16822,58525,2024-01-17 10:34:24,91.81
16823,58526,2024-01-17 10:34:36,90.84
16824,58527,2024-01-17 10:34:48,91.32
16825,58528,2024-01-17 10:35:00,91.32
16826,58529,2024-01-17 10:35:12,94.3
16827,58530,2024-01-17 10:35:24,94.44
16828,58531,2024-01-17 10:35:36,94.65
16829,58532,2024-01-17 10:35:48,93.52
16830,58533,2024-01-17 10:36:00,93.82
16831,58534,2024-01-17 10:36:12,93.21
16832,58535,2024-01-17 10:36:24,92.46
16833,58536,2024-01-17 10:36:36,93.25
16834,58537,2024-01-17 10:36:48,93.38
16835,58538,2024-01-17 10:37:00,92.68
16836,58539,2024-01-17 10:37:12,92.24
16837,58540,2024-01-17 10:37:24,91.81
16838,58541,2024-01-17 10:37:36,91.15
16839,58542,2024-01-17 10:37:48,91.06
16840,58543,2024-01-17 10:38:00,91.46
16841,58544,2024-01-17 10:38:12,92.16
16842,58545,2024-01-17 10:38:24,94.74
16843,58546,2024-01-17 10:38:36,94.52
16844,58547,2024-01-17 10:38:48,93.73
16845,58548,2024-01-17 10:39:00,93.47
16846,58549,2024-01-17 10:39:12,92.81
16847,58550,2024-01-17 10:39:24,92.24
16848,58551,2024-01-17 10:39:36,91.85
16849,58552,2024-01-17 10:39:48,91.19
16850,58553,2024-01-17 10:40:00,91.41
16851,58554,2024-01-17 10:40:12,92.02
16852,58555,2024-01-17 10:40:24,94.92
16853,58556,2024-01-17 10:40:36,94.04
16854,58557,2024-01-17 10:40:48,93.73
16855,58558,2024-01-17 10:41:00,94.39
16856,58559,2024-01-17 10:41:12,93.69
16857,58560,2024-01-17 10:41:24,93.47
16858,58561,2024-01-17 10:41:36,92.9
16859,58562,2024-01-17 10:41:48,91.89
16860,58563,2024-01-17 10:42:00,91.98
16861,58564,2024-01-17 10:42:12,91.32
16862,58565,2024-01-17 10:42:24,92.07
16863,58566,2024-01-17 10:42:36,94.48
16864,58567,2024-01-17 10:42:48,93.6
16865,58568,2024-01-17 10:43:00,93.69
16866,58569,2024-01-17 10:43:12,93.21
16867,58570,2024-01-17 10:43:24,92.33
16868,58571,2024-01-17 10:43:36,91.63
16869,58572,2024-01-17 10:43:48,91.41
16870,58573,2024-01-17 10:44:00,90.53
16871,58574,2024-01-17 10:44:12,94.13
16872,58575,2024-01-17 10:44:24,94.61
16873,58576,2024-01-17 10:44:36,93.47
16874,58577,2024-01-17 10:44:48,92.99
16875,58578,2024-01-17 10:45:00,92.95
16876,58579,2024-01-17 10:45:12,92.33
16877,58580,2024-01-17 10:45:24,91.5
16878,58581,2024-01-17 10:45:36,90.58
16879,58582,2024-01-17 10:45:48,94.44
16880,58583,2024-01-17 10:46:00,93.38
16881,58584,2024-01-17 10:46:12,93.69
16882,58585,2024-01-17 10:46:24,93.38
16883,58586,2024-01-17 10:46:36,92.24
16884,58587,2024-01-17 10:46:48,90.58
16885,58588,2024-01-17 10:47:00,91.24
16886,58589,2024-01-17 10:47:12,93.87
16887,58590,2024-01-17 10:47:24,94.09
16888,58591,2024-01-17 10:47:36,92.95
16889,58592,2024-01-17 10:47:48,92.81
16890,58593,2024-01-17 10:48:00,91.98
16891,58594,2024-01-17 10:48:12,92.2
16892,58595,2024-01-17 10:48:24,90.93
16893,58596,2024-01-17 10:48:36,91.1
16894,58597,2024-01-17 10:48:48,92.9
16895,58598,2024-01-17 10:49:00,95.09
16896,58599,2024-01-17 10:49:12,93.25
16897,58600,2024-01-17 10:49:24,93.38
16898,58601,2024-01-17 10:49:36,93.03
16899,58602,2024-01-17 10:49:48,92.59
16900,58603,2024-01-17 10:50:00,90.93
16901,58604,2024-01-17 10:50:12,90.62
16902,58605,2024-01-17 10:50:24,90.8
16903,58606,2024-01-17 10:50:36,94.04
16904,58607,2024-01-17 10:50:48,94.74
16905,58608,2024-01-17 10:51:00,93.87
16906,58609,2024-01-17 10:51:12,93.25
16907,58610,2024-01-17 10:51:24,93.16
16908,58611,2024-01-17 10:51:36,91.98
16909,58612,2024-01-17 10:51:48,91.85
16910,58613,2024-01-17 10:52:00,91.72
16911,58614,2024-01-17 10:52:12,90.93
16912,58615,2024-01-17 10:52:24,94.74
16913,58616,2024-01-17 10:52:36,94.48
16914,58617,2024-01-17 10:52:48,93.25
16915,58618,2024-01-17 10:53:00,93.82
16916,58619,2024-01-17 10:53:12,93.25
16917,58620,2024-01-17 10:53:24,91.37
16918,58621,2024-01-17 10:53:36,91.5
16919,58622,2024-01-17 10:53:48,90.97
16920,58623,2024-01-17 10:54:00,94.44
16921,58624,2024-01-17 10:54:12,94.74
16922,58625,2024-01-17 10:54:24,94.26
16923,58626,2024-01-17 10:54:36,92.9
16924,58627,2024-01-17 10:54:48,92.42
16925,58628,2024-01-17 10:55:00,91.76
16926,58629,2024-01-17 10:55:12,92.2
16927,58630,2024-01-17 10:55:24,91.24
16928,58631,2024-01-17 10:55:36,90.23
16929,58632,2024-01-17 10:55:48,93.82
16930,58633,2024-01-17 10:56:00,94.79
16931,58634,2024-01-17 10:56:12,94.0
16932,58635,2024-01-17 10:56:24,92.33
16933,58636,2024-01-17 10:56:36,92.68
16934,58637,2024-01-17 10:56:48,92.64
16935,58638,2024-01-17 10:57:00,92.11
16936,58639,2024-01-17 10:57:12,90.93
16937,58640,2024-01-17 10:57:24,92.68
16938,58641,2024-01-17 10:57:36,94.74
16939,58642,2024-01-17 10:57:48,93.69
16940,58643,2024-01-17 10:58:00,93.34
16941,58644,2024-01-17 10:58:12,93.03
16942,58645,2024-01-17 10:58:24,92.11
16943,58646,2024-01-17 10:58:36,91.46
16944,58647,2024-01-17 10:58:48,89.83
16945,58648,2024-01-17 10:59:00,94.04
16946,58649,2024-01-17 10:59:12,93.16
16947,58650,2024-01-17 10:59:24,93.34
16948,58651,2024-01-17 10:59:36,93.34
16949,58652,2024-01-17 10:59:48,92.29
16950,58653,2024-01-17 11:00:00,91.63
16951,58654,2024-01-17 11:00:12,92.16
16952,58655,2024-01-17 11:00:24,91.76
16953,58656,2024-01-17 11:00:36,90.62
16954,58657,2024-01-17 11:00:48,93.6
16955,58658,2024-01-17 11:01:00,93.95
16956,58659,2024-01-17 11:01:12,94.65
16957,58660,2024-01-17 11:01:24,93.6
16958,58661,2024-01-17 11:01:36,93.08
16959,58662,2024-01-17 11:01:48,91.89
16960,58663,2024-01-17 11:02:00,91.85
16961,58664,2024-01-17 11:02:12,91.94
16962,58665,2024-01-17 11:02:24,95.14
16963,58666,2024-01-17 11:02:36,93.95
16964,58667,2024-01-17 11:02:48,93.03
16965,58668,2024-01-17 11:03:00,91.76
16966,58669,2024-01-17 11:03:12,91.94
16967,58670,2024-01-17 11:03:24,90.97
16968,58671,2024-01-17 11:03:36,91.63
16969,58672,2024-01-17 11:03:48,95.05
16970,58673,2024-01-17 11:04:00,94.65
16971,58674,2024-01-17 11:04:12,93.3
16972,58675,2024-01-17 11:04:24,93.16
16973,58676,2024-01-17 11:04:36,92.86
16974,58677,2024-01-17 11:04:48,92.29
16975,58678,2024-01-17 11:05:00,91.59
16976,58679,2024-01-17 11:05:12,90.93
16977,58680,2024-01-17 11:05:24,93.87
16978,58681,2024-01-17 11:05:36,95.09
16979,58682,2024-01-17 11:05:48,93.78
16980,58683,2024-01-17 11:06:00,93.38
16981,58684,2024-01-17 11:06:12,92.51
16982,58685,2024-01-17 11:06:24,92.86
16983,58686,2024-01-17 11:06:36,92.07
16984,58687,2024-01-17 11:06:48,90.8
16985,58688,2024-01-17 11:07:00,92.42
16986,58689,2024-01-17 11:07:12,93.69
16987,58690,2024-01-17 11:07:24,94.13
16988,58691,2024-01-17 11:07:36,94.04
16989,58692,2024-01-17 11:07:48,92.42
16990,58693,2024-01-17 11:08:00,92.24
16991,58694,2024-01-17 11:08:12,91.98
16992,58695,2024-01-17 11:08:24,91.59
16993,58696,2024-01-17 11:08:36,90.97
16994,58697,2024-01-17 11:08:48,95.27
16995,58698,2024-01-17 11:09:00,95.05
16996,58699,2024-01-17 11:09:12,94.35
16997,58700,2024-01-17 11:09:24,93.34
16998,58701,2024-01-17 11:09:36,93.03
16999,58702,2024-01-17 11:09:48,92.81
17000,58703,2024-01-17 11:10:00,91.85
17001,58704,2024-01-17 11:10:12,91.76
17002,58705,2024-01-17 11:10:24,90.71
17003,58706,2024-01-17 11:10:36,93.52
17004,58707,2024-01-17 11:10:48,94.74
17005,58708,2024-01-17 11:11:00,93.95
17006,58709,2024-01-17 11:11:12,93.73
17007,58710,2024-01-17 11:11:24,93.25
17008,58711,2024-01-17 11:11:36,91.98
17009,58712,2024-01-17 11:11:48,92.16
17010,58713,2024-01-17 11:12:00,91.32
17011,58714,2024-01-17 11:12:12,90.8
17012,58715,2024-01-17 11:12:24,93.69
17013,58716,2024-01-17 11:12:36,94.26
17014,58717,2024-01-17 11:12:48,93.6
17015,58718,2024-01-17 11:13:00,92.38
17016,58719,2024-01-17 11:13:12,92.77
17017,58720,2024-01-17 11:13:24,92.2
17018,58721,2024-01-17 11:13:36,91.94
17019,58722,2024-01-17 11:13:48,91.24
17020,58723,2024-01-17 11:14:00,90.49
17021,58724,2024-01-17 11:14:12,93.91
17022,58725,2024-01-17 11:14:24,94.22
17023,58726,2024-01-17 11:14:36,93.91
17024,58727,2024-01-17 11:14:48,93.38
17025,58728,2024-01-17 11:15:00,92.42
17026,58729,2024-01-17 11:15:12,92.68
17027,58730,2024-01-17 11:15:24,92.38
17028,58731,2024-01-17 11:15:36,91.63
17029,58732,2024-01-17 11:15:48,91.37
17030,58733,2024-01-17 11:16:00,94.79
17031,58734,2024-01-17 11:16:12,94.0
17032,58735,2024-01-17 11:16:24,94.7
17033,58736,2024-01-17 11:16:36,93.91
17034,58737,2024-01-17 11:16:48,92.99
17035,58738,2024-01-17 11:17:00,91.63
17036,58739,2024-01-17 11:17:12,91.15
17037,58740,2024-01-17 11:17:24,91.67
17038,58741,2024-01-17 11:17:36,91.41
17039,58742,2024-01-17 11:17:48,94.87
17040,58743,2024-01-17 11:18:00,93.87
17041,58744,2024-01-17 11:18:12,93.38
17042,58745,2024-01-17 11:18:24,92.9
17043,58746,2024-01-17 11:18:36,93.21
17044,58747,2024-01-17 11:18:48,92.55
17045,58748,2024-01-17 11:19:00,91.76
17046,58749,2024-01-17 11:19:12,92.33
17047,58750,2024-01-17 11:19:24,92.38
17048,58751,2024-01-17 11:19:36,92.33
17049,58752,2024-01-17 11:19:48,91.59
17050,58753,2024-01-17 11:20:00,91.24
17051,58754,2024-01-17 11:20:12,91.63
17052,58755,2024-01-17 11:20:24,95.01
17053,58756,2024-01-17 11:20:36,94.04
17054,58757,2024-01-17 11:20:48,92.9
17055,58758,2024-01-17 11:21:00,93.16
17056,58759,2024-01-17 11:21:12,92.68
17057,58760,2024-01-17 11:21:24,91.5
17058,58761,2024-01-17 11:21:36,91.41
17059,58762,2024-01-17 11:21:48,90.93
17060,58763,2024-01-17 11:22:00,95.44
17061,58764,2024-01-17 11:22:12,94.17
17062,58765,2024-01-17 11:22:24,92.9
17063,58766,2024-01-17 11:22:36,93.21
17064,58767,2024-01-17 11:22:48,93.25
17065,58768,2024-01-17 11:23:00,92.51
17066,58769,2024-01-17 11:23:12,92.68
17067,58770,2024-01-17 11:23:24,90.58
17068,58771,2024-01-17 11:23:36,90.18
17069,58772,2024-01-17 11:23:48,94.57
17070,58773,2024-01-17 11:24:00,93.73
17071,58774,2024-01-17 11:24:12,93.52
17072,58775,2024-01-17 11:24:24,93.6
17073,58776,2024-01-17 11:24:36,92.73
17074,58777,2024-01-17 11:24:48,91.19
17075,58778,2024-01-17 11:25:00,91.5
17076,58779,2024-01-17 11:25:12,91.32
17077,58780,2024-01-17 11:25:24,93.56
17078,58781,2024-01-17 11:25:36,94.7
17079,58782,2024-01-17 11:25:48,94.09
17080,58783,2024-01-17 11:26:00,93.25
17081,58784,2024-01-17 11:26:12,92.59
17082,58785,2024-01-17 11:26:24,91.98
17083,58786,2024-01-17 11:26:36,91.02
17084,58787,2024-01-17 11:26:48,91.32
17085,58788,2024-01-17 11:27:00,94.7
17086,58789,2024-01-17 11:27:12,93.73
17087,58790,2024-01-17 11:27:24,93.16
17088,58791,2024-01-17 11:27:36,92.46
17089,58792,2024-01-17 11:27:48,91.94
17090,58793,2024-01-17 11:28:00,91.76
17091,58794,2024-01-17 11:28:12,91.19
17092,58795,2024-01-17 11:28:24,94.79
17093,58796,2024-01-17 11:28:36,93.87
17094,58797,2024-01-17 11:28:48,94.09
17095,58798,2024-01-17 11:29:00,93.25
17096,58799,2024-01-17 11:29:12,92.51
17097,58800,2024-01-17 11:29:24,91.54
17098,58801,2024-01-17 11:29:36,91.54
17099,58802,2024-01-17 11:29:48,90.58
17100,58803,2024-01-17 11:30:00,94.35
17101,58804,2024-01-17 11:30:12,94.48
17102,58805,2024-01-17 11:30:24,93.87
17103,58806,2024-01-17 11:30:36,92.99
17104,58807,2024-01-17 11:30:48,92.73
17105,58808,2024-01-17 11:31:00,92.73
17106,58809,2024-01-17 11:31:12,91.5
17107,58810,2024-01-17 11:31:24,91.15
17108,58811,2024-01-17 11:31:36,92.64
17109,58812,2024-01-17 11:31:48,94.74
17110,58813,2024-01-17 11:32:00,92.86
17111,58814,2024-01-17 11:32:12,93.16
17112,58815,2024-01-17 11:32:24,92.77
17113,58816,2024-01-17 11:32:36,91.5
17114,58817,2024-01-17 11:32:48,91.15
17115,58818,2024-01-17 11:33:00,91.37
17116,58819,2024-01-17 11:33:12,90.58
17117,58820,2024-01-17 11:33:24,94.13
17118,58821,2024-01-17 11:33:36,93.82
17119,58822,2024-01-17 11:33:48,94.0
17120,58823,2024-01-17 11:34:00,93.12
17121,58824,2024-01-17 11:34:12,92.81
17122,58825,2024-01-17 11:34:24,92.46
17123,58826,2024-01-17 11:34:36,91.63
17124,58827,2024-01-17 11:34:48,90.8
17125,58828,2024-01-17 11:35:00,93.73
17126,58829,2024-01-17 11:35:12,93.6
17127,58830,2024-01-17 11:35:24,94.17
17128,58831,2024-01-17 11:35:36,93.69
17129,58832,2024-01-17 11:35:48,92.46
17130,58833,2024-01-17 11:36:00,91.94
17131,58834,2024-01-17 11:36:12,91.85
17132,58835,2024-01-17 11:36:24,91.81
17133,58836,2024-01-17 11:36:36,92.29
17134,58837,2024-01-17 11:36:48,94.22
17135,58838,2024-01-17 11:37:00,93.82
17136,58839,2024-01-17 11:37:12,93.6
17137,58840,2024-01-17 11:37:24,92.42
17138,58841,2024-01-17 11:37:36,92.64
17139,58842,2024-01-17 11:37:48,91.54
17140,58843,2024-01-17 11:38:00,91.24
17141,58844,2024-01-17 11:38:12,93.34
17142,58845,2024-01-17 11:38:24,94.04
17143,58846,2024-01-17 11:38:36,93.6
17144,58847,2024-01-17 11:38:48,92.99
17145,58848,2024-01-17 11:39:00,92.38
17146,58849,2024-01-17 11:39:12,93.16
17147,58850,2024-01-17 11:39:24,92.02
17148,58851,2024-01-17 11:39:36,91.5
17149,58852,2024-01-17 11:39:48,90.67
17150,58853,2024-01-17 11:40:00,92.59
17151,58854,2024-01-17 11:40:12,94.48
17152,58855,2024-01-17 11:40:24,94.44
17153,58856,2024-01-17 11:40:36,93.6
17154,58857,2024-01-17 11:40:48,92.55
17155,58858,2024-01-17 11:41:00,91.06
17156,58859,2024-01-17 11:41:12,90.89
17157,58860,2024-01-17 11:41:24,90.05
17158,58861,2024-01-17 11:41:36,94.39
17159,58862,2024-01-17 11:41:48,94.22
17160,58863,2024-01-17 11:42:00,94.22
17161,58864,2024-01-17 11:42:12,92.46
17162,58865,2024-01-17 11:42:24,91.94
17163,58866,2024-01-17 11:42:36,91.59
17164,58867,2024-01-17 11:42:48,91.76
17165,58868,2024-01-17 11:43:00,90.71
17166,58869,2024-01-17 11:43:12,92.55
17167,58870,2024-01-17 11:43:24,94.83
17168,58871,2024-01-17 11:43:36,94.79
17169,58872,2024-01-17 11:43:48,93.91
17170,58873,2024-01-17 11:44:00,92.99
17171,58874,2024-01-17 11:44:12,92.29
17172,58875,2024-01-17 11:44:24,91.76
17173,58876,2024-01-17 11:44:36,91.46
17174,58877,2024-01-17 11:44:48,91.15
17175,58878,2024-01-17 11:45:00,93.16
17176,58879,2024-01-17 11:45:12,94.61
17177,58880,2024-01-17 11:45:24,94.04
17178,58881,2024-01-17 11:45:36,92.81
17179,58882,2024-01-17 11:45:48,92.59
17180,58883,2024-01-17 11:46:00,92.68
17181,58884,2024-01-17 11:46:12,91.59
17182,58885,2024-01-17 11:46:24,90.97
17183,58886,2024-01-17 11:46:36,90.89
17184,58887,2024-01-17 11:46:48,95.09
17185,58888,2024-01-17 11:47:00,94.52
17186,58889,2024-01-17 11:47:12,94.39
17187,58890,2024-01-17 11:47:24,93.38
17188,58891,2024-01-17 11:47:36,92.55
17189,58892,2024-01-17 11:47:48,92.33
17190,58893,2024-01-17 11:48:00,91.06
17191,58894,2024-01-17 11:48:12,90.67
17192,58895,2024-01-17 11:48:24,93.6
17193,58896,2024-01-17 11:48:36,94.74
17194,58897,2024-01-17 11:48:48,94.44
17195,58898,2024-01-17 11:49:00,93.78
17196,58899,2024-01-17 11:49:12,93.34
17197,58900,2024-01-17 11:49:24,92.07
17198,58901,2024-01-17 11:49:36,91.24
17199,58902,2024-01-17 11:49:48,91.46
17200,58903,2024-01-17 11:50:00,91.54
17201,58904,2024-01-17 11:50:12,94.35
17202,58905,2024-01-17 11:50:24,94.22
17203,58906,2024-01-17 11:50:36,93.6
17204,58907,2024-01-17 11:50:48,92.95
17205,58908,2024-01-17 11:51:00,92.64
17206,58909,2024-01-17 11:51:12,91.06
17207,58910,2024-01-17 11:51:24,90.8
17208,58911,2024-01-17 11:51:36,91.32
17209,58912,2024-01-17 11:51:48,94.17
17210,58913,2024-01-17 11:52:00,94.13
17211,58914,2024-01-17 11:52:12,93.12
17212,58915,2024-01-17 11:52:24,92.9
17213,58916,2024-01-17 11:52:36,91.67
17214,58917,2024-01-17 11:52:48,91.98
17215,58918,2024-01-17 11:53:00,91.19
17216,58919,2024-01-17 11:53:12,90.58
17217,58920,2024-01-17 11:53:24,93.95
17218,58921,2024-01-17 11:53:36,95.09
17219,58922,2024-01-17 11:53:48,94.13
17220,58923,2024-01-17 11:54:00,93.73
17221,58924,2024-01-17 11:54:12,92.99
17222,58925,2024-01-17 11:54:24,91.98
17223,58926,2024-01-17 11:54:36,91.85
17224,58927,2024-01-17 11:54:48,91.24
17225,58928,2024-01-17 11:55:00,91.1
17226,58929,2024-01-17 11:55:12,95.79
17227,58930,2024-01-17 11:55:24,94.44
17228,58931,2024-01-17 11:55:36,94.22
17229,58932,2024-01-17 11:55:48,93.16
17230,58933,2024-01-17 11:56:00,92.64
17231,58934,2024-01-17 11:56:12,91.89
17232,58935,2024-01-17 11:56:24,91.76
17233,58936,2024-01-17 11:56:36,91.63
17234,58937,2024-01-17 11:56:48,91.63
17235,58938,2024-01-17 11:57:00,94.65
17236,58939,2024-01-17 11:57:12,94.79
17237,58940,2024-01-17 11:57:24,93.78
17238,58941,2024-01-17 11:57:36,94.44
17239,58942,2024-01-17 11:57:48,94.57
17240,58943,2024-01-17 11:58:00,93.25
17241,58944,2024-01-17 11:58:12,92.95
17242,58945,2024-01-17 11:58:24,93.08
17243,58946,2024-01-17 11:58:36,92.42
17244,58947,2024-01-17 11:58:48,91.46
17245,58948,2024-01-17 11:59:00,91.46
17246,58949,2024-01-17 11:59:12,93.69
17247,58950,2024-01-17 11:59:24,94.57
17248,58951,2024-01-17 11:59:36,94.04
17249,58952,2024-01-17 11:59:48,93.87
17250,58953,2024-01-17 12:00:00,93.38
17251,58954,2024-01-17 12:00:12,93.47
17252,58955,2024-01-17 12:00:24,93.95
17253,58956,2024-01-17 12:00:36,94.48
17254,58957,2024-01-17 12:00:48,94.92
17255,58958,2024-01-17 12:01:00,94.26
17256,58959,2024-01-17 12:01:12,94.79
17257,58960,2024-01-17 12:01:24,95.97
17258,58961,2024-01-17 12:01:36,95.62
17259,58962,2024-01-17 12:01:48,96.19
17260,58963,2024-01-17 12:02:00,96.76
17261,58964,2024-01-17 12:02:12,96.76
17262,58965,2024-01-17 12:02:24,97.68
17263,58966,2024-01-17 12:02:36,97.42
17264,58967,2024-01-17 12:02:48,97.11
17265,58968,2024-01-17 12:03:00,97.94
17266,58969,2024-01-17 12:03:12,98.73
17267,58970,2024-01-17 12:03:24,98.12
17268,58971,2024-01-17 12:03:36,99.3
17269,58972,2024-01-17 12:03:48,99.48
17270,58973,2024-01-17 12:04:00,99.65
17271,58974,2024-01-17 12:04:12,99.78
17272,58975,2024-01-17 12:04:24,99.21
17273,58976,2024-01-17 12:04:36,99.96
17274,58977,2024-01-17 12:04:48,100.92
17275,58978,2024-01-17 12:05:00,101.19
17276,58979,2024-01-17 12:05:12,100.53
17277,58980,2024-01-17 12:05:24,101.58
17278,58981,2024-01-17 12:05:36,101.76
17279,58982,2024-01-17 12:05:48,101.58
17280,58983,2024-01-17 12:06:00,101.45
17281,58984,2024-01-17 12:06:12,102.15
17282,58985,2024-01-17 12:06:24,102.46
17283,58986,2024-01-17 12:06:36,102.72
17284,58987,2024-01-17 12:06:48,102.98
17285,58988,2024-01-17 12:07:00,103.68
17286,58989,2024-01-17 12:07:12,103.86
17287,58990,2024-01-17 12:07:24,103.9
17288,58991,2024-01-17 12:07:36,103.86
17289,58992,2024-01-17 12:07:48,103.64
17290,58993,2024-01-17 12:08:00,103.82
17291,58994,2024-01-17 12:08:12,104.61
17292,58995,2024-01-17 12:08:24,105.17
17293,58996,2024-01-17 12:08:36,105.44
17294,58997,2024-01-17 12:08:48,105.83
17295,58998,2024-01-17 12:09:00,105.39
17296,58999,2024-01-17 12:09:12,105.96
17297,59000,2024-01-17 12:09:24,105.66
17298,59001,2024-01-17 12:09:36,105.66
17299,59002,2024-01-17 12:09:48,106.1
17300,59003,2024-01-17 12:10:00,107.19
17301,59004,2024-01-17 12:10:12,107.15
17302,59005,2024-01-17 12:10:24,107.76
17303,59006,2024-01-17 12:10:36,107.5
17304,59007,2024-01-17 12:10:48,107.37
17305,59008,2024-01-17 12:11:00,108.2
17306,59009,2024-01-17 12:11:12,106.67
17307,59010,2024-01-17 12:11:24,107.94
17308,59011,2024-01-17 12:11:36,108.77
17309,59012,2024-01-17 12:11:48,108.59
17310,59013,2024-01-17 12:12:00,108.51
17311,59014,2024-01-17 12:12:12,109.25
17312,59015,2024-01-17 12:12:24,108.68
17313,59016,2024-01-17 12:12:36,109.47
17314,59017,2024-01-17 12:12:48,109.73
17315,59018,2024-01-17 12:13:00,109.3
17316,59019,2024-01-17 12:13:12,110.17
17317,59020,2024-01-17 12:13:24,109.65
17318,59021,2024-01-17 12:13:36,109.82
17319,59022,2024-01-17 12:13:48,110.35
17320,59023,2024-01-17 12:14:00,110.0
17321,59024,2024-01-17 12:14:12,111.18
17322,59025,2024-01-17 12:14:24,110.87
17323,59026,2024-01-17 12:14:36,111.57
17324,59027,2024-01-17 12:14:48,111.57
17325,59028,2024-01-17 12:15:00,111.44
17326,59029,2024-01-17 12:15:12,111.93
17327,59030,2024-01-17 12:15:24,111.93
17328,59031,2024-01-17 12:15:36,112.28
17329,59032,2024-01-17 12:15:48,112.85
17330,59033,2024-01-17 12:16:00,111.49
17331,59034,2024-01-17 12:16:12,112.8
17332,59035,2024-01-17 12:16:24,112.54
17333,59036,2024-01-17 12:16:36,112.93
17334,59037,2024-01-17 12:16:48,113.15
17335,59038,2024-01-17 12:17:00,113.5
17336,59039,2024-01-17 12:17:12,113.85
17337,59040,2024-01-17 12:17:24,113.68
17338,59041,2024-01-17 12:17:36,114.29
17339,59042,2024-01-17 12:17:48,113.9
17340,59043,2024-01-17 12:18:00,113.77
17341,59044,2024-01-17 12:18:12,114.16
17342,59045,2024-01-17 12:18:24,114.2
17343,59046,2024-01-17 12:18:36,114.25
17344,59047,2024-01-17 12:18:48,115.83
17345,59048,2024-01-17 12:19:00,115.3
17346,59049,2024-01-17 12:19:12,115.34
17347,59050,2024-01-17 12:19:24,115.52
17348,59051,2024-01-17 12:19:36,115.83
17349,59052,2024-01-17 12:19:48,116.44
17350,59053,2024-01-17 12:20:00,115.08
17351,59054,2024-01-17 12:20:12,116.66
17352,59055,2024-01-17 12:20:24,115.96
17353,59056,2024-01-17 12:20:36,116.09
17354,59057,2024-01-17 12:20:48,116.22
17355,59058,2024-01-17 12:21:00,116.35
17356,59059,2024-01-17 12:21:12,117.19
17357,59060,2024-01-17 12:21:24,117.23
17358,59061,2024-01-17 12:21:36,117.01
17359,59062,2024-01-17 12:21:48,117.23
17360,59063,2024-01-17 12:22:00,117.58
17361,59064,2024-01-17 12:22:12,117.67
17362,59065,2024-01-17 12:22:24,118.76
17363,59066,2024-01-17 12:22:36,117.93
17364,59067,2024-01-17 12:22:48,117.54
17365,59068,2024-01-17 12:23:00,118.68
17366,59069,2024-01-17 12:23:12,118.85
17367,59070,2024-01-17 12:23:24,119.25
17368,59071,2024-01-17 12:23:36,118.85
17369,59072,2024-01-17 12:23:48,118.72
17370,59073,2024-01-17 12:24:00,118.63
17371,59074,2024-01-17 12:24:12,119.03
17372,59075,2024-01-17 12:24:24,119.38
17373,59076,2024-01-17 12:24:36,120.17
17374,59077,2024-01-17 12:24:48,119.29
17375,59078,2024-01-17 12:25:00,119.77
17376,59079,2024-01-17 12:25:12,121.31
17377,59080,2024-01-17 12:25:24,120.95
17378,59081,2024-01-17 12:25:36,121.09
17379,59082,2024-01-17 12:25:48,121.0
17380,59083,2024-01-17 12:26:00,121.09
17381,59084,2024-01-17 12:26:12,121.22
17382,59085,2024-01-17 12:26:24,121.39
17383,59086,2024-01-17 12:26:36,122.05
17384,59087,2024-01-17 12:26:48,121.04
17385,59088,2024-01-17 12:27:00,122.27
17386,59089,2024-01-17 12:27:12,120.95
17387,59090,2024-01-17 12:27:24,122.49
17388,59091,2024-01-17 12:27:36,122.01
17389,59092,2024-01-17 12:27:48,122.62
17390,59093,2024-01-17 12:28:00,122.8
17391,59094,2024-01-17 12:28:12,123.32
17392,59095,2024-01-17 12:28:24,122.84
17393,59096,2024-01-17 12:28:36,123.19
17394,59097,2024-01-17 12:28:48,123.32
17395,59098,2024-01-17 12:29:00,123.15
17396,59099,2024-01-17 12:29:12,123.19
17397,59100,2024-01-17 12:29:24,124.11
17398,59101,2024-01-17 12:29:36,123.54
17399,59102,2024-01-17 12:29:48,123.67
17400,59103,2024-01-17 12:30:00,124.02
17401,59104,2024-01-17 12:30:12,123.58
17402,59105,2024-01-17 12:30:24,123.01
17403,59106,2024-01-17 12:30:36,122.53
17404,59107,2024-01-17 12:30:48,122.01
17405,59108,2024-01-17 12:31:00,121.52
17406,59109,2024-01-17 12:31:12,121.04
17407,59110,2024-01-17 12:31:24,120.6
17408,59111,2024-01-17 12:31:36,120.17
17409,59112,2024-01-17 12:31:48,119.68
17410,59113,2024-01-17 12:32:00,119.2
17411,59114,2024-01-17 12:32:12,118.81
17412,59115,2024-01-17 12:32:24,118.41
17413,59116,2024-01-17 12:32:36,117.97
17414,59117,2024-01-17 12:32:48,117.54
17415,59118,2024-01-17 12:33:00,117.05
17416,59119,2024-01-17 12:33:12,116.53
17417,59120,2024-01-17 12:33:24,116.22
17418,59121,2024-01-17 12:33:36,115.78
17419,59122,2024-01-17 12:33:48,115.04
17420,59123,2024-01-17 12:34:00,114.03
17421,59124,2024-01-17 12:34:12,112.8
17422,59125,2024-01-17 12:34:24,111.62
17423,59126,2024-01-17 12:34:36,110.48
17424,59127,2024-01-17 12:34:48,109.3
17425,59128,2024-01-17 12:35:00,108.07
17426,59129,2024-01-17 12:35:12,106.88
17427,59130,2024-01-17 12:35:24,105.66
17428,59131,2024-01-17 12:35:36,104.52
17429,59132,2024-01-17 12:35:48,103.51
17430,59133,2024-01-17 12:36:00,102.46
17431,59134,2024-01-17 12:36:12,101.45
17432,59135,2024-01-17 12:36:24,100.35
17433,59136,2024-01-17 12:36:36,99.35
17434,59137,2024-01-17 12:36:48,98.16
17435,59138,2024-01-17 12:37:00,98.07
17436,59139,2024-01-17 12:37:12,98.07
17437,59140,2024-01-17 12:37:24,98.21
17438,59141,2024-01-17 12:37:36,96.98
17439,59142,2024-01-17 12:37:48,97.64
17440,59143,2024-01-17 12:38:00,96.19
17441,59144,2024-01-17 12:38:12,97.2
17442,59145,2024-01-17 12:38:24,97.07
17443,59146,2024-01-17 12:38:36,96.41
17444,59147,2024-01-17 12:38:48,94.65
17445,59148,2024-01-17 12:39:00,94.92
17446,59149,2024-01-17 12:39:12,95.01
17447,59150,2024-01-17 12:39:24,94.26
17448,59151,2024-01-17 12:39:36,94.44
17449,59152,2024-01-17 12:39:48,93.65
17450,59153,2024-01-17 12:40:00,92.64
17451,59154,2024-01-17 12:40:12,92.51
17452,59155,2024-01-17 12:40:24,93.16
17453,59156,2024-01-17 12:40:36,92.16
17454,59157,2024-01-17 12:40:48,92.33
17455,59158,2024-01-17 12:41:00,91.59
17456,59159,2024-01-17 12:41:12,91.46
17457,59160,2024-01-17 12:41:24,90.49
17458,59161,2024-01-17 12:41:36,94.09
17459,59162,2024-01-17 12:41:48,94.65
17460,59163,2024-01-17 12:42:00,94.39
17461,59164,2024-01-17 12:42:12,93.52
17462,59165,2024-01-17 12:42:24,92.68
17463,59166,2024-01-17 12:42:36,91.89
17464,59167,2024-01-17 12:42:48,91.89
17465,59168,2024-01-17 12:43:00,91.02
17466,59169,2024-01-17 12:43:12,90.45
17467,59170,2024-01-17 12:43:24,94.83
17468,59171,2024-01-17 12:43:36,93.3
17469,59172,2024-01-17 12:43:48,93.47
17470,59173,2024-01-17 12:44:00,92.81
17471,59174,2024-01-17 12:44:12,92.46
17472,59175,2024-01-17 12:44:24,91.98
17473,59176,2024-01-17 12:44:36,91.06
17474,59177,2024-01-17 12:44:48,90.18
17475,59178,2024-01-17 12:45:00,92.38
17476,59179,2024-01-17 12:45:12,93.6
17477,59180,2024-01-17 12:45:24,92.95
17478,59181,2024-01-17 12:45:36,93.25
17479,59182,2024-01-17 12:45:48,92.16
17480,59183,2024-01-17 12:46:00,91.06
17481,59184,2024-01-17 12:46:12,91.41
17482,59185,2024-01-17 12:46:24,94.3
17483,59186,2024-01-17 12:46:36,94.44
17484,59187,2024-01-17 12:46:48,93.78
17485,59188,2024-01-17 12:47:00,93.21
17486,59189,2024-01-17 12:47:12,93.47
17487,59190,2024-01-17 12:47:24,92.64
17488,59191,2024-01-17 12:47:36,90.93
17489,59192,2024-01-17 12:47:48,91.15
17490,59193,2024-01-17 12:48:00,94.04
17491,59194,2024-01-17 12:48:12,94.57
17492,59195,2024-01-17 12:48:24,93.73
17493,59196,2024-01-17 12:48:36,93.25
17494,59197,2024-01-17 12:48:48,92.2
17495,59198,2024-01-17 12:49:00,91.89
17496,59199,2024-01-17 12:49:12,91.81
17497,59200,2024-01-17 12:49:24,91.5
17498,59201,2024-01-17 12:49:36,95.53
17499,59202,2024-01-17 12:49:48,93.69
17500,59203,2024-01-17 12:50:00,94.17
17501,59204,2024-01-17 12:50:12,93.12
17502,59205,2024-01-17 12:50:24,92.73
17503,59206,2024-01-17 12:50:36,92.29
17504,59207,2024-01-17 12:50:48,91.24
17505,59208,2024-01-17 12:51:00,92.2
17506,59209,2024-01-17 12:51:12,91.15
17507,59210,2024-01-17 12:51:24,91.5
17508,59211,2024-01-17 12:51:36,92.11
17509,59212,2024-01-17 12:51:48,91.1
17510,59213,2024-01-17 12:52:00,90.53
17511,59214,2024-01-17 12:52:12,94.52
17512,59215,2024-01-17 12:52:24,95.14
17513,59216,2024-01-17 12:52:36,93.65
17514,59217,2024-01-17 12:52:48,93.6
17515,59218,2024-01-17 12:53:00,93.25
17516,59219,2024-01-17 12:53:12,92.81
17517,59220,2024-01-17 12:53:24,92.11
17518,59221,2024-01-17 12:53:36,91.28
17519,59222,2024-01-17 12:53:48,91.24
17520,59223,2024-01-17 12:54:00,91.24
17521,59224,2024-01-17 12:54:12,93.56
17522,59225,2024-01-17 12:54:24,94.74
17523,59226,2024-01-17 12:54:36,93.91
17524,59227,2024-01-17 12:54:48,93.73
17525,59228,2024-01-17 12:55:00,92.86
17526,59229,2024-01-17 12:55:12,93.34
17527,59230,2024-01-17 12:55:24,92.33
17528,59231,2024-01-17 12:55:36,91.46
17529,59232,2024-01-17 12:55:48,91.85
17530,59233,2024-01-17 12:56:00,91.37
17531,59234,2024-01-17 12:56:12,92.86
17532,59235,2024-01-17 12:56:24,94.57
17533,59236,2024-01-17 12:56:36,94.09
17534,59237,2024-01-17 12:56:48,93.95
17535,59238,2024-01-17 12:57:00,93.52
17536,59239,2024-01-17 12:57:12,92.64
17537,59240,2024-01-17 12:57:24,91.85
17538,59241,2024-01-17 12:57:36,91.94
17539,59242,2024-01-17 12:57:48,90.75
17540,59243,2024-01-17 12:58:00,90.4
17541,59244,2024-01-17 12:58:12,93.47
17542,59245,2024-01-17 12:58:24,93.6
17543,59246,2024-01-17 12:58:36,93.65
17544,59247,2024-01-17 12:58:48,93.78
17545,59248,2024-01-17 12:59:00,92.51
17546,59249,2024-01-17 12:59:12,93.12
17547,59250,2024-01-17 12:59:24,92.38
17548,59251,2024-01-17 12:59:36,91.98
17549,59252,2024-01-17 12:59:48,90.58
17550,59253,2024-01-17 13:00:00,91.06
17551,59254,2024-01-17 13:00:12,94.52
17552,59255,2024-01-17 13:00:24,93.95
17553,59256,2024-01-17 13:00:36,93.12
17554,59257,2024-01-17 13:00:48,92.73
17555,59258,2024-01-17 13:01:00,92.77
17556,59259,2024-01-17 13:01:12,91.98
17557,59260,2024-01-17 13:01:24,92.16
17558,59261,2024-01-17 13:01:36,90.89
17559,59262,2024-01-17 13:01:48,90.75
17560,59263,2024-01-17 13:02:00,93.03
17561,59264,2024-01-17 13:02:12,94.17
17562,59265,2024-01-17 13:02:24,94.57
17563,59266,2024-01-17 13:02:36,93.34
17564,59267,2024-01-17 13:02:48,92.99
17565,59268,2024-01-17 13:03:00,92.64
17566,59269,2024-01-17 13:03:12,91.89
17567,59270,2024-01-17 13:03:24,91.81
17568,59271,2024-01-17 13:03:36,91.76
17569,59272,2024-01-17 13:03:48,91.81
17570,59273,2024-01-17 13:04:00,95.36
17571,59274,2024-01-17 13:04:12,94.74
17572,59275,2024-01-17 13:04:24,94.44
17573,59276,2024-01-17 13:04:36,93.38
17574,59277,2024-01-17 13:04:48,93.03
17575,59278,2024-01-17 13:05:00,92.16
17576,59279,2024-01-17 13:05:12,91.59
17577,59280,2024-01-17 13:05:24,91.41
17578,59281,2024-01-17 13:05:36,91.32
17579,59282,2024-01-17 13:05:48,93.21
17580,59283,2024-01-17 13:06:00,95.36
17581,59284,2024-01-17 13:06:12,94.17
17582,59285,2024-01-17 13:06:24,94.22
17583,59286,2024-01-17 13:06:36,93.47
17584,59287,2024-01-17 13:06:48,92.99
17585,59288,2024-01-17 13:07:00,91.63
17586,59289,2024-01-17 13:07:12,91.32
17587,59290,2024-01-17 13:07:24,91.59
17588,59291,2024-01-17 13:07:36,91.72
17589,59292,2024-01-17 13:07:48,92.38
17590,59293,2024-01-17 13:08:00,94.39
17591,59294,2024-01-17 13:08:12,94.61
17592,59295,2024-01-17 13:08:24,93.16
17593,59296,2024-01-17 13:08:36,93.78
17594,59297,2024-01-17 13:08:48,93.3
17595,59298,2024-01-17 13:09:00,92.51
17596,59299,2024-01-17 13:09:12,92.55
17597,59300,2024-01-17 13:09:24,92.16
17598,59301,2024-01-17 13:09:36,90.75
17599,59302,2024-01-17 13:09:48,91.24
17600,59303,2024-01-17 13:10:00,91.81
17601,59304,2024-01-17 13:10:12,91.19
17602,59305,2024-01-17 13:10:24,91.32
17603,59306,2024-01-17 13:10:36,91.85
17604,59307,2024-01-17 13:10:48,95.31
17605,59308,2024-01-17 13:11:00,94.09
17606,59309,2024-01-17 13:11:12,94.13
17607,59310,2024-01-17 13:11:24,93.38
17608,59311,2024-01-17 13:11:36,92.33
17609,59312,2024-01-17 13:11:48,92.29
17610,59313,2024-01-17 13:12:00,92.11
17611,59314,2024-01-17 13:12:12,92.07
17612,59315,2024-01-17 13:12:24,91.76
17613,59316,2024-01-17 13:12:36,90.67
17614,59317,2024-01-17 13:12:48,92.29
17615,59318,2024-01-17 13:13:00,94.35
17616,59319,2024-01-17 13:13:12,94.44
17617,59320,2024-01-17 13:13:24,94.0
17618,59321,2024-01-17 13:13:36,93.38
17619,59322,2024-01-17 13:13:48,92.46
17620,59323,2024-01-17 13:14:00,92.81
17621,59324,2024-01-17 13:14:12,91.37
17622,59325,2024-01-17 13:14:24,91.89
17623,59326,2024-01-17 13:14:36,90.67
17624,59327,2024-01-17 13:14:48,93.52
17625,59328,2024-01-17 13:15:00,94.39
17626,59329,2024-01-17 13:15:12,94.26
17627,59330,2024-01-17 13:15:24,93.52
17628,59331,2024-01-17 13:15:36,92.68
17629,59332,2024-01-17 13:15:48,92.9
17630,59333,2024-01-17 13:16:00,92.55
17631,59334,2024-01-17 13:16:12,91.54
17632,59335,2024-01-17 13:16:24,91.59
17633,59336,2024-01-17 13:16:36,91.54
17634,59337,2024-01-17 13:16:48,95.44
17635,59338,2024-01-17 13:17:00,94.79
17636,59339,2024-01-17 13:17:12,93.69
17637,59340,2024-01-17 13:17:24,93.52
17638,59341,2024-01-17 13:17:36,92.11
17639,59342,2024-01-17 13:17:48,92.64
17640,59343,2024-01-17 13:18:00,92.29
17641,59344,2024-01-17 13:18:12,91.5
17642,59345,2024-01-17 13:18:24,91.63
17643,59346,2024-01-17 13:18:36,91.24
17644,59347,2024-01-17 13:18:48,93.38
17645,59348,2024-01-17 13:19:00,94.39
17646,59349,2024-01-17 13:19:12,94.3
17647,59350,2024-01-17 13:19:24,93.25
17648,59351,2024-01-17 13:19:36,92.11
17649,59352,2024-01-17 13:19:48,92.33
17650,59353,2024-01-17 13:20:00,91.81
17651,59354,2024-01-17 13:20:12,92.42
17652,59355,2024-01-17 13:20:24,94.92
17653,59356,2024-01-17 13:20:36,93.56
17654,59357,2024-01-17 13:20:48,93.73
17655,59358,2024-01-17 13:21:00,93.03
17656,59359,2024-01-17 13:21:12,92.64
17657,59360,2024-01-17 13:21:24,91.72
17658,59361,2024-01-17 13:21:36,91.19
17659,59362,2024-01-17 13:21:48,91.81
17660,59363,2024-01-17 13:22:00,91.98
17661,59364,2024-01-17 13:22:12,92.29
17662,59365,2024-01-17 13:22:24,92.07
17663,59366,2024-01-17 13:22:36,92.73
17664,59367,2024-01-17 13:22:48,92.99
17665,59368,2024-01-17 13:23:00,92.16
17666,59369,2024-01-17 13:23:12,92.2
17667,59370,2024-01-17 13:23:24,93.56
17668,59371,2024-01-17 13:23:36,93.69
17669,59372,2024-01-17 13:23:48,93.16
17670,59373,2024-01-17 13:24:00,93.08
17671,59374,2024-01-17 13:24:12,93.78
17672,59375,2024-01-17 13:24:24,93.12
17673,59376,2024-01-17 13:24:36,94.26
17674,59377,2024-01-17 13:24:48,94.09
17675,59378,2024-01-17 13:25:00,94.65
17676,59379,2024-01-17 13:25:12,94.57
17677,59380,2024-01-17 13:25:24,94.87
17678,59381,2024-01-17 13:25:36,94.04
17679,59382,2024-01-17 13:25:48,95.53
17680,59383,2024-01-17 13:26:00,95.44
17681,59384,2024-01-17 13:26:12,95.71
17682,59385,2024-01-17 13:26:24,95.79
17683,59386,2024-01-17 13:26:36,96.23
17684,59387,2024-01-17 13:26:48,95.53
17685,59388,2024-01-17 13:27:00,96.06
17686,59389,2024-01-17 13:27:12,95.62
17687,59390,2024-01-17 13:27:24,95.97
17688,59391,2024-01-17 13:27:36,96.19
17689,59392,2024-01-17 13:27:48,96.41
17690,59393,2024-01-17 13:28:00,96.76
17691,59394,2024-01-17 13:28:12,96.93
17692,59395,2024-01-17 13:28:24,97.33
17693,59396,2024-01-17 13:28:36,97.24
17694,59397,2024-01-17 13:28:48,97.42
17695,59398,2024-01-17 13:29:00,97.02
17696,59399,2024-01-17 13:29:12,98.25
17697,59400,2024-01-17 13:29:24,97.59
17698,59401,2024-01-17 13:29:36,98.16
17699,59402,2024-01-17 13:29:48,98.78
17700,59403,2024-01-17 13:30:00,98.99
17701,59404,2024-01-17 13:30:12,98.95
17702,59405,2024-01-17 13:30:24,98.6
17703,59406,2024-01-17 13:30:36,99.08
17704,59407,2024-01-17 13:30:48,99.26
17705,59408,2024-01-17 13:31:00,99.83
17706,59409,2024-01-17 13:31:12,98.95
17707,59410,2024-01-17 13:31:24,99.83
17708,59411,2024-01-17 13:31:36,100.53
17709,59412,2024-01-17 13:31:48,100.66
17710,59413,2024-01-17 13:32:00,100.53
17711,59414,2024-01-17 13:32:12,100.57
17712,59415,2024-01-17 13:32:24,101.23
17713,59416,2024-01-17 13:32:36,101.32
17714,59417,2024-01-17 13:32:48,101.62
17715,59418,2024-01-17 13:33:00,101.89
17716,59419,2024-01-17 13:33:12,102.02
17717,59420,2024-01-17 13:33:24,102.54
17718,59421,2024-01-17 13:33:36,102.11
17719,59422,2024-01-17 13:33:48,103.03
17720,59423,2024-01-17 13:34:00,102.11
17721,59424,2024-01-17 13:34:12,102.85
17722,59425,2024-01-17 13:34:24,103.55
17723,59426,2024-01-17 13:34:36,103.64
17724,59427,2024-01-17 13:34:48,103.33
17725,59428,2024-01-17 13:35:00,104.21
17726,59429,2024-01-17 13:35:12,104.21
17727,59430,2024-01-17 13:35:24,104.61
17728,59431,2024-01-17 13:35:36,103.68
17729,59432,2024-01-17 13:35:48,104.43
17730,59433,2024-01-17 13:36:00,104.74
17731,59434,2024-01-17 13:36:12,105.57
17732,59435,2024-01-17 13:36:24,105.35
17733,59436,2024-01-17 13:36:36,105.22
17734,59437,2024-01-17 13:36:48,105.61
17735,59438,2024-01-17 13:37:00,105.57
17736,59439,2024-01-17 13:37:12,105.66
17737,59440,2024-01-17 13:37:24,105.66
17738,59441,2024-01-17 13:37:36,105.26
17739,59442,2024-01-17 13:37:48,106.18
17740,59443,2024-01-17 13:38:00,105.88
17741,59444,2024-01-17 13:38:12,106.71
17742,59445,2024-01-17 13:38:24,106.93
17743,59446,2024-01-17 13:38:36,106.62
17744,59447,2024-01-17 13:38:48,107.28
17745,59448,2024-01-17 13:39:00,106.93
17746,59449,2024-01-17 13:39:12,106.67
17747,59450,2024-01-17 13:39:24,107.37
17748,59451,2024-01-17 13:39:36,107.54
17749,59452,2024-01-17 13:39:48,107.85
17750,59453,2024-01-17 13:40:00,107.37
17751,59454,2024-01-17 13:40:12,108.24
17752,59455,2024-01-17 13:40:24,108.2
17753,59456,2024-01-17 13:40:36,108.24
17754,59457,2024-01-17 13:40:48,108.59
17755,59458,2024-01-17 13:41:00,108.81
17756,59459,2024-01-17 13:41:12,106.93
17757,59460,2024-01-17 13:41:24,107.24
17758,59461,2024-01-17 13:41:36,106.84
17759,59462,2024-01-17 13:41:48,106.14
17760,59463,2024-01-17 13:42:00,106.14
17761,59464,2024-01-17 13:42:12,105.04
17762,59465,2024-01-17 13:42:24,105.61
17763,59466,2024-01-17 13:42:36,104.52
17764,59467,2024-01-17 13:42:48,105.09
17765,59468,2024-01-17 13:43:00,104.04
17766,59469,2024-01-17 13:43:12,103.2
17767,59470,2024-01-17 13:43:24,103.03
17768,59471,2024-01-17 13:43:36,103.2
17769,59472,2024-01-17 13:43:48,102.76
17770,59473,2024-01-17 13:44:00,102.28
17771,59474,2024-01-17 13:44:12,102.02
17772,59475,2024-01-17 13:44:24,100.88
17773,59476,2024-01-17 13:44:36,100.97
17774,59477,2024-01-17 13:44:48,101.32
17775,59478,2024-01-17 13:45:00,100.09
17776,59479,2024-01-17 13:45:12,99.39
17777,59480,2024-01-17 13:45:24,98.42
17778,59481,2024-01-17 13:45:36,97.59
17779,59482,2024-01-17 13:45:48,96.89
17780,59483,2024-01-17 13:46:00,97.24
17781,59484,2024-01-17 13:46:12,96.15
17782,59485,2024-01-17 13:46:24,95.66
17783,59486,2024-01-17 13:46:36,94.79
17784,59487,2024-01-17 13:46:48,95.01
17785,59488,2024-01-17 13:47:00,94.48
17786,59489,2024-01-17 13:47:12,94.09
17787,59490,2024-01-17 13:47:24,93.43
17788,59491,2024-01-17 13:47:36,92.68
17789,59492,2024-01-17 13:47:48,92.2
17790,59493,2024-01-17 13:48:00,92.2
17791,59494,2024-01-17 13:48:12,90.93
17792,59495,2024-01-17 13:48:24,91.63
17793,59496,2024-01-17 13:48:36,90.53
17794,59497,2024-01-17 13:48:48,89.96
17795,59498,2024-01-17 13:49:00,94.04
17796,59499,2024-01-17 13:49:12,94.7
17797,59500,2024-01-17 13:49:24,94.3
17798,59501,2024-01-17 13:49:36,93.3
17799,59502,2024-01-17 13:49:48,92.33
17800,59503,2024-01-17 13:50:00,92.51
17801,59504,2024-01-17 13:50:12,91.37
17802,59505,2024-01-17 13:50:24,91.54
17803,59506,2024-01-17 13:50:36,91.46
17804,59507,2024-01-17 13:50:48,94.44
17805,59508,2024-01-17 13:51:00,94.39
17806,59509,2024-01-17 13:51:12,94.22
17807,59510,2024-01-17 13:51:24,93.65
17808,59511,2024-01-17 13:51:36,92.77
17809,59512,2024-01-17 13:51:48,92.29
17810,59513,2024-01-17 13:52:00,91.54
17811,59514,2024-01-17 13:52:12,91.67
17812,59515,2024-01-17 13:52:24,92.07
17813,59516,2024-01-17 13:52:36,94.7
17814,59517,2024-01-17 13:52:48,94.79
17815,59518,2024-01-17 13:53:00,94.57
17816,59519,2024-01-17 13:53:12,94.79
17817,59520,2024-01-17 13:53:24,95.75
17818,59521,2024-01-17 13:53:36,95.84
17819,59522,2024-01-17 13:53:48,96.23
17820,59523,2024-01-17 13:54:00,96.5
17821,59524,2024-01-17 13:54:12,96.63
17822,59525,2024-01-17 13:54:24,97.24
17823,59526,2024-01-17 13:54:36,97.07
17824,59527,2024-01-17 13:54:48,97.94
17825,59528,2024-01-17 13:55:00,98.07
17826,59529,2024-01-17 13:55:12,98.03
17827,59530,2024-01-17 13:55:24,98.16
17828,59531,2024-01-17 13:55:36,98.16
17829,59532,2024-01-17 13:55:48,98.99
17830,59533,2024-01-17 13:56:00,99.13
17831,59534,2024-01-17 13:56:12,99.3
17832,59535,2024-01-17 13:56:24,99.21
17833,59536,2024-01-17 13:56:36,100.18
17834,59537,2024-01-17 13:56:48,100.18
17835,59538,2024-01-17 13:57:00,100.97
17836,59539,2024-01-17 13:57:12,100.05
17837,59540,2024-01-17 13:57:24,101.19
17838,59541,2024-01-17 13:57:36,101.1
17839,59542,2024-01-17 13:57:48,101.8
17840,59543,2024-01-17 13:58:00,101.41
17841,59544,2024-01-17 13:58:12,102.72
17842,59545,2024-01-17 13:58:24,102.37
17843,59546,2024-01-17 13:58:36,102.41
17844,59547,2024-01-17 13:58:48,102.46
17845,59548,2024-01-17 13:59:00,103.77
17846,59549,2024-01-17 13:59:12,102.81
17847,59550,2024-01-17 13:59:24,103.73
17848,59551,2024-01-17 13:59:36,104.12
17849,59552,2024-01-17 13:59:48,103.9
17850,59553,2024-01-17 14:00:00,104.43
17851,59554,2024-01-17 14:00:12,104.43
17852,59555,2024-01-17 14:00:24,104.12
17853,59556,2024-01-17 14:00:36,105.39
17854,59557,2024-01-17 14:00:48,105.26
17855,59558,2024-01-17 14:01:00,105.66
17856,59559,2024-01-17 14:01:12,104.91
17857,59560,2024-01-17 14:01:24,105.66
17858,59561,2024-01-17 14:01:36,105.79
17859,59562,2024-01-17 14:01:48,105.96
17860,59563,2024-01-17 14:02:00,106.49
17861,59564,2024-01-17 14:02:12,106.36
17862,59565,2024-01-17 14:02:24,106.58
17863,59566,2024-01-17 14:02:36,106.45
17864,59567,2024-01-17 14:02:48,106.18
17865,59568,2024-01-17 14:03:00,106.8
17866,59569,2024-01-17 14:03:12,107.63
17867,59570,2024-01-17 14:03:24,107.06
17868,59571,2024-01-17 14:03:36,108.07
17869,59572,2024-01-17 14:03:48,107.85
17870,59573,2024-01-17 14:04:00,108.24
17871,59574,2024-01-17 14:04:12,108.24
17872,59575,2024-01-17 14:04:24,108.16
17873,59576,2024-01-17 14:04:36,108.59
17874,59577,2024-01-17 14:04:48,108.81
17875,59578,2024-01-17 14:05:00,108.59
17876,59579,2024-01-17 14:05:12,108.68
17877,59580,2024-01-17 14:05:24,108.24
17878,59581,2024-01-17 14:05:36,109.3
17879,59582,2024-01-17 14:05:48,109.12
17880,59583,2024-01-17 14:06:00,109.51
17881,59584,2024-01-17 14:06:12,109.86
17882,59585,2024-01-17 14:06:24,108.81
17883,59586,2024-01-17 14:06:36,109.6
17884,59587,2024-01-17 14:06:48,110.22
17885,59588,2024-01-17 14:07:00,110.08
17886,59589,2024-01-17 14:07:12,110.52
17887,59590,2024-01-17 14:07:24,110.87
17888,59591,2024-01-17 14:07:36,109.38
17889,59592,2024-01-17 14:07:48,110.92
17890,59593,2024-01-17 14:08:00,111.22
17891,59594,2024-01-17 14:08:12,111.05
17892,59595,2024-01-17 14:08:24,111.62
17893,59596,2024-01-17 14:08:36,111.36
17894,59597,2024-01-17 14:08:48,111.57
17895,59598,2024-01-17 14:09:00,112.1
17896,59599,2024-01-17 14:09:12,112.19
17897,59600,2024-01-17 14:09:24,111.62
17898,59601,2024-01-17 14:09:36,113.02
17899,59602,2024-01-17 14:09:48,112.36
17900,59603,2024-01-17 14:10:00,112.1
17901,59604,2024-01-17 14:10:12,112.71
17902,59605,2024-01-17 14:10:24,112.89
17903,59606,2024-01-17 14:10:36,112.63
17904,59607,2024-01-17 14:10:48,113.81
17905,59608,2024-01-17 14:11:00,113.02
17906,59609,2024-01-17 14:11:12,113.24
17907,59610,2024-01-17 14:11:24,113.59
17908,59611,2024-01-17 14:11:36,113.02
17909,59612,2024-01-17 14:11:48,113.99
17910,59613,2024-01-17 14:12:00,114.34
17911,59614,2024-01-17 14:12:12,114.25
17912,59615,2024-01-17 14:12:24,114.42
17913,59616,2024-01-17 14:12:36,114.12
17914,59617,2024-01-17 14:12:48,114.47
17915,59618,2024-01-17 14:13:00,114.42
17916,59619,2024-01-17 14:13:12,115.08
17917,59620,2024-01-17 14:13:24,115.12
17918,59621,2024-01-17 14:13:36,114.38
17919,59622,2024-01-17 14:13:48,114.77
17920,59623,2024-01-17 14:14:00,114.77
17921,59624,2024-01-17 14:14:12,115.08
17922,59625,2024-01-17 14:14:24,114.56
17923,59626,2024-01-17 14:14:36,114.95
17924,59627,2024-01-17 14:14:48,114.51
17925,59628,2024-01-17 14:15:00,115.69
17926,59629,2024-01-17 14:15:12,115.74
17927,59630,2024-01-17 14:15:24,116.26
17928,59631,2024-01-17 14:15:36,116.18
17929,59632,2024-01-17 14:15:48,115.61
17930,59633,2024-01-17 14:16:00,116.18
17931,59634,2024-01-17 14:16:12,116.26
17932,59635,2024-01-17 14:16:24,116.75
17933,59636,2024-01-17 14:16:36,116.48
17934,59637,2024-01-17 14:16:48,116.88
17935,59638,2024-01-17 14:17:00,116.66
17936,59639,2024-01-17 14:17:12,117.1
17937,59640,2024-01-17 14:17:24,116.88
17938,59641,2024-01-17 14:17:36,117.54
17939,59642,2024-01-17 14:17:48,117.23
17940,59643,2024-01-17 14:18:00,117.1
17941,59644,2024-01-17 14:18:12,117.54
17942,59645,2024-01-17 14:18:24,117.58
17943,59646,2024-01-17 14:18:36,117.19
17944,59647,2024-01-17 14:18:48,117.1
17945,59648,2024-01-17 14:19:00,117.75
17946,59649,2024-01-17 14:19:12,116.62
17947,59650,2024-01-17 14:19:24,117.84
17948,59651,2024-01-17 14:19:36,117.54
17949,59652,2024-01-17 14:19:48,118.15
17950,59653,2024-01-17 14:20:00,118.59
17951,59654,2024-01-17 14:20:12,118.24
17952,59655,2024-01-17 14:20:24,118.28
17953,59656,2024-01-17 14:20:36,118.02
17954,59657,2024-01-17 14:20:48,118.59
17955,59658,2024-01-17 14:21:00,118.81
17956,59659,2024-01-17 14:21:12,118.94
17957,59660,2024-01-17 14:21:24,118.76
17958,59661,2024-01-17 14:21:36,118.63
17959,59662,2024-01-17 14:21:48,119.11
17960,59663,2024-01-17 14:22:00,118.59
17961,59664,2024-01-17 14:22:12,119.38
17962,59665,2024-01-17 14:22:24,118.46
17963,59666,2024-01-17 14:22:36,118.81
17964,59667,2024-01-17 14:22:48,119.38
17965,59668,2024-01-17 14:23:00,119.9
17966,59669,2024-01-17 14:23:12,119.2
17967,59670,2024-01-17 14:23:24,119.64
17968,59671,2024-01-17 14:23:36,118.5
17969,59672,2024-01-17 14:23:48,119.51
17970,59673,2024-01-17 14:24:00,118.94
17971,59674,2024-01-17 14:24:12,119.38
17972,59675,2024-01-17 14:24:24,119.86
17973,59676,2024-01-17 14:24:36,119.2
17974,59677,2024-01-17 14:24:48,120.6
17975,59678,2024-01-17 14:25:00,119.9
17976,59679,2024-01-17 14:25:12,120.21
17977,59680,2024-01-17 14:25:24,119.9
17978,59681,2024-01-17 14:25:36,121.13
17979,59682,2024-01-17 14:25:48,121.61
17980,59683,2024-01-17 14:26:00,120.95
17981,59684,2024-01-17 14:26:12,120.74
17982,59685,2024-01-17 14:26:24,121.79
17983,59686,2024-01-17 14:26:36,121.57
17984,59687,2024-01-17 14:26:48,121.39
17985,59688,2024-01-17 14:27:00,121.61
17986,59689,2024-01-17 14:27:12,121.44
17987,59690,2024-01-17 14:27:24,121.96
17988,59691,2024-01-17 14:27:36,122.62
17989,59692,2024-01-17 14:27:48,121.7
17990,59693,2024-01-17 14:28:00,122.84
17991,59694,2024-01-17 14:28:12,122.71
17992,59695,2024-01-17 14:28:24,122.27
17993,59696,2024-01-17 14:28:36,122.31
17994,59697,2024-01-17 14:28:48,122.8
17995,59698,2024-01-17 14:29:00,123.01
17996,59699,2024-01-17 14:29:12,122.45
17997,59700,2024-01-17 14:29:24,123.45
17998,59701,2024-01-17 14:29:36,123.41
17999,59702,2024-01-17 14:29:48,123.41
18000,59703,2024-01-17 14:30:00,124.2
18001,59704,2024-01-17 14:30:12,124.37
18002,59705,2024-01-17 14:30:24,124.11
18003,59706,2024-01-17 14:30:36,123.8
18004,59707,2024-01-17 14:30:48,123.19
18005,59708,2024-01-17 14:31:00,122.66
18006,59709,2024-01-17 14:31:12,122.27
18007,59710,2024-01-17 14:31:24,121.83
18008,59711,2024-01-17 14:31:36,121.35
18009,59712,2024-01-17 14:31:48,120.91
18010,59713,2024-01-17 14:32:00,120.38
18011,59714,2024-01-17 14:32:12,120.03
18012,59715,2024-01-17 14:32:24,119.55
18013,59716,2024-01-17 14:32:36,119.11
18014,59717,2024-01-17 14:32:48,118.63
18015,59718,2024-01-17 14:33:00,118.19
18016,59719,2024-01-17 14:33:12,117.89
18017,59720,2024-01-17 14:33:24,117.4
18018,59721,2024-01-17 14:33:36,117.01
18019,59722,2024-01-17 14:33:48,116.62
18020,59723,2024-01-17 14:34:00,116.22
18021,59724,2024-01-17 14:34:12,115.78
18022,59725,2024-01-17 14:34:24,115.39
18023,59726,2024-01-17 14:34:36,115.04
18024,59727,2024-01-17 14:34:48,114.73
18025,59728,2024-01-17 14:35:00,114.29
18026,59729,2024-01-17 14:35:12,113.9
18027,59730,2024-01-17 14:35:24,113.55
18028,59731,2024-01-17 14:35:36,113.15
18029,59732,2024-01-17 14:35:48,112.76
18030,59733,2024-01-17 14:36:00,112.45
18031,59734,2024-01-17 14:36:12,112.14
18032,59735,2024-01-17 14:36:24,111.75
18033,59736,2024-01-17 14:36:36,111.44
18034,59737,2024-01-17 14:36:48,111.05
18035,59738,2024-01-17 14:37:00,110.74
18036,59739,2024-01-17 14:37:12,110.43
18037,59740,2024-01-17 14:37:24,110.08
18038,59741,2024-01-17 14:37:36,109.73
18039,59742,2024-01-17 14:37:48,109.47
18040,59743,2024-01-17 14:38:00,109.12
18041,59744,2024-01-17 14:38:12,108.73
18042,59745,2024-01-17 14:38:24,108.46
18043,59746,2024-01-17 14:38:36,108.16
18044,59747,2024-01-17 14:38:48,107.89
18045,59748,2024-01-17 14:39:00,107.54
18046,59749,2024-01-17 14:39:12,107.19
18047,59750,2024-01-17 14:39:24,106.88
18048,59751,2024-01-17 14:39:36,106.58
18049,59752,2024-01-17 14:39:48,106.27
18050,59753,2024-01-17 14:40:00,105.96
18051,59754,2024-01-17 14:40:12,105.7
18052,59755,2024-01-17 14:40:24,105.35
18053,59756,2024-01-17 14:40:36,105.09
18054,59757,2024-01-17 14:40:48,104.74
18055,59758,2024-01-17 14:41:00,104.47
18056,59759,2024-01-17 14:41:12,104.17
18057,59760,2024-01-17 14:41:24,103.95
18058,59761,2024-01-17 14:41:36,103.68
18059,59762,2024-01-17 14:41:48,103.33
18060,59763,2024-01-17 14:42:00,103.03
18061,59764,2024-01-17 14:42:12,102.76
18062,59765,2024-01-17 14:42:24,102.54
18063,59766,2024-01-17 14:42:36,102.24
18064,59767,2024-01-17 14:42:48,101.93
18065,59768,2024-01-17 14:43:00,101.67
18066,59769,2024-01-17 14:43:12,101.32
18067,59770,2024-01-17 14:43:24,101.14
18068,59771,2024-01-17 14:43:36,100.88
18069,59772,2024-01-17 14:43:48,100.48
18070,59773,2024-01-17 14:44:00,100.22
18071,59774,2024-01-17 14:44:12,99.96
18072,59775,2024-01-17 14:44:24,99.7
18073,59776,2024-01-17 14:44:36,99.43
18074,59777,2024-01-17 14:44:48,99.13
18075,59778,2024-01-17 14:45:00,99.13
18076,59779,2024-01-17 14:45:12,100.05
18077,59780,2024-01-17 14:45:24,100.48
18078,59781,2024-01-17 14:45:36,100.35
18079,59782,2024-01-17 14:45:48,100.88
18080,59783,2024-01-17 14:46:00,101.67
18081,59784,2024-01-17 14:46:12,101.23
18082,59785,2024-01-17 14:46:24,101.8
18083,59786,2024-01-17 14:46:36,102.33
18084,59787,2024-01-17 14:46:48,102.02
18085,59788,2024-01-17 14:47:00,103.07
18086,59789,2024-01-17 14:47:12,102.46
18087,59790,2024-01-17 14:47:24,103.25
18088,59791,2024-01-17 14:47:36,103.86
18089,59792,2024-01-17 14:47:48,104.12
18090,59793,2024-01-17 14:48:00,104.47
18091,59794,2024-01-17 14:48:12,104.12
18092,59795,2024-01-17 14:48:24,105.09
18093,59796,2024-01-17 14:48:36,105.31
18094,59797,2024-01-17 14:48:48,105.09
18095,59798,2024-01-17 14:49:00,105.57
18096,59799,2024-01-17 14:49:12,105.31
18097,59800,2024-01-17 14:49:24,105.79
18098,59801,2024-01-17 14:49:36,105.31
18099,59802,2024-01-17 14:49:48,106.45
18100,59803,2024-01-17 14:50:00,106.36
18101,59804,2024-01-17 14:50:12,106.88
18102,59805,2024-01-17 14:50:24,105.96
18103,59806,2024-01-17 14:50:36,106.27
18104,59807,2024-01-17 14:50:48,106.14
18105,59808,2024-01-17 14:51:00,105.66
18106,59809,2024-01-17 14:51:12,104.47
18107,59810,2024-01-17 14:51:24,103.99
18108,59811,2024-01-17 14:51:36,104.69
18109,59812,2024-01-17 14:51:48,103.2
18110,59813,2024-01-17 14:52:00,102.76
18111,59814,2024-01-17 14:52:12,101.67
18112,59815,2024-01-17 14:52:24,100.97
18113,59816,2024-01-17 14:52:36,100.75
18114,59817,2024-01-17 14:52:48,99.48
18115,59818,2024-01-17 14:53:00,99.43
18116,59819,2024-01-17 14:53:12,98.86
18117,59820,2024-01-17 14:53:24,98.12
18118,59821,2024-01-17 14:53:36,98.51
18119,59822,2024-01-17 14:53:48,96.89
18120,59823,2024-01-17 14:54:00,96.32
18121,59824,2024-01-17 14:54:12,96.32
18122,59825,2024-01-17 14:54:24,96.41
18123,59826,2024-01-17 14:54:36,95.93
18124,59827,2024-01-17 14:54:48,96.01
18125,59828,2024-01-17 14:55:00,95.58
18126,59829,2024-01-17 14:55:12,95.36
18127,59830,2024-01-17 14:55:24,94.83
18128,59831,2024-01-17 14:55:36,95.01
18129,59832,2024-01-17 14:55:48,94.17
18130,59833,2024-01-17 14:56:00,94.0
18131,59834,2024-01-17 14:56:12,93.47
18132,59835,2024-01-17 14:56:24,93.38
18133,59836,2024-01-17 14:56:36,93.47
18134,59837,2024-01-17 14:56:48,92.81
18135,59838,2024-01-17 14:57:00,92.64
18136,59839,2024-01-17 14:57:12,91.06
18137,59840,2024-01-17 14:57:24,92.11
18138,59841,2024-01-17 14:57:36,92.33
18139,59842,2024-01-17 14:57:48,92.16
18140,59843,2024-01-17 14:58:00,92.42
18141,59844,2024-01-17 14:58:12,93.08
18142,59845,2024-01-17 14:58:24,93.21
18143,59846,2024-01-17 14:58:36,93.65
18144,59847,2024-01-17 14:58:48,94.3
18145,59848,2024-01-17 14:59:00,94.57
18146,59849,2024-01-17 14:59:12,93.95
18147,59850,2024-01-17 14:59:24,94.74
18148,59851,2024-01-17 14:59:36,94.57
18149,59852,2024-01-17 14:59:48,94.87
18150,59853,2024-01-17 15:00:00,95.71
18151,59854,2024-01-17 15:00:12,95.71
18152,59855,2024-01-17 15:00:24,95.27
18153,59856,2024-01-17 15:00:36,95.84
18154,59857,2024-01-17 15:00:48,95.62
18155,59858,2024-01-17 15:01:00,95.14
18156,59859,2024-01-17 15:01:12,95.09
18157,59860,2024-01-17 15:01:24,95.71
18158,59861,2024-01-17 15:01:36,96.06
18159,59862,2024-01-17 15:01:48,95.84
18160,59863,2024-01-17 15:02:00,96.41
18161,59864,2024-01-17 15:02:12,96.36
18162,59865,2024-01-17 15:02:24,97.46
18163,59866,2024-01-17 15:02:36,97.77
18164,59867,2024-01-17 15:02:48,97.94
18165,59868,2024-01-17 15:03:00,98.47
18166,59869,2024-01-17 15:03:12,98.78
18167,59870,2024-01-17 15:03:24,98.12
18168,59871,2024-01-17 15:03:36,98.91
18169,59872,2024-01-17 15:03:48,98.73
18170,59873,2024-01-17 15:04:00,98.82
18171,59874,2024-01-17 15:04:12,99.17
18172,59875,2024-01-17 15:04:24,99.87
18173,59876,2024-01-17 15:04:36,99.43
18174,59877,2024-01-17 15:04:48,100.4
18175,59878,2024-01-17 15:05:00,100.57
18176,59879,2024-01-17 15:05:12,101.27
18177,59880,2024-01-17 15:05:24,100.62
18178,59881,2024-01-17 15:05:36,100.4
18179,59882,2024-01-17 15:05:48,100.79
18180,59883,2024-01-17 15:06:00,101.8
18181,59884,2024-01-17 15:06:12,102.02
18182,59885,2024-01-17 15:06:24,102.15
18183,59886,2024-01-17 15:06:36,101.93
18184,59887,2024-01-17 15:06:48,102.63
18185,59888,2024-01-17 15:07:00,102.98
18186,59889,2024-01-17 15:07:12,103.2
18187,59890,2024-01-17 15:07:24,103.25
18188,59891,2024-01-17 15:07:36,103.42
18189,59892,2024-01-17 15:07:48,103.82
18190,59893,2024-01-17 15:08:00,103.68
18191,59894,2024-01-17 15:08:12,103.95
18192,59895,2024-01-17 15:08:24,103.73
18193,59896,2024-01-17 15:08:36,104.08
18194,59897,2024-01-17 15:08:48,104.04
18195,59898,2024-01-17 15:09:00,104.3
18196,59899,2024-01-17 15:09:12,104.39
18197,59900,2024-01-17 15:09:24,104.12
18198,59901,2024-01-17 15:09:36,105.09
18199,59902,2024-01-17 15:09:48,104.47
18200,59903,2024-01-17 15:10:00,104.08
18201,59904,2024-01-17 15:10:12,105.13
18202,59905,2024-01-17 15:10:24,105.35
18203,59906,2024-01-17 15:10:36,105.17
18204,59907,2024-01-17 15:10:48,105.44
18205,59908,2024-01-17 15:11:00,105.66
18206,59909,2024-01-17 15:11:12,106.01
18207,59910,2024-01-17 15:11:24,105.7
18208,59911,2024-01-17 15:11:36,105.66
18209,59912,2024-01-17 15:11:48,105.48
18210,59913,2024-01-17 15:12:00,105.61
18211,59914,2024-01-17 15:12:12,104.52
18212,59915,2024-01-17 15:12:24,104.43
18213,59916,2024-01-17 15:12:36,103.73
18214,59917,2024-01-17 15:12:48,102.28
18215,59918,2024-01-17 15:13:00,102.28
18216,59919,2024-01-17 15:13:12,100.75
18217,59920,2024-01-17 15:13:24,100.7
18218,59921,2024-01-17 15:13:36,100.88
18219,59922,2024-01-17 15:13:48,100.18
18220,59923,2024-01-17 15:14:00,98.99
18221,59924,2024-01-17 15:14:12,99.48
18222,59925,2024-01-17 15:14:24,99.04
18223,59926,2024-01-17 15:14:36,97.85
18224,59927,2024-01-17 15:14:48,97.85
18225,59928,2024-01-17 15:15:00,96.89
18226,59929,2024-01-17 15:15:12,96.19
18227,59930,2024-01-17 15:15:24,95.66
18228,59931,2024-01-17 15:15:36,94.39
18229,59932,2024-01-17 15:15:48,94.52
18230,59933,2024-01-17 15:16:00,94.74
18231,59934,2024-01-17 15:16:12,93.78
18232,59935,2024-01-17 15:16:24,94.3
18233,59936,2024-01-17 15:16:36,93.56
18234,59937,2024-01-17 15:16:48,92.24
18235,59938,2024-01-17 15:17:00,92.42
18236,59939,2024-01-17 15:17:12,92.02
18237,59940,2024-01-17 15:17:24,91.37
18238,59941,2024-01-17 15:17:36,91.32
18239,59942,2024-01-17 15:17:48,90.05
18240,59943,2024-01-17 15:18:00,91.85
18241,59944,2024-01-17 15:18:12,94.52
18242,59945,2024-01-17 15:18:24,93.34
18243,59946,2024-01-17 15:18:36,92.86
18244,59947,2024-01-17 15:18:48,92.9
18245,59948,2024-01-17 15:19:00,92.02
18246,59949,2024-01-17 15:19:12,91.98
18247,59950,2024-01-17 15:19:24,91.37
18248,59951,2024-01-17 15:19:36,90.89
18249,59952,2024-01-17 15:19:48,93.21
18250,59953,2024-01-17 15:20:00,94.04
18251,59954,2024-01-17 15:20:12,93.38
18252,59955,2024-01-17 15:20:24,93.25
18253,59956,2024-01-17 15:20:36,92.51
18254,59957,2024-01-17 15:20:48,92.55
18255,59958,2024-01-17 15:21:00,90.97
18256,59959,2024-01-17 15:21:12,90.58
18257,59960,2024-01-17 15:21:24,90.93
18258,59961,2024-01-17 15:21:36,90.18
18259,59962,2024-01-17 15:21:48,93.56
18260,59963,2024-01-17 15:22:00,94.92
18261,59964,2024-01-17 15:22:12,94.7
18262,59965,2024-01-17 15:22:24,93.95
18263,59966,2024-01-17 15:22:36,93.52
18264,59967,2024-01-17 15:22:48,91.89
18265,59968,2024-01-17 15:23:00,92.02
18266,59969,2024-01-17 15:23:12,91.32
18267,59970,2024-01-17 15:23:24,90.4
18268,59971,2024-01-17 15:23:36,93.08
18269,59972,2024-01-17 15:23:48,94.22
18270,59973,2024-01-17 15:24:00,93.95
18271,59974,2024-01-17 15:24:12,92.81
18272,59975,2024-01-17 15:24:24,92.77
18273,59976,2024-01-17 15:24:36,91.85
18274,59977,2024-01-17 15:24:48,90.8
18275,59978,2024-01-17 15:25:00,91.37
18276,59979,2024-01-17 15:25:12,90.71
18277,59980,2024-01-17 15:25:24,92.77
18278,59981,2024-01-17 15:25:36,94.57
18279,59982,2024-01-17 15:25:48,93.34
18280,59983,2024-01-17 15:26:00,93.38
18281,59984,2024-01-17 15:26:12,92.29
18282,59985,2024-01-17 15:26:24,91.06
18283,59986,2024-01-17 15:26:36,91.32
18284,59987,2024-01-17 15:26:48,91.15
18285,59988,2024-01-17 15:27:00,93.08
18286,59989,2024-01-17 15:27:12,94.22
18287,59990,2024-01-17 15:27:24,94.22
18288,59991,2024-01-17 15:27:36,92.95
18289,59992,2024-01-17 15:27:48,92.42
18290,59993,2024-01-17 15:28:00,92.46
18291,59994,2024-01-17 15:28:12,91.98
18292,59995,2024-01-17 15:28:24,91.72
18293,59996,2024-01-17 15:28:36,91.06
18294,59997,2024-01-17 15:28:48,92.68
18295,59998,2024-01-17 15:29:00,94.52
18296,59999,2024-01-17 15:29:12,94.26
18297,60000,2024-01-17 15:29:24,93.52
18298,60001,2024-01-17 15:29:36,93.08
18299,60002,2024-01-17 15:29:48,92.24
18300,60003,2024-01-17 15:30:00,92.29
18301,60004,2024-01-17 15:30:12,91.32
18302,60005,2024-01-17 15:30:24,89.83
18303,60006,2024-01-17 15:30:36,92.86
18304,60007,2024-01-17 15:30:48,94.61
18305,60008,2024-01-17 15:31:00,93.82
18306,60009,2024-01-17 15:31:12,93.69
18307,60010,2024-01-17 15:31:24,93.65
18308,60011,2024-01-17 15:31:36,92.29
18309,60012,2024-01-17 15:31:48,92.38
18310,60013,2024-01-17 15:32:00,92.29
18311,60014,2024-01-17 15:32:12,92.02
18312,60015,2024-01-17 15:32:24,91.5
18313,60016,2024-01-17 15:32:36,90.4
18314,60017,2024-01-17 15:32:48,94.04
18315,60018,2024-01-17 15:33:00,93.82
18316,60019,2024-01-17 15:33:12,92.81
18317,60020,2024-01-17 15:33:24,93.47
18318,60021,2024-01-17 15:33:36,92.9
18319,60022,2024-01-17 15:33:48,91.85
18320,60023,2024-01-17 15:34:00,91.15
18321,60024,2024-01-17 15:34:12,91.06
18322,60025,2024-01-17 15:34:24,90.45
18323,60026,2024-01-17 15:34:36,93.16
18324,60027,2024-01-17 15:34:48,95.09
18325,60028,2024-01-17 15:35:00,93.47
18326,60029,2024-01-17 15:35:12,92.59
18327,60030,2024-01-17 15:35:24,92.81
18328,60031,2024-01-17 15:35:36,92.59
18329,60032,2024-01-17 15:35:48,91.54
18330,60033,2024-01-17 15:36:00,91.46
18331,60034,2024-01-17 15:36:12,90.75
18332,60035,2024-01-17 15:36:24,90.36
18333,60036,2024-01-17 15:36:36,93.56
18334,60037,2024-01-17 15:36:48,93.03
18335,60038,2024-01-17 15:37:00,93.38
18336,60039,2024-01-17 15:37:12,91.81
18337,60040,2024-01-17 15:37:24,92.46
18338,60041,2024-01-17 15:37:36,91.5
18339,60042,2024-01-17 15:37:48,91.37
18340,60043,2024-01-17 15:38:00,91.59
18341,60044,2024-01-17 15:38:12,94.61
18342,60045,2024-01-17 15:38:24,94.13
18343,60046,2024-01-17 15:38:36,93.82
18344,60047,2024-01-17 15:38:48,92.64
18345,60048,2024-01-17 15:39:00,92.9
18346,60049,2024-01-17 15:39:12,92.95
18347,60050,2024-01-17 15:39:24,91.72
18348,60051,2024-01-17 15:39:36,91.32
18349,60052,2024-01-17 15:39:48,90.71
18350,60053,2024-01-17 15:40:00,93.52
18351,60054,2024-01-17 15:40:12,94.3
18352,60055,2024-01-17 15:40:24,93.82
18353,60056,2024-01-17 15:40:36,93.38
18354,60057,2024-01-17 15:40:48,92.55
18355,60058,2024-01-17 15:41:00,92.86
18356,60059,2024-01-17 15:41:12,91.94
18357,60060,2024-01-17 15:41:24,91.41
18358,60061,2024-01-17 15:41:36,91.15
18359,60062,2024-01-17 15:41:48,90.89
18360,60063,2024-01-17 15:42:00,91.24
18361,60064,2024-01-17 15:42:12,95.22
18362,60065,2024-01-17 15:42:24,94.79
18363,60066,2024-01-17 15:42:36,93.03
18364,60067,2024-01-17 15:42:48,92.81
18365,60068,2024-01-17 15:43:00,92.33
18366,60069,2024-01-17 15:43:12,91.89
18367,60070,2024-01-17 15:43:24,91.19
18368,60071,2024-01-17 15:43:36,91.37
18369,60072,2024-01-17 15:43:48,92.46
18370,60073,2024-01-17 15:44:00,94.79
18371,60074,2024-01-17 15:44:12,93.95
18372,60075,2024-01-17 15:44:24,93.6
18373,60076,2024-01-17 15:44:36,92.9
18374,60077,2024-01-17 15:44:48,91.32
18375,60078,2024-01-17 15:45:00,91.63
18376,60079,2024-01-17 15:45:12,91.02
18377,60080,2024-01-17 15:45:24,92.55
18378,60081,2024-01-17 15:45:36,94.65
18379,60082,2024-01-17 15:45:48,93.65
18380,60083,2024-01-17 15:46:00,93.38
18381,60084,2024-01-17 15:46:12,93.12
18382,60085,2024-01-17 15:46:24,92.42
18383,60086,2024-01-17 15:46:36,91.98
18384,60087,2024-01-17 15:46:48,91.54
18385,60088,2024-01-17 15:47:00,91.85
18386,60089,2024-01-17 15:47:12,94.65
18387,60090,2024-01-17 15:47:24,94.04
18388,60091,2024-01-17 15:47:36,93.87
18389,60092,2024-01-17 15:47:48,92.59
18390,60093,2024-01-17 15:48:00,91.89
18391,60094,2024-01-17 15:48:12,91.98
18392,60095,2024-01-17 15:48:24,92.07
18393,60096,2024-01-17 15:48:36,91.19
18394,60097,2024-01-17 15:48:48,90.71
18395,60098,2024-01-17 15:49:00,94.92
18396,60099,2024-01-17 15:49:12,94.7
18397,60100,2024-01-17 15:49:24,94.26
18398,60101,2024-01-17 15:49:36,93.78
18399,60102,2024-01-17 15:49:48,93.08
18400,60103,2024-01-17 15:50:00,92.9
18401,60104,2024-01-17 15:50:12,91.67
18402,60105,2024-01-17 15:50:24,91.15
18403,60106,2024-01-17 15:50:36,90.8
18404,60107,2024-01-17 15:50:48,93.69
18405,60108,2024-01-17 15:51:00,94.09
18406,60109,2024-01-17 15:51:12,93.95
18407,60110,2024-01-17 15:51:24,92.81
18408,60111,2024-01-17 15:51:36,92.99
18409,60112,2024-01-17 15:51:48,91.54
18410,60113,2024-01-17 15:52:00,92.2
18411,60114,2024-01-17 15:52:12,91.15
18412,60115,2024-01-17 15:52:24,90.93
18413,60116,2024-01-17 15:52:36,95.01
18414,60117,2024-01-17 15:52:48,93.52
18415,60118,2024-01-17 15:53:00,93.52
18416,60119,2024-01-17 15:53:12,92.68
18417,60120,2024-01-17 15:53:24,91.89
18418,60121,2024-01-17 15:53:36,91.63
18419,60122,2024-01-17 15:53:48,91.15
18420,60123,2024-01-17 15:54:00,91.06
18421,60124,2024-01-17 15:54:12,92.64
18422,60125,2024-01-17 15:54:24,94.44
18423,60126,2024-01-17 15:54:36,93.95
18424,60127,2024-01-17 15:54:48,93.69
18425,60128,2024-01-17 15:55:00,92.99
18426,60129,2024-01-17 15:55:12,92.24
18427,60130,2024-01-17 15:55:24,92.02
18428,60131,2024-01-17 15:55:36,90.4
18429,60132,2024-01-17 15:55:48,91.19
18430,60133,2024-01-17 15:56:00,94.04
18431,60134,2024-01-17 15:56:12,94.48
18432,60135,2024-01-17 15:56:24,94.39
18433,60136,2024-01-17 15:56:36,93.38
18434,60137,2024-01-17 15:56:48,92.55
18435,60138,2024-01-17 15:57:00,91.98
18436,60139,2024-01-17 15:57:12,92.46
18437,60140,2024-01-17 15:57:24,91.5
18438,60141,2024-01-17 15:57:36,91.06
18439,60142,2024-01-17 15:57:48,93.69
18440,60143,2024-01-17 15:58:00,94.92
18441,60144,2024-01-17 15:58:12,93.82
18442,60145,2024-01-17 15:58:24,93.38
18443,60146,2024-01-17 15:58:36,92.16
18444,60147,2024-01-17 15:58:48,92.38
18445,60148,2024-01-17 15:59:00,92.24
18446,60149,2024-01-17 15:59:12,91.54
18447,60150,2024-01-17 15:59:24,90.45
18448,60151,2024-01-17 15:59:36,94.04
18449,60152,2024-01-17 15:59:48,93.87
18450,64353,2024-01-18 06:00:00,99.56
18451,64354,2024-01-18 06:00:12,99.43
18452,64355,2024-01-18 06:00:24,100.4
18453,64356,2024-01-18 06:00:36,99.87
18454,64357,2024-01-18 06:00:48,100.35
18455,64358,2024-01-18 06:01:00,100.44
18456,64359,2024-01-18 06:01:12,101.14
18457,64360,2024-01-18 06:01:24,101.1
18458,64361,2024-01-18 06:01:36,101.45
18459,64362,2024-01-18 06:01:48,101.54
18460,64363,2024-01-18 06:02:00,101.76
18461,64364,2024-01-18 06:02:12,101.62
18462,64365,2024-01-18 06:02:24,102.72
18463,64366,2024-01-18 06:02:36,102.24
18464,64367,2024-01-18 06:02:48,102.9
18465,64368,2024-01-18 06:03:00,103.16
18466,64369,2024-01-18 06:03:12,103.55
18467,64370,2024-01-18 06:03:24,103.16
18468,64371,2024-01-18 06:03:36,103.73
18469,64372,2024-01-18 06:03:48,103.73
18470,64373,2024-01-18 06:04:00,104.34
18471,64374,2024-01-18 06:04:12,104.21
18472,64375,2024-01-18 06:04:24,103.86
18473,64376,2024-01-18 06:04:36,104.3
18474,64377,2024-01-18 06:04:48,105.61
18475,64378,2024-01-18 06:05:00,104.74
18476,64379,2024-01-18 06:05:12,106.01
18477,64380,2024-01-18 06:05:24,106.36
18478,64381,2024-01-18 06:05:36,106.23
18479,64382,2024-01-18 06:05:48,106.36
18480,64383,2024-01-18 06:06:00,106.01
18481,64384,2024-01-18 06:06:12,106.4
18482,64385,2024-01-18 06:06:24,106.14
18483,64386,2024-01-18 06:06:36,107.02
18484,64387,2024-01-18 06:06:48,107.41
18485,64388,2024-01-18 06:07:00,107.28
18486,64389,2024-01-18 06:07:12,107.76
18487,64390,2024-01-18 06:07:24,108.16
18488,64391,2024-01-18 06:07:36,107.37
18489,64392,2024-01-18 06:07:48,108.77
18490,64393,2024-01-18 06:08:00,108.73
18491,64394,2024-01-18 06:08:12,108.73
18492,64395,2024-01-18 06:08:24,108.99
18493,64396,2024-01-18 06:08:36,109.08
18494,64397,2024-01-18 06:08:48,109.51
18495,64398,2024-01-18 06:09:00,109.51
18496,64399,2024-01-18 06:09:12,109.38
18497,64400,2024-01-18 06:09:24,110.39
18498,64401,2024-01-18 06:09:36,110.79
18499,64402,2024-01-18 06:09:48,110.35
18500,64403,2024-01-18 06:10:00,110.35
18501,64404,2024-01-18 06:10:12,111.36
18502,64405,2024-01-18 06:10:24,110.7
18503,64406,2024-01-18 06:10:36,110.83
18504,64407,2024-01-18 06:10:48,110.83
18505,64408,2024-01-18 06:11:00,111.36
18506,64409,2024-01-18 06:11:12,112.19
18507,64410,2024-01-18 06:11:24,111.57
18508,64411,2024-01-18 06:11:36,111.79
18509,64412,2024-01-18 06:11:48,113.02
18510,64413,2024-01-18 06:12:00,111.84
18511,64414,2024-01-18 06:12:12,113.15
18512,64415,2024-01-18 06:12:24,112.63
18513,64416,2024-01-18 06:12:36,112.76
18514,64417,2024-01-18 06:12:48,113.59
18515,64418,2024-01-18 06:13:00,112.93
18516,64419,2024-01-18 06:13:12,113.02
18517,64420,2024-01-18 06:13:24,113.77
18518,64421,2024-01-18 06:13:36,114.07
18519,64422,2024-01-18 06:13:48,114.86
18520,64423,2024-01-18 06:14:00,114.95
18521,64424,2024-01-18 06:14:12,114.95
18522,64425,2024-01-18 06:14:24,115.61
18523,64426,2024-01-18 06:14:36,115.39
18524,64427,2024-01-18 06:14:48,115.08
18525,64428,2024-01-18 06:15:00,115.69
18526,64429,2024-01-18 06:15:12,115.17
18527,64430,2024-01-18 06:15:24,115.43
18528,64431,2024-01-18 06:15:36,116.66
18529,64432,2024-01-18 06:15:48,115.96
18530,64433,2024-01-18 06:16:00,116.66
18531,64434,2024-01-18 06:16:12,116.35
18532,64435,2024-01-18 06:16:24,116.31
18533,64436,2024-01-18 06:16:36,117.23
18534,64437,2024-01-18 06:16:48,117.54
18535,64438,2024-01-18 06:17:00,117.71
18536,64439,2024-01-18 06:17:12,117.19
18537,64440,2024-01-18 06:17:24,117.54
18538,64441,2024-01-18 06:17:36,117.58
18539,64442,2024-01-18 06:17:48,118.02
18540,64443,2024-01-18 06:18:00,117.97
18541,64444,2024-01-18 06:18:12,117.67
18542,64445,2024-01-18 06:18:24,118.06
18543,64446,2024-01-18 06:18:36,119.11
18544,64447,2024-01-18 06:18:48,118.41
18545,64448,2024-01-18 06:19:00,119.03
18546,64449,2024-01-18 06:19:12,119.82
18547,64450,2024-01-18 06:19:24,120.08
18548,64451,2024-01-18 06:19:36,120.03
18549,64452,2024-01-18 06:19:48,120.08
18550,64453,2024-01-18 06:20:00,120.34
18551,64454,2024-01-18 06:20:12,120.47
18552,64455,2024-01-18 06:20:24,120.87
18553,64456,2024-01-18 06:20:36,120.38
18554,64457,2024-01-18 06:20:48,120.74
18555,64458,2024-01-18 06:21:00,121.26
18556,64459,2024-01-18 06:21:12,120.69
18557,64460,2024-01-18 06:21:24,121.61
18558,64461,2024-01-18 06:21:36,121.74
18559,64462,2024-01-18 06:21:48,122.09
18560,64463,2024-01-18 06:22:00,121.66
18561,64464,2024-01-18 06:22:12,121.44
18562,64465,2024-01-18 06:22:24,121.74
18563,64466,2024-01-18 06:22:36,122.45
18564,64467,2024-01-18 06:22:48,122.45
18565,64468,2024-01-18 06:23:00,122.36
18566,64469,2024-01-18 06:23:12,123.15
18567,64470,2024-01-18 06:23:24,123.67
18568,64471,2024-01-18 06:23:36,122.71
18569,64472,2024-01-18 06:23:48,123.54
18570,64473,2024-01-18 06:24:00,124.11
18571,64474,2024-01-18 06:24:12,123.85
18572,64475,2024-01-18 06:24:24,124.46
18573,64476,2024-01-18 06:24:36,124.59
18574,64477,2024-01-18 06:24:48,124.99
18575,64478,2024-01-18 06:25:00,124.81
18576,64479,2024-01-18 06:25:12,123.85
18577,64480,2024-01-18 06:25:24,123.32
18578,64481,2024-01-18 06:25:36,122.8
18579,64482,2024-01-18 06:25:48,122.31
18580,64483,2024-01-18 06:26:00,121.83
18581,64484,2024-01-18 06:26:12,121.44
18582,64485,2024-01-18 06:26:24,120.95
18583,64486,2024-01-18 06:26:36,120.47
18584,64487,2024-01-18 06:26:48,120.03
18585,64488,2024-01-18 06:27:00,119.6
18586,64489,2024-01-18 06:27:12,119.11
18587,64490,2024-01-18 06:27:24,118.76
18588,64491,2024-01-18 06:27:36,118.24
18589,64492,2024-01-18 06:27:48,117.89
18590,64493,2024-01-18 06:28:00,117.54
18591,64494,2024-01-18 06:28:12,117.05
18592,64495,2024-01-18 06:28:24,116.62
18593,64496,2024-01-18 06:28:36,116.22
18594,64497,2024-01-18 06:28:48,115.83
18595,64498,2024-01-18 06:29:00,115.43
18596,64499,2024-01-18 06:29:12,115.04
18597,64500,2024-01-18 06:29:24,114.69
18598,64501,2024-01-18 06:29:36,114.2
18599,64502,2024-01-18 06:29:48,113.9
18600,64503,2024-01-18 06:30:00,113.5
18601,64504,2024-01-18 06:30:12,113.11
18602,64505,2024-01-18 06:30:24,112.76
18603,64506,2024-01-18 06:30:36,112.41
18604,64507,2024-01-18 06:30:48,112.1
18605,64508,2024-01-18 06:31:00,111.71
18606,64509,2024-01-18 06:31:12,111.27
18607,64510,2024-01-18 06:31:24,110.79
18608,64511,2024-01-18 06:31:36,110.43
18609,64512,2024-01-18 06:31:48,110.13
18610,64513,2024-01-18 06:32:00,109.73
18611,64514,2024-01-18 06:32:12,109.47
18612,64515,2024-01-18 06:32:24,109.12
18613,64516,2024-01-18 06:32:36,108.86
18614,64517,2024-01-18 06:32:48,108.42
18615,64518,2024-01-18 06:33:00,108.16
18616,64519,2024-01-18 06:33:12,107.85
18617,64520,2024-01-18 06:33:24,107.54
18618,64521,2024-01-18 06:33:36,107.19
18619,64522,2024-01-18 06:33:48,106.88
18620,64523,2024-01-18 06:34:00,106.67
18621,64524,2024-01-18 06:34:12,106.31
18622,64525,2024-01-18 06:34:24,106.01
18623,64526,2024-01-18 06:34:36,105.66
18624,64527,2024-01-18 06:34:48,105.44
18625,64528,2024-01-18 06:35:00,105.09
18626,64529,2024-01-18 06:35:12,104.82
18627,64530,2024-01-18 06:35:24,104.52
18628,64531,2024-01-18 06:35:36,104.21
18629,64532,2024-01-18 06:35:48,103.9
18630,64533,2024-01-18 06:36:00,103.55
18631,64534,2024-01-18 06:36:12,103.33
18632,64535,2024-01-18 06:36:24,103.03
18633,64536,2024-01-18 06:36:36,102.85
18634,64537,2024-01-18 06:36:48,102.54
18635,64538,2024-01-18 06:37:00,102.28
18636,64539,2024-01-18 06:37:12,101.93
18637,64540,2024-01-18 06:37:24,101.67
18638,64541,2024-01-18 06:37:36,101.41
18639,64542,2024-01-18 06:37:48,101.14
18640,64543,2024-01-18 06:38:00,100.75
18641,64544,2024-01-18 06:38:12,100.53
18642,64545,2024-01-18 06:38:24,100.27
18643,64546,2024-01-18 06:38:36,99.96
18644,64547,2024-01-18 06:38:48,99.7
18645,64548,2024-01-18 06:39:00,99.39
18646,64549,2024-01-18 06:39:12,98.99
18647,64550,2024-01-18 06:39:24,98.86
18648,64551,2024-01-18 06:39:36,98.51
18649,64552,2024-01-18 06:39:48,98.56
18650,64553,2024-01-18 06:40:00,99.21
18651,64554,2024-01-18 06:40:12,99.83
18652,64555,2024-01-18 06:40:24,99.3
18653,64556,2024-01-18 06:40:36,100.44
18654,64557,2024-01-18 06:40:48,99.43
18655,64558,2024-01-18 06:41:00,101.01
18656,64559,2024-01-18 06:41:12,102.15
18657,64560,2024-01-18 06:41:24,101.67
18658,64561,2024-01-18 06:41:36,102.28
18659,64562,2024-01-18 06:41:48,102.02
18660,64563,2024-01-18 06:42:00,102.63
18661,64564,2024-01-18 06:42:12,102.85
18662,64565,2024-01-18 06:42:24,103.73
18663,64566,2024-01-18 06:42:36,103.2
18664,64567,2024-01-18 06:42:48,104.17
18665,64568,2024-01-18 06:43:00,104.25
18666,64569,2024-01-18 06:43:12,104.17
18667,64570,2024-01-18 06:43:24,104.74
18668,64571,2024-01-18 06:43:36,104.87
18669,64572,2024-01-18 06:43:48,105.04
18670,64573,2024-01-18 06:44:00,105.44
18671,64574,2024-01-18 06:44:12,105.57
18672,64575,2024-01-18 06:44:24,106.84
18673,64576,2024-01-18 06:44:36,106.05
18674,64577,2024-01-18 06:44:48,106.31
18675,64578,2024-01-18 06:45:00,106.67
18676,64579,2024-01-18 06:45:12,106.88
18677,64580,2024-01-18 06:45:24,107.8
18678,64581,2024-01-18 06:45:36,107.28
18679,64582,2024-01-18 06:45:48,107.8
18680,64583,2024-01-18 06:46:00,108.07
18681,64584,2024-01-18 06:46:12,108.37
18682,64585,2024-01-18 06:46:24,107.85
18683,64586,2024-01-18 06:46:36,109.21
18684,64587,2024-01-18 06:46:48,108.77
18685,64588,2024-01-18 06:47:00,109.16
18686,64589,2024-01-18 06:47:12,109.65
18687,64590,2024-01-18 06:47:24,110.04
18688,64591,2024-01-18 06:47:36,109.3
18689,64592,2024-01-18 06:47:48,109.91
18690,64593,2024-01-18 06:48:00,110.52
18691,64594,2024-01-18 06:48:12,110.87
18692,64595,2024-01-18 06:48:24,110.92
18693,64596,2024-01-18 06:48:36,110.92
18694,64597,2024-01-18 06:48:48,110.79
18695,64598,2024-01-18 06:49:00,111.71
18696,64599,2024-01-18 06:49:12,112.63
18697,64600,2024-01-18 06:49:24,111.84
18698,64601,2024-01-18 06:49:36,113.15
18699,64602,2024-01-18 06:49:48,112.19
18700,64603,2024-01-18 06:50:00,113.02
18701,64604,2024-01-18 06:50:12,112.93
18702,64605,2024-01-18 06:50:24,113.24
18703,64606,2024-01-18 06:50:36,113.59
18704,64607,2024-01-18 06:50:48,113.77
18705,64608,2024-01-18 06:51:00,113.37
18706,64609,2024-01-18 06:51:12,113.33
18707,64610,2024-01-18 06:51:24,114.07
18708,64611,2024-01-18 06:51:36,114.56
18709,64612,2024-01-18 06:51:48,115.17
18710,64613,2024-01-18 06:52:00,114.42
18711,64614,2024-01-18 06:52:12,114.69
18712,64615,2024-01-18 06:52:24,114.73
18713,64616,2024-01-18 06:52:36,114.73
18714,64617,2024-01-18 06:52:48,114.2
18715,64618,2024-01-18 06:53:00,115.17
18716,64619,2024-01-18 06:53:12,114.77
18717,64620,2024-01-18 06:53:24,115.21
18718,64621,2024-01-18 06:53:36,115.12
18719,64622,2024-01-18 06:53:48,116.05
18720,64623,2024-01-18 06:54:00,116.18
18721,64624,2024-01-18 06:54:12,116.26
18722,64625,2024-01-18 06:54:24,116.22
18723,64626,2024-01-18 06:54:36,115.39
18724,64627,2024-01-18 06:54:48,115.61
18725,64628,2024-01-18 06:55:00,114.12
18726,64629,2024-01-18 06:55:12,114.03
18727,64630,2024-01-18 06:55:24,113.28
18728,64631,2024-01-18 06:55:36,112.67
18729,64632,2024-01-18 06:55:48,111.88
18730,64633,2024-01-18 06:56:00,111.62
18731,64634,2024-01-18 06:56:12,110.57
18732,64635,2024-01-18 06:56:24,110.04
18733,64636,2024-01-18 06:56:36,109.25
18734,64637,2024-01-18 06:56:48,108.94
18735,64638,2024-01-18 06:57:00,108.68
18736,64639,2024-01-18 06:57:12,107.89
18737,64640,2024-01-18 06:57:24,108.33
18738,64641,2024-01-18 06:57:36,106.84
18739,64642,2024-01-18 06:57:48,107.5
18740,64643,2024-01-18 06:58:00,106.49
18741,64644,2024-01-18 06:58:12,106.58
18742,64645,2024-01-18 06:58:24,105.48
18743,64646,2024-01-18 06:58:36,105.04
18744,64647,2024-01-18 06:58:48,103.9
18745,64648,2024-01-18 06:59:00,104.08
18746,64649,2024-01-18 06:59:12,103.33
18747,64650,2024-01-18 06:59:24,102.94
18748,64651,2024-01-18 06:59:36,102.37
18749,64652,2024-01-18 06:59:48,102.54
18750,64653,2024-01-18 07:00:00,102.28
18751,64654,2024-01-18 07:00:12,100.84
18752,64655,2024-01-18 07:00:24,100.92
18753,64656,2024-01-18 07:00:36,100.05
18754,64657,2024-01-18 07:00:48,99.83
18755,64658,2024-01-18 07:01:00,99.7
18756,64659,2024-01-18 07:01:12,99.48
18757,64660,2024-01-18 07:01:24,98.78
18758,64661,2024-01-18 07:01:36,98.38
18759,64662,2024-01-18 07:01:48,97.77
18760,64663,2024-01-18 07:02:00,96.8
18761,64664,2024-01-18 07:02:12,96.8
18762,64665,2024-01-18 07:02:24,95.53
18763,64666,2024-01-18 07:02:36,95.27
18764,64667,2024-01-18 07:02:48,95.75
18765,64668,2024-01-18 07:03:00,95.09
18766,64669,2024-01-18 07:03:12,94.26
18767,64670,2024-01-18 07:03:24,94.74
18768,64671,2024-01-18 07:03:36,94.22
18769,64672,2024-01-18 07:03:48,93.21
18770,64673,2024-01-18 07:04:00,93.3
18771,64674,2024-01-18 07:04:12,92.95
18772,64675,2024-01-18 07:04:24,92.9
18773,64676,2024-01-18 07:04:36,91.94
18774,64677,2024-01-18 07:04:48,91.41
18775,64678,2024-01-18 07:05:00,91.5
18776,64679,2024-01-18 07:05:12,91.63
18777,64680,2024-01-18 07:05:24,90.53
18778,64681,2024-01-18 07:05:36,93.95
18779,64682,2024-01-18 07:05:48,94.52
18780,64683,2024-01-18 07:06:00,94.44
18781,64684,2024-01-18 07:06:12,93.91
18782,64685,2024-01-18 07:06:24,92.77
18783,64686,2024-01-18 07:06:36,93.08
18784,64687,2024-01-18 07:06:48,92.29
18785,64688,2024-01-18 07:07:00,92.33
18786,64689,2024-01-18 07:07:12,91.81
18787,64690,2024-01-18 07:07:24,91.06
18788,64691,2024-01-18 07:07:36,90.84
18789,64692,2024-01-18 07:07:48,92.2
18790,64693,2024-01-18 07:08:00,94.96
18791,64694,2024-01-18 07:08:12,93.82
18792,64695,2024-01-18 07:08:24,94.39
18793,64696,2024-01-18 07:08:36,93.16
18794,64697,2024-01-18 07:08:48,92.99
18795,64698,2024-01-18 07:09:00,91.94
18796,64699,2024-01-18 07:09:12,91.72
18797,64700,2024-01-18 07:09:24,91.54
18798,64701,2024-01-18 07:09:36,90.89
18799,64702,2024-01-18 07:09:48,93.73
18800,64703,2024-01-18 07:10:00,93.78
18801,64704,2024-01-18 07:10:12,93.78
18802,64705,2024-01-18 07:10:24,93.25
18803,64706,2024-01-18 07:10:36,92.68
18804,64707,2024-01-18 07:10:48,92.59
18805,64708,2024-01-18 07:11:00,92.2
18806,64709,2024-01-18 07:11:12,91.15
18807,64710,2024-01-18 07:11:24,91.15
18808,64711,2024-01-18 07:11:36,90.49
18809,64712,2024-01-18 07:11:48,94.22
18810,64713,2024-01-18 07:12:00,94.57
18811,64714,2024-01-18 07:12:12,94.0
18812,64715,2024-01-18 07:12:24,93.69
18813,64716,2024-01-18 07:12:36,93.03
18814,64717,2024-01-18 07:12:48,92.29
18815,64718,2024-01-18 07:13:00,92.11
18816,64719,2024-01-18 07:13:12,90.58
18817,64720,2024-01-18 07:13:24,90.49
18818,64721,2024-01-18 07:13:36,93.82
18819,64722,2024-01-18 07:13:48,93.95
18820,64723,2024-01-18 07:14:00,93.95
18821,64724,2024-01-18 07:14:12,93.3
18822,64725,2024-01-18 07:14:24,93.6
18823,64726,2024-01-18 07:14:36,92.86
18824,64727,2024-01-18 07:14:48,92.11
18825,64728,2024-01-18 07:15:00,91.76
18826,64729,2024-01-18 07:15:12,91.24
18827,64730,2024-01-18 07:15:24,91.81
18828,64731,2024-01-18 07:15:36,95.53
18829,64732,2024-01-18 07:15:48,94.39
18830,64733,2024-01-18 07:16:00,93.95
18831,64734,2024-01-18 07:16:12,92.55
18832,64735,2024-01-18 07:16:24,92.99
18833,64736,2024-01-18 07:16:36,92.33
18834,64737,2024-01-18 07:16:48,92.11
18835,64738,2024-01-18 07:17:00,91.5
18836,64739,2024-01-18 07:17:12,91.24
18837,64740,2024-01-18 07:17:24,91.72
18838,64741,2024-01-18 07:17:36,95.09
18839,64742,2024-01-18 07:17:48,94.61
18840,64743,2024-01-18 07:18:00,93.69
18841,64744,2024-01-18 07:18:12,93.12
18842,64745,2024-01-18 07:18:24,92.99
18843,64746,2024-01-18 07:18:36,91.76
18844,64747,2024-01-18 07:18:48,92.29
18845,64748,2024-01-18 07:19:00,91.24
18846,64749,2024-01-18 07:19:12,90.89
18847,64750,2024-01-18 07:19:24,92.68
18848,64751,2024-01-18 07:19:36,94.39
18849,64752,2024-01-18 07:19:48,94.44
18850,64753,2024-01-18 07:20:00,94.44
18851,64754,2024-01-18 07:20:12,93.38
18852,64755,2024-01-18 07:20:24,93.03
18853,64756,2024-01-18 07:20:36,91.94
18854,64757,2024-01-18 07:20:48,91.06
18855,64758,2024-01-18 07:21:00,91.63
18856,64759,2024-01-18 07:21:12,90.53
18857,64760,2024-01-18 07:21:24,91.1
18858,64761,2024-01-18 07:21:36,95.49
18859,64762,2024-01-18 07:21:48,94.83
18860,64763,2024-01-18 07:22:00,94.22
18861,64764,2024-01-18 07:22:12,93.82
18862,64765,2024-01-18 07:22:24,92.9
18863,64766,2024-01-18 07:22:36,92.29
18864,64767,2024-01-18 07:22:48,92.29
18865,64768,2024-01-18 07:23:00,91.24
18866,64769,2024-01-18 07:23:12,90.93
18867,64770,2024-01-18 07:23:24,91.06
18868,64771,2024-01-18 07:23:36,94.92
18869,64772,2024-01-18 07:23:48,94.26
18870,64773,2024-01-18 07:24:00,94.3
18871,64774,2024-01-18 07:24:12,92.9
18872,64775,2024-01-18 07:24:24,93.03
18873,64776,2024-01-18 07:24:36,92.29
18874,64777,2024-01-18 07:24:48,91.19
18875,64778,2024-01-18 07:25:00,91.28
18876,64779,2024-01-18 07:25:12,91.24
18877,64780,2024-01-18 07:25:24,92.73
18878,64781,2024-01-18 07:25:36,94.13
18879,64782,2024-01-18 07:25:48,93.91
18880,64783,2024-01-18 07:26:00,94.04
18881,64784,2024-01-18 07:26:12,93.21
18882,64785,2024-01-18 07:26:24,93.25
18883,64786,2024-01-18 07:26:36,92.64
18884,64787,2024-01-18 07:26:48,92.11
18885,64788,2024-01-18 07:27:00,91.19
18886,64789,2024-01-18 07:27:12,91.15
18887,64790,2024-01-18 07:27:24,92.33
18888,64791,2024-01-18 07:27:36,95.01
18889,64792,2024-01-18 07:27:48,94.04
18890,64793,2024-01-18 07:28:00,93.3
18891,64794,2024-01-18 07:28:12,93.47
18892,64795,2024-01-18 07:28:24,92.9
18893,64796,2024-01-18 07:28:36,91.89
18894,64797,2024-01-18 07:28:48,92.02
18895,64798,2024-01-18 07:29:00,91.19
18896,64799,2024-01-18 07:29:12,90.71
18897,64800,2024-01-18 07:29:24,92.64
18898,64801,2024-01-18 07:29:36,95.09
18899,64802,2024-01-18 07:29:48,94.35
18900,64803,2024-01-18 07:30:00,93.12
18901,64804,2024-01-18 07:30:12,92.99
18902,64805,2024-01-18 07:30:24,91.98
18903,64806,2024-01-18 07:30:36,92.02
18904,64807,2024-01-18 07:30:48,91.94
18905,64808,2024-01-18 07:31:00,91.54
18906,64809,2024-01-18 07:31:12,90.1
18907,64810,2024-01-18 07:31:24,91.98
18908,64811,2024-01-18 07:31:36,95.44
18909,64812,2024-01-18 07:31:48,94.35
18910,64813,2024-01-18 07:32:00,94.39
18911,64814,2024-01-18 07:32:12,93.65
18912,64815,2024-01-18 07:32:24,92.2
18913,64816,2024-01-18 07:32:36,92.11
18914,64817,2024-01-18 07:32:48,91.98
18915,64818,2024-01-18 07:33:00,91.37
18916,64819,2024-01-18 07:33:12,90.36
18917,64820,2024-01-18 07:33:24,90.97
18918,64821,2024-01-18 07:33:36,92.73
18919,64822,2024-01-18 07:33:48,94.7
18920,64823,2024-01-18 07:34:00,93.87
18921,64824,2024-01-18 07:34:12,93.82
18922,64825,2024-01-18 07:34:24,91.63
18923,64826,2024-01-18 07:34:36,92.51
18924,64827,2024-01-18 07:34:48,91.72
18925,64828,2024-01-18 07:35:00,91.63
18926,64829,2024-01-18 07:35:12,90.36
18927,64830,2024-01-18 07:35:24,91.63
18928,64831,2024-01-18 07:35:36,94.04
18929,64832,2024-01-18 07:35:48,93.65
18930,64833,2024-01-18 07:36:00,94.0
18931,64834,2024-01-18 07:36:12,92.95
18932,64835,2024-01-18 07:36:24,91.72
18933,64836,2024-01-18 07:36:36,92.68
18934,64837,2024-01-18 07:36:48,91.24
18935,64838,2024-01-18 07:37:00,91.54
18936,64839,2024-01-18 07:37:12,90.53
18937,64840,2024-01-18 07:37:24,92.86
18938,64841,2024-01-18 07:37:36,94.92
18939,64842,2024-01-18 07:37:48,93.21
18940,64843,2024-01-18 07:38:00,92.77
18941,64844,2024-01-18 07:38:12,93.43
18942,64845,2024-01-18 07:38:24,92.64
18943,64846,2024-01-18 07:38:36,92.11
18944,64847,2024-01-18 07:38:48,91.24
18945,64848,2024-01-18 07:39:00,90.97
18946,64849,2024-01-18 07:39:12,91.5
18947,64850,2024-01-18 07:39:24,91.72
18948,64851,2024-01-18 07:39:36,94.44
18949,64852,2024-01-18 07:39:48,94.7
18950,64853,2024-01-18 07:40:00,94.04
18951,64854,2024-01-18 07:40:12,93.25
18952,64855,2024-01-18 07:40:24,93.03
18953,64856,2024-01-18 07:40:36,92.16
18954,64857,2024-01-18 07:40:48,91.59
18955,64858,2024-01-18 07:41:00,91.76
18956,64859,2024-01-18 07:41:12,90.89
18957,64860,2024-01-18 07:41:24,93.12
18958,64861,2024-01-18 07:41:36,94.74
18959,64862,2024-01-18 07:41:48,93.65
18960,64863,2024-01-18 07:42:00,93.38
18961,64864,2024-01-18 07:42:12,93.21
18962,64865,2024-01-18 07:42:24,91.76
18963,64866,2024-01-18 07:42:36,91.94
18964,64867,2024-01-18 07:42:48,91.02
18965,64868,2024-01-18 07:43:00,90.71
18966,64869,2024-01-18 07:43:12,92.11
18967,64870,2024-01-18 07:43:24,95.09
18968,64871,2024-01-18 07:43:36,94.57
18969,64872,2024-01-18 07:43:48,94.17
18970,64873,2024-01-18 07:44:00,93.87
18971,64874,2024-01-18 07:44:12,92.81
18972,64875,2024-01-18 07:44:24,91.5
18973,64876,2024-01-18 07:44:36,91.98
18974,64877,2024-01-18 07:44:48,90.8
18975,64878,2024-01-18 07:45:00,91.1
18976,64879,2024-01-18 07:45:12,95.09
18977,64880,2024-01-18 07:45:24,94.74
18978,64881,2024-01-18 07:45:36,93.25
18979,64882,2024-01-18 07:45:48,93.87
18980,64883,2024-01-18 07:46:00,93.38
18981,64884,2024-01-18 07:46:12,92.29
18982,64885,2024-01-18 07:46:24,92.11
18983,64886,2024-01-18 07:46:36,92.02
18984,64887,2024-01-18 07:46:48,90.93
18985,64888,2024-01-18 07:47:00,91.37
18986,64889,2024-01-18 07:47:12,90.58
18987,64890,2024-01-18 07:47:24,94.92
18988,64891,2024-01-18 07:47:36,93.95
18989,64892,2024-01-18 07:47:48,94.22
18990,64893,2024-01-18 07:48:00,92.9
18991,64894,2024-01-18 07:48:12,92.64
18992,64895,2024-01-18 07:48:24,91.46
18993,64896,2024-01-18 07:48:36,91.28
18994,64897,2024-01-18 07:48:48,91.5
18995,64898,2024-01-18 07:49:00,91.67
18996,64899,2024-01-18 07:49:12,94.96
18997,64900,2024-01-18 07:49:24,94.79
18998,64901,2024-01-18 07:49:36,93.78
18999,64902,2024-01-18 07:49:48,93.12
19000,64903,2024-01-18 07:50:00,93.12
19001,64904,2024-01-18 07:50:12,92.46
19002,64905,2024-01-18 07:50:24,91.15
19003,64906,2024-01-18 07:50:36,91.24
19004,64907,2024-01-18 07:50:48,90.8
19005,64908,2024-01-18 07:51:00,90.71
19006,64909,2024-01-18 07:51:12,94.39
19007,64910,2024-01-18 07:51:24,95.27
19008,64911,2024-01-18 07:51:36,95.84
19009,64912,2024-01-18 07:51:48,95.75
19010,64913,2024-01-18 07:52:00,96.19
19011,64914,2024-01-18 07:52:12,95.71
19012,64915,2024-01-18 07:52:24,96.15
19013,64916,2024-01-18 07:52:36,96.72
19014,64917,2024-01-18 07:52:48,97.42
19015,64918,2024-01-18 07:53:00,96.8
19016,64919,2024-01-18 07:53:12,97.94
19017,64920,2024-01-18 07:53:24,98.03
19018,64921,2024-01-18 07:53:36,98.56
19019,64922,2024-01-18 07:53:48,98.6
19020,64923,2024-01-18 07:54:00,98.51
19021,64924,2024-01-18 07:54:12,98.6
19022,64925,2024-01-18 07:54:24,98.69
19023,64926,2024-01-18 07:54:36,99.21
19024,64927,2024-01-18 07:54:48,99.83
19025,64928,2024-01-18 07:55:00,98.99
19026,64929,2024-01-18 07:55:12,99.65
19027,64930,2024-01-18 07:55:24,99.96
19028,64931,2024-01-18 07:55:36,100.31
19029,64932,2024-01-18 07:55:48,100.09
19030,64933,2024-01-18 07:56:00,100.05
19031,64934,2024-01-18 07:56:12,100.92
19032,64935,2024-01-18 07:56:24,100.53
19033,64936,2024-01-18 07:56:36,101.8
19034,64937,2024-01-18 07:56:48,101.1
19035,64938,2024-01-18 07:57:00,101.62
19036,64939,2024-01-18 07:57:12,102.76
19037,64940,2024-01-18 07:57:24,102.63
19038,64941,2024-01-18 07:57:36,102.28
19039,64942,2024-01-18 07:57:48,102.81
19040,64943,2024-01-18 07:58:00,103.55
19041,64944,2024-01-18 07:58:12,102.9
19042,64945,2024-01-18 07:58:24,103.68
19043,64946,2024-01-18 07:58:36,103.9
19044,64947,2024-01-18 07:58:48,104.52
19045,64948,2024-01-18 07:59:00,104.39
19046,64949,2024-01-18 07:59:12,104.82
19047,64950,2024-01-18 07:59:24,104.91
19048,64951,2024-01-18 07:59:36,104.47
19049,64952,2024-01-18 07:59:48,104.91
19050,64953,2024-01-18 08:00:00,105.88
19051,64954,2024-01-18 08:00:12,105.96
19052,64955,2024-01-18 08:00:24,106.01
19053,64956,2024-01-18 08:00:36,105.83
19054,64957,2024-01-18 08:00:48,107.28
19055,64958,2024-01-18 08:01:00,106.75
19056,64959,2024-01-18 08:01:12,107.28
19057,64960,2024-01-18 08:01:24,107.06
19058,64961,2024-01-18 08:01:36,107.02
19059,64962,2024-01-18 08:01:48,106.18
19060,64963,2024-01-18 08:02:00,106.36
19061,64964,2024-01-18 08:02:12,105.57
19062,64965,2024-01-18 08:02:24,104.61
19063,64966,2024-01-18 08:02:36,104.52
19064,64967,2024-01-18 08:02:48,104.61
19065,64968,2024-01-18 08:03:00,104.87
19066,64969,2024-01-18 08:03:12,103.99
19067,64970,2024-01-18 08:03:24,104.3
19068,64971,2024-01-18 08:03:36,103.73
19069,64972,2024-01-18 08:03:48,102.94
19070,64973,2024-01-18 08:04:00,104.39
19071,64974,2024-01-18 08:04:12,103.07
19072,64975,2024-01-18 08:04:24,104.25
19073,64976,2024-01-18 08:04:36,103.73
19074,64977,2024-01-18 08:04:48,103.77
19075,64978,2024-01-18 08:05:00,104.43
19076,64979,2024-01-18 08:05:12,104.74
19077,64980,2024-01-18 08:05:24,104.87
19078,64981,2024-01-18 08:05:36,104.91
19079,64982,2024-01-18 08:05:48,104.43
19080,64983,2024-01-18 08:06:00,103.55
19081,64984,2024-01-18 08:06:12,103.82
19082,64985,2024-01-18 08:06:24,103.77
19083,64986,2024-01-18 08:06:36,103.77
19084,64987,2024-01-18 08:06:48,102.85
19085,64988,2024-01-18 08:07:00,103.47
19086,64989,2024-01-18 08:07:12,103.42
19087,64990,2024-01-18 08:07:24,103.42
19088,64991,2024-01-18 08:07:36,103.68
19089,64992,2024-01-18 08:07:48,103.55
19090,64993,2024-01-18 08:08:00,103.68
19091,64994,2024-01-18 08:08:12,104.39
19092,64995,2024-01-18 08:08:24,104.43
19093,64996,2024-01-18 08:08:36,104.69
19094,64997,2024-01-18 08:08:48,105.17
19095,64998,2024-01-18 08:09:00,105.17
19096,64999,2024-01-18 08:09:12,106.01
19097,65000,2024-01-18 08:09:24,105.39
19098,65001,2024-01-18 08:09:36,107.02
19099,65002,2024-01-18 08:09:48,106.36
19100,65003,2024-01-18 08:10:00,105.17
19101,65004,2024-01-18 08:10:12,105.79
19102,65005,2024-01-18 08:10:24,105.17
19103,65006,2024-01-18 08:10:36,105.0
19104,65007,2024-01-18 08:10:48,104.87
19105,65008,2024-01-18 08:11:00,104.78
19106,65009,2024-01-18 08:11:12,104.91
19107,65010,2024-01-18 08:11:24,104.43
19108,65011,2024-01-18 08:11:36,103.9
19109,65012,2024-01-18 08:11:48,104.61
19110,65013,2024-01-18 08:12:00,104.52
19111,65014,2024-01-18 08:12:12,103.82
19112,65015,2024-01-18 08:12:24,103.07
19113,65016,2024-01-18 08:12:36,103.77
19114,65017,2024-01-18 08:12:48,103.55
19115,65018,2024-01-18 08:13:00,103.07
19116,65019,2024-01-18 08:13:12,103.38
19117,65020,2024-01-18 08:13:24,103.38
19118,65021,2024-01-18 08:13:36,103.86
19119,65022,2024-01-18 08:13:48,103.51
19120,65023,2024-01-18 08:14:00,104.39
19121,65024,2024-01-18 08:14:12,105.0
19122,65025,2024-01-18 08:14:24,104.52
19123,65026,2024-01-18 08:14:36,105.09
19124,65027,2024-01-18 08:14:48,104.82
19125,65028,2024-01-18 08:15:00,105.57
19126,65029,2024-01-18 08:15:12,105.48
19127,65030,2024-01-18 08:15:24,105.83
19128,65031,2024-01-18 08:15:36,106.01
19129,65032,2024-01-18 08:15:48,105.7
19130,65033,2024-01-18 08:16:00,106.01
19131,65034,2024-01-18 08:16:12,105.17
19132,65035,2024-01-18 08:16:24,104.56
19133,65036,2024-01-18 08:16:36,104.82
19134,65037,2024-01-18 08:16:48,104.74
19135,65038,2024-01-18 08:17:00,104.61
19136,65039,2024-01-18 08:17:12,104.21
19137,65040,2024-01-18 08:17:24,103.99
19138,65041,2024-01-18 08:17:36,103.86
19139,65042,2024-01-18 08:17:48,102.9
19140,65043,2024-01-18 08:18:00,102.63
19141,65044,2024-01-18 08:18:12,103.25
19142,65045,2024-01-18 08:18:24,102.54
19143,65046,2024-01-18 08:18:36,101.27
19144,65047,2024-01-18 08:18:48,101.67
19145,65048,2024-01-18 08:19:00,101.19
19146,65049,2024-01-18 08:19:12,101.32
19147,65050,2024-01-18 08:19:24,100.48
19148,65051,2024-01-18 08:19:36,100.7
19149,65052,2024-01-18 08:19:48,100.18
19150,65053,2024-01-18 08:20:00,100.18
19151,65054,2024-01-18 08:20:12,99.52
19152,65055,2024-01-18 08:20:24,99.21
19153,65056,2024-01-18 08:20:36,99.3
19154,65057,2024-01-18 08:20:48,99.13
19155,65058,2024-01-18 08:21:00,98.86
19156,65059,2024-01-18 08:21:12,97.24
19157,65060,2024-01-18 08:21:24,97.15
19158,65061,2024-01-18 08:21:36,97.59
19159,65062,2024-01-18 08:21:48,97.2
19160,65063,2024-01-18 08:22:00,97.55
19161,65064,2024-01-18 08:22:12,97.24
19162,65065,2024-01-18 08:22:24,96.93
19163,65066,2024-01-18 08:22:36,97.33
19164,65067,2024-01-18 08:22:48,97.5
19165,65068,2024-01-18 08:23:00,97.9
19166,65069,2024-01-18 08:23:12,97.81
19167,65070,2024-01-18 08:23:24,98.64
19168,65071,2024-01-18 08:23:36,98.07
19169,65072,2024-01-18 08:23:48,98.34
19170,65073,2024-01-18 08:24:00,97.9
19171,65074,2024-01-18 08:24:12,98.29
19172,65075,2024-01-18 08:24:24,97.72
19173,65076,2024-01-18 08:24:36,98.16
19174,65077,2024-01-18 08:24:48,98.51
19175,65078,2024-01-18 08:25:00,97.68
19176,65079,2024-01-18 08:25:12,98.99
19177,65080,2024-01-18 08:25:24,98.34
19178,65081,2024-01-18 08:25:36,98.42
19179,65082,2024-01-18 08:25:48,98.47
19180,65083,2024-01-18 08:26:00,98.51
19181,65084,2024-01-18 08:26:12,97.94
19182,65085,2024-01-18 08:26:24,98.56
19183,65086,2024-01-18 08:26:36,97.81
19184,65087,2024-01-18 08:26:48,98.42
19185,65088,2024-01-18 08:27:00,98.64
19186,65089,2024-01-18 08:27:12,98.78
19187,65090,2024-01-18 08:27:24,97.99
19188,65091,2024-01-18 08:27:36,98.91
19189,65092,2024-01-18 08:27:48,98.38
19190,65093,2024-01-18 08:28:00,97.24
19191,65094,2024-01-18 08:28:12,98.56
19192,65095,2024-01-18 08:28:24,98.64
19193,65096,2024-01-18 08:28:36,98.29
19194,65097,2024-01-18 08:28:48,98.25
19195,65098,2024-01-18 08:29:00,99.17
19196,65099,2024-01-18 08:29:12,99.35
19197,65100,2024-01-18 08:29:24,98.95
19198,65101,2024-01-18 08:29:36,98.6
19199,65102,2024-01-18 08:29:48,99.87
19200,65103,2024-01-18 08:30:00,100.53
19201,65104,2024-01-18 08:30:12,100.66
19202,65105,2024-01-18 08:30:24,100.27
19203,65106,2024-01-18 08:30:36,100.48
19204,65107,2024-01-18 08:30:48,101.58
19205,65108,2024-01-18 08:31:00,101.84
19206,65109,2024-01-18 08:31:12,102.37
19207,65110,2024-01-18 08:31:24,102.06
19208,65111,2024-01-18 08:31:36,102.46
19209,65112,2024-01-18 08:31:48,102.33
19210,65113,2024-01-18 08:32:00,103.68
19211,65114,2024-01-18 08:32:12,102.81
19212,65115,2024-01-18 08:32:24,103.29
19213,65116,2024-01-18 08:32:36,103.68
19214,65117,2024-01-18 08:32:48,104.08
19215,65118,2024-01-18 08:33:00,104.17
19216,65119,2024-01-18 08:33:12,104.74
19217,65120,2024-01-18 08:33:24,104.82
19218,65121,2024-01-18 08:33:36,105.26
19219,65122,2024-01-18 08:33:48,105.17
19220,65123,2024-01-18 08:34:00,105.79
19221,65124,2024-01-18 08:34:12,105.35
19222,65125,2024-01-18 08:34:24,105.66
19223,65126,2024-01-18 08:34:36,106.4
19224,65127,2024-01-18 08:34:48,105.79
19225,65128,2024-01-18 08:35:00,106.49
19226,65129,2024-01-18 08:35:12,106.84
19227,65130,2024-01-18 08:35:24,106.93
19228,65131,2024-01-18 08:35:36,107.28
19229,65132,2024-01-18 08:35:48,107.5
19230,65133,2024-01-18 08:36:00,107.72
19231,65134,2024-01-18 08:36:12,108.37
19232,65135,2024-01-18 08:36:24,108.16
19233,65136,2024-01-18 08:36:36,108.73
19234,65137,2024-01-18 08:36:48,108.68
19235,65138,2024-01-18 08:37:00,109.12
19236,65139,2024-01-18 08:37:12,108.07
19237,65140,2024-01-18 08:37:24,109.43
19238,65141,2024-01-18 08:37:36,108.59
19239,65142,2024-01-18 08:37:48,109.91
19240,65143,2024-01-18 08:38:00,110.0
19241,65144,2024-01-18 08:38:12,110.0
19242,65145,2024-01-18 08:38:24,110.0
19243,65146,2024-01-18 08:38:36,110.08
19244,65147,2024-01-18 08:38:48,110.13
19245,65148,2024-01-18 08:39:00,109.82
19246,65149,2024-01-18 08:39:12,109.73
19247,65150,2024-01-18 08:39:24,109.3
19248,65151,2024-01-18 08:39:36,108.07
19249,65152,2024-01-18 08:39:48,108.11
19250,65153,2024-01-18 08:40:00,107.72
19251,65154,2024-01-18 08:40:12,107.67
19252,65155,2024-01-18 08:40:24,107.98
19253,65156,2024-01-18 08:40:36,106.93
19254,65157,2024-01-18 08:40:48,106.93
19255,65158,2024-01-18 08:41:00,107.32
19256,65159,2024-01-18 08:41:12,105.66
19257,65160,2024-01-18 08:41:24,107.02
19258,65161,2024-01-18 08:41:36,106.23
19259,65162,2024-01-18 08:41:48,106.14
19260,65163,2024-01-18 08:42:00,106.67
19261,65164,2024-01-18 08:42:12,105.53
19262,65165,2024-01-18 08:42:24,105.17
19263,65166,2024-01-18 08:42:36,104.61
19264,65167,2024-01-18 08:42:48,104.47
19265,65168,2024-01-18 08:43:00,104.04
19266,65169,2024-01-18 08:43:12,104.61
19267,65170,2024-01-18 08:43:24,103.47
19268,65171,2024-01-18 08:43:36,104.47
19269,65172,2024-01-18 08:43:48,103.82
19270,65173,2024-01-18 08:44:00,103.82
19271,65174,2024-01-18 08:44:12,103.2
19272,65175,2024-01-18 08:44:24,102.68
19273,65176,2024-01-18 08:44:36,102.63
19274,65177,2024-01-18 08:44:48,102.06
19275,65178,2024-01-18 08:45:00,102.15
19276,65179,2024-01-18 08:45:12,101.76
19277,65180,2024-01-18 08:45:24,101.84
19278,65181,2024-01-18 08:45:36,101.8
19279,65182,2024-01-18 08:45:48,102.9
19280,65183,2024-01-18 08:46:00,103.73
19281,65184,2024-01-18 08:46:12,102.94
19282,65185,2024-01-18 08:46:24,103.86
19283,65186,2024-01-18 08:46:36,104.34
19284,65187,2024-01-18 08:46:48,104.25
19285,65188,2024-01-18 08:47:00,104.21
19286,65189,2024-01-18 08:47:12,104.43
19287,65190,2024-01-18 08:47:24,103.99
19288,65191,2024-01-18 08:47:36,103.2
19289,65192,2024-01-18 08:47:48,104.21
19290,65193,2024-01-18 08:48:00,103.11
19291,65194,2024-01-18 08:48:12,103.03
19292,65195,2024-01-18 08:48:24,102.85
19293,65196,2024-01-18 08:48:36,103.68
19294,65197,2024-01-18 08:48:48,102.85
19295,65198,2024-01-18 08:49:00,102.76
19296,65199,2024-01-18 08:49:12,102.54
19297,65200,2024-01-18 08:49:24,102.5
19298,65201,2024-01-18 08:49:36,102.41
19299,65202,2024-01-18 08:49:48,101.71
19300,65203,2024-01-18 08:50:00,101.58
19301,65204,2024-01-18 08:50:12,102.37
19302,65205,2024-01-18 08:50:24,100.97
19303,65206,2024-01-18 08:50:36,101.76
19304,65207,2024-01-18 08:50:48,101.32
19305,65208,2024-01-18 08:51:00,101.32
19306,65209,2024-01-18 08:51:12,101.23
19307,65210,2024-01-18 08:51:24,100.75
19308,65211,2024-01-18 08:51:36,100.97
19309,65212,2024-01-18 08:51:48,100.92
19310,65213,2024-01-18 08:52:00,100.92
19311,65214,2024-01-18 08:52:12,100.88
19312,65215,2024-01-18 08:52:24,99.83
19313,65216,2024-01-18 08:52:36,100.18
19314,65217,2024-01-18 08:52:48,100.05
19315,65218,2024-01-18 08:53:00,99.74
19316,65219,2024-01-18 08:53:12,100.4
19317,65220,2024-01-18 08:53:24,100.35
19318,65221,2024-01-18 08:53:36,98.99
19319,65222,2024-01-18 08:53:48,99.52
19320,65223,2024-01-18 08:54:00,99.3
19321,65224,2024-01-18 08:54:12,99.74
19322,65225,2024-01-18 08:54:24,98.99
19323,65226,2024-01-18 08:54:36,99.87
19324,65227,2024-01-18 08:54:48,100.75
19325,65228,2024-01-18 08:55:00,101.01
19326,65229,2024-01-18 08:55:12,101.19
19327,65230,2024-01-18 08:55:24,99.91
19328,65231,2024-01-18 08:55:36,100.75
19329,65232,2024-01-18 08:55:48,100.31
19330,65233,2024-01-18 08:56:00,100.35
19331,65234,2024-01-18 08:56:12,99.83
19332,65235,2024-01-18 08:56:24,99.21
19333,65236,2024-01-18 08:56:36,99.56
19334,65237,2024-01-18 08:56:48,99.39
19335,65238,2024-01-18 08:57:00,99.17
19336,65239,2024-01-18 08:57:12,99.7
19337,65240,2024-01-18 08:57:24,98.91
19338,65241,2024-01-18 08:57:36,99.3
19339,65242,2024-01-18 08:57:48,98.51
19340,65243,2024-01-18 08:58:00,98.34
19341,65244,2024-01-18 08:58:12,98.47
19342,65245,2024-01-18 08:58:24,98.6
19343,65246,2024-01-18 08:58:36,97.59
19344,65247,2024-01-18 08:58:48,97.68
19345,65248,2024-01-18 08:59:00,97.55
19346,65249,2024-01-18 08:59:12,97.9
19347,65250,2024-01-18 08:59:24,96.98
19348,65251,2024-01-18 08:59:36,97.59
19349,65252,2024-01-18 08:59:48,96.15
19350,65253,2024-01-18 09:00:00,96.93
19351,65254,2024-01-18 09:00:12,97.02
19352,65255,2024-01-18 09:00:24,96.93
19353,65256,2024-01-18 09:00:36,96.63
19354,65257,2024-01-18 09:00:48,96.41
19355,65258,2024-01-18 09:01:00,96.28
19356,65259,2024-01-18 09:01:12,95.84
19357,65260,2024-01-18 09:01:24,95.4
19358,65261,2024-01-18 09:01:36,95.75
19359,65262,2024-01-18 09:01:48,95.22
19360,65263,2024-01-18 09:02:00,95.09
19361,65264,2024-01-18 09:02:12,94.65
19362,65265,2024-01-18 09:02:24,94.44
19363,65266,2024-01-18 09:02:36,95.4
19364,65267,2024-01-18 09:02:48,95.14
19365,65268,2024-01-18 09:03:00,95.58
19366,65269,2024-01-18 09:03:12,96.19
19367,65270,2024-01-18 09:03:24,96.45
19368,65271,2024-01-18 09:03:36,96.72
19369,65272,2024-01-18 09:03:48,96.54
19370,65273,2024-01-18 09:04:00,97.42
19371,65274,2024-01-18 09:04:12,97.55
19372,65275,2024-01-18 09:04:24,97.37
19373,65276,2024-01-18 09:04:36,96.67
19374,65277,2024-01-18 09:04:48,97.07
19375,65278,2024-01-18 09:05:00,96.8
19376,65279,2024-01-18 09:05:12,97.46
19377,65280,2024-01-18 09:05:24,97.59
19378,65281,2024-01-18 09:05:36,97.5
19379,65282,2024-01-18 09:05:48,96.89
19380,65283,2024-01-18 09:06:00,98.12
19381,65284,2024-01-18 09:06:12,97.28
19382,65285,2024-01-18 09:06:24,98.07
19383,65286,2024-01-18 09:06:36,97.99
19384,65287,2024-01-18 09:06:48,98.12
19385,65288,2024-01-18 09:07:00,97.55
19386,65289,2024-01-18 09:07:12,98.34
19387,65290,2024-01-18 09:07:24,97.81
19388,65291,2024-01-18 09:07:36,97.24
19389,65292,2024-01-18 09:07:48,97.02
19390,65293,2024-01-18 09:08:00,97.28
19391,65294,2024-01-18 09:08:12,97.07
19392,65295,2024-01-18 09:08:24,96.15
19393,65296,2024-01-18 09:08:36,95.62
19394,65297,2024-01-18 09:08:48,96.06
19395,65298,2024-01-18 09:09:00,94.79
19396,65299,2024-01-18 09:09:12,93.95
19397,65300,2024-01-18 09:09:24,94.09
19398,65301,2024-01-18 09:09:36,94.09
19399,65302,2024-01-18 09:09:48,94.04
19400,65303,2024-01-18 09:10:00,92.9
19401,65304,2024-01-18 09:10:12,93.6
19402,65305,2024-01-18 09:10:24,93.69
19403,65306,2024-01-18 09:10:36,93.82
19404,65307,2024-01-18 09:10:48,93.34
19405,65308,2024-01-18 09:11:00,92.81
19406,65309,2024-01-18 09:11:12,92.95
19407,65310,2024-01-18 09:11:24,93.03
19408,65311,2024-01-18 09:11:36,92.29
19409,65312,2024-01-18 09:11:48,92.33
19410,65313,2024-01-18 09:12:00,92.2
19411,65314,2024-01-18 09:12:12,91.54
19412,65315,2024-01-18 09:12:24,91.54
19413,65316,2024-01-18 09:12:36,91.37
19414,65317,2024-01-18 09:12:48,90.18
19415,65318,2024-01-18 09:13:00,90.49
19416,65319,2024-01-18 09:13:12,91.06
19417,65320,2024-01-18 09:13:24,90.75
19418,65321,2024-01-18 09:13:36,92.29
19419,65322,2024-01-18 09:13:48,92.11
19420,65323,2024-01-18 09:14:00,91.98
19421,65324,2024-01-18 09:14:12,92.55
19422,65325,2024-01-18 09:14:24,92.2
19423,65326,2024-01-18 09:14:36,93.56
19424,65327,2024-01-18 09:14:48,92.11
19425,65328,2024-01-18 09:15:00,93.08
19426,65329,2024-01-18 09:15:12,92.16
19427,65330,2024-01-18 09:15:24,92.86
19428,65331,2024-01-18 09:15:36,92.33
19429,65332,2024-01-18 09:15:48,91.81
19430,65333,2024-01-18 09:16:00,91.5
19431,65334,2024-01-18 09:16:12,91.63
19432,65335,2024-01-18 09:16:24,91.63
19433,65336,2024-01-18 09:16:36,91.76
19434,65337,2024-01-18 09:16:48,92.11
19435,65338,2024-01-18 09:17:00,91.94
19436,65339,2024-01-18 09:17:12,92.73
19437,65340,2024-01-18 09:17:24,93.3
19438,65341,2024-01-18 09:17:36,93.95
19439,65342,2024-01-18 09:17:48,93.34
19440,65343,2024-01-18 09:18:00,93.95
19441,65344,2024-01-18 09:18:12,93.56
19442,65345,2024-01-18 09:18:24,94.65
19443,65346,2024-01-18 09:18:36,94.13
19444,65347,2024-01-18 09:18:48,94.13
19445,65348,2024-01-18 09:19:00,94.39
19446,65349,2024-01-18 09:19:12,95.01
19447,65350,2024-01-18 09:19:24,94.48
19448,65351,2024-01-18 09:19:36,94.96
19449,65352,2024-01-18 09:19:48,95.27
19450,65353,2024-01-18 09:20:00,95.14
19451,65354,2024-01-18 09:20:12,96.06
19452,65355,2024-01-18 09:20:24,96.15
19453,65356,2024-01-18 09:20:36,96.45
19454,65357,2024-01-18 09:20:48,96.67
19455,65358,2024-01-18 09:21:00,96.89
19456,65359,2024-01-18 09:21:12,97.2
19457,65360,2024-01-18 09:21:24,96.98
19458,65361,2024-01-18 09:21:36,97.42
19459,65362,2024-01-18 09:21:48,97.72
19460,65363,2024-01-18 09:22:00,97.42
19461,65364,2024-01-18 09:22:12,98.03
19462,65365,2024-01-18 09:22:24,97.9
19463,65366,2024-01-18 09:22:36,98.12
19464,65367,2024-01-18 09:22:48,98.6
19465,65368,2024-01-18 09:23:00,98.42
19466,65369,2024-01-18 09:23:12,98.99
19467,65370,2024-01-18 09:23:24,98.91
19468,65371,2024-01-18 09:23:36,99.35
19469,65372,2024-01-18 09:23:48,100.05
19470,65373,2024-01-18 09:24:00,99.48
19471,65374,2024-01-18 09:24:12,99.43
19472,65375,2024-01-18 09:24:24,100.88
19473,65376,2024-01-18 09:24:36,100.22
19474,65377,2024-01-18 09:24:48,100.75
19475,65378,2024-01-18 09:25:00,101.05
19476,65379,2024-01-18 09:25:12,101.23
19477,65380,2024-01-18 09:25:24,100.31
19478,65381,2024-01-18 09:25:36,101.93
19479,65382,2024-01-18 09:25:48,101.84
19480,65383,2024-01-18 09:26:00,101.8
19481,65384,2024-01-18 09:26:12,102.24
19482,65385,2024-01-18 09:26:24,102.28
19483,65386,2024-01-18 09:26:36,102.37
19484,65387,2024-01-18 09:26:48,103.2
19485,65388,2024-01-18 09:27:00,102.98
19486,65389,2024-01-18 09:27:12,103.29
19487,65390,2024-01-18 09:27:24,103.07
19488,65391,2024-01-18 09:27:36,103.86
19489,65392,2024-01-18 09:27:48,103.64
19490,65393,2024-01-18 09:28:00,104.25
19491,65394,2024-01-18 09:28:12,104.12
19492,65395,2024-01-18 09:28:24,104.61
19493,65396,2024-01-18 09:28:36,104.74
19494,65397,2024-01-18 09:28:48,104.52
19495,65398,2024-01-18 09:29:00,105.39
19496,65399,2024-01-18 09:29:12,105.17
19497,65400,2024-01-18 09:29:24,105.48
19498,65401,2024-01-18 09:29:36,105.96
19499,65402,2024-01-18 09:29:48,106.58
19500,65403,2024-01-18 09:30:00,105.61
19501,65404,2024-01-18 09:30:12,106.62
19502,65405,2024-01-18 09:30:24,107.06
19503,65406,2024-01-18 09:30:36,106.93
19504,65407,2024-01-18 09:30:48,106.84
19505,65408,2024-01-18 09:31:00,107.54
19506,65409,2024-01-18 09:31:12,107.41
19507,65410,2024-01-18 09:31:24,108.2
19508,65411,2024-01-18 09:31:36,107.89
19509,65412,2024-01-18 09:31:48,108.24
19510,65413,2024-01-18 09:32:00,108.81
19511,65414,2024-01-18 09:32:12,109.65
19512,65415,2024-01-18 09:32:24,109.3
19513,65416,2024-01-18 09:32:36,109.47
19514,65417,2024-01-18 09:32:48,109.69
19515,65418,2024-01-18 09:33:00,109.95
19516,65419,2024-01-18 09:33:12,109.47
19517,65420,2024-01-18 09:33:24,110.26
19518,65421,2024-01-18 09:33:36,110.43
19519,65422,2024-01-18 09:33:48,110.39
19520,65423,2024-01-18 09:34:00,111.27
19521,65424,2024-01-18 09:34:12,111.36
19522,65425,2024-01-18 09:34:24,110.92
19523,65426,2024-01-18 09:34:36,111.66
19524,65427,2024-01-18 09:34:48,111.57
19525,65428,2024-01-18 09:35:00,112.45
19526,65429,2024-01-18 09:35:12,112.67
19527,65430,2024-01-18 09:35:24,112.63
19528,65431,2024-01-18 09:35:36,112.14
19529,65432,2024-01-18 09:35:48,113.28
19530,65433,2024-01-18 09:36:00,113.85
19531,65434,2024-01-18 09:36:12,112.71
19532,65435,2024-01-18 09:36:24,113.77
19533,65436,2024-01-18 09:36:36,113.85
19534,65437,2024-01-18 09:36:48,113.33
19535,65438,2024-01-18 09:37:00,114.16
19536,65439,2024-01-18 09:37:12,114.73
19537,65440,2024-01-18 09:37:24,114.42
19538,65441,2024-01-18 09:37:36,114.95
19539,65442,2024-01-18 09:37:48,114.73
19540,65443,2024-01-18 09:38:00,115.12
19541,65444,2024-01-18 09:38:12,115.12
19542,65445,2024-01-18 09:38:24,114.91
19543,65446,2024-01-18 09:38:36,116.26
19544,65447,2024-01-18 09:38:48,116.18
19545,65448,2024-01-18 09:39:00,116.22
19546,65449,2024-01-18 09:39:12,115.61
19547,65450,2024-01-18 09:39:24,116.62
19548,65451,2024-01-18 09:39:36,117.01
19549,65452,2024-01-18 09:39:48,116.97
19550,65453,2024-01-18 09:40:00,116.31
19551,65454,2024-01-18 09:40:12,117.27
19552,65455,2024-01-18 09:40:24,116.05
19553,65456,2024-01-18 09:40:36,117.23
19554,65457,2024-01-18 09:40:48,117.58
19555,65458,2024-01-18 09:41:00,117.4
19556,65459,2024-01-18 09:41:12,119.11
19557,65460,2024-01-18 09:41:24,118.46
19558,65461,2024-01-18 09:41:36,118.41
19559,65462,2024-01-18 09:41:48,118.68
19560,65463,2024-01-18 09:42:00,118.85
19561,65464,2024-01-18 09:42:12,119.07
19562,65465,2024-01-18 09:42:24,118.63
19563,65466,2024-01-18 09:42:36,120.21
19564,65467,2024-01-18 09:42:48,118.06
19565,65468,2024-01-18 09:43:00,119.51
19566,65469,2024-01-18 09:43:12,119.38
19567,65470,2024-01-18 09:43:24,120.74
19568,65471,2024-01-18 09:43:36,119.64
19569,65472,2024-01-18 09:43:48,120.82
19570,65473,2024-01-18 09:44:00,120.34
19571,65474,2024-01-18 09:44:12,121.22
19572,65475,2024-01-18 09:44:24,121.44
19573,65476,2024-01-18 09:44:36,120.78
19574,65477,2024-01-18 09:44:48,121.74
19575,65478,2024-01-18 09:45:00,122.8
19576,65479,2024-01-18 09:45:12,121.66
19577,65480,2024-01-18 09:45:24,122.75
19578,65481,2024-01-18 09:45:36,122.8
19579,65482,2024-01-18 09:45:48,122.66
19580,65483,2024-01-18 09:46:00,122.71
19581,65484,2024-01-18 09:46:12,122.45
19582,65485,2024-01-18 09:46:24,123.32
19583,65486,2024-01-18 09:46:36,123.63
19584,65487,2024-01-18 09:46:48,122.8
19585,65488,2024-01-18 09:47:00,123.19
19586,65489,2024-01-18 09:47:12,124.9
19587,65490,2024-01-18 09:47:24,124.59
19588,65491,2024-01-18 09:47:36,123.41
19589,65492,2024-01-18 09:47:48,123.94
19590,65493,2024-01-18 09:48:00,123.41
19591,65494,2024-01-18 09:48:12,122.97
19592,65495,2024-01-18 09:48:24,122.45
19593,65496,2024-01-18 09:48:36,122.01
19594,65497,2024-01-18 09:48:48,121.44
19595,65498,2024-01-18 09:49:00,121.13
19596,65499,2024-01-18 09:49:12,120.6
19597,65500,2024-01-18 09:49:24,120.17
19598,65501,2024-01-18 09:49:36,119.68
19599,65502,2024-01-18 09:49:48,119.33
19600,65503,2024-01-18 09:50:00,118.94
19601,65504,2024-01-18 09:50:12,118.46
19602,65505,2024-01-18 09:50:24,118.06
19603,65506,2024-01-18 09:50:36,117.62
19604,65507,2024-01-18 09:50:48,117.23
19605,65508,2024-01-18 09:51:00,116.83
19606,65509,2024-01-18 09:51:12,116.4
19607,65510,2024-01-18 09:51:24,116.0
19608,65511,2024-01-18 09:51:36,115.61
19609,65512,2024-01-18 09:51:48,115.21
19610,65513,2024-01-18 09:52:00,114.77
19611,65514,2024-01-18 09:52:12,114.29
19612,65515,2024-01-18 09:52:24,113.77
19613,65516,2024-01-18 09:52:36,113.2
19614,65517,2024-01-18 09:52:48,112.71
19615,65518,2024-01-18 09:53:00,112.32
19616,65519,2024-01-18 09:53:12,111.93
19617,65520,2024-01-18 09:53:24,111.36
19618,65521,2024-01-18 09:53:36,110.87
19619,65522,2024-01-18 09:53:48,110.48
19620,65523,2024-01-18 09:54:00,110.08
19621,65524,2024-01-18 09:54:12,109.51
19622,65525,2024-01-18 09:54:24,109.03
19623,65526,2024-01-18 09:54:36,108.64
19624,65527,2024-01-18 09:54:48,108.16
19625,65528,2024-01-18 09:55:00,107.8
19626,65529,2024-01-18 09:55:12,107.19
19627,65530,2024-01-18 09:55:24,106.75
19628,65531,2024-01-18 09:55:36,106.36
19629,65532,2024-01-18 09:55:48,106.05
19630,65533,2024-01-18 09:56:00,105.66
19631,65534,2024-01-18 09:56:12,105.26
19632,65535,2024-01-18 09:56:24,104.82
19633,65536,2024-01-18 09:56:36,104.39
19634,65537,2024-01-18 09:56:48,103.9
19635,65538,2024-01-18 09:57:00,103.51
19636,65539,2024-01-18 09:57:12,103.2
19637,65540,2024-01-18 09:57:24,102.9
19638,65541,2024-01-18 09:57:36,102.59
19639,65542,2024-01-18 09:57:48,102.11
19640,65543,2024-01-18 09:58:00,101.67
19641,65544,2024-01-18 09:58:12,101.32
19642,65545,2024-01-18 09:58:24,100.97
19643,65546,2024-01-18 09:58:36,100.62
19644,65547,2024-01-18 09:58:48,100.4
19645,65548,2024-01-18 09:59:00,100.13
19646,65549,2024-01-18 09:59:12,99.83
19647,65550,2024-01-18 09:59:24,99.39
19648,65551,2024-01-18 09:59:36,98.86
19649,65552,2024-01-18 09:59:48,99.39
19650,65553,2024-01-18 10:00:00,98.69
19651,65554,2024-01-18 10:00:12,98.78
19652,65555,2024-01-18 10:00:24,98.95
19653,65556,2024-01-18 10:00:36,98.03
19654,65557,2024-01-18 10:00:48,98.16
19655,65558,2024-01-18 10:01:00,97.81
19656,65559,2024-01-18 10:01:12,98.29
19657,65560,2024-01-18 10:01:24,97.68
19658,65561,2024-01-18 10:01:36,97.85
19659,65562,2024-01-18 10:01:48,97.5
19660,65563,2024-01-18 10:02:00,96.76
19661,65564,2024-01-18 10:02:12,97.85
19662,65565,2024-01-18 10:02:24,97.85
19663,65566,2024-01-18 10:02:36,98.86
19664,65567,2024-01-18 10:02:48,98.99
19665,65568,2024-01-18 10:03:00,99.56
19666,65569,2024-01-18 10:03:12,100.05
19667,65570,2024-01-18 10:03:24,100.13
19668,65571,2024-01-18 10:03:36,99.48
19669,65572,2024-01-18 10:03:48,100.27
19670,65573,2024-01-18 10:04:00,99.65
19671,65574,2024-01-18 10:04:12,100.7
19672,65575,2024-01-18 10:04:24,99.7
19673,65576,2024-01-18 10:04:36,100.18
19674,65577,2024-01-18 10:04:48,101.23
19675,65578,2024-01-18 10:05:00,100.84
19676,65579,2024-01-18 10:05:12,101.05
19677,65580,2024-01-18 10:05:24,101.76
19678,65581,2024-01-18 10:05:36,100.88
19679,65582,2024-01-18 10:05:48,101.93
19680,65583,2024-01-18 10:06:00,102.15
19681,65584,2024-01-18 10:06:12,101.93
19682,65585,2024-01-18 10:06:24,101.8
19683,65586,2024-01-18 10:06:36,101.89
19684,65587,2024-01-18 10:06:48,102.54
19685,65588,2024-01-18 10:07:00,103.11
19686,65589,2024-01-18 10:07:12,102.33
19687,65590,2024-01-18 10:07:24,103.47
19688,65591,2024-01-18 10:07:36,104.21
19689,65592,2024-01-18 10:07:48,104.3
19690,65593,2024-01-18 10:08:00,103.33
19691,65594,2024-01-18 10:08:12,103.55
19692,65595,2024-01-18 10:08:24,104.91
19693,65596,2024-01-18 10:08:36,103.64
19694,65597,2024-01-18 10:08:48,104.47
19695,65598,2024-01-18 10:09:00,104.61
19696,65599,2024-01-18 10:09:12,104.82
19697,65600,2024-01-18 10:09:24,104.96
19698,65601,2024-01-18 10:09:36,104.74
19699,65602,2024-01-18 10:09:48,105.09
19700,65603,2024-01-18 10:10:00,105.44
19701,65604,2024-01-18 10:10:12,105.17
19702,65605,2024-01-18 10:10:24,105.26
19703,65606,2024-01-18 10:10:36,105.74
19704,65607,2024-01-18 10:10:48,106.01
19705,65608,2024-01-18 10:11:00,105.96
19706,65609,2024-01-18 10:11:12,106.71
19707,65610,2024-01-18 10:11:24,106.71
19708,65611,2024-01-18 10:11:36,106.49
19709,65612,2024-01-18 10:11:48,106.49
19710,65613,2024-01-18 10:12:00,106.01
19711,65614,2024-01-18 10:12:12,106.1
19712,65615,2024-01-18 10:12:24,106.67
19713,65616,2024-01-18 10:12:36,106.18
19714,65617,2024-01-18 10:12:48,107.06
19715,65618,2024-01-18 10:13:00,107.15
19716,65619,2024-01-18 10:13:12,106.71
19717,65620,2024-01-18 10:13:24,107.19
19718,65621,2024-01-18 10:13:36,107.41
19719,65622,2024-01-18 10:13:48,107.15
19720,65623,2024-01-18 10:14:00,108.33
19721,65624,2024-01-18 10:14:12,108.16
19722,65625,2024-01-18 10:14:24,107.28
19723,65626,2024-01-18 10:14:36,107.32
19724,65627,2024-01-18 10:14:48,108.59
19725,65628,2024-01-18 10:15:00,107.28
19726,65629,2024-01-18 10:15:12,108.64
19727,65630,2024-01-18 10:15:24,108.24
19728,65631,2024-01-18 10:15:36,108.68
19729,65632,2024-01-18 10:15:48,108.59
19730,65633,2024-01-18 10:16:00,108.81
19731,65634,2024-01-18 10:16:12,109.12
19732,65635,2024-01-18 10:16:24,109.03
19733,65636,2024-01-18 10:16:36,108.33
19734,65637,2024-01-18 10:16:48,108.46
19735,65638,2024-01-18 10:17:00,108.99
19736,65639,2024-01-18 10:17:12,109.86
19737,65640,2024-01-18 10:17:24,109.6
19738,65641,2024-01-18 10:17:36,108.9
19739,65642,2024-01-18 10:17:48,109.38
19740,65643,2024-01-18 10:18:00,109.82
19741,65644,2024-01-18 10:18:12,109.51
19742,65645,2024-01-18 10:18:24,109.86
19743,65646,2024-01-18 10:18:36,109.25
19744,65647,2024-01-18 10:18:48,109.38
19745,65648,2024-01-18 10:19:00,109.86
19746,65649,2024-01-18 10:19:12,107.54
19747,65650,2024-01-18 10:19:24,107.94
19748,65651,2024-01-18 10:19:36,107.28
19749,65652,2024-01-18 10:19:48,107.54
19750,65653,2024-01-18 10:20:00,107.32
19751,65654,2024-01-18 10:20:12,107.02
19752,65655,2024-01-18 10:20:24,106.49
19753,65656,2024-01-18 10:20:36,105.66
19754,65657,2024-01-18 10:20:48,104.87
19755,65658,2024-01-18 10:21:00,104.69
19756,65659,2024-01-18 10:21:12,104.61
19757,65660,2024-01-18 10:21:24,103.86
19758,65661,2024-01-18 10:21:36,103.73
19759,65662,2024-01-18 10:21:48,102.9
19760,65663,2024-01-18 10:22:00,103.77
19761,65664,2024-01-18 10:22:12,103.77
19762,65665,2024-01-18 10:22:24,103.77
19763,65666,2024-01-18 10:22:36,104.61
19764,65667,2024-01-18 10:22:48,104.61
19765,65668,2024-01-18 10:23:00,104.87
19766,65669,2024-01-18 10:23:12,104.3
19767,65670,2024-01-18 10:23:24,105.17
19768,65671,2024-01-18 10:23:36,104.96
19769,65672,2024-01-18 10:23:48,105.57
19770,65673,2024-01-18 10:24:00,105.66
19771,65674,2024-01-18 10:24:12,105.79
19772,65675,2024-01-18 10:24:24,104.96
19773,65676,2024-01-18 10:24:36,104.78
19774,65677,2024-01-18 10:24:48,103.33
19775,65678,2024-01-18 10:25:00,103.11
19776,65679,2024-01-18 10:25:12,102.19
19777,65680,2024-01-18 10:25:24,100.48
19778,65681,2024-01-18 10:25:36,99.56
19779,65682,2024-01-18 10:25:48,98.07
19780,65683,2024-01-18 10:26:00,96.76
19781,65684,2024-01-18 10:26:12,96.01
19782,65685,2024-01-18 10:26:24,95.22
19783,65686,2024-01-18 10:26:36,93.3
19784,65687,2024-01-18 10:26:48,91.94
19785,65688,2024-01-18 10:27:00,90.84
19786,65689,2024-01-18 10:27:12,89.48
19787,65690,2024-01-18 10:27:24,90.93
19788,65691,2024-01-18 10:27:36,93.47
19789,65692,2024-01-18 10:27:48,92.42
19790,65693,2024-01-18 10:28:00,90.93
19791,65694,2024-01-18 10:28:12,93.69
19792,65695,2024-01-18 10:28:24,93.73
19793,65696,2024-01-18 10:28:36,91.28
19794,65697,2024-01-18 10:28:48,91.76
19795,65698,2024-01-18 10:29:00,94.61
19796,65699,2024-01-18 10:29:12,92.99
19797,65700,2024-01-18 10:29:24,91.19
19798,65701,2024-01-18 10:29:36,93.03
19799,65702,2024-01-18 10:29:48,93.03
19800,65703,2024-01-18 10:30:00,91.89
19801,65704,2024-01-18 10:30:12,91.32
19802,65705,2024-01-18 10:30:24,95.05
19803,65706,2024-01-18 10:30:36,93.78
19804,65707,2024-01-18 10:30:48,94.04
19805,65708,2024-01-18 10:31:00,93.43
19806,65709,2024-01-18 10:31:12,93.6
19807,65710,2024-01-18 10:31:24,93.38
19808,65711,2024-01-18 10:31:36,92.59
19809,65712,2024-01-18 10:31:48,92.86
19810,65713,2024-01-18 10:32:00,93.03
19811,65714,2024-01-18 10:32:12,92.95
19812,65715,2024-01-18 10:32:24,92.68
19813,65716,2024-01-18 10:32:36,92.55
19814,65717,2024-01-18 10:32:48,92.55
19815,65718,2024-01-18 10:33:00,92.24
19816,65719,2024-01-18 10:33:12,92.11
19817,65720,2024-01-18 10:33:24,91.81
19818,65721,2024-01-18 10:33:36,91.94
19819,65722,2024-01-18 10:33:48,91.28
19820,65723,2024-01-18 10:34:00,91.06
19821,65724,2024-01-18 10:34:12,91.06
19822,65725,2024-01-18 10:34:24,94.79
19823,65726,2024-01-18 10:34:36,94.87
19824,65727,2024-01-18 10:34:48,94.79
19825,65728,2024-01-18 10:35:00,93.95
19826,65729,2024-01-18 10:35:12,93.78
19827,65730,2024-01-18 10:35:24,93.95
19828,65731,2024-01-18 10:35:36,92.86
19829,65732,2024-01-18 10:35:48,92.9
19830,65733,2024-01-18 10:36:00,92.81
19831,65734,2024-01-18 10:36:12,92.59
19832,65735,2024-01-18 10:36:24,91.5
19833,65736,2024-01-18 10:36:36,92.16
19834,65737,2024-01-18 10:36:48,91.54
19835,65738,2024-01-18 10:37:00,91.15
19836,65739,2024-01-18 10:37:12,91.46
19837,65740,2024-01-18 10:37:24,90.53
19838,65741,2024-01-18 10:37:36,91.19
19839,65742,2024-01-18 10:37:48,93.6
19840,65743,2024-01-18 10:38:00,94.0
19841,65744,2024-01-18 10:38:12,94.79
19842,65745,2024-01-18 10:38:24,94.44
19843,65746,2024-01-18 10:38:36,93.56
19844,65747,2024-01-18 10:38:48,94.04
19845,65748,2024-01-18 10:39:00,92.42
19846,65749,2024-01-18 10:39:12,93.82
19847,65750,2024-01-18 10:39:24,94.04
19848,65751,2024-01-18 10:39:36,93.87
19849,65752,2024-01-18 10:39:48,93.82
19850,65753,2024-01-18 10:40:00,94.22
19851,65754,2024-01-18 10:40:12,94.0
19852,65755,2024-01-18 10:40:24,92.99
19853,65756,2024-01-18 10:40:36,94.0
19854,65757,2024-01-18 10:40:48,93.34
19855,65758,2024-01-18 10:41:00,93.34
19856,65759,2024-01-18 10:41:12,93.38
19857,65760,2024-01-18 10:41:24,93.38
19858,65761,2024-01-18 10:41:36,92.81
19859,65762,2024-01-18 10:41:48,92.16
19860,65763,2024-01-18 10:42:00,91.67
19861,65764,2024-01-18 10:42:12,92.16
19862,65765,2024-01-18 10:42:24,91.89
19863,65766,2024-01-18 10:42:36,92.02
19864,65767,2024-01-18 10:42:48,91.98
19865,65768,2024-01-18 10:43:00,91.54
19866,65769,2024-01-18 10:43:12,90.53
19867,65770,2024-01-18 10:43:24,91.41
19868,65771,2024-01-18 10:43:36,90.53
19869,65772,2024-01-18 10:43:48,90.89
19870,65773,2024-01-18 10:44:00,91.06
19871,65774,2024-01-18 10:44:12,91.1
19872,65775,2024-01-18 10:44:24,91.32
19873,65776,2024-01-18 10:44:36,94.87
19874,65777,2024-01-18 10:44:48,93.78
19875,65778,2024-01-18 10:45:00,94.44
19876,65779,2024-01-18 10:45:12,93.52
19877,65780,2024-01-18 10:45:24,92.81
19878,65781,2024-01-18 10:45:36,90.4
19879,65782,2024-01-18 10:45:48,93.38
19880,65783,2024-01-18 10:46:00,93.25
19881,65784,2024-01-18 10:46:12,93.34
19882,65785,2024-01-18 10:46:24,92.11
19883,65786,2024-01-18 10:46:36,91.24
19884,65787,2024-01-18 10:46:48,92.46
19885,65788,2024-01-18 10:47:00,94.39
19886,65789,2024-01-18 10:47:12,92.46
19887,65790,2024-01-18 10:47:24,91.06
19888,65791,2024-01-18 10:47:36,94.26
19889,65792,2024-01-18 10:47:48,93.73
19890,65793,2024-01-18 10:48:00,92.64
19891,65794,2024-01-18 10:48:12,90.62
19892,65795,2024-01-18 10:48:24,94.26
19893,65796,2024-01-18 10:48:36,93.38
19894,65797,2024-01-18 10:48:48,92.11
19895,65798,2024-01-18 10:49:00,91.67
19896,65799,2024-01-18 10:49:12,95.01
19897,65800,2024-01-18 10:49:24,91.94
19898,65801,2024-01-18 10:49:36,90.05
19899,65802,2024-01-18 10:49:48,94.04
19900,65803,2024-01-18 10:50:00,90.93
19901,65804,2024-01-18 10:50:12,92.02
19902,65805,2024-01-18 10:50:24,94.74
19903,65806,2024-01-18 10:50:36,92.51
19904,65807,2024-01-18 10:50:48,90.58
19905,65808,2024-01-18 10:51:00,92.59
19906,65809,2024-01-18 10:51:12,93.6
19907,65810,2024-01-18 10:51:24,91.28
19908,65811,2024-01-18 10:51:36,93.34
19909,65812,2024-01-18 10:51:48,93.47
19910,65813,2024-01-18 10:52:00,90.93
19911,65814,2024-01-18 10:52:12,91.63
19912,65815,2024-01-18 10:52:24,94.04
19913,65816,2024-01-18 10:52:36,92.9
19914,65817,2024-01-18 10:52:48,91.85
19915,65818,2024-01-18 10:53:00,91.89
19916,65819,2024-01-18 10:53:12,93.38
19917,65820,2024-01-18 10:53:24,93.56
19918,65821,2024-01-18 10:53:36,91.63
19919,65822,2024-01-18 10:53:48,92.33
19920,65823,2024-01-18 10:54:00,94.09
19921,65824,2024-01-18 10:54:12,91.94
19922,65825,2024-01-18 10:54:24,92.29
19923,65826,2024-01-18 10:54:36,94.7
19924,65827,2024-01-18 10:54:48,93.52
19925,65828,2024-01-18 10:55:00,92.07
19926,65829,2024-01-18 10:55:12,90.4
19927,65830,2024-01-18 10:55:24,92.24
19928,65831,2024-01-18 10:55:36,94.61
19929,65832,2024-01-18 10:55:48,92.64
19930,65833,2024-01-18 10:56:00,91.06
19931,65834,2024-01-18 10:56:12,92.07
19932,65835,2024-01-18 10:56:24,94.09
19933,65836,2024-01-18 10:56:36,91.54
19934,65837,2024-01-18 10:56:48,90.4
19935,65838,2024-01-18 10:57:00,93.43
19936,65839,2024-01-18 10:57:12,93.95
19937,65840,2024-01-18 10:57:24,93.34
19938,65841,2024-01-18 10:57:36,93.38
19939,65842,2024-01-18 10:57:48,94.39
19940,65843,2024-01-18 10:58:00,94.39
19941,65844,2024-01-18 10:58:12,94.44
19942,65845,2024-01-18 10:58:24,94.13
19943,65846,2024-01-18 10:58:36,94.35
19944,65847,2024-01-18 10:58:48,94.3
19945,65848,2024-01-18 10:59:00,94.96
19946,65849,2024-01-18 10:59:12,95.27
19947,65850,2024-01-18 10:59:24,95.58
19948,65851,2024-01-18 10:59:36,94.79
19949,65852,2024-01-18 10:59:48,95.09
19950,65853,2024-01-18 11:00:00,96.36
19951,65854,2024-01-18 11:00:12,96.06
19952,65855,2024-01-18 11:00:24,96.93
19953,65856,2024-01-18 11:00:36,96.98
19954,65857,2024-01-18 11:00:48,95.79
19955,65858,2024-01-18 11:01:00,96.63
19956,65859,2024-01-18 11:01:12,96.19
19957,65860,2024-01-18 11:01:24,97.2
19958,65861,2024-01-18 11:01:36,97.24
19959,65862,2024-01-18 11:01:48,97.55
19960,65863,2024-01-18 11:02:00,97.81
19961,65864,2024-01-18 11:02:12,97.9
19962,65865,2024-01-18 11:02:24,97.11
19963,65866,2024-01-18 11:02:36,97.85
19964,65867,2024-01-18 11:02:48,97.94
19965,65868,2024-01-18 11:03:00,98.42
19966,65869,2024-01-18 11:03:12,98.34
19967,65870,2024-01-18 11:03:24,98.82
19968,65871,2024-01-18 11:03:36,97.37
19969,65872,2024-01-18 11:03:48,97.68
19970,65873,2024-01-18 11:04:00,97.64
19971,65874,2024-01-18 11:04:12,97.42
19972,65875,2024-01-18 11:04:24,96.76
19973,65876,2024-01-18 11:04:36,94.74
19974,65877,2024-01-18 11:04:48,93.16
19975,65878,2024-01-18 11:05:00,90.45
19976,65879,2024-01-18 11:05:12,87.99
19977,65880,2024-01-18 11:05:24,92.11
19978,65881,2024-01-18 11:05:36,94.57
19979,65882,2024-01-18 11:05:48,92.46
19980,65883,2024-01-18 11:06:00,90.4
19981,65884,2024-01-18 11:06:12,93.82
19982,65885,2024-01-18 11:06:24,94.0
19983,65886,2024-01-18 11:06:36,92.07
19984,65887,2024-01-18 11:06:48,90.58
19985,65888,2024-01-18 11:07:00,93.16
19986,65889,2024-01-18 11:07:12,93.38
19987,65890,2024-01-18 11:07:24,91.15
19988,65891,2024-01-18 11:07:36,91.81
19989,65892,2024-01-18 11:07:48,93.34
19990,65893,2024-01-18 11:08:00,92.68
19991,65894,2024-01-18 11:08:12,91.02
19992,65895,2024-01-18 11:08:24,91.81
19993,65896,2024-01-18 11:08:36,93.65
19994,65897,2024-01-18 11:08:48,92.64
19995,65898,2024-01-18 11:09:00,91.02
19996,65899,2024-01-18 11:09:12,93.65
19997,65900,2024-01-18 11:09:24,93.87
19998,65901,2024-01-18 11:09:36,90.18
19999,65902,2024-01-18 11:09:48,91.46
20000,65903,2024-01-18 11:10:00,94.39
20001,65904,2024-01-18 11:10:12,92.81
20002,65905,2024-01-18 11:10:24,91.76
20003,65906,2024-01-18 11:10:36,91.94
20004,65907,2024-01-18 11:10:48,94.44
20005,65908,2024-01-18 11:11:00,92.51
20006,65909,2024-01-18 11:11:12,90.32
20007,65910,2024-01-18 11:11:24,92.2
20008,65911,2024-01-18 11:11:36,94.74
20009,65912,2024-01-18 11:11:48,93.12
20010,65913,2024-01-18 11:12:00,93.16
20011,65914,2024-01-18 11:12:12,92.95
20012,65915,2024-01-18 11:12:24,93.6
20013,65916,2024-01-18 11:12:36,93.91
20014,65917,2024-01-18 11:12:48,94.22
20015,65918,2024-01-18 11:13:00,94.39
20016,65919,2024-01-18 11:13:12,93.69
20017,65920,2024-01-18 11:13:24,93.43
20018,65921,2024-01-18 11:13:36,94.04
20019,65922,2024-01-18 11:13:48,94.3
20020,65923,2024-01-18 11:14:00,94.92
20021,65924,2024-01-18 11:14:12,95.58
20022,65925,2024-01-18 11:14:24,95.27
20023,65926,2024-01-18 11:14:36,95.53
20024,65927,2024-01-18 11:14:48,95.4
20025,65928,2024-01-18 11:15:00,95.97
20026,65929,2024-01-18 11:15:12,95.36
20027,65930,2024-01-18 11:15:24,96.19
20028,65931,2024-01-18 11:15:36,95.36
20029,65932,2024-01-18 11:15:48,95.84
20030,65933,2024-01-18 11:16:00,95.79
20031,65934,2024-01-18 11:16:12,96.63
20032,65935,2024-01-18 11:16:24,96.1
20033,65936,2024-01-18 11:16:36,96.93
20034,65937,2024-01-18 11:16:48,96.32
20035,65938,2024-01-18 11:17:00,97.55
20036,65939,2024-01-18 11:17:12,97.9
20037,65940,2024-01-18 11:17:24,97.55
20038,65941,2024-01-18 11:17:36,97.81
20039,65942,2024-01-18 11:17:48,98.47
20040,65943,2024-01-18 11:18:00,98.21
20041,65944,2024-01-18 11:18:12,97.94
20042,65945,2024-01-18 11:18:24,97.72
20043,65946,2024-01-18 11:18:36,99.08
20044,65947,2024-01-18 11:18:48,99.13
20045,65948,2024-01-18 11:19:00,99.65
20046,65949,2024-01-18 11:19:12,99.21
20047,65950,2024-01-18 11:19:24,99.65
20048,65951,2024-01-18 11:19:36,99.87
20049,65952,2024-01-18 11:19:48,100.05
20050,65953,2024-01-18 11:20:00,98.86
20051,65954,2024-01-18 11:20:12,100.09
20052,65955,2024-01-18 11:20:24,100.22
20053,65956,2024-01-18 11:20:36,99.83
20054,65957,2024-01-18 11:20:48,100.35
20055,65958,2024-01-18 11:21:00,100.35
20056,65959,2024-01-18 11:21:12,100.75
20057,65960,2024-01-18 11:21:24,100.35
20058,65961,2024-01-18 11:21:36,100.7
20059,65962,2024-01-18 11:21:48,101.23
20060,65963,2024-01-18 11:22:00,101.45
20061,65964,2024-01-18 11:22:12,101.84
20062,65965,2024-01-18 11:22:24,101.45
20063,65966,2024-01-18 11:22:36,101.98
20064,65967,2024-01-18 11:22:48,101.71
20065,65968,2024-01-18 11:23:00,102.54
20066,65969,2024-01-18 11:23:12,103.16
20067,65970,2024-01-18 11:23:24,102.54
20068,65971,2024-01-18 11:23:36,102.54
20069,65972,2024-01-18 11:23:48,102.68
20070,65973,2024-01-18 11:24:00,101.8
20071,65974,2024-01-18 11:24:12,103.2
20072,65975,2024-01-18 11:24:24,103.11
20073,65976,2024-01-18 11:24:36,103.86
20074,65977,2024-01-18 11:24:48,103.38
20075,65978,2024-01-18 11:25:00,104.43
20076,65979,2024-01-18 11:25:12,104.04
20077,65980,2024-01-18 11:25:24,104.12
20078,65981,2024-01-18 11:25:36,104.61
20079,65982,2024-01-18 11:25:48,104.43
20080,65983,2024-01-18 11:26:00,105.09
20081,65984,2024-01-18 11:26:12,104.61
20082,65985,2024-01-18 11:26:24,102.37
20083,65986,2024-01-18 11:26:36,101.19
20084,65987,2024-01-18 11:26:48,98.78
20085,65988,2024-01-18 11:27:00,97.46
20086,65989,2024-01-18 11:27:12,94.61
20087,65990,2024-01-18 11:27:24,93.38
20088,65991,2024-01-18 11:27:36,90.18
20089,65992,2024-01-18 11:27:48,89.09
20090,65993,2024-01-18 11:28:00,92.59
20091,65994,2024-01-18 11:28:12,92.9
20092,65995,2024-01-18 11:28:24,90.53
20093,65996,2024-01-18 11:28:36,92.81
20094,65997,2024-01-18 11:28:48,92.99
20095,65998,2024-01-18 11:29:00,93.03
20096,65999,2024-01-18 11:29:12,90.53
20097,66000,2024-01-18 11:29:24,93.38
20098,66001,2024-01-18 11:29:36,93.95
20099,66002,2024-01-18 11:29:48,90.84
20100,66003,2024-01-18 11:30:00,92.33
20101,66004,2024-01-18 11:30:12,93.91
20102,66005,2024-01-18 11:30:24,91.5
20103,66006,2024-01-18 11:30:36,93.3
20104,66007,2024-01-18 11:30:48,92.55
20105,66008,2024-01-18 11:31:00,91.54
20106,66009,2024-01-18 11:31:12,92.95
20107,66010,2024-01-18 11:31:24,94.35
20108,66011,2024-01-18 11:31:36,92.64
20109,66012,2024-01-18 11:31:48,91.02
20110,66013,2024-01-18 11:32:00,91.32
20111,66014,2024-01-18 11:32:12,94.0
20112,66015,2024-01-18 11:32:24,92.64
20113,66016,2024-01-18 11:32:36,91.15
20114,66017,2024-01-18 11:32:48,91.94
20115,66018,2024-01-18 11:33:00,93.43
20116,66019,2024-01-18 11:33:12,90.4
20117,66020,2024-01-18 11:33:24,92.64
20118,66021,2024-01-18 11:33:36,93.82
20119,66022,2024-01-18 11:33:48,91.76
20120,66023,2024-01-18 11:34:00,91.15
20121,66024,2024-01-18 11:34:12,92.86
20122,66025,2024-01-18 11:34:24,93.12
20123,66026,2024-01-18 11:34:36,91.46
20124,66027,2024-01-18 11:34:48,90.36
20125,66028,2024-01-18 11:35:00,94.09
20126,66029,2024-01-18 11:35:12,91.37
20127,66030,2024-01-18 11:35:24,91.28
20128,66031,2024-01-18 11:35:36,93.95
20129,66032,2024-01-18 11:35:48,92.99
20130,66033,2024-01-18 11:36:00,91.59
20131,66034,2024-01-18 11:36:12,91.98
20132,66035,2024-01-18 11:36:24,94.57
20133,66036,2024-01-18 11:36:36,91.89
20134,66037,2024-01-18 11:36:48,92.73
20135,66038,2024-01-18 11:37:00,92.95
20136,66039,2024-01-18 11:37:12,91.41
20137,66040,2024-01-18 11:37:24,92.33
20138,66041,2024-01-18 11:37:36,92.9
20139,66042,2024-01-18 11:37:48,90.75
20140,66043,2024-01-18 11:38:00,92.46
20141,66044,2024-01-18 11:38:12,93.25
20142,66045,2024-01-18 11:38:24,92.11
20143,66046,2024-01-18 11:38:36,90.62
20144,66047,2024-01-18 11:38:48,93.25
20145,66048,2024-01-18 11:39:00,93.3
20146,66049,2024-01-18 11:39:12,90.58
20147,66050,2024-01-18 11:39:24,93.34
20148,66051,2024-01-18 11:39:36,93.43
20149,66052,2024-01-18 11:39:48,91.28
20150,66053,2024-01-18 11:40:00,92.16
20151,66054,2024-01-18 11:40:12,93.38
20152,66055,2024-01-18 11:40:24,90.89
20153,66056,2024-01-18 11:40:36,93.34
20154,66057,2024-01-18 11:40:48,91.81
20155,66058,2024-01-18 11:41:00,92.02
20156,66059,2024-01-18 11:41:12,94.74
20157,66060,2024-01-18 11:41:24,91.06
20158,66061,2024-01-18 11:41:36,93.38
20159,66062,2024-01-18 11:41:48,93.25
20160,66063,2024-01-18 11:42:00,92.68
20161,66064,2024-01-18 11:42:12,91.02
20162,66065,2024-01-18 11:42:24,92.81
20163,66066,2024-01-18 11:42:36,93.91
20164,66067,2024-01-18 11:42:48,91.98
20165,66068,2024-01-18 11:43:00,91.15
20166,66069,2024-01-18 11:43:12,93.73
20167,66070,2024-01-18 11:43:24,92.86
20168,66071,2024-01-18 11:43:36,90.58
20169,66072,2024-01-18 11:43:48,93.69
20170,66073,2024-01-18 11:44:00,92.51
20171,66074,2024-01-18 11:44:12,91.41
20172,66075,2024-01-18 11:44:24,93.69
20173,66076,2024-01-18 11:44:36,91.81
20174,66077,2024-01-18 11:44:48,93.03
20175,66078,2024-01-18 11:45:00,93.73
20176,66079,2024-01-18 11:45:12,90.53
20177,66080,2024-01-18 11:45:24,93.87
20178,66081,2024-01-18 11:45:36,92.99
20179,66082,2024-01-18 11:45:48,91.85
20180,66083,2024-01-18 11:46:00,95.09
20181,66084,2024-01-18 11:46:12,93.6
20182,66085,2024-01-18 11:46:24,90.93
20183,66086,2024-01-18 11:46:36,91.89
20184,66087,2024-01-18 11:46:48,94.04
20185,66088,2024-01-18 11:47:00,90.97
20186,66089,2024-01-18 11:47:12,93.78
20187,66090,2024-01-18 11:47:24,92.2
20188,66091,2024-01-18 11:47:36,91.41
20189,66092,2024-01-18 11:47:48,94.35
20190,66093,2024-01-18 11:48:00,93.6
20191,66094,2024-01-18 11:48:12,92.38
20192,66095,2024-01-18 11:48:24,89.75
20193,66096,2024-01-18 11:48:36,93.38
20194,66097,2024-01-18 11:48:48,93.56
20195,66098,2024-01-18 11:49:00,91.1
20196,66099,2024-01-18 11:49:12,94.0
20197,66100,2024-01-18 11:49:24,93.3
20198,66101,2024-01-18 11:49:36,90.45
20199,66102,2024-01-18 11:49:48,93.47
20200,66103,2024-01-18 11:50:00,94.65
20201,66104,2024-01-18 11:50:12,95.14
20202,66105,2024-01-18 11:50:24,94.96
20203,66106,2024-01-18 11:50:36,94.61
20204,66107,2024-01-18 11:50:48,95.44
20205,66108,2024-01-18 11:51:00,95.58
20206,66109,2024-01-18 11:51:12,96.06
20207,66110,2024-01-18 11:51:24,95.84
20208,66111,2024-01-18 11:51:36,95.79
20209,66112,2024-01-18 11:51:48,96.8
20210,66113,2024-01-18 11:52:00,96.19
20211,66114,2024-01-18 11:52:12,96.41
20212,66115,2024-01-18 11:52:24,96.67
20213,66116,2024-01-18 11:52:36,97.64
20214,66117,2024-01-18 11:52:48,96.76
20215,66118,2024-01-18 11:53:00,98.25
20216,66119,2024-01-18 11:53:12,97.11
20217,66120,2024-01-18 11:53:24,97.9
20218,66121,2024-01-18 11:53:36,97.85
20219,66122,2024-01-18 11:53:48,97.59
20220,66123,2024-01-18 11:54:00,96.67
20221,66124,2024-01-18 11:54:12,97.33
20222,66125,2024-01-18 11:54:24,96.67
20223,66126,2024-01-18 11:54:36,97.28
20224,66127,2024-01-18 11:54:48,96.06
20225,66128,2024-01-18 11:55:00,97.2
20226,66129,2024-01-18 11:55:12,97.33
20227,66130,2024-01-18 11:55:24,97.02
20228,66131,2024-01-18 11:55:36,97.72
20229,66132,2024-01-18 11:55:48,98.12
20230,66133,2024-01-18 11:56:00,97.81
20231,66134,2024-01-18 11:56:12,97.81
20232,66135,2024-01-18 11:56:24,97.28
20233,66136,2024-01-18 11:56:36,98.38
20234,66137,2024-01-18 11:56:48,97.64
20235,66138,2024-01-18 11:57:00,98.25
20236,66139,2024-01-18 11:57:12,98.78
20237,66140,2024-01-18 11:57:24,98.42
20238,66141,2024-01-18 11:57:36,98.03
20239,66142,2024-01-18 11:57:48,99.08
20240,66143,2024-01-18 11:58:00,99.65
20241,66144,2024-01-18 11:58:12,99.39
20242,66145,2024-01-18 11:58:24,99.52
20243,66146,2024-01-18 11:58:36,99.87
20244,66147,2024-01-18 11:58:48,99.91
20245,66148,2024-01-18 11:59:00,99.83
20246,66149,2024-01-18 11:59:12,99.83
20247,66150,2024-01-18 11:59:24,100.13
20248,66151,2024-01-18 11:59:36,100.7
20249,66152,2024-01-18 11:59:48,100.48
20250,66153,2024-01-18 12:00:00,101.14
20251,66154,2024-01-18 12:00:12,100.97
20252,66155,2024-01-18 12:00:24,101.41
20253,66156,2024-01-18 12:00:36,101.54
20254,66157,2024-01-18 12:00:48,102.02
20255,66158,2024-01-18 12:01:00,101.76
20256,66159,2024-01-18 12:01:12,102.46
20257,66160,2024-01-18 12:01:24,102.68
20258,66161,2024-01-18 12:01:36,102.46
20259,66162,2024-01-18 12:01:48,101.93
20260,66163,2024-01-18 12:02:00,102.59
20261,66164,2024-01-18 12:02:12,103.16
20262,66165,2024-01-18 12:02:24,103.33
20263,66166,2024-01-18 12:02:36,103.73
20264,66167,2024-01-18 12:02:48,103.6
20265,66168,2024-01-18 12:03:00,103.38
20266,66169,2024-01-18 12:03:12,103.73
20267,66170,2024-01-18 12:03:24,103.55
20268,66171,2024-01-18 12:03:36,103.55
20269,66172,2024-01-18 12:03:48,104.74
20270,66173,2024-01-18 12:04:00,104.61
20271,66174,2024-01-18 12:04:12,104.87
20272,66175,2024-01-18 12:04:24,105.44
20273,66176,2024-01-18 12:04:36,104.96
20274,66177,2024-01-18 12:04:48,105.57
20275,66178,2024-01-18 12:05:00,104.96
20276,66179,2024-01-18 12:05:12,105.61
20277,66180,2024-01-18 12:05:24,105.31
20278,66181,2024-01-18 12:05:36,105.88
20279,66182,2024-01-18 12:05:48,105.79
20280,66183,2024-01-18 12:06:00,105.66
20281,66184,2024-01-18 12:06:12,106.4
20282,66185,2024-01-18 12:06:24,106.23
20283,66186,2024-01-18 12:06:36,106.05
20284,66187,2024-01-18 12:06:48,106.36
20285,66188,2024-01-18 12:07:00,106.88
20286,66189,2024-01-18 12:07:12,106.49
20287,66190,2024-01-18 12:07:24,107.02
20288,66191,2024-01-18 12:07:36,107.54
20289,66192,2024-01-18 12:07:48,107.19
20290,66193,2024-01-18 12:08:00,106.84
20291,66194,2024-01-18 12:08:12,107.24
20292,66195,2024-01-18 12:08:24,107.98
20293,66196,2024-01-18 12:08:36,108.33
20294,66197,2024-01-18 12:08:48,108.29
20295,66198,2024-01-18 12:09:00,108.29
20296,66199,2024-01-18 12:09:12,108.55
20297,66200,2024-01-18 12:09:24,108.59
20298,66201,2024-01-18 12:09:36,108.16
20299,66202,2024-01-18 12:09:48,108.73
20300,66203,2024-01-18 12:10:00,109.12
20301,66204,2024-01-18 12:10:12,109.21
20302,66205,2024-01-18 12:10:24,109.38
20303,66206,2024-01-18 12:10:36,109.34
20304,66207,2024-01-18 12:10:48,109.82
20305,66208,2024-01-18 12:11:00,109.25
20306,66209,2024-01-18 12:11:12,109.6
20307,66210,2024-01-18 12:11:24,109.38
20308,66211,2024-01-18 12:11:36,110.35
20309,66212,2024-01-18 12:11:48,109.91
20310,66213,2024-01-18 12:12:00,109.16
20311,66214,2024-01-18 12:12:12,109.86
20312,66215,2024-01-18 12:12:24,110.22
20313,66216,2024-01-18 12:12:36,110.43
20314,66217,2024-01-18 12:12:48,111.22
20315,66218,2024-01-18 12:13:00,111.27
20316,66219,2024-01-18 12:13:12,111.62
20317,66220,2024-01-18 12:13:24,111.18
20318,66221,2024-01-18 12:13:36,111.49
20319,66222,2024-01-18 12:13:48,111.57
20320,66223,2024-01-18 12:14:00,111.53
20321,66224,2024-01-18 12:14:12,112.19
20322,66225,2024-01-18 12:14:24,111.57
20323,66226,2024-01-18 12:14:36,111.49
20324,66227,2024-01-18 12:14:48,112.36
20325,66228,2024-01-18 12:15:00,112.41
20326,66229,2024-01-18 12:15:12,112.67
20327,66230,2024-01-18 12:15:24,112.49
20328,66231,2024-01-18 12:15:36,112.89
20329,66232,2024-01-18 12:15:48,113.02
20330,66233,2024-01-18 12:16:00,112.8
20331,66234,2024-01-18 12:16:12,113.24
20332,66235,2024-01-18 12:16:24,112.8
20333,66236,2024-01-18 12:16:36,113.15
20334,66237,2024-01-18 12:16:48,113.59
20335,66238,2024-01-18 12:17:00,113.9
20336,66239,2024-01-18 12:17:12,113.85
20337,66240,2024-01-18 12:17:24,113.72
20338,66241,2024-01-18 12:17:36,114.56
20339,66242,2024-01-18 12:17:48,114.69
20340,66243,2024-01-18 12:18:00,114.38
20341,66244,2024-01-18 12:18:12,114.12
20342,66245,2024-01-18 12:18:24,114.03
20343,66246,2024-01-18 12:18:36,114.34
20344,66247,2024-01-18 12:18:48,114.07
20345,66248,2024-01-18 12:19:00,114.38
20346,66249,2024-01-18 12:19:12,115.34
20347,66250,2024-01-18 12:19:24,115.04
20348,66251,2024-01-18 12:19:36,115.04
20349,66252,2024-01-18 12:19:48,115.61
20350,66253,2024-01-18 12:20:00,114.38
20351,66254,2024-01-18 12:20:12,115.69
20352,66255,2024-01-18 12:20:24,116.05
20353,66256,2024-01-18 12:20:36,115.21
20354,66257,2024-01-18 12:20:48,115.56
20355,66258,2024-01-18 12:21:00,116.13
20356,66259,2024-01-18 12:21:12,116.88
20357,66260,2024-01-18 12:21:24,115.74
20358,66261,2024-01-18 12:21:36,115.96
20359,66262,2024-01-18 12:21:48,117.14
20360,66263,2024-01-18 12:22:00,116.13
20361,66264,2024-01-18 12:22:12,116.7
20362,66265,2024-01-18 12:22:24,116.83
20363,66266,2024-01-18 12:22:36,116.83
20364,66267,2024-01-18 12:22:48,117.1
20365,66268,2024-01-18 12:23:00,116.97
20366,66269,2024-01-18 12:23:12,117.89
20367,66270,2024-01-18 12:23:24,116.88
20368,66271,2024-01-18 12:23:36,116.83
20369,66272,2024-01-18 12:23:48,117.84
20370,66273,2024-01-18 12:24:00,118.81
20371,66274,2024-01-18 12:24:12,117.58
20372,66275,2024-01-18 12:24:24,118.63
20373,66276,2024-01-18 12:24:36,118.54
20374,66277,2024-01-18 12:24:48,118.24
20375,66278,2024-01-18 12:25:00,117.93
20376,66279,2024-01-18 12:25:12,118.24
20377,66280,2024-01-18 12:25:24,118.41
20378,66281,2024-01-18 12:25:36,118.85
20379,66282,2024-01-18 12:25:48,118.63
20380,66283,2024-01-18 12:26:00,118.63
20381,66284,2024-01-18 12:26:12,119.11
20382,66285,2024-01-18 12:26:24,119.2
20383,66286,2024-01-18 12:26:36,118.98
20384,66287,2024-01-18 12:26:48,119.95
20385,66288,2024-01-18 12:27:00,119.55
20386,66289,2024-01-18 12:27:12,119.55
20387,66290,2024-01-18 12:27:24,119.29
20388,66291,2024-01-18 12:27:36,119.68
20389,66292,2024-01-18 12:27:48,119.99
20390,66293,2024-01-18 12:28:00,120.03
20391,66294,2024-01-18 12:28:12,120.12
20392,66295,2024-01-18 12:28:24,121.22
20393,66296,2024-01-18 12:28:36,119.9
20394,66297,2024-01-18 12:28:48,120.82
20395,66298,2024-01-18 12:29:00,119.77
20396,66299,2024-01-18 12:29:12,120.34
20397,66300,2024-01-18 12:29:24,119.64
20398,66301,2024-01-18 12:29:36,121.31
20399,66302,2024-01-18 12:29:48,121.22
20400,66303,2024-01-18 12:30:00,120.52
20401,66304,2024-01-18 12:30:12,120.69
20402,66305,2024-01-18 12:30:24,121.74
20403,66306,2024-01-18 12:30:36,121.22
20404,66307,2024-01-18 12:30:48,121.39
20405,66308,2024-01-18 12:31:00,121.26
20406,66309,2024-01-18 12:31:12,121.74
20407,66310,2024-01-18 12:31:24,121.44
20408,66311,2024-01-18 12:31:36,122.18
20409,66312,2024-01-18 12:31:48,121.09
20410,66313,2024-01-18 12:32:00,121.39
20411,66314,2024-01-18 12:32:12,122.31
20412,66315,2024-01-18 12:32:24,122.14
20413,66316,2024-01-18 12:32:36,122.49
20414,66317,2024-01-18 12:32:48,122.8
20415,66318,2024-01-18 12:33:00,122.09
20416,66319,2024-01-18 12:33:12,121.74
20417,66320,2024-01-18 12:33:24,122.4
20418,66321,2024-01-18 12:33:36,123.1
20419,66322,2024-01-18 12:33:48,122.84
20420,66323,2024-01-18 12:34:00,122.45
20421,66324,2024-01-18 12:34:12,122.66
20422,66325,2024-01-18 12:34:24,122.45
20423,66326,2024-01-18 12:34:36,122.71
20424,66327,2024-01-18 12:34:48,123.19
20425,66328,2024-01-18 12:35:00,123.58
20426,66329,2024-01-18 12:35:12,123.72
20427,66330,2024-01-18 12:35:24,123.23
20428,66331,2024-01-18 12:35:36,123.85
20429,66332,2024-01-18 12:35:48,123.06
20430,66333,2024-01-18 12:36:00,123.67
20431,66334,2024-01-18 12:36:12,123.67
20432,66335,2024-01-18 12:36:24,123.19
20433,66336,2024-01-18 12:36:36,122.49
20434,66337,2024-01-18 12:36:48,120.25
20435,66338,2024-01-18 12:37:00,118.5
20436,66339,2024-01-18 12:37:12,116.4
20437,66340,2024-01-18 12:37:24,114.99
20438,66341,2024-01-18 12:37:36,113.33
20439,66342,2024-01-18 12:37:48,109.95
20440,66343,2024-01-18 12:38:00,107.98
20441,66344,2024-01-18 12:38:12,107.02
20442,66345,2024-01-18 12:38:24,103.9
20443,66346,2024-01-18 12:38:36,102.06
20444,66347,2024-01-18 12:38:48,98.86
20445,66348,2024-01-18 12:39:00,97.42
20446,66349,2024-01-18 12:39:12,94.65
20447,66350,2024-01-18 12:39:24,92.95
20448,66351,2024-01-18 12:39:36,90.89
20449,66352,2024-01-18 12:39:48,88.87
20450,66353,2024-01-18 12:40:00,92.33
20451,66354,2024-01-18 12:40:12,93.91
20452,66355,2024-01-18 12:40:24,91.15
20453,66356,2024-01-18 12:40:36,92.77
20454,66357,2024-01-18 12:40:48,93.6
20455,66358,2024-01-18 12:41:00,90.89
20456,66359,2024-01-18 12:41:12,93.03
20457,66360,2024-01-18 12:41:24,92.9
20458,66361,2024-01-18 12:41:36,91.02
20459,66362,2024-01-18 12:41:48,93.25
20460,66363,2024-01-18 12:42:00,92.33
20461,66364,2024-01-18 12:42:12,91.67
20462,66365,2024-01-18 12:42:24,90.36
20463,66366,2024-01-18 12:42:36,93.47
20464,66367,2024-01-18 12:42:48,92.16
20465,66368,2024-01-18 12:43:00,91.37
20466,66369,2024-01-18 12:43:12,94.79
20467,66370,2024-01-18 12:43:24,93.34
20468,66371,2024-01-18 12:43:36,91.63
20469,66372,2024-01-18 12:43:48,90.93
20470,66373,2024-01-18 12:44:00,93.38
20471,66374,2024-01-18 12:44:12,93.25
20472,66375,2024-01-18 12:44:24,90.71
20473,66376,2024-01-18 12:44:36,91.81
20474,66377,2024-01-18 12:44:48,95.31
20475,66378,2024-01-18 12:45:00,94.7
20476,66379,2024-01-18 12:45:12,95.36
20477,66380,2024-01-18 12:45:24,94.79
20478,66381,2024-01-18 12:45:36,95.58
20479,66382,2024-01-18 12:45:48,95.97
20480,66383,2024-01-18 12:46:00,96.41
20481,66384,2024-01-18 12:46:12,96.01
20482,66385,2024-01-18 12:46:24,95.71
20483,66386,2024-01-18 12:46:36,96.28
20484,66387,2024-01-18 12:46:48,96.85
20485,66388,2024-01-18 12:47:00,97.11
20486,66389,2024-01-18 12:47:12,97.02
20487,66390,2024-01-18 12:47:24,96.8
20488,66391,2024-01-18 12:47:36,97.59
20489,66392,2024-01-18 12:47:48,97.77
20490,66393,2024-01-18 12:48:00,97.15
20491,66394,2024-01-18 12:48:12,97.28
20492,66395,2024-01-18 12:48:24,97.81
20493,66396,2024-01-18 12:48:36,98.38
20494,66397,2024-01-18 12:48:48,98.82
20495,66398,2024-01-18 12:49:00,97.5
20496,66399,2024-01-18 12:49:12,97.68
20497,66400,2024-01-18 12:49:24,95.36
20498,66401,2024-01-18 12:49:36,94.44
20499,66402,2024-01-18 12:49:48,91.76
20500,66403,2024-01-18 12:50:00,89.39
20501,66404,2024-01-18 12:50:12,90.62
20502,66405,2024-01-18 12:50:24,94.79
20503,66406,2024-01-18 12:50:36,91.89
20504,66407,2024-01-18 12:50:48,92.59
20505,66408,2024-01-18 12:51:00,93.56
20506,66409,2024-01-18 12:51:12,91.19
20507,66410,2024-01-18 12:51:24,92.86
20508,66411,2024-01-18 12:51:36,93.73
20509,66412,2024-01-18 12:51:48,91.63
20510,66413,2024-01-18 12:52:00,89.88
20511,66414,2024-01-18 12:52:12,93.47
20512,66415,2024-01-18 12:52:24,93.95
20513,66416,2024-01-18 12:52:36,91.37
20514,66417,2024-01-18 12:52:48,91.24
20515,66418,2024-01-18 12:53:00,93.82
20516,66419,2024-01-18 12:53:12,93.6
20517,66420,2024-01-18 12:53:24,93.38
20518,66421,2024-01-18 12:53:36,93.34
20519,66422,2024-01-18 12:53:48,93.21
20520,66423,2024-01-18 12:54:00,94.0
20521,66424,2024-01-18 12:54:12,94.0
20522,66425,2024-01-18 12:54:24,94.17
20523,66426,2024-01-18 12:54:36,94.83
20524,66427,2024-01-18 12:54:48,95.01
20525,66428,2024-01-18 12:55:00,94.65
20526,66429,2024-01-18 12:55:12,95.31
20527,66430,2024-01-18 12:55:24,94.87
20528,66431,2024-01-18 12:55:36,95.14
20529,66432,2024-01-18 12:55:48,95.53
20530,66433,2024-01-18 12:56:00,96.19
20531,66434,2024-01-18 12:56:12,95.58
20532,66435,2024-01-18 12:56:24,95.31
20533,66436,2024-01-18 12:56:36,95.97
20534,66437,2024-01-18 12:56:48,95.53
20535,66438,2024-01-18 12:57:00,96.67
20536,66439,2024-01-18 12:57:12,96.54
20537,66440,2024-01-18 12:57:24,96.89
20538,66441,2024-01-18 12:57:36,97.59
20539,66442,2024-01-18 12:57:48,97.07
20540,66443,2024-01-18 12:58:00,97.55
20541,66444,2024-01-18 12:58:12,95.84
20542,66445,2024-01-18 12:58:24,93.73
20543,66446,2024-01-18 12:58:36,92.9
20544,66447,2024-01-18 12:58:48,90.27
20545,66448,2024-01-18 12:59:00,93.12
20546,66449,2024-01-18 12:59:12,93.16
20547,66450,2024-01-18 12:59:24,91.5
20548,66451,2024-01-18 12:59:36,93.95
20549,66452,2024-01-18 12:59:48,91.59
20550,66453,2024-01-18 13:00:00,90.93
20551,66454,2024-01-18 13:00:12,94.26
20552,66455,2024-01-18 13:00:24,93.38
20553,66456,2024-01-18 13:00:36,90.93
20554,66457,2024-01-18 13:00:48,92.73
20555,66458,2024-01-18 13:01:00,93.08
20556,66459,2024-01-18 13:01:12,90.75
20557,66460,2024-01-18 13:01:24,94.0
20558,66461,2024-01-18 13:01:36,92.42
20559,66462,2024-01-18 13:01:48,91.63
20560,66463,2024-01-18 13:02:00,93.87
20561,66464,2024-01-18 13:02:12,91.85
20562,66465,2024-01-18 13:02:24,93.38
20563,66466,2024-01-18 13:02:36,92.51
20564,66467,2024-01-18 13:02:48,91.63
20565,66468,2024-01-18 13:03:00,92.16
20566,66469,2024-01-18 13:03:12,93.38
20567,66470,2024-01-18 13:03:24,91.46
20568,66471,2024-01-18 13:03:36,91.54
20569,66472,2024-01-18 13:03:48,93.56
20570,66473,2024-01-18 13:04:00,91.59
20571,66474,2024-01-18 13:04:12,90.32
20572,66475,2024-01-18 13:04:24,93.6
20573,66476,2024-01-18 13:04:36,93.56
20574,66477,2024-01-18 13:04:48,91.46
20575,66478,2024-01-18 13:05:00,92.07
20576,66479,2024-01-18 13:05:12,92.9
20577,66480,2024-01-18 13:05:24,91.89
20578,66481,2024-01-18 13:05:36,93.16
20579,66482,2024-01-18 13:05:48,93.78
20580,66483,2024-01-18 13:06:00,90.49
20581,66484,2024-01-18 13:06:12,91.5
20582,66485,2024-01-18 13:06:24,93.95
20583,66486,2024-01-18 13:06:36,91.02
20584,66487,2024-01-18 13:06:48,91.98
20585,66488,2024-01-18 13:07:00,94.04
20586,66489,2024-01-18 13:07:12,90.23
20587,66490,2024-01-18 13:07:24,93.25
20588,66491,2024-01-18 13:07:36,93.16
20589,66492,2024-01-18 13:07:48,91.67
20590,66493,2024-01-18 13:08:00,90.27
20591,66494,2024-01-18 13:08:12,93.95
20592,66495,2024-01-18 13:08:24,91.89
20593,66496,2024-01-18 13:08:36,91.15
20594,66497,2024-01-18 13:08:48,94.57
20595,66498,2024-01-18 13:09:00,91.24
20596,66499,2024-01-18 13:09:12,92.07
20597,66500,2024-01-18 13:09:24,93.08
20598,66501,2024-01-18 13:09:36,90.58
20599,66502,2024-01-18 13:09:48,92.95
20600,66503,2024-01-18 13:10:00,93.16
20601,66504,2024-01-18 13:10:12,91.06
20602,66505,2024-01-18 13:10:24,92.55
20603,66506,2024-01-18 13:10:36,93.69
20604,66507,2024-01-18 13:10:48,91.15
20605,66508,2024-01-18 13:11:00,93.69
20606,66509,2024-01-18 13:11:12,94.09
20607,66510,2024-01-18 13:11:24,90.71
20608,66511,2024-01-18 13:11:36,92.81
20609,66512,2024-01-18 13:11:48,93.34
20610,66513,2024-01-18 13:12:00,90.93
20611,66514,2024-01-18 13:12:12,91.89
20612,66515,2024-01-18 13:12:24,94.79
20613,66516,2024-01-18 13:12:36,91.76
20614,66517,2024-01-18 13:12:48,89.66
20615,66518,2024-01-18 13:13:00,93.91
20616,66519,2024-01-18 13:13:12,91.98
20617,66520,2024-01-18 13:13:24,91.41
20618,66521,2024-01-18 13:13:36,94.61
20619,66522,2024-01-18 13:13:48,92.38
20620,66523,2024-01-18 13:14:00,91.32
20621,66524,2024-01-18 13:14:12,91.85
20622,66525,2024-01-18 13:14:24,90.93
20623,66526,2024-01-18 13:14:36,91.5
20624,66527,2024-01-18 13:14:48,91.72
20625,66528,2024-01-18 13:15:00,91.76
20626,66529,2024-01-18 13:15:12,92.51
20627,66530,2024-01-18 13:15:24,91.94
20628,66531,2024-01-18 13:15:36,91.85
20629,66532,2024-01-18 13:15:48,92.68
20630,66533,2024-01-18 13:16:00,92.99
20631,66534,2024-01-18 13:16:12,93.21
20632,66535,2024-01-18 13:16:24,93.65
20633,66536,2024-01-18 13:16:36,92.51
20634,66537,2024-01-18 13:16:48,92.64
20635,66538,2024-01-18 13:17:00,93.91
20636,66539,2024-01-18 13:17:12,93.6
20637,66540,2024-01-18 13:17:24,94.0
20638,66541,2024-01-18 13:17:36,93.87
20639,66542,2024-01-18 13:17:48,94.22
20640,66543,2024-01-18 13:18:00,94.22
20641,66544,2024-01-18 13:18:12,94.87
20642,66545,2024-01-18 13:18:24,95.27
20643,66546,2024-01-18 13:18:36,95.01
20644,66547,2024-01-18 13:18:48,95.49
20645,66548,2024-01-18 13:19:00,94.87
20646,66549,2024-01-18 13:19:12,94.57
20647,66550,2024-01-18 13:19:24,95.4
20648,66551,2024-01-18 13:19:36,95.84
20649,66552,2024-01-18 13:19:48,95.88
20650,66553,2024-01-18 13:20:00,95.53
20651,66554,2024-01-18 13:20:12,96.58
20652,66555,2024-01-18 13:20:24,97.02
20653,66556,2024-01-18 13:20:36,96.93
20654,66557,2024-01-18 13:20:48,96.58
20655,66558,2024-01-18 13:21:00,97.46
20656,66559,2024-01-18 13:21:12,97.24
20657,66560,2024-01-18 13:21:24,97.59
20658,66561,2024-01-18 13:21:36,98.56
20659,66562,2024-01-18 13:21:48,98.16
20660,66563,2024-01-18 13:22:00,98.82
20661,66564,2024-01-18 13:22:12,98.47
20662,66565,2024-01-18 13:22:24,98.51
20663,66566,2024-01-18 13:22:36,98.38
20664,66567,2024-01-18 13:22:48,99.21
20665,66568,2024-01-18 13:23:00,99.17
20666,66569,2024-01-18 13:23:12,98.95
20667,66570,2024-01-18 13:23:24,98.99
20668,66571,2024-01-18 13:23:36,100.18
20669,66572,2024-01-18 13:23:48,99.78
20670,66573,2024-01-18 13:24:00,100.75
20671,66574,2024-01-18 13:24:12,99.78
20672,66575,2024-01-18 13:24:24,100.62
20673,66576,2024-01-18 13:24:36,100.35
20674,66577,2024-01-18 13:24:48,100.4
20675,66578,2024-01-18 13:25:00,99.91
20676,66579,2024-01-18 13:25:12,101.41
20677,66580,2024-01-18 13:25:24,100.88
20678,66581,2024-01-18 13:25:36,101.01
20679,66582,2024-01-18 13:25:48,101.23
20680,66583,2024-01-18 13:26:00,101.62
20681,66584,2024-01-18 13:26:12,101.01
20682,66585,2024-01-18 13:26:24,101.58
20683,66586,2024-01-18 13:26:36,102.02
20684,66587,2024-01-18 13:26:48,102.59
20685,66588,2024-01-18 13:27:00,102.02
20686,66589,2024-01-18 13:27:12,102.54
20687,66590,2024-01-18 13:27:24,102.19
20688,66591,2024-01-18 13:27:36,102.72
20689,66592,2024-01-18 13:27:48,102.98
20690,66593,2024-01-18 13:28:00,103.47
20691,66594,2024-01-18 13:28:12,103.38
20692,66595,2024-01-18 13:28:24,103.47
20693,66596,2024-01-18 13:28:36,103.82
20694,66597,2024-01-18 13:28:48,104.12
20695,66598,2024-01-18 13:29:00,104.56
20696,66599,2024-01-18 13:29:12,104.17
20697,66600,2024-01-18 13:29:24,104.34
20698,66601,2024-01-18 13:29:36,103.73
20699,66602,2024-01-18 13:29:48,104.61
20700,66603,2024-01-18 13:30:00,104.82
20701,66604,2024-01-18 13:30:12,105.39
20702,66605,2024-01-18 13:30:24,105.66
20703,66606,2024-01-18 13:30:36,105.13
20704,66607,2024-01-18 13:30:48,106.67
20705,66608,2024-01-18 13:31:00,106.49
20706,66609,2024-01-18 13:31:12,106.27
20707,66610,2024-01-18 13:31:24,106.01
20708,66611,2024-01-18 13:31:36,106.14
20709,66612,2024-01-18 13:31:48,105.83
20710,66613,2024-01-18 13:32:00,105.61
20711,66614,2024-01-18 13:32:12,106.27
20712,66615,2024-01-18 13:32:24,107.28
20713,66616,2024-01-18 13:32:36,107.24
20714,66617,2024-01-18 13:32:48,107.41
20715,66618,2024-01-18 13:33:00,106.49
20716,66619,2024-01-18 13:33:12,107.89
20717,66620,2024-01-18 13:33:24,107.72
20718,66621,2024-01-18 13:33:36,107.41
20719,66622,2024-01-18 13:33:48,107.8
20720,66623,2024-01-18 13:34:00,108.16
20721,66624,2024-01-18 13:34:12,108.37
20722,66625,2024-01-18 13:34:24,108.99
20723,66626,2024-01-18 13:34:36,108.55
20724,66627,2024-01-18 13:34:48,108.59
20725,66628,2024-01-18 13:35:00,109.65
20726,66629,2024-01-18 13:35:12,109.16
20727,66630,2024-01-18 13:35:24,109.03
20728,66631,2024-01-18 13:35:36,109.38
20729,66632,2024-01-18 13:35:48,109.56
20730,66633,2024-01-18 13:36:00,110.13
20731,66634,2024-01-18 13:36:12,109.47
20732,66635,2024-01-18 13:36:24,109.51
20733,66636,2024-01-18 13:36:36,109.91
20734,66637,2024-01-18 13:36:48,110.08
20735,66638,2024-01-18 13:37:00,109.6
20736,66639,2024-01-18 13:37:12,110.92
20737,66640,2024-01-18 13:37:24,110.57
20738,66641,2024-01-18 13:37:36,111.44
20739,66642,2024-01-18 13:37:48,110.22
20740,66643,2024-01-18 13:38:00,111.31
20741,66644,2024-01-18 13:38:12,111.27
20742,66645,2024-01-18 13:38:24,111.62
20743,66646,2024-01-18 13:38:36,111.79
20744,66647,2024-01-18 13:38:48,110.43
20745,66648,2024-01-18 13:39:00,111.75
20746,66649,2024-01-18 13:39:12,112.1
20747,66650,2024-01-18 13:39:24,112.1
20748,66651,2024-01-18 13:39:36,111.62
20749,66652,2024-01-18 13:39:48,112.76
20750,66653,2024-01-18 13:40:00,113.15
20751,66654,2024-01-18 13:40:12,112.14
20752,66655,2024-01-18 13:40:24,112.63
20753,66656,2024-01-18 13:40:36,113.02
20754,66657,2024-01-18 13:40:48,112.67
20755,66658,2024-01-18 13:41:00,112.85
20756,66659,2024-01-18 13:41:12,113.77
20757,66660,2024-01-18 13:41:24,113.46
20758,66661,2024-01-18 13:41:36,112.89
20759,66662,2024-01-18 13:41:48,113.33
20760,66663,2024-01-18 13:42:00,113.37
20761,66664,2024-01-18 13:42:12,113.9
20762,66665,2024-01-18 13:42:24,113.9
20763,66666,2024-01-18 13:42:36,114.25
20764,66667,2024-01-18 13:42:48,113.81
20765,66668,2024-01-18 13:43:00,113.72
20766,66669,2024-01-18 13:43:12,114.6
20767,66670,2024-01-18 13:43:24,114.64
20768,66671,2024-01-18 13:43:36,114.95
20769,66672,2024-01-18 13:43:48,115.52
20770,66673,2024-01-18 13:44:00,115.34
20771,66674,2024-01-18 13:44:12,114.99
20772,66675,2024-01-18 13:44:24,115.52
20773,66676,2024-01-18 13:44:36,114.69
20774,66677,2024-01-18 13:44:48,115.52
20775,66678,2024-01-18 13:45:00,115.3
20776,66679,2024-01-18 13:45:12,115.52
20777,66680,2024-01-18 13:45:24,115.96
20778,66681,2024-01-18 13:45:36,115.78
20779,66682,2024-01-18 13:45:48,115.96
20780,66683,2024-01-18 13:46:00,116.4
20781,66684,2024-01-18 13:46:12,116.88
20782,66685,2024-01-18 13:46:24,115.78
20783,66686,2024-01-18 13:46:36,115.91
20784,66687,2024-01-18 13:46:48,116.57
20785,66688,2024-01-18 13:47:00,116.83
20786,66689,2024-01-18 13:47:12,116.18
20787,66690,2024-01-18 13:47:24,116.48
20788,66691,2024-01-18 13:47:36,116.4
20789,66692,2024-01-18 13:47:48,117.19
20790,66693,2024-01-18 13:48:00,117.23
20791,66694,2024-01-18 13:48:12,116.75
20792,66695,2024-01-18 13:48:24,117.36
20793,66696,2024-01-18 13:48:36,117.32
20794,66697,2024-01-18 13:48:48,117.93
20795,66698,2024-01-18 13:49:00,117.62
20796,66699,2024-01-18 13:49:12,117.1
20797,66700,2024-01-18 13:49:24,117.49
20798,66701,2024-01-18 13:49:36,118.28
20799,66702,2024-01-18 13:49:48,118.24
20800,66703,2024-01-18 13:50:00,117.93
20801,66704,2024-01-18 13:50:12,118.46
20802,66705,2024-01-18 13:50:24,118.98
20803,66706,2024-01-18 13:50:36,118.19
20804,66707,2024-01-18 13:50:48,118.94
20805,66708,2024-01-18 13:51:00,119.64
20806,66709,2024-01-18 13:51:12,118.63
20807,66710,2024-01-18 13:51:24,119.51
20808,66711,2024-01-18 13:51:36,119.55
20809,66712,2024-01-18 13:51:48,119.07
20810,66713,2024-01-18 13:52:00,119.16
20811,66714,2024-01-18 13:52:12,119.07
20812,66715,2024-01-18 13:52:24,119.38
20813,66716,2024-01-18 13:52:36,119.68
20814,66717,2024-01-18 13:52:48,120.52
20815,66718,2024-01-18 13:53:00,120.65
20816,66719,2024-01-18 13:53:12,118.98
20817,66720,2024-01-18 13:53:24,120.56
20818,66721,2024-01-18 13:53:36,120.69
20819,66722,2024-01-18 13:53:48,120.34
20820,66723,2024-01-18 13:54:00,120.56
20821,66724,2024-01-18 13:54:12,120.21
20822,66725,2024-01-18 13:54:24,120.17
20823,66726,2024-01-18 13:54:36,120.69
20824,66727,2024-01-18 13:54:48,121.39
20825,66728,2024-01-18 13:55:00,121.61
20826,66729,2024-01-18 13:55:12,121.79
20827,66730,2024-01-18 13:55:24,121.17
20828,66731,2024-01-18 13:55:36,121.44
20829,66732,2024-01-18 13:55:48,121.7
20830,66733,2024-01-18 13:56:00,122.14
20831,66734,2024-01-18 13:56:12,121.57
20832,66735,2024-01-18 13:56:24,121.39
20833,66736,2024-01-18 13:56:36,122.14
20834,66737,2024-01-18 13:56:48,122.45
20835,66738,2024-01-18 13:57:00,122.01
20836,66739,2024-01-18 13:57:12,122.36
20837,66740,2024-01-18 13:57:24,121.83
20838,66741,2024-01-18 13:57:36,122.62
20839,66742,2024-01-18 13:57:48,122.23
20840,66743,2024-01-18 13:58:00,122.36
20841,66744,2024-01-18 13:58:12,122.31
20842,66745,2024-01-18 13:58:24,122.62
20843,66746,2024-01-18 13:58:36,122.01
20844,66747,2024-01-18 13:58:48,122.62
20845,66748,2024-01-18 13:59:00,122.31
20846,66749,2024-01-18 13:59:12,122.49
20847,66750,2024-01-18 13:59:24,122.14
20848,66751,2024-01-18 13:59:36,122.84
20849,66752,2024-01-18 13:59:48,122.18
20850,66753,2024-01-18 14:00:00,123.67
20851,66754,2024-01-18 14:00:12,122.84
20852,66755,2024-01-18 14:00:24,123.06
20853,66756,2024-01-18 14:00:36,121.96
20854,66757,2024-01-18 14:00:48,122.31
20855,66758,2024-01-18 14:01:00,122.18
20856,66759,2024-01-18 14:01:12,122.49
20857,66760,2024-01-18 14:01:24,122.84
20858,66761,2024-01-18 14:01:36,122.97
20859,66762,2024-01-18 14:01:48,123.06
20860,66763,2024-01-18 14:02:00,123.28
20861,66764,2024-01-18 14:02:12,122.97
20862,66765,2024-01-18 14:02:24,122.8
20863,66766,2024-01-18 14:02:36,123.85
20864,66767,2024-01-18 14:02:48,123.58
20865,66768,2024-01-18 14:03:00,123.8
20866,66769,2024-01-18 14:03:12,123.76
20867,66770,2024-01-18 14:03:24,123.01
20868,66771,2024-01-18 14:03:36,122.45
20869,66772,2024-01-18 14:03:48,123.01
20870,66773,2024-01-18 14:04:00,122.97
20871,66774,2024-01-18 14:04:12,123.58
20872,66775,2024-01-18 14:04:24,122.4
20873,66776,2024-01-18 14:04:36,123.19
20874,66777,2024-01-18 14:04:48,122.49
20875,66778,2024-01-18 14:05:00,123.01
20876,66779,2024-01-18 14:05:12,123.85
20877,66780,2024-01-18 14:05:24,122.66
20878,66781,2024-01-18 14:05:36,123.58
20879,66782,2024-01-18 14:05:48,122.66
20880,66783,2024-01-18 14:06:00,123.5
20881,66784,2024-01-18 14:06:12,122.23
20882,66785,2024-01-18 14:06:24,122.49
20883,66786,2024-01-18 14:06:36,123.23
20884,66787,2024-01-18 14:06:48,123.41
20885,66788,2024-01-18 14:07:00,123.63
20886,66789,2024-01-18 14:07:12,122.62
20887,66790,2024-01-18 14:07:24,123.01
20888,66791,2024-01-18 14:07:36,122.84
20889,66792,2024-01-18 14:07:48,122.31
20890,66793,2024-01-18 14:08:00,123.15
20891,66794,2024-01-18 14:08:12,123.06
20892,66795,2024-01-18 14:08:24,122.45
20893,66796,2024-01-18 14:08:36,122.8
20894,66797,2024-01-18 14:08:48,122.71
20895,66798,2024-01-18 14:09:00,123.85
20896,66799,2024-01-18 14:09:12,123.67
20897,66800,2024-01-18 14:09:24,123.32
20898,66801,2024-01-18 14:09:36,123.54
20899,66802,2024-01-18 14:09:48,123.01
20900,66803,2024-01-18 14:10:00,122.84
20901,66804,2024-01-18 14:10:12,123.15
20902,66805,2024-01-18 14:10:24,123.85
20903,66806,2024-01-18 14:10:36,123.1
20904,66807,2024-01-18 14:10:48,122.62
20905,66808,2024-01-18 14:11:00,123.32
20906,66809,2024-01-18 14:11:12,123.67
20907,66810,2024-01-18 14:11:24,123.01
20908,66811,2024-01-18 14:11:36,123.85
20909,66812,2024-01-18 14:11:48,123.45
20910,66813,2024-01-18 14:12:00,123.76
20911,66814,2024-01-18 14:12:12,123.5
20912,66815,2024-01-18 14:12:24,122.71
20913,66816,2024-01-18 14:12:36,123.41
20914,66817,2024-01-18 14:12:48,122.8
20915,66818,2024-01-18 14:13:00,123.5
20916,66819,2024-01-18 14:13:12,123.5
20917,66820,2024-01-18 14:13:24,124.24
20918,66821,2024-01-18 14:13:36,123.85
20919,66822,2024-01-18 14:13:48,123.1
20920,66823,2024-01-18 14:14:00,123.67
20921,66824,2024-01-18 14:14:12,123.72
20922,66825,2024-01-18 14:14:24,123.89
20923,66826,2024-01-18 14:14:36,124.11
20924,66827,2024-01-18 14:14:48,123.32
20925,66828,2024-01-18 14:15:00,123.72
20926,66829,2024-01-18 14:15:12,124.02
20927,66830,2024-01-18 14:15:24,123.89
20928,66831,2024-01-18 14:15:36,123.85
20929,66832,2024-01-18 14:15:48,123.58
20930,66833,2024-01-18 14:16:00,124.24
20931,66834,2024-01-18 14:16:12,124.07
20932,66835,2024-01-18 14:16:24,123.89
20933,66836,2024-01-18 14:16:36,124.02
20934,66837,2024-01-18 14:16:48,124.2
20935,66838,2024-01-18 14:17:00,123.72
20936,66839,2024-01-18 14:17:12,123.58
20937,66840,2024-01-18 14:17:24,123.98
20938,66841,2024-01-18 14:17:36,123.5
20939,66842,2024-01-18 14:17:48,123.89
20940,66843,2024-01-18 14:18:00,123.76
20941,66844,2024-01-18 14:18:12,123.94
20942,66845,2024-01-18 14:18:24,123.37
20943,66846,2024-01-18 14:18:36,123.94
20944,66847,2024-01-18 14:18:48,124.11
20945,66848,2024-01-18 14:19:00,123.5
20946,66849,2024-01-18 14:19:12,124.37
20947,66850,2024-01-18 14:19:24,123.37
20948,66851,2024-01-18 14:19:36,123.58
20949,66852,2024-01-18 14:19:48,123.85
20950,66853,2024-01-18 14:20:00,124.72
20951,66854,2024-01-18 14:20:12,123.85
20952,66855,2024-01-18 14:20:24,124.46
20953,66856,2024-01-18 14:20:36,123.19
20954,66857,2024-01-18 14:20:48,123.58
20955,66858,2024-01-18 14:21:00,124.15
20956,66859,2024-01-18 14:21:12,123.76
20957,66860,2024-01-18 14:21:24,124.15
20958,66861,2024-01-18 14:21:36,123.32
20959,66862,2024-01-18 14:21:48,124.15
20960,66863,2024-01-18 14:22:00,124.24
20961,66864,2024-01-18 14:22:12,123.89
20962,66865,2024-01-18 14:22:24,123.85
20963,66866,2024-01-18 14:22:36,124.15
20964,66867,2024-01-18 14:22:48,124.55
20965,66868,2024-01-18 14:23:00,124.59
20966,66869,2024-01-18 14:23:12,123.85
20967,66870,2024-01-18 14:23:24,123.94
20968,66871,2024-01-18 14:23:36,124.46
20969,66872,2024-01-18 14:23:48,124.07
20970,66873,2024-01-18 14:24:00,124.72
20971,66874,2024-01-18 14:24:12,124.15
20972,66875,2024-01-18 14:24:24,123.67
20973,66876,2024-01-18 14:24:36,123.67
20974,66877,2024-01-18 14:24:48,123.85
20975,66878,2024-01-18 14:25:00,124.33
20976,66879,2024-01-18 14:25:12,124.2
20977,66880,2024-01-18 14:25:24,124.55
20978,66881,2024-01-18 14:25:36,123.89
20979,66882,2024-01-18 14:25:48,123.5
20980,66883,2024-01-18 14:26:00,125.03
20981,66884,2024-01-18 14:26:12,124.29
20982,66885,2024-01-18 14:26:24,124.86
20983,66886,2024-01-18 14:26:36,123.54
20984,66887,2024-01-18 14:26:48,123.85
20985,66888,2024-01-18 14:27:00,123.8
20986,66889,2024-01-18 14:27:12,123.06
20987,66890,2024-01-18 14:27:24,122.36
20988,66891,2024-01-18 14:27:36,121.66
20989,66892,2024-01-18 14:27:48,121.0
20990,66893,2024-01-18 14:28:00,120.34
20991,66894,2024-01-18 14:28:12,119.73
20992,66895,2024-01-18 14:28:24,119.2
20993,66896,2024-01-18 14:28:36,118.46
20994,66897,2024-01-18 14:28:48,117.8
20995,66898,2024-01-18 14:29:00,117.36
20996,66899,2024-01-18 14:29:12,116.83
20997,66900,2024-01-18 14:29:24,116.35
20998,66901,2024-01-18 14:29:36,115.83
20999,66902,2024-01-18 14:29:48,115.43
21000,66903,2024-01-18 14:30:00,114.99
21001,66904,2024-01-18 14:30:12,114.56
21002,66905,2024-01-18 14:30:24,114.07
21003,66906,2024-01-18 14:30:36,113.68
21004,66907,2024-01-18 14:30:48,113.33
21005,66908,2024-01-18 14:31:00,112.93
21006,66909,2024-01-18 14:31:12,112.49
21007,66910,2024-01-18 14:31:24,112.1
21008,66911,2024-01-18 14:31:36,111.62
21009,66912,2024-01-18 14:31:48,111.31
21010,66913,2024-01-18 14:32:00,110.87
21011,66914,2024-01-18 14:32:12,110.57
21012,66915,2024-01-18 14:32:24,110.08
21013,66916,2024-01-18 14:32:36,109.78
21014,66917,2024-01-18 14:32:48,109.34
21015,66918,2024-01-18 14:33:00,109.08
21016,66919,2024-01-18 14:33:12,108.64
21017,66920,2024-01-18 14:33:24,108.24
21018,66921,2024-01-18 14:33:36,107.89
21019,66922,2024-01-18 14:33:48,107.59
21020,66923,2024-01-18 14:34:00,107.19
21021,66924,2024-01-18 14:34:12,106.84
21022,66925,2024-01-18 14:34:24,106.49
21023,66926,2024-01-18 14:34:36,106.18
21024,66927,2024-01-18 14:34:48,105.79
21025,66928,2024-01-18 14:35:00,105.53
21026,66929,2024-01-18 14:35:12,105.09
21027,66930,2024-01-18 14:35:24,104.82
21028,66931,2024-01-18 14:35:36,104.47
21029,66932,2024-01-18 14:35:48,104.12
21030,66933,2024-01-18 14:36:00,103.86
21031,66934,2024-01-18 14:36:12,103.47
21032,66935,2024-01-18 14:36:24,103.2
21033,66936,2024-01-18 14:36:36,102.85
21034,66937,2024-01-18 14:36:48,102.54
21035,66938,2024-01-18 14:37:00,102.24
21036,66939,2024-01-18 14:37:12,101.8
21037,66940,2024-01-18 14:37:24,101.58
21038,66941,2024-01-18 14:37:36,101.23
21039,66942,2024-01-18 14:37:48,100.97
21040,66943,2024-01-18 14:38:00,100.66
21041,66944,2024-01-18 14:38:12,100.31
21042,66945,2024-01-18 14:38:24,100.0
21043,66946,2024-01-18 14:38:36,99.7
21044,66947,2024-01-18 14:38:48,99.39
21045,66948,2024-01-18 14:39:00,99.08
21046,66949,2024-01-18 14:39:12,98.86
21047,66950,2024-01-18 14:39:24,99.39
21048,66951,2024-01-18 14:39:36,99.39
21049,66952,2024-01-18 14:39:48,99.78
21050,66953,2024-01-18 14:40:00,100.62
21051,66954,2024-01-18 14:40:12,100.79
21052,66955,2024-01-18 14:40:24,101.45
21053,66956,2024-01-18 14:40:36,101.54
21054,66957,2024-01-18 14:40:48,101.23
21055,66958,2024-01-18 14:41:00,102.54
21056,66959,2024-01-18 14:41:12,102.72
21057,66960,2024-01-18 14:41:24,102.5
21058,66961,2024-01-18 14:41:36,102.54
21059,66962,2024-01-18 14:41:48,103.38
21060,66963,2024-01-18 14:42:00,103.2
21061,66964,2024-01-18 14:42:12,103.68
21062,66965,2024-01-18 14:42:24,104.39
21063,66966,2024-01-18 14:42:36,104.65
21064,66967,2024-01-18 14:42:48,104.08
21065,66968,2024-01-18 14:43:00,104.39
21066,66969,2024-01-18 14:43:12,104.82
21067,66970,2024-01-18 14:43:24,104.56
21068,66971,2024-01-18 14:43:36,104.82
21069,66972,2024-01-18 14:43:48,105.7
21070,66973,2024-01-18 14:44:00,106.36
21071,66974,2024-01-18 14:44:12,106.88
21072,66975,2024-01-18 14:44:24,106.31
21073,66976,2024-01-18 14:44:36,106.71
21074,66977,2024-01-18 14:44:48,107.02
21075,66978,2024-01-18 14:45:00,107.06
21076,66979,2024-01-18 14:45:12,107.54
21077,66980,2024-01-18 14:45:24,107.59
21078,66981,2024-01-18 14:45:36,106.84
21079,66982,2024-01-18 14:45:48,107.67
21080,66983,2024-01-18 14:46:00,107.72
21081,66984,2024-01-18 14:46:12,108.33
21082,66985,2024-01-18 14:46:24,107.72
21083,66986,2024-01-18 14:46:36,108.81
21084,66987,2024-01-18 14:46:48,109.16
21085,66988,2024-01-18 14:47:00,108.94
21086,66989,2024-01-18 14:47:12,108.64
21087,66990,2024-01-18 14:47:24,109.78
21088,66991,2024-01-18 14:47:36,109.73
21089,66992,2024-01-18 14:47:48,109.78
21090,66993,2024-01-18 14:48:00,110.08
21091,66994,2024-01-18 14:48:12,110.43
21092,66995,2024-01-18 14:48:24,110.92
21093,66996,2024-01-18 14:48:36,110.17
21094,66997,2024-01-18 14:48:48,110.35
21095,66998,2024-01-18 14:49:00,110.79
21096,66999,2024-01-18 14:49:12,111.49
21097,67000,2024-01-18 14:49:24,111.09
21098,67001,2024-01-18 14:49:36,111.62
21099,67002,2024-01-18 14:49:48,110.39
21100,67003,2024-01-18 14:50:00,111.09
21101,67004,2024-01-18 14:50:12,112.23
21102,67005,2024-01-18 14:50:24,111.57
21103,67006,2024-01-18 14:50:36,111.79
21104,67007,2024-01-18 14:50:48,112.58
21105,67008,2024-01-18 14:51:00,112.1
21106,67009,2024-01-18 14:51:12,112.45
21107,67010,2024-01-18 14:51:24,112.19
21108,67011,2024-01-18 14:51:36,112.67
21109,67012,2024-01-18 14:51:48,112.49
21110,67013,2024-01-18 14:52:00,112.67
21111,67014,2024-01-18 14:52:12,112.71
21112,67015,2024-01-18 14:52:24,113.59
21113,67016,2024-01-18 14:52:36,113.2
21114,67017,2024-01-18 14:52:48,114.12
21115,67018,2024-01-18 14:53:00,113.72
21116,67019,2024-01-18 14:53:12,113.33
21117,67020,2024-01-18 14:53:24,113.15
21118,67021,2024-01-18 14:53:36,114.25
21119,67022,2024-01-18 14:53:48,114.25
21120,67023,2024-01-18 14:54:00,114.2
21121,67024,2024-01-18 14:54:12,114.42
21122,67025,2024-01-18 14:54:24,114.42
21123,67026,2024-01-18 14:54:36,114.64
21124,67027,2024-01-18 14:54:48,114.64
21125,67028,2024-01-18 14:55:00,114.51
21126,67029,2024-01-18 14:55:12,115.12
21127,67030,2024-01-18 14:55:24,115.34
21128,67031,2024-01-18 14:55:36,115.61
21129,67032,2024-01-18 14:55:48,115.04
21130,67033,2024-01-18 14:56:00,116.26
21131,67034,2024-01-18 14:56:12,115.39
21132,67035,2024-01-18 14:56:24,115.69
21133,67036,2024-01-18 14:56:36,116.26
21134,67037,2024-01-18 14:56:48,116.4
21135,67038,2024-01-18 14:57:00,116.31
21136,67039,2024-01-18 14:57:12,116.05
21137,67040,2024-01-18 14:57:24,116.4
21138,67041,2024-01-18 14:57:36,116.88
21139,67042,2024-01-18 14:57:48,116.7
21140,67043,2024-01-18 14:58:00,116.66
21141,67044,2024-01-18 14:58:12,117.19
21142,67045,2024-01-18 14:58:24,117.45
21143,67046,2024-01-18 14:58:36,117.45
21144,67047,2024-01-18 14:58:48,117.1
21145,67048,2024-01-18 14:59:00,117.71
21146,67049,2024-01-18 14:59:12,118.41
21147,67050,2024-01-18 14:59:24,117.75
21148,67051,2024-01-18 14:59:36,118.19
21149,67052,2024-01-18 14:59:48,118.11
21150,67053,2024-01-18 15:00:00,118.11
21151,67054,2024-01-18 15:00:12,118.19
21152,67055,2024-01-18 15:00:24,117.54
21153,67056,2024-01-18 15:00:36,118.46
21154,67057,2024-01-18 15:00:48,118.63
21155,67058,2024-01-18 15:01:00,118.94
21156,67059,2024-01-18 15:01:12,119.46
21157,67060,2024-01-18 15:01:24,119.16
21158,67061,2024-01-18 15:01:36,119.68
21159,67062,2024-01-18 15:01:48,118.5
21160,67063,2024-01-18 15:02:00,119.68
21161,67064,2024-01-18 15:02:12,119.68
21162,67065,2024-01-18 15:02:24,118.98
21163,67066,2024-01-18 15:02:36,119.29
21164,67067,2024-01-18 15:02:48,118.63
21165,67068,2024-01-18 15:03:00,119.77
21166,67069,2024-01-18 15:03:12,118.63
21167,67070,2024-01-18 15:03:24,119.51
21168,67071,2024-01-18 15:03:36,119.2
21169,67072,2024-01-18 15:03:48,119.82
21170,67073,2024-01-18 15:04:00,119.29
21171,67074,2024-01-18 15:04:12,119.55
21172,67075,2024-01-18 15:04:24,119.86
21173,67076,2024-01-18 15:04:36,118.85
21174,67077,2024-01-18 15:04:48,119.2
21175,67078,2024-01-18 15:05:00,119.99
21176,67079,2024-01-18 15:05:12,119.99
21177,67080,2024-01-18 15:05:24,120.12
21178,67081,2024-01-18 15:05:36,120.17
21179,67082,2024-01-18 15:05:48,118.94
21180,67083,2024-01-18 15:06:00,120.38
21181,67084,2024-01-18 15:06:12,119.86
21182,67085,2024-01-18 15:06:24,119.38
21183,67086,2024-01-18 15:06:36,119.82
21184,67087,2024-01-18 15:06:48,119.68
21185,67088,2024-01-18 15:07:00,120.03
21186,67089,2024-01-18 15:07:12,120.52
21187,67090,2024-01-18 15:07:24,120.74
21188,67091,2024-01-18 15:07:36,121.74
21189,67092,2024-01-18 15:07:48,120.82
21190,67093,2024-01-18 15:08:00,120.17
21191,67094,2024-01-18 15:08:12,120.6
21192,67095,2024-01-18 15:08:24,120.95
21193,67096,2024-01-18 15:08:36,120.03
21194,67097,2024-01-18 15:08:48,119.86
21195,67098,2024-01-18 15:09:00,120.56
21196,67099,2024-01-18 15:09:12,120.87
21197,67100,2024-01-18 15:09:24,120.38
21198,67101,2024-01-18 15:09:36,120.03
21199,67102,2024-01-18 15:09:48,120.82
21200,67103,2024-01-18 15:10:00,119.99
21201,67104,2024-01-18 15:10:12,120.95
21202,67105,2024-01-18 15:10:24,120.38
21203,67106,2024-01-18 15:10:36,120.21
21204,67107,2024-01-18 15:10:48,120.69
21205,67108,2024-01-18 15:11:00,120.56
21206,67109,2024-01-18 15:11:12,119.51
21207,67110,2024-01-18 15:11:24,121.09
21208,67111,2024-01-18 15:11:36,120.52
21209,67112,2024-01-18 15:11:48,120.91
21210,67113,2024-01-18 15:12:00,121.22
21211,67114,2024-01-18 15:12:12,120.74
21212,67115,2024-01-18 15:12:24,121.35
21213,67116,2024-01-18 15:12:36,120.95
21214,67117,2024-01-18 15:12:48,120.82
21215,67118,2024-01-18 15:13:00,120.95
21216,67119,2024-01-18 15:13:12,120.34
21217,67120,2024-01-18 15:13:24,120.65
21218,67121,2024-01-18 15:13:36,121.44
21219,67122,2024-01-18 15:13:48,121.61
21220,67123,2024-01-18 15:14:00,121.22
21221,67124,2024-01-18 15:14:12,121.7
21222,67125,2024-01-18 15:14:24,121.44
21223,67126,2024-01-18 15:14:36,121.0
21224,67127,2024-01-18 15:14:48,121.96
21225,67128,2024-01-18 15:15:00,122.27
21226,67129,2024-01-18 15:15:12,121.04
21227,67130,2024-01-18 15:15:24,121.44
21228,67131,2024-01-18 15:15:36,121.31
21229,67132,2024-01-18 15:15:48,121.52
21230,67133,2024-01-18 15:16:00,121.44
21231,67134,2024-01-18 15:16:12,122.27
21232,67135,2024-01-18 15:16:24,122.8
21233,67136,2024-01-18 15:16:36,122.14
21234,67137,2024-01-18 15:16:48,122.18
21235,67138,2024-01-18 15:17:00,122.36
21236,67139,2024-01-18 15:17:12,122.45
21237,67140,2024-01-18 15:17:24,122.53
21238,67141,2024-01-18 15:17:36,123.19
21239,67142,2024-01-18 15:17:48,122.58
21240,67143,2024-01-18 15:18:00,122.84
21241,67144,2024-01-18 15:18:12,123.1
21242,67145,2024-01-18 15:18:24,123.45
21243,67146,2024-01-18 15:18:36,123.67
21244,67147,2024-01-18 15:18:48,123.19
21245,67148,2024-01-18 15:19:00,123.94
21246,67149,2024-01-18 15:19:12,123.06
21247,67150,2024-01-18 15:19:24,124.29
21248,67151,2024-01-18 15:19:36,123.67
21249,67152,2024-01-18 15:19:48,124.29
21250,67153,2024-01-18 15:20:00,125.03
21251,67154,2024-01-18 15:20:12,123.63
21252,67155,2024-01-18 15:20:24,123.15
21253,67156,2024-01-18 15:20:36,122.66
21254,67157,2024-01-18 15:20:48,122.14
21255,67158,2024-01-18 15:21:00,121.7
21256,67159,2024-01-18 15:21:12,121.22
21257,67160,2024-01-18 15:21:24,120.82
21258,67161,2024-01-18 15:21:36,120.34
21259,67162,2024-01-18 15:21:48,119.86
21260,67163,2024-01-18 15:22:00,119.38
21261,67164,2024-01-18 15:22:12,118.94
21262,67165,2024-01-18 15:22:24,118.5
21263,67166,2024-01-18 15:22:36,118.06
21264,67167,2024-01-18 15:22:48,117.67
21265,67168,2024-01-18 15:23:00,117.23
21266,67169,2024-01-18 15:23:12,116.83
21267,67170,2024-01-18 15:23:24,116.48
21268,67171,2024-01-18 15:23:36,116.05
21269,67172,2024-01-18 15:23:48,115.65
21270,67173,2024-01-18 15:24:00,115.26
21271,67174,2024-01-18 15:24:12,114.86
21272,67175,2024-01-18 15:24:24,114.56
21273,67176,2024-01-18 15:24:36,114.16
21274,67177,2024-01-18 15:24:48,113.81
21275,67178,2024-01-18 15:25:00,113.42
21276,67179,2024-01-18 15:25:12,113.02
21277,67180,2024-01-18 15:25:24,112.67
21278,67181,2024-01-18 15:25:36,112.28
21279,67182,2024-01-18 15:25:48,112.01
21280,67183,2024-01-18 15:26:00,111.62
21281,67184,2024-01-18 15:26:12,111.27
21282,67185,2024-01-18 15:26:24,110.96
21283,67186,2024-01-18 15:26:36,110.61
21284,67187,2024-01-18 15:26:48,110.3
21285,67188,2024-01-18 15:27:00,109.95
21286,67189,2024-01-18 15:27:12,109.6
21287,67190,2024-01-18 15:27:24,109.34
21288,67191,2024-01-18 15:27:36,108.99
21289,67192,2024-01-18 15:27:48,108.68
21290,67193,2024-01-18 15:28:00,108.37
21291,67194,2024-01-18 15:28:12,108.02
21292,67195,2024-01-18 15:28:24,107.72
21293,67196,2024-01-18 15:28:36,107.37
21294,67197,2024-01-18 15:28:48,107.06
21295,67198,2024-01-18 15:29:00,106.8
21296,67199,2024-01-18 15:29:12,106.49
21297,67200,2024-01-18 15:29:24,106.14
21298,67201,2024-01-18 15:29:36,105.79
21299,67202,2024-01-18 15:29:48,105.57
21300,67203,2024-01-18 15:30:00,105.31
21301,67204,2024-01-18 15:30:12,104.91
21302,67205,2024-01-18 15:30:24,104.61
21303,67206,2024-01-18 15:30:36,104.39
21304,67207,2024-01-18 15:30:48,104.04
21305,67208,2024-01-18 15:31:00,103.82
21306,67209,2024-01-18 15:31:12,103.51
21307,67210,2024-01-18 15:31:24,103.2
21308,67211,2024-01-18 15:31:36,102.85
21309,67212,2024-01-18 15:31:48,102.63
21310,67213,2024-01-18 15:32:00,102.33
21311,67214,2024-01-18 15:32:12,102.02
21312,67215,2024-01-18 15:32:24,101.76
21313,67216,2024-01-18 15:32:36,101.49
21314,67217,2024-01-18 15:32:48,101.23
21315,67218,2024-01-18 15:33:00,100.88
21316,67219,2024-01-18 15:33:12,100.7
21317,67220,2024-01-18 15:33:24,100.35
21318,67221,2024-01-18 15:33:36,100.13
21319,67222,2024-01-18 15:33:48,99.78
21320,67223,2024-01-18 15:34:00,99.56
21321,67224,2024-01-18 15:34:12,99.3
21322,67225,2024-01-18 15:34:24,98.99
21323,67226,2024-01-18 15:34:36,98.73
21324,67227,2024-01-18 15:34:48,98.51
21325,67228,2024-01-18 15:35:00,98.21
21326,67229,2024-01-18 15:35:12,97.9
21327,67230,2024-01-18 15:35:24,97.64
21328,67231,2024-01-18 15:35:36,97.37
21329,67232,2024-01-18 15:35:48,97.15
21330,67233,2024-01-18 15:36:00,96.85
21331,67234,2024-01-18 15:36:12,96.63
21332,67235,2024-01-18 15:36:24,96.32
21333,67236,2024-01-18 15:36:36,96.01
21334,67237,2024-01-18 15:36:48,95.79
21335,67238,2024-01-18 15:37:00,95.53
21336,67239,2024-01-18 15:37:12,95.27
21337,67240,2024-01-18 15:37:24,95.05
21338,67241,2024-01-18 15:37:36,94.74
21339,67242,2024-01-18 15:37:48,94.48
21340,67243,2024-01-18 15:38:00,94.22
21341,67244,2024-01-18 15:38:12,93.95
21342,67245,2024-01-18 15:38:24,93.69
21343,67246,2024-01-18 15:38:36,93.47
21344,67247,2024-01-18 15:38:48,93.25
21345,67248,2024-01-18 15:39:00,92.99
21346,67249,2024-01-18 15:39:12,92.68
21347,67250,2024-01-18 15:39:24,92.42
21348,67251,2024-01-18 15:39:36,92.11
21349,67252,2024-01-18 15:39:48,91.89
21350,67253,2024-01-18 15:40:00,91.67
21351,67254,2024-01-18 15:40:12,91.37
21352,67255,2024-01-18 15:40:24,91.15
21353,67256,2024-01-18 15:40:36,90.93
21354,67257,2024-01-18 15:40:48,90.58
21355,67258,2024-01-18 15:41:00,90.4
21356,67259,2024-01-18 15:41:12,90.1
21357,67260,2024-01-18 15:41:24,89.92
21358,67261,2024-01-18 15:41:36,89.66
21359,67262,2024-01-18 15:41:48,89.39
21360,67263,2024-01-18 15:42:00,89.13
21361,67264,2024-01-18 15:42:12,88.91
21362,67265,2024-01-18 15:42:24,88.61
21363,67266,2024-01-18 15:42:36,88.39
21364,67267,2024-01-18 15:42:48,88.12
21365,67268,2024-01-18 15:43:00,87.86
21366,67269,2024-01-18 15:43:12,87.55
21367,67270,2024-01-18 15:43:24,87.38
21368,67271,2024-01-18 15:43:36,87.07
21369,67272,2024-01-18 15:43:48,86.94
21370,67273,2024-01-18 15:44:00,86.59
21371,67274,2024-01-18 15:44:12,86.37
21372,67275,2024-01-18 15:44:24,86.15
21373,67276,2024-01-18 15:44:36,85.89
21374,67277,2024-01-18 15:44:48,85.63
21375,67278,2024-01-18 15:45:00,85.45
21376,67279,2024-01-18 15:45:12,85.19
21377,67280,2024-01-18 15:45:24,84.92
21378,67281,2024-01-18 15:45:36,84.62
21379,67282,2024-01-18 15:45:48,84.49
21380,67283,2024-01-18 15:46:00,84.22
21381,67284,2024-01-18 15:46:12,84.0
21382,67285,2024-01-18 15:46:24,83.7
21383,67286,2024-01-18 15:46:36,83.48
21384,67287,2024-01-18 15:46:48,83.3
21385,67288,2024-01-18 15:47:00,83.04
21386,67289,2024-01-18 15:47:12,82.82
21387,67290,2024-01-18 15:47:24,82.56
21388,67291,2024-01-18 15:47:36,82.21
21389,67292,2024-01-18 15:47:48,82.07
21390,67293,2024-01-18 15:48:00,81.81
21391,67294,2024-01-18 15:48:12,81.64
21392,67295,2024-01-18 15:48:24,81.42
21393,67296,2024-01-18 15:48:36,81.2
21394,67297,2024-01-18 15:48:48,80.89
21395,67298,2024-01-18 15:49:00,80.67
21396,67299,2024-01-18 15:49:12,80.41
21397,67300,2024-01-18 15:49:24,80.23
21398,67301,2024-01-18 15:49:36,80.01
21399,67302,2024-01-18 15:49:48,79.75
21400,67303,2024-01-18 15:50:00,79.58
21401,67304,2024-01-18 15:50:12,79.31
21402,67305,2024-01-18 15:50:24,79.01
21403,67306,2024-01-18 15:50:36,78.83
21404,67307,2024-01-18 15:50:48,78.66
21405,67308,2024-01-18 15:51:00,78.39
21406,67309,2024-01-18 15:51:12,78.17
21407,67310,2024-01-18 15:51:24,77.91
21408,67311,2024-01-18 15:51:36,77.69
21409,67312,2024-01-18 15:51:48,77.52
21410,67313,2024-01-18 15:52:00,77.12
21411,67314,2024-01-18 15:52:12,77.03
21412,67315,2024-01-18 15:52:24,76.81
21413,67316,2024-01-18 15:52:36,76.51
21414,67317,2024-01-18 15:52:48,76.33
21415,67318,2024-01-18 15:53:00,76.11
21416,67319,2024-01-18 15:53:12,75.85
21417,67320,2024-01-18 15:53:24,75.68
21418,67321,2024-01-18 15:53:36,75.41
21419,67322,2024-01-18 15:53:48,75.19
21420,67323,2024-01-18 15:54:00,74.97
21421,67324,2024-01-18 15:54:12,74.75
21422,67325,2024-01-18 15:54:24,74.58
21423,67326,2024-01-18 15:54:36,74.32
21424,67327,2024-01-18 15:54:48,74.1
21425,67328,2024-01-18 15:55:00,73.88
21426,67329,2024-01-18 15:55:12,73.7
21427,67330,2024-01-18 15:55:24,73.44
21428,67331,2024-01-18 15:55:36,73.26
21429,67332,2024-01-18 15:55:48,73.0
21430,67333,2024-01-18 15:56:00,72.83
21431,67334,2024-01-18 15:56:12,72.56
21432,67335,2024-01-18 15:56:24,72.34
21433,67336,2024-01-18 15:56:36,72.12
21434,67337,2024-01-18 15:56:48,71.86
21435,67338,2024-01-18 15:57:00,71.73
21436,67339,2024-01-18 15:57:12,71.51
21437,67340,2024-01-18 15:57:24,71.29
21438,67341,2024-01-18 15:57:36,71.07
21439,67342,2024-01-18 15:57:48,70.85
21440,67343,2024-01-18 15:58:00,70.63
21441,67344,2024-01-18 15:58:12,70.46
21442,67345,2024-01-18 15:58:24,70.24
21443,67346,2024-01-18 15:58:36,70.02
21444,67347,2024-01-18 15:58:48,69.85
21445,67348,2024-01-18 15:59:00,69.58
21446,67349,2024-01-18 15:59:12,69.41
21447,67350,2024-01-18 15:59:24,69.19
21448,67351,2024-01-18 15:59:36,68.97
21449,67352,2024-01-18 15:59:48,68.79
21450,72003,2024-01-19 07:30:00,121.92
21451,72004,2024-01-19 07:30:12,122.58
21452,72005,2024-01-19 07:30:24,122.49
21453,72006,2024-01-19 07:30:36,122.49
21454,72007,2024-01-19 07:30:48,123.06
21455,72008,2024-01-19 07:31:00,123.58
21456,72009,2024-01-19 07:31:12,123.58
21457,72010,2024-01-19 07:31:24,123.85
21458,72011,2024-01-19 07:31:36,123.06
21459,72012,2024-01-19 07:31:48,123.72
21460,72013,2024-01-19 07:32:00,124.2
21461,72014,2024-01-19 07:32:12,124.51
21462,72015,2024-01-19 07:32:24,123.85
21463,72016,2024-01-19 07:32:36,124.07
21464,72017,2024-01-19 07:32:48,123.85
21465,72018,2024-01-19 07:33:00,124.46
21466,72019,2024-01-19 07:33:12,123.72
21467,72020,2024-01-19 07:33:24,123.23
21468,72021,2024-01-19 07:33:36,122.66
21469,72022,2024-01-19 07:33:48,122.18
21470,72023,2024-01-19 07:34:00,121.74
21471,72024,2024-01-19 07:34:12,121.26
21472,72025,2024-01-19 07:34:24,120.74
21473,72026,2024-01-19 07:34:36,120.25
21474,72027,2024-01-19 07:34:48,119.82
21475,72028,2024-01-19 07:35:00,119.42
21476,72029,2024-01-19 07:35:12,118.94
21477,72030,2024-01-19 07:35:24,118.46
21478,72031,2024-01-19 07:35:36,118.06
21479,72032,2024-01-19 07:35:48,117.67
21480,72033,2024-01-19 07:36:00,117.19
21481,72034,2024-01-19 07:36:12,116.75
21482,72035,2024-01-19 07:36:24,116.4
21483,72036,2024-01-19 07:36:36,116.0
21484,72037,2024-01-19 07:36:48,115.52
21485,72038,2024-01-19 07:37:00,115.17
21486,72039,2024-01-19 07:37:12,114.77
21487,72040,2024-01-19 07:37:24,114.42
21488,72041,2024-01-19 07:37:36,114.03
21489,72042,2024-01-19 07:37:48,113.68
21490,72043,2024-01-19 07:38:00,113.24
21491,72044,2024-01-19 07:38:12,112.89
21492,72045,2024-01-19 07:38:24,112.54
21493,72046,2024-01-19 07:38:36,112.14
21494,72047,2024-01-19 07:38:48,111.79
21495,72048,2024-01-19 07:39:00,111.44
21496,72049,2024-01-19 07:39:12,111.09
21497,72050,2024-01-19 07:39:24,110.7
21498,72051,2024-01-19 07:39:36,110.35
21499,72052,2024-01-19 07:39:48,110.04
21500,72053,2024-01-19 07:40:00,109.73
21501,72054,2024-01-19 07:40:12,109.38
21502,72055,2024-01-19 07:40:24,108.94
21503,72056,2024-01-19 07:40:36,108.68
21504,72057,2024-01-19 07:40:48,108.33
21505,72058,2024-01-19 07:41:00,107.98
21506,72059,2024-01-19 07:41:12,107.72
21507,72060,2024-01-19 07:41:24,107.37
21508,72061,2024-01-19 07:41:36,107.02
21509,72062,2024-01-19 07:41:48,106.67
21510,72063,2024-01-19 07:42:00,106.36
21511,72064,2024-01-19 07:42:12,106.1
21512,72065,2024-01-19 07:42:24,105.79
21513,72066,2024-01-19 07:42:36,105.39
21514,72067,2024-01-19 07:42:48,105.09
21515,72068,2024-01-19 07:43:00,104.78
21516,72069,2024-01-19 07:43:12,104.47
21517,72070,2024-01-19 07:43:24,104.12
21518,72071,2024-01-19 07:43:36,103.86
21519,72072,2024-01-19 07:43:48,103.6
21520,72073,2024-01-19 07:44:00,103.2
21521,72074,2024-01-19 07:44:12,102.94
21522,72075,2024-01-19 07:44:24,102.59
21523,72076,2024-01-19 07:44:36,102.33
21524,72077,2024-01-19 07:44:48,102.02
21525,72078,2024-01-19 07:45:00,101.76
21526,72079,2024-01-19 07:45:12,101.41
21527,72080,2024-01-19 07:45:24,101.14
21528,72081,2024-01-19 07:45:36,100.75
21529,72082,2024-01-19 07:45:48,100.53
21530,72083,2024-01-19 07:46:00,100.27
21531,72084,2024-01-19 07:46:12,99.96
21532,72085,2024-01-19 07:46:24,99.65
21533,72086,2024-01-19 07:46:36,99.43
21534,72087,2024-01-19 07:46:48,99.13
21535,72088,2024-01-19 07:47:00,98.82
21536,72089,2024-01-19 07:47:12,98.51
21537,72090,2024-01-19 07:47:24,98.99
21538,72091,2024-01-19 07:47:36,100.05
21539,72092,2024-01-19 07:47:48,99.78
21540,72093,2024-01-19 07:48:00,100.62
21541,72094,2024-01-19 07:48:12,101.14
21542,72095,2024-01-19 07:48:24,101.14
21543,72096,2024-01-19 07:48:36,101.36
21544,72097,2024-01-19 07:48:48,101.8
21545,72098,2024-01-19 07:49:00,101.8
21546,72099,2024-01-19 07:49:12,102.28
21547,72100,2024-01-19 07:49:24,102.11
21548,72101,2024-01-19 07:49:36,102.37
21549,72102,2024-01-19 07:49:48,102.76
21550,72103,2024-01-19 07:50:00,103.86
21551,72104,2024-01-19 07:50:12,103.55
21552,72105,2024-01-19 07:50:24,103.77
21553,72106,2024-01-19 07:50:36,104.21
21554,72107,2024-01-19 07:50:48,104.74
21555,72108,2024-01-19 07:51:00,105.0
21556,72109,2024-01-19 07:51:12,105.35
21557,72110,2024-01-19 07:51:24,105.0
21558,72111,2024-01-19 07:51:36,105.88
21559,72112,2024-01-19 07:51:48,105.7
21560,72113,2024-01-19 07:52:00,106.36
21561,72114,2024-01-19 07:52:12,106.53
21562,72115,2024-01-19 07:52:24,106.84
21563,72116,2024-01-19 07:52:36,107.06
21564,72117,2024-01-19 07:52:48,107.06
21565,72118,2024-01-19 07:53:00,107.37
21566,72119,2024-01-19 07:53:12,107.85
21567,72120,2024-01-19 07:53:24,107.85
21568,72121,2024-01-19 07:53:36,107.89
21569,72122,2024-01-19 07:53:48,108.46
21570,72123,2024-01-19 07:54:00,107.98
21571,72124,2024-01-19 07:54:12,109.21
21572,72125,2024-01-19 07:54:24,109.86
21573,72126,2024-01-19 07:54:36,109.12
21574,72127,2024-01-19 07:54:48,108.94
21575,72128,2024-01-19 07:55:00,109.51
21576,72129,2024-01-19 07:55:12,109.73
21577,72130,2024-01-19 07:55:24,110.17
21578,72131,2024-01-19 07:55:36,110.48
21579,72132,2024-01-19 07:55:48,110.79
21580,72133,2024-01-19 07:56:00,111.62
21581,72134,2024-01-19 07:56:12,111.62
21582,72135,2024-01-19 07:56:24,110.7
21583,72136,2024-01-19 07:56:36,111.14
21584,72137,2024-01-19 07:56:48,111.97
21585,72138,2024-01-19 07:57:00,112.06
21586,72139,2024-01-19 07:57:12,111.93
21587,72140,2024-01-19 07:57:24,112.1
21588,72141,2024-01-19 07:57:36,111.62
21589,72142,2024-01-19 07:57:48,112.85
21590,72143,2024-01-19 07:58:00,113.15
21591,72144,2024-01-19 07:58:12,112.23
21592,72145,2024-01-19 07:58:24,113.94
21593,72146,2024-01-19 07:58:36,113.46
21594,72147,2024-01-19 07:58:48,113.85
21595,72148,2024-01-19 07:59:00,113.9
21596,72149,2024-01-19 07:59:12,113.94
21597,72150,2024-01-19 07:59:24,114.38
21598,72151,2024-01-19 07:59:36,114.99
21599,72152,2024-01-19 07:59:48,114.38
21600,72153,2024-01-19 08:00:00,114.25
21601,72154,2024-01-19 08:00:12,114.86
21602,72155,2024-01-19 08:00:24,115.69
21603,72156,2024-01-19 08:00:36,115.34
21604,72157,2024-01-19 08:00:48,115.65
21605,72158,2024-01-19 08:01:00,116.35
21606,72159,2024-01-19 08:01:12,115.43
21607,72160,2024-01-19 08:01:24,115.69
21608,72161,2024-01-19 08:01:36,115.83
21609,72162,2024-01-19 08:01:48,116.53
21610,72163,2024-01-19 08:02:00,116.13
21611,72164,2024-01-19 08:02:12,116.48
21612,72165,2024-01-19 08:02:24,117.23
21613,72166,2024-01-19 08:02:36,116.79
21614,72167,2024-01-19 08:02:48,116.83
21615,72168,2024-01-19 08:03:00,117.54
21616,72169,2024-01-19 08:03:12,118.06
21617,72170,2024-01-19 08:03:24,118.02
21618,72171,2024-01-19 08:03:36,117.19
21619,72172,2024-01-19 08:03:48,118.5
21620,72173,2024-01-19 08:04:00,118.28
21621,72174,2024-01-19 08:04:12,118.5
21622,72175,2024-01-19 08:04:24,118.98
21623,72176,2024-01-19 08:04:36,118.11
21624,72177,2024-01-19 08:04:48,119.64
21625,72178,2024-01-19 08:05:00,119.55
21626,72179,2024-01-19 08:05:12,119.99
21627,72180,2024-01-19 08:05:24,119.46
21628,72181,2024-01-19 08:05:36,119.51
21629,72182,2024-01-19 08:05:48,120.34
21630,72183,2024-01-19 08:06:00,120.17
21631,72184,2024-01-19 08:06:12,119.99
21632,72185,2024-01-19 08:06:24,120.78
21633,72186,2024-01-19 08:06:36,120.74
21634,72187,2024-01-19 08:06:48,120.95
21635,72188,2024-01-19 08:07:00,120.34
21636,72189,2024-01-19 08:07:12,121.31
21637,72190,2024-01-19 08:07:24,121.0
21638,72191,2024-01-19 08:07:36,122.27
21639,72192,2024-01-19 08:07:48,122.23
21640,72193,2024-01-19 08:08:00,122.18
21641,72194,2024-01-19 08:08:12,121.0
21642,72195,2024-01-19 08:08:24,122.18
21643,72196,2024-01-19 08:08:36,121.7
21644,72197,2024-01-19 08:08:48,122.71
21645,72198,2024-01-19 08:09:00,122.75
21646,72199,2024-01-19 08:09:12,122.62
21647,72200,2024-01-19 08:09:24,122.97
21648,72201,2024-01-19 08:09:36,122.62
21649,72202,2024-01-19 08:09:48,122.93
21650,72203,2024-01-19 08:10:00,122.84
21651,72204,2024-01-19 08:10:12,124.15
21652,72205,2024-01-19 08:10:24,124.2
21653,72206,2024-01-19 08:10:36,123.32
21654,72207,2024-01-19 08:10:48,124.11
21655,72208,2024-01-19 08:11:00,124.24
21656,72209,2024-01-19 08:11:12,124.11
21657,72210,2024-01-19 08:11:24,124.15
21658,72211,2024-01-19 08:11:36,124.9
21659,72212,2024-01-19 08:11:48,124.24
21660,72213,2024-01-19 08:12:00,124.2
21661,72214,2024-01-19 08:12:12,124.51
21662,72215,2024-01-19 08:12:24,123.67
21663,72216,2024-01-19 08:12:36,123.01
21664,72217,2024-01-19 08:12:48,122.45
21665,72218,2024-01-19 08:13:00,121.88
21666,72219,2024-01-19 08:13:12,121.09
21667,72220,2024-01-19 08:13:24,120.47
21668,72221,2024-01-19 08:13:36,119.95
21669,72222,2024-01-19 08:13:48,119.25
21670,72223,2024-01-19 08:14:00,118.59
21671,72224,2024-01-19 08:14:12,117.97
21672,72225,2024-01-19 08:14:24,117.45
21673,72226,2024-01-19 08:14:36,117.05
21674,72227,2024-01-19 08:14:48,116.66
21675,72228,2024-01-19 08:15:00,116.22
21676,72229,2024-01-19 08:15:12,115.78
21677,72230,2024-01-19 08:15:24,115.21
21678,72231,2024-01-19 08:15:36,114.56
21679,72232,2024-01-19 08:15:48,113.99
21680,72233,2024-01-19 08:16:00,113.37
21681,72234,2024-01-19 08:16:12,112.85
21682,72235,2024-01-19 08:16:24,112.45
21683,72236,2024-01-19 08:16:36,111.88
21684,72237,2024-01-19 08:16:48,111.27
21685,72238,2024-01-19 08:17:00,110.83
21686,72239,2024-01-19 08:17:12,110.43
21687,72240,2024-01-19 08:17:24,109.95
21688,72241,2024-01-19 08:17:36,109.51
21689,72242,2024-01-19 08:17:48,109.03
21690,72243,2024-01-19 08:18:00,108.73
21691,72244,2024-01-19 08:18:12,108.33
21692,72245,2024-01-19 08:18:24,107.89
21693,72246,2024-01-19 08:18:36,107.32
21694,72247,2024-01-19 08:18:48,106.84
21695,72248,2024-01-19 08:19:00,106.36
21696,72249,2024-01-19 08:19:12,105.96
21697,72250,2024-01-19 08:19:24,105.61
21698,72251,2024-01-19 08:19:36,105.26
21699,72252,2024-01-19 08:19:48,104.78
21700,72253,2024-01-19 08:20:00,104.43
21701,72254,2024-01-19 08:20:12,104.04
21702,72255,2024-01-19 08:20:24,103.82
21703,72256,2024-01-19 08:20:36,103.47
21704,72257,2024-01-19 08:20:48,103.2
21705,72258,2024-01-19 08:21:00,102.9
21706,72259,2024-01-19 08:21:12,102.63
21707,72260,2024-01-19 08:21:24,102.37
21708,72261,2024-01-19 08:21:36,102.02
21709,72262,2024-01-19 08:21:48,101.76
21710,72263,2024-01-19 08:22:00,101.45
21711,72264,2024-01-19 08:22:12,101.19
21712,72265,2024-01-19 08:22:24,100.88
21713,72266,2024-01-19 08:22:36,100.62
21714,72267,2024-01-19 08:22:48,100.27
21715,72268,2024-01-19 08:23:00,100.05
21716,72269,2024-01-19 08:23:12,99.7
21717,72270,2024-01-19 08:23:24,99.52
21718,72271,2024-01-19 08:23:36,99.21
21719,72272,2024-01-19 08:23:48,98.91
21720,72273,2024-01-19 08:24:00,98.64
21721,72274,2024-01-19 08:24:12,99.43
21722,72275,2024-01-19 08:24:24,98.64
21723,72276,2024-01-19 08:24:36,99.74
21724,72277,2024-01-19 08:24:48,100.53
21725,72278,2024-01-19 08:25:00,100.13
21726,72279,2024-01-19 08:25:12,100.27
21727,72280,2024-01-19 08:25:24,100.92
21728,72281,2024-01-19 08:25:36,101.23
21729,72282,2024-01-19 08:25:48,101.19
21730,72283,2024-01-19 08:26:00,102.33
21731,72284,2024-01-19 08:26:12,102.19
21732,72285,2024-01-19 08:26:24,102.68
21733,72286,2024-01-19 08:26:36,102.46
21734,72287,2024-01-19 08:26:48,103.11
21735,72288,2024-01-19 08:27:00,103.07
21736,72289,2024-01-19 08:27:12,103.73
21737,72290,2024-01-19 08:27:24,104.12
21738,72291,2024-01-19 08:27:36,104.39
21739,72292,2024-01-19 08:27:48,104.39
21740,72293,2024-01-19 08:28:00,105.17
21741,72294,2024-01-19 08:28:12,104.39
21742,72295,2024-01-19 08:28:24,105.35
21743,72296,2024-01-19 08:28:36,105.39
21744,72297,2024-01-19 08:28:48,106.01
21745,72298,2024-01-19 08:29:00,106.01
21746,72299,2024-01-19 08:29:12,106.67
21747,72300,2024-01-19 08:29:24,106.58
21748,72301,2024-01-19 08:29:36,105.44
21749,72302,2024-01-19 08:29:48,106.58
21750,72303,2024-01-19 08:30:00,106.75
21751,72304,2024-01-19 08:30:12,106.58
21752,72305,2024-01-19 08:30:24,107.41
21753,72306,2024-01-19 08:30:36,107.06
21754,72307,2024-01-19 08:30:48,107.72
21755,72308,2024-01-19 08:31:00,108.16
21756,72309,2024-01-19 08:31:12,107.76
21757,72310,2024-01-19 08:31:24,108.11
21758,72311,2024-01-19 08:31:36,107.98
21759,72312,2024-01-19 08:31:48,108.29
21760,72313,2024-01-19 08:32:00,108.81
21761,72314,2024-01-19 08:32:12,108.94
21762,72315,2024-01-19 08:32:24,109.03
21763,72316,2024-01-19 08:32:36,108.81
21764,72317,2024-01-19 08:32:48,110.08
21765,72318,2024-01-19 08:33:00,109.16
21766,72319,2024-01-19 08:33:12,109.65
21767,72320,2024-01-19 08:33:24,109.73
21768,72321,2024-01-19 08:33:36,109.91
21769,72322,2024-01-19 08:33:48,110.39
21770,72323,2024-01-19 08:34:00,110.65
21771,72324,2024-01-19 08:34:12,111.0
21772,72325,2024-01-19 08:34:24,110.96
21773,72326,2024-01-19 08:34:36,110.87
21774,72327,2024-01-19 08:34:48,110.43
21775,72328,2024-01-19 08:35:00,111.09
21776,72329,2024-01-19 08:35:12,111.05
21777,72330,2024-01-19 08:35:24,111.57
21778,72331,2024-01-19 08:35:36,112.8
21779,72332,2024-01-19 08:35:48,112.28
21780,72333,2024-01-19 08:36:00,111.62
21781,72334,2024-01-19 08:36:12,112.14
21782,72335,2024-01-19 08:36:24,113.15
21783,72336,2024-01-19 08:36:36,112.89
21784,72337,2024-01-19 08:36:48,113.02
21785,72338,2024-01-19 08:37:00,113.77
21786,72339,2024-01-19 08:37:12,113.02
21787,72340,2024-01-19 08:37:24,113.81
21788,72341,2024-01-19 08:37:36,113.81
21789,72342,2024-01-19 08:37:48,114.03
21790,72343,2024-01-19 08:38:00,114.03
21791,72344,2024-01-19 08:38:12,113.72
21792,72345,2024-01-19 08:38:24,114.38
21793,72346,2024-01-19 08:38:36,113.99
21794,72347,2024-01-19 08:38:48,113.9
21795,72348,2024-01-19 08:39:00,114.51
21796,72349,2024-01-19 08:39:12,115.52
21797,72350,2024-01-19 08:39:24,114.69
21798,72351,2024-01-19 08:39:36,116.31
21799,72352,2024-01-19 08:39:48,114.77
21800,72353,2024-01-19 08:40:00,115.78
21801,72354,2024-01-19 08:40:12,116.09
21802,72355,2024-01-19 08:40:24,116.31
21803,72356,2024-01-19 08:40:36,116.13
21804,72357,2024-01-19 08:40:48,116.13
21805,72358,2024-01-19 08:41:00,116.53
21806,72359,2024-01-19 08:41:12,116.53
21807,72360,2024-01-19 08:41:24,116.88
21808,72361,2024-01-19 08:41:36,117.01
21809,72362,2024-01-19 08:41:48,117.14
21810,72363,2024-01-19 08:42:00,117.23
21811,72364,2024-01-19 08:42:12,117.27
21812,72365,2024-01-19 08:42:24,117.49
21813,72366,2024-01-19 08:42:36,117.45
21814,72367,2024-01-19 08:42:48,118.28
21815,72368,2024-01-19 08:43:00,118.02
21816,72369,2024-01-19 08:43:12,118.41
21817,72370,2024-01-19 08:43:24,118.85
21818,72371,2024-01-19 08:43:36,118.54
21819,72372,2024-01-19 08:43:48,118.32
21820,72373,2024-01-19 08:44:00,118.54
21821,72374,2024-01-19 08:44:12,119.77
21822,72375,2024-01-19 08:44:24,119.9
21823,72376,2024-01-19 08:44:36,119.68
21824,72377,2024-01-19 08:44:48,118.5
21825,72378,2024-01-19 08:45:00,120.03
21826,72379,2024-01-19 08:45:12,120.03
21827,72380,2024-01-19 08:45:24,120.47
21828,72381,2024-01-19 08:45:36,120.69
21829,72382,2024-01-19 08:45:48,120.03
21830,72383,2024-01-19 08:46:00,120.17
21831,72384,2024-01-19 08:46:12,120.38
21832,72385,2024-01-19 08:46:24,120.82
21833,72386,2024-01-19 08:46:36,120.6
21834,72387,2024-01-19 08:46:48,119.68
21835,72388,2024-01-19 08:47:00,121.35
21836,72389,2024-01-19 08:47:12,121.31
21837,72390,2024-01-19 08:47:24,121.0
21838,72391,2024-01-19 08:47:36,121.44
21839,72392,2024-01-19 08:47:48,121.74
21840,72393,2024-01-19 08:48:00,120.74
21841,72394,2024-01-19 08:48:12,121.96
21842,72395,2024-01-19 08:48:24,121.57
21843,72396,2024-01-19 08:48:36,121.74
21844,72397,2024-01-19 08:48:48,121.66
21845,72398,2024-01-19 08:49:00,122.09
21846,72399,2024-01-19 08:49:12,122.27
21847,72400,2024-01-19 08:49:24,122.84
21848,72401,2024-01-19 08:49:36,123.06
21849,72402,2024-01-19 08:49:48,122.71
21850,72403,2024-01-19 08:50:00,122.8
21851,72404,2024-01-19 08:50:12,123.1
21852,72405,2024-01-19 08:50:24,123.45
21853,72406,2024-01-19 08:50:36,123.37
21854,72407,2024-01-19 08:50:48,122.97
21855,72408,2024-01-19 08:51:00,124.42
21856,72409,2024-01-19 08:51:12,123.19
21857,72410,2024-01-19 08:51:24,124.68
21858,72411,2024-01-19 08:51:36,123.67
21859,72412,2024-01-19 08:51:48,123.01
21860,72413,2024-01-19 08:52:00,122.62
21861,72414,2024-01-19 08:52:12,122.14
21862,72415,2024-01-19 08:52:24,121.66
21863,72416,2024-01-19 08:52:36,121.17
21864,72417,2024-01-19 08:52:48,120.69
21865,72418,2024-01-19 08:53:00,120.21
21866,72419,2024-01-19 08:53:12,119.82
21867,72420,2024-01-19 08:53:24,119.33
21868,72421,2024-01-19 08:53:36,118.85
21869,72422,2024-01-19 08:53:48,118.46
21870,72423,2024-01-19 08:54:00,118.06
21871,72424,2024-01-19 08:54:12,117.62
21872,72425,2024-01-19 08:54:24,117.19
21873,72426,2024-01-19 08:54:36,116.7
21874,72427,2024-01-19 08:54:48,116.31
21875,72428,2024-01-19 08:55:00,116.0
21876,72429,2024-01-19 08:55:12,115.61
21877,72430,2024-01-19 08:55:24,115.17
21878,72431,2024-01-19 08:55:36,114.77
21879,72432,2024-01-19 08:55:48,114.42
21880,72433,2024-01-19 08:56:00,114.03
21881,72434,2024-01-19 08:56:12,113.68
21882,72435,2024-01-19 08:56:24,113.33
21883,72436,2024-01-19 08:56:36,112.93
21884,72437,2024-01-19 08:56:48,112.58
21885,72438,2024-01-19 08:57:00,112.14
21886,72439,2024-01-19 08:57:12,111.93
21887,72440,2024-01-19 08:57:24,111.53
21888,72441,2024-01-19 08:57:36,111.14
21889,72442,2024-01-19 08:57:48,110.7
21890,72443,2024-01-19 08:58:00,110.22
21891,72444,2024-01-19 08:58:12,109.78
21892,72445,2024-01-19 08:58:24,109.3
21893,72446,2024-01-19 08:58:36,108.9
21894,72447,2024-01-19 08:58:48,108.46
21895,72448,2024-01-19 08:59:00,107.98
21896,72449,2024-01-19 08:59:12,107.41
21897,72450,2024-01-19 08:59:24,107.24
21898,72451,2024-01-19 08:59:36,106.84
21899,72452,2024-01-19 08:59:48,106.36
21900,72453,2024-01-19 09:00:00,105.88
21901,72454,2024-01-19 09:00:12,105.44
21902,72455,2024-01-19 09:00:24,104.91
21903,72456,2024-01-19 09:00:36,104.43
21904,72457,2024-01-19 09:00:48,104.04
21905,72458,2024-01-19 09:01:00,103.68
21906,72459,2024-01-19 09:01:12,103.42
21907,72460,2024-01-19 09:01:24,103.07
21908,72461,2024-01-19 09:01:36,102.68
21909,72462,2024-01-19 09:01:48,102.33
21910,72463,2024-01-19 09:02:00,101.93
21911,72464,2024-01-19 09:02:12,101.62
21912,72465,2024-01-19 09:02:24,101.32
21913,72466,2024-01-19 09:02:36,101.05
21914,72467,2024-01-19 09:02:48,100.75
21915,72468,2024-01-19 09:03:00,100.44
21916,72469,2024-01-19 09:03:12,100.18
21917,72470,2024-01-19 09:03:24,99.83
21918,72471,2024-01-19 09:03:36,99.56
21919,72472,2024-01-19 09:03:48,99.17
21920,72473,2024-01-19 09:04:00,98.25
21921,72474,2024-01-19 09:04:12,99.7
21922,72475,2024-01-19 09:04:24,99.3
21923,72476,2024-01-19 09:04:36,99.87
21924,72477,2024-01-19 09:04:48,100.05
21925,72478,2024-01-19 09:05:00,100.57
21926,72479,2024-01-19 09:05:12,100.22
21927,72480,2024-01-19 09:05:24,100.53
21928,72481,2024-01-19 09:05:36,101.32
21929,72482,2024-01-19 09:05:48,101.14
21930,72483,2024-01-19 09:06:00,101.76
21931,72484,2024-01-19 09:06:12,102.24
21932,72485,2024-01-19 09:06:24,102.37
21933,72486,2024-01-19 09:06:36,102.24
21934,72487,2024-01-19 09:06:48,102.98
21935,72488,2024-01-19 09:07:00,102.46
21936,72489,2024-01-19 09:07:12,102.81
21937,72490,2024-01-19 09:07:24,103.55
21938,72491,2024-01-19 09:07:36,103.86
21939,72492,2024-01-19 09:07:48,104.12
21940,72493,2024-01-19 09:08:00,103.68
21941,72494,2024-01-19 09:08:12,104.3
21942,72495,2024-01-19 09:08:24,104.17
21943,72496,2024-01-19 09:08:36,105.04
21944,72497,2024-01-19 09:08:48,105.53
21945,72498,2024-01-19 09:09:00,105.39
21946,72499,2024-01-19 09:09:12,106.01
21947,72500,2024-01-19 09:09:24,106.14
21948,72501,2024-01-19 09:09:36,106.75
21949,72502,2024-01-19 09:09:48,106.84
21950,72503,2024-01-19 09:10:00,107.02
21951,72504,2024-01-19 09:10:12,107.45
21952,72505,2024-01-19 09:10:24,107.76
21953,72506,2024-01-19 09:10:36,107.94
21954,72507,2024-01-19 09:10:48,107.89
21955,72508,2024-01-19 09:11:00,108.2
21956,72509,2024-01-19 09:11:12,107.76
21957,72510,2024-01-19 09:11:24,108.29
21958,72511,2024-01-19 09:11:36,108.42
21959,72512,2024-01-19 09:11:48,108.16
21960,72513,2024-01-19 09:12:00,108.16
21961,72514,2024-01-19 09:12:12,108.81
21962,72515,2024-01-19 09:12:24,108.16
21963,72516,2024-01-19 09:12:36,108.07
21964,72517,2024-01-19 09:12:48,108.46
21965,72518,2024-01-19 09:13:00,109.03
21966,72519,2024-01-19 09:13:12,108.42
21967,72520,2024-01-19 09:13:24,109.56
21968,72521,2024-01-19 09:13:36,110.35
21969,72522,2024-01-19 09:13:48,109.25
21970,72523,2024-01-19 09:14:00,109.3
21971,72524,2024-01-19 09:14:12,109.82
21972,72525,2024-01-19 09:14:24,109.56
21973,72526,2024-01-19 09:14:36,109.86
21974,72527,2024-01-19 09:14:48,110.22
21975,72528,2024-01-19 09:15:00,110.92
21976,72529,2024-01-19 09:15:12,111.4
21977,72530,2024-01-19 09:15:24,110.17
21978,72531,2024-01-19 09:15:36,110.92
21979,72532,2024-01-19 09:15:48,110.96
21980,72533,2024-01-19 09:16:00,111.53
21981,72534,2024-01-19 09:16:12,111.09
21982,72535,2024-01-19 09:16:24,111.62
21983,72536,2024-01-19 09:16:36,112.23
21984,72537,2024-01-19 09:16:48,112.14
21985,72538,2024-01-19 09:17:00,111.0
21986,72539,2024-01-19 09:17:12,111.57
21987,72540,2024-01-19 09:17:24,111.88
21988,72541,2024-01-19 09:17:36,111.57
21989,72542,2024-01-19 09:17:48,112.8
21990,72543,2024-01-19 09:18:00,113.5
21991,72544,2024-01-19 09:18:12,112.93
21992,72545,2024-01-19 09:18:24,113.02
21993,72546,2024-01-19 09:18:36,113.02
21994,72547,2024-01-19 09:18:48,112.8
21995,72548,2024-01-19 09:19:00,113.77
21996,72549,2024-01-19 09:19:12,112.98
21997,72550,2024-01-19 09:19:24,113.2
21998,72551,2024-01-19 09:19:36,114.91
21999,72552,2024-01-19 09:19:48,115.34
22000,72553,2024-01-19 09:20:00,115.78
22001,72554,2024-01-19 09:20:12,115.26
22002,72555,2024-01-19 09:20:24,115.52
22003,72556,2024-01-19 09:20:36,114.99
22004,72557,2024-01-19 09:20:48,114.73
22005,72558,2024-01-19 09:21:00,115.87
22006,72559,2024-01-19 09:21:12,115.12
22007,72560,2024-01-19 09:21:24,115.91
22008,72561,2024-01-19 09:21:36,115.74
22009,72562,2024-01-19 09:21:48,116.18
22010,72563,2024-01-19 09:22:00,116.88
22011,72564,2024-01-19 09:22:12,117.01
22012,72565,2024-01-19 09:22:24,117.54
22013,72566,2024-01-19 09:22:36,117.14
22014,72567,2024-01-19 09:22:48,117.36
22015,72568,2024-01-19 09:23:00,118.32
22016,72569,2024-01-19 09:23:12,117.8
22017,72570,2024-01-19 09:23:24,118.06
22018,72571,2024-01-19 09:23:36,117.71
22019,72572,2024-01-19 09:23:48,117.71
22020,72573,2024-01-19 09:24:00,118.24
22021,72574,2024-01-19 09:24:12,119.29
22022,72575,2024-01-19 09:24:24,118.94
22023,72576,2024-01-19 09:24:36,119.16
22024,72577,2024-01-19 09:24:48,119.2
22025,72578,2024-01-19 09:25:00,119.77
22026,72579,2024-01-19 09:25:12,120.03
22027,72580,2024-01-19 09:25:24,118.81
22028,72581,2024-01-19 09:25:36,120.69
22029,72582,2024-01-19 09:25:48,120.38
22030,72583,2024-01-19 09:26:00,120.52
22031,72584,2024-01-19 09:26:12,120.17
22032,72585,2024-01-19 09:26:24,120.17
22033,72586,2024-01-19 09:26:36,120.34
22034,72587,2024-01-19 09:26:48,121.04
22035,72588,2024-01-19 09:27:00,121.61
22036,72589,2024-01-19 09:27:12,121.92
22037,72590,2024-01-19 09:27:24,121.09
22038,72591,2024-01-19 09:27:36,122.27
22039,72592,2024-01-19 09:27:48,122.31
22040,72593,2024-01-19 09:28:00,122.8
22041,72594,2024-01-19 09:28:12,121.17
22042,72595,2024-01-19 09:28:24,122.62
22043,72596,2024-01-19 09:28:36,123.1
22044,72597,2024-01-19 09:28:48,123.01
22045,72598,2024-01-19 09:29:00,122.66
22046,72599,2024-01-19 09:29:12,123.32
22047,72600,2024-01-19 09:29:24,123.06
22048,72601,2024-01-19 09:29:36,123.85
22049,72602,2024-01-19 09:29:48,122.71
22050,72603,2024-01-19 09:30:00,122.84
22051,72604,2024-01-19 09:30:12,124.46
22052,72605,2024-01-19 09:30:24,123.72
22053,72606,2024-01-19 09:30:36,124.15
22054,72607,2024-01-19 09:30:48,123.89
22055,72608,2024-01-19 09:31:00,123.37
22056,72609,2024-01-19 09:31:12,122.84
22057,72610,2024-01-19 09:31:24,122.36
22058,72611,2024-01-19 09:31:36,121.92
22059,72612,2024-01-19 09:31:48,121.26
22060,72613,2024-01-19 09:32:00,120.69
22061,72614,2024-01-19 09:32:12,120.17
22062,72615,2024-01-19 09:32:24,119.6
22063,72616,2024-01-19 09:32:36,119.03
22064,72617,2024-01-19 09:32:48,118.28
22065,72618,2024-01-19 09:33:00,117.67
22066,72619,2024-01-19 09:33:12,117.01
22067,72620,2024-01-19 09:33:24,116.62
22068,72621,2024-01-19 09:33:36,116.13
22069,72622,2024-01-19 09:33:48,115.83
22070,72623,2024-01-19 09:34:00,115.48
22071,72624,2024-01-19 09:34:12,115.04
22072,72625,2024-01-19 09:34:24,114.69
22073,72626,2024-01-19 09:34:36,114.29
22074,72627,2024-01-19 09:34:48,113.94
22075,72628,2024-01-19 09:35:00,113.63
22076,72629,2024-01-19 09:35:12,113.24
22077,72630,2024-01-19 09:35:24,112.76
22078,72631,2024-01-19 09:35:36,112.28
22079,72632,2024-01-19 09:35:48,111.79
22080,72633,2024-01-19 09:36:00,111.4
22081,72634,2024-01-19 09:36:12,110.92
22082,72635,2024-01-19 09:36:24,110.43
22083,72636,2024-01-19 09:36:36,110.04
22084,72637,2024-01-19 09:36:48,109.51
22085,72638,2024-01-19 09:37:00,109.12
22086,72639,2024-01-19 09:37:12,108.68
22087,72640,2024-01-19 09:37:24,108.33
22088,72641,2024-01-19 09:37:36,107.89
22089,72642,2024-01-19 09:37:48,107.5
22090,72643,2024-01-19 09:38:00,107.06
22091,72644,2024-01-19 09:38:12,106.62
22092,72645,2024-01-19 09:38:24,106.14
22093,72646,2024-01-19 09:38:36,105.83
22094,72647,2024-01-19 09:38:48,105.61
22095,72648,2024-01-19 09:39:00,105.31
22096,72649,2024-01-19 09:39:12,105.04
22097,72650,2024-01-19 09:39:24,104.69
22098,72651,2024-01-19 09:39:36,104.43
22099,72652,2024-01-19 09:39:48,104.12
22100,72653,2024-01-19 09:40:00,103.86
22101,72654,2024-01-19 09:40:12,103.47
22102,72655,2024-01-19 09:40:24,103.16
22103,72656,2024-01-19 09:40:36,102.9
22104,72657,2024-01-19 09:40:48,102.68
22105,72658,2024-01-19 09:41:00,102.33
22106,72659,2024-01-19 09:41:12,102.02
22107,72660,2024-01-19 09:41:24,101.76
22108,72661,2024-01-19 09:41:36,101.45
22109,72662,2024-01-19 09:41:48,101.19
22110,72663,2024-01-19 09:42:00,100.92
22111,72664,2024-01-19 09:42:12,100.62
22112,72665,2024-01-19 09:42:24,100.35
22113,72666,2024-01-19 09:42:36,100.05
22114,72667,2024-01-19 09:42:48,99.83
22115,72668,2024-01-19 09:43:00,99.52
22116,72669,2024-01-19 09:43:12,99.21
22117,72670,2024-01-19 09:43:24,98.91
22118,72671,2024-01-19 09:43:36,98.07
22119,72672,2024-01-19 09:43:48,99.65
22120,72673,2024-01-19 09:44:00,100.57
22121,72674,2024-01-19 09:44:12,100.57
22122,72675,2024-01-19 09:44:24,101.14
22123,72676,2024-01-19 09:44:36,101.1
22124,72677,2024-01-19 09:44:48,101.58
22125,72678,2024-01-19 09:45:00,101.19
22126,72679,2024-01-19 09:45:12,102.54
22127,72680,2024-01-19 09:45:24,101.71
22128,72681,2024-01-19 09:45:36,102.98
22129,72682,2024-01-19 09:45:48,103.33
22130,72683,2024-01-19 09:46:00,103.42
22131,72684,2024-01-19 09:46:12,103.55
22132,72685,2024-01-19 09:46:24,103.82
22133,72686,2024-01-19 09:46:36,104.74
22134,72687,2024-01-19 09:46:48,104.96
22135,72688,2024-01-19 09:47:00,104.82
22136,72689,2024-01-19 09:47:12,105.35
22137,72690,2024-01-19 09:47:24,105.04
22138,72691,2024-01-19 09:47:36,105.17
22139,72692,2024-01-19 09:47:48,105.39
22140,72693,2024-01-19 09:48:00,106.45
22141,72694,2024-01-19 09:48:12,106.4
22142,72695,2024-01-19 09:48:24,106.49
22143,72696,2024-01-19 09:48:36,106.58
22144,72697,2024-01-19 09:48:48,106.71
22145,72698,2024-01-19 09:49:00,107.28
22146,72699,2024-01-19 09:49:12,108.16
22147,72700,2024-01-19 09:49:24,107.85
22148,72701,2024-01-19 09:49:36,108.64
22149,72702,2024-01-19 09:49:48,108.59
22150,72703,2024-01-19 09:50:00,107.76
22151,72704,2024-01-19 09:50:12,108.99
22152,72705,2024-01-19 09:50:24,108.81
22153,72706,2024-01-19 09:50:36,109.47
22154,72707,2024-01-19 09:50:48,109.91
22155,72708,2024-01-19 09:51:00,109.56
22156,72709,2024-01-19 09:51:12,109.51
22157,72710,2024-01-19 09:51:24,109.38
22158,72711,2024-01-19 09:51:36,110.0
22159,72712,2024-01-19 09:51:48,109.91
22160,72713,2024-01-19 09:52:00,109.34
22161,72714,2024-01-19 09:52:12,109.65
22162,72715,2024-01-19 09:52:24,109.51
22163,72716,2024-01-19 09:52:36,110.17
22164,72717,2024-01-19 09:52:48,109.82
22165,72718,2024-01-19 09:53:00,110.17
22166,72719,2024-01-19 09:53:12,110.7
22167,72720,2024-01-19 09:53:24,110.57
22168,72721,2024-01-19 09:53:36,109.82
22169,72722,2024-01-19 09:53:48,110.52
22170,72723,2024-01-19 09:54:00,111.57
22171,72724,2024-01-19 09:54:12,110.57
22172,72725,2024-01-19 09:54:24,111.57
22173,72726,2024-01-19 09:54:36,111.05
22174,72727,2024-01-19 09:54:48,110.87
22175,72728,2024-01-19 09:55:00,111.75
22176,72729,2024-01-19 09:55:12,111.57
22177,72730,2024-01-19 09:55:24,112.23
22178,72731,2024-01-19 09:55:36,112.76
22179,72732,2024-01-19 09:55:48,112.14
22180,72733,2024-01-19 09:56:00,113.15
22181,72734,2024-01-19 09:56:12,112.54
22182,72735,2024-01-19 09:56:24,113.9
22183,72736,2024-01-19 09:56:36,112.32
22184,72737,2024-01-19 09:56:48,113.77
22185,72738,2024-01-19 09:57:00,113.02
22186,72739,2024-01-19 09:57:12,113.59
22187,72740,2024-01-19 09:57:24,114.86
22188,72741,2024-01-19 09:57:36,113.77
22189,72742,2024-01-19 09:57:48,114.56
22190,72743,2024-01-19 09:58:00,114.42
22191,72744,2024-01-19 09:58:12,114.69
22192,72745,2024-01-19 09:58:24,113.55
22193,72746,2024-01-19 09:58:36,115.08
22194,72747,2024-01-19 09:58:48,114.86
22195,72748,2024-01-19 09:59:00,115.08
22196,72749,2024-01-19 09:59:12,114.73
22197,72750,2024-01-19 09:59:24,114.82
22198,72751,2024-01-19 09:59:36,115.52
22199,72752,2024-01-19 09:59:48,114.86
22200,72753,2024-01-19 10:00:00,114.99
22201,72754,2024-01-19 10:00:12,114.99
22202,72755,2024-01-19 10:00:24,116.13
22203,72756,2024-01-19 10:00:36,115.43
22204,72757,2024-01-19 10:00:48,114.56
22205,72758,2024-01-19 10:01:00,114.73
22206,72759,2024-01-19 10:01:12,115.43
22207,72760,2024-01-19 10:01:24,116.22
22208,72761,2024-01-19 10:01:36,115.34
22209,72762,2024-01-19 10:01:48,116.4
22210,72763,2024-01-19 10:02:00,116.48
22211,72764,2024-01-19 10:02:12,116.66
22212,72765,2024-01-19 10:02:24,116.53
22213,72766,2024-01-19 10:02:36,116.4
22214,72767,2024-01-19 10:02:48,117.1
22215,72768,2024-01-19 10:03:00,116.44
22216,72769,2024-01-19 10:03:12,116.88
22217,72770,2024-01-19 10:03:24,116.35
22218,72771,2024-01-19 10:03:36,117.45
22219,72772,2024-01-19 10:03:48,116.35
22220,72773,2024-01-19 10:04:00,116.75
22221,72774,2024-01-19 10:04:12,117.23
22222,72775,2024-01-19 10:04:24,116.4
22223,72776,2024-01-19 10:04:36,116.88
22224,72777,2024-01-19 10:04:48,116.66
22225,72778,2024-01-19 10:05:00,116.88
22226,72779,2024-01-19 10:05:12,116.57
22227,72780,2024-01-19 10:05:24,117.14
22228,72781,2024-01-19 10:05:36,117.58
22229,72782,2024-01-19 10:05:48,117.4
22230,72783,2024-01-19 10:06:00,118.59
22231,72784,2024-01-19 10:06:12,117.75
22232,72785,2024-01-19 10:06:24,118.06
22233,72786,2024-01-19 10:06:36,118.24
22234,72787,2024-01-19 10:06:48,118.76
22235,72788,2024-01-19 10:07:00,118.54
22236,72789,2024-01-19 10:07:12,118.28
22237,72790,2024-01-19 10:07:24,119.07
22238,72791,2024-01-19 10:07:36,119.2
22239,72792,2024-01-19 10:07:48,119.46
22240,72793,2024-01-19 10:08:00,119.64
22241,72794,2024-01-19 10:08:12,119.6
22242,72795,2024-01-19 10:08:24,120.03
22243,72796,2024-01-19 10:08:36,119.95
22244,72797,2024-01-19 10:08:48,120.52
22245,72798,2024-01-19 10:09:00,120.47
22246,72799,2024-01-19 10:09:12,120.74
22247,72800,2024-01-19 10:09:24,120.87
22248,72801,2024-01-19 10:09:36,120.25
22249,72802,2024-01-19 10:09:48,120.6
22250,72803,2024-01-19 10:10:00,120.95
22251,72804,2024-01-19 10:10:12,122.27
22252,72805,2024-01-19 10:10:24,121.39
22253,72806,2024-01-19 10:10:36,121.52
22254,72807,2024-01-19 10:10:48,121.39
22255,72808,2024-01-19 10:11:00,121.57
22256,72809,2024-01-19 10:11:12,122.49
22257,72810,2024-01-19 10:11:24,121.79
22258,72811,2024-01-19 10:11:36,121.92
22259,72812,2024-01-19 10:11:48,122.88
22260,72813,2024-01-19 10:12:00,122.01
22261,72814,2024-01-19 10:12:12,123.32
22262,72815,2024-01-19 10:12:24,123.06
22263,72816,2024-01-19 10:12:36,123.45
22264,72817,2024-01-19 10:12:48,123.41
22265,72818,2024-01-19 10:13:00,123.58
22266,72819,2024-01-19 10:13:12,124.2
22267,72820,2024-01-19 10:13:24,124.42
22268,72821,2024-01-19 10:13:36,124.81
22269,72822,2024-01-19 10:13:48,124.64
22270,72823,2024-01-19 10:14:00,124.2
22271,72824,2024-01-19 10:14:12,123.76
22272,72825,2024-01-19 10:14:24,123.19
22273,72826,2024-01-19 10:14:36,122.75
22274,72827,2024-01-19 10:14:48,122.27
22275,72828,2024-01-19 10:15:00,121.83
22276,72829,2024-01-19 10:15:12,121.31
22277,72830,2024-01-19 10:15:24,120.87
22278,72831,2024-01-19 10:15:36,120.38
22279,72832,2024-01-19 10:15:48,119.99
22280,72833,2024-01-19 10:16:00,119.55
22281,72834,2024-01-19 10:16:12,119.07
22282,72835,2024-01-19 10:16:24,118.63
22283,72836,2024-01-19 10:16:36,118.19
22284,72837,2024-01-19 10:16:48,117.8
22285,72838,2024-01-19 10:17:00,117.4
22286,72839,2024-01-19 10:17:12,116.88
22287,72840,2024-01-19 10:17:24,116.53
22288,72841,2024-01-19 10:17:36,116.13
22289,72842,2024-01-19 10:17:48,115.78
22290,72843,2024-01-19 10:18:00,115.43
22291,72844,2024-01-19 10:18:12,114.99
22292,72845,2024-01-19 10:18:24,114.64
22293,72846,2024-01-19 10:18:36,114.2
22294,72847,2024-01-19 10:18:48,113.9
22295,72848,2024-01-19 10:19:00,113.5
22296,72849,2024-01-19 10:19:12,113.02
22297,72850,2024-01-19 10:19:24,112.76
22298,72851,2024-01-19 10:19:36,112.45
22299,72852,2024-01-19 10:19:48,112.06
22300,72853,2024-01-19 10:20:00,111.62
22301,72854,2024-01-19 10:20:12,111.4
22302,72855,2024-01-19 10:20:24,111.05
22303,72856,2024-01-19 10:20:36,110.7
22304,72857,2024-01-19 10:20:48,110.35
22305,72858,2024-01-19 10:21:00,110.04
22306,72859,2024-01-19 10:21:12,109.69
22307,72860,2024-01-19 10:21:24,109.38
22308,72861,2024-01-19 10:21:36,109.03
22309,72862,2024-01-19 10:21:48,108.73
22310,72863,2024-01-19 10:22:00,108.33
22311,72864,2024-01-19 10:22:12,108.07
22312,72865,2024-01-19 10:22:24,107.76
22313,72866,2024-01-19 10:22:36,107.5
22314,72867,2024-01-19 10:22:48,107.19
22315,72868,2024-01-19 10:23:00,106.84
22316,72869,2024-01-19 10:23:12,106.49
22317,72870,2024-01-19 10:23:24,106.23
22318,72871,2024-01-19 10:23:36,105.88
22319,72872,2024-01-19 10:23:48,105.61
22320,72873,2024-01-19 10:24:00,105.26
22321,72874,2024-01-19 10:24:12,105.0
22322,72875,2024-01-19 10:24:24,104.61
22323,72876,2024-01-19 10:24:36,104.39
22324,72877,2024-01-19 10:24:48,104.04
22325,72878,2024-01-19 10:25:00,103.82
22326,72879,2024-01-19 10:25:12,103.51
22327,72880,2024-01-19 10:25:24,103.16
22328,72881,2024-01-19 10:25:36,102.85
22329,72882,2024-01-19 10:25:48,102.59
22330,72883,2024-01-19 10:26:00,102.33
22331,72884,2024-01-19 10:26:12,102.02
22332,72885,2024-01-19 10:26:24,101.76
22333,72886,2024-01-19 10:26:36,101.36
22334,72887,2024-01-19 10:26:48,101.14
22335,72888,2024-01-19 10:27:00,100.88
22336,72889,2024-01-19 10:27:12,100.62
22337,72890,2024-01-19 10:27:24,100.31
22338,72891,2024-01-19 10:27:36,100.05
22339,72892,2024-01-19 10:27:48,99.78
22340,72893,2024-01-19 10:28:00,99.48
22341,72894,2024-01-19 10:28:12,99.21
22342,72895,2024-01-19 10:28:24,98.91
22343,72896,2024-01-19 10:28:36,98.64
22344,72897,2024-01-19 10:28:48,97.5
22345,72898,2024-01-19 10:29:00,99.21
22346,72899,2024-01-19 10:29:12,98.82
22347,72900,2024-01-19 10:29:24,100.35
22348,72901,2024-01-19 10:29:36,101.1
22349,72902,2024-01-19 10:29:48,101.14
22350,72903,2024-01-19 10:30:00,101.41
22351,72904,2024-01-19 10:30:12,101.01
22352,72905,2024-01-19 10:30:24,101.93
22353,72906,2024-01-19 10:30:36,102.28
22354,72907,2024-01-19 10:30:48,101.93
22355,72908,2024-01-19 10:31:00,102.68
22356,72909,2024-01-19 10:31:12,103.03
22357,72910,2024-01-19 10:31:24,102.9
22358,72911,2024-01-19 10:31:36,103.77
22359,72912,2024-01-19 10:31:48,103.73
22360,72913,2024-01-19 10:32:00,103.55
22361,72914,2024-01-19 10:32:12,104.17
22362,72915,2024-01-19 10:32:24,104.21
22363,72916,2024-01-19 10:32:36,104.61
22364,72917,2024-01-19 10:32:48,104.91
22365,72918,2024-01-19 10:33:00,105.74
22366,72919,2024-01-19 10:33:12,106.23
22367,72920,2024-01-19 10:33:24,106.01
22368,72921,2024-01-19 10:33:36,105.92
22369,72922,2024-01-19 10:33:48,106.93
22370,72923,2024-01-19 10:34:00,106.58
22371,72924,2024-01-19 10:34:12,106.97
22372,72925,2024-01-19 10:34:24,107.41
22373,72926,2024-01-19 10:34:36,107.59
22374,72927,2024-01-19 10:34:48,107.98
22375,72928,2024-01-19 10:35:00,108.29
22376,72929,2024-01-19 10:35:12,108.24
22377,72930,2024-01-19 10:35:24,108.37
22378,72931,2024-01-19 10:35:36,108.94
22379,72932,2024-01-19 10:35:48,109.08
22380,72933,2024-01-19 10:36:00,108.59
22381,72934,2024-01-19 10:36:12,109.51
22382,72935,2024-01-19 10:36:24,109.3
22383,72936,2024-01-19 10:36:36,110.35
22384,72937,2024-01-19 10:36:48,109.78
22385,72938,2024-01-19 10:37:00,110.61
22386,72939,2024-01-19 10:37:12,111.09
22387,72940,2024-01-19 10:37:24,110.39
22388,72941,2024-01-19 10:37:36,111.05
22389,72942,2024-01-19 10:37:48,111.22
22390,72943,2024-01-19 10:38:00,110.22
22391,72944,2024-01-19 10:38:12,111.62
22392,72945,2024-01-19 10:38:24,111.49
22393,72946,2024-01-19 10:38:36,111.14
22394,72947,2024-01-19 10:38:48,112.19
22395,72948,2024-01-19 10:39:00,111.75
22396,72949,2024-01-19 10:39:12,111.84
22397,72950,2024-01-19 10:39:24,112.36
22398,72951,2024-01-19 10:39:36,112.67
22399,72952,2024-01-19 10:39:48,113.06
22400,72953,2024-01-19 10:40:00,113.24
22401,72954,2024-01-19 10:40:12,113.72
22402,72955,2024-01-19 10:40:24,113.33
22403,72956,2024-01-19 10:40:36,114.38
22404,72957,2024-01-19 10:40:48,113.85
22405,72958,2024-01-19 10:41:00,114.07
22406,72959,2024-01-19 10:41:12,114.91
22407,72960,2024-01-19 10:41:24,114.29
22408,72961,2024-01-19 10:41:36,114.29
22409,72962,2024-01-19 10:41:48,113.9
22410,72963,2024-01-19 10:42:00,114.07
22411,72964,2024-01-19 10:42:12,114.47
22412,72965,2024-01-19 10:42:24,114.77
22413,72966,2024-01-19 10:42:36,115.21
22414,72967,2024-01-19 10:42:48,113.85
22415,72968,2024-01-19 10:43:00,115.12
22416,72969,2024-01-19 10:43:12,115.69
22417,72970,2024-01-19 10:43:24,115.48
22418,72971,2024-01-19 10:43:36,115.43
22419,72972,2024-01-19 10:43:48,114.91
22420,72973,2024-01-19 10:44:00,116.18
22421,72974,2024-01-19 10:44:12,116.13
22422,72975,2024-01-19 10:44:24,115.08
22423,72976,2024-01-19 10:44:36,115.34
22424,72977,2024-01-19 10:44:48,116.66
22425,72978,2024-01-19 10:45:00,116.97
22426,72979,2024-01-19 10:45:12,116.88
22427,72980,2024-01-19 10:45:24,116.66
22428,72981,2024-01-19 10:45:36,117.1
22429,72982,2024-01-19 10:45:48,116.88
22430,72983,2024-01-19 10:46:00,117.89
22431,72984,2024-01-19 10:46:12,117.62
22432,72985,2024-01-19 10:46:24,118.28
22433,72986,2024-01-19 10:46:36,117.97
22434,72987,2024-01-19 10:46:48,117.89
22435,72988,2024-01-19 10:47:00,117.97
22436,72989,2024-01-19 10:47:12,118.98
22437,72990,2024-01-19 10:47:24,118.5
22438,72991,2024-01-19 10:47:36,118.85
22439,72992,2024-01-19 10:47:48,119.16
22440,72993,2024-01-19 10:48:00,119.38
22441,72994,2024-01-19 10:48:12,119.33
22442,72995,2024-01-19 10:48:24,119.42
22443,72996,2024-01-19 10:48:36,119.64
22444,72997,2024-01-19 10:48:48,121.31
22445,72998,2024-01-19 10:49:00,120.65
22446,72999,2024-01-19 10:49:12,121.13
22447,73000,2024-01-19 10:49:24,120.08
22448,73001,2024-01-19 10:49:36,121.22
22449,73002,2024-01-19 10:49:48,121.04
22450,73003,2024-01-19 10:50:00,121.57
22451,73004,2024-01-19 10:50:12,121.22
22452,73005,2024-01-19 10:50:24,121.92
22453,73006,2024-01-19 10:50:36,121.31
22454,73007,2024-01-19 10:50:48,121.79
22455,73008,2024-01-19 10:51:00,121.92
22456,73009,2024-01-19 10:51:12,122.27
22457,73010,2024-01-19 10:51:24,123.15
22458,73011,2024-01-19 10:51:36,122.01
22459,73012,2024-01-19 10:51:48,123.19
22460,73013,2024-01-19 10:52:00,123.41
22461,73014,2024-01-19 10:52:12,122.97
22462,73015,2024-01-19 10:52:24,123.67
22463,73016,2024-01-19 10:52:36,123.54
22464,73017,2024-01-19 10:52:48,123.54
22465,73018,2024-01-19 10:53:00,123.19
22466,73019,2024-01-19 10:53:12,124.46
22467,73020,2024-01-19 10:53:24,123.85
22468,73021,2024-01-19 10:53:36,124.2
22469,73022,2024-01-19 10:53:48,123.89
22470,73023,2024-01-19 10:54:00,123.19
22471,73024,2024-01-19 10:54:12,122.58
22472,73025,2024-01-19 10:54:24,121.92
22473,73026,2024-01-19 10:54:36,121.26
22474,73027,2024-01-19 10:54:48,120.74
22475,73028,2024-01-19 10:55:00,120.17
22476,73029,2024-01-19 10:55:12,119.55
22477,73030,2024-01-19 10:55:24,119.03
22478,73031,2024-01-19 10:55:36,118.5
22479,73032,2024-01-19 10:55:48,117.97
22480,73033,2024-01-19 10:56:00,117.23
22481,73034,2024-01-19 10:56:12,116.83
22482,73035,2024-01-19 10:56:24,116.4
22483,73036,2024-01-19 10:56:36,115.87
22484,73037,2024-01-19 10:56:48,115.34
22485,73038,2024-01-19 10:57:00,114.91
22486,73039,2024-01-19 10:57:12,114.34
22487,73040,2024-01-19 10:57:24,113.9
22488,73041,2024-01-19 10:57:36,113.33
22489,73042,2024-01-19 10:57:48,112.85
22490,73043,2024-01-19 10:58:00,112.45
22491,73044,2024-01-19 10:58:12,112.01
22492,73045,2024-01-19 10:58:24,111.57
22493,73046,2024-01-19 10:58:36,111.09
22494,73047,2024-01-19 10:58:48,110.61
22495,73048,2024-01-19 10:59:00,110.13
22496,73049,2024-01-19 10:59:12,109.73
22497,73050,2024-01-19 10:59:24,109.3
22498,73051,2024-01-19 10:59:36,108.81
22499,73052,2024-01-19 10:59:48,108.46
22500,73053,2024-01-19 11:00:00,108.07
22501,73054,2024-01-19 11:00:12,107.59
22502,73055,2024-01-19 11:00:24,107.19
22503,73056,2024-01-19 11:00:36,106.71
22504,73057,2024-01-19 11:00:48,106.31
22505,73058,2024-01-19 11:01:00,105.92
22506,73059,2024-01-19 11:01:12,105.53
22507,73060,2024-01-19 11:01:24,105.13
22508,73061,2024-01-19 11:01:36,104.74
22509,73062,2024-01-19 11:01:48,104.34
22510,73063,2024-01-19 11:02:00,103.99
22511,73064,2024-01-19 11:02:12,103.82
22512,73065,2024-01-19 11:02:24,103.47
22513,73066,2024-01-19 11:02:36,103.25
22514,73067,2024-01-19 11:02:48,102.94
22515,73068,2024-01-19 11:03:00,102.59
22516,73069,2024-01-19 11:03:12,102.37
22517,73070,2024-01-19 11:03:24,102.02
22518,73071,2024-01-19 11:03:36,101.76
22519,73072,2024-01-19 11:03:48,101.49
22520,73073,2024-01-19 11:04:00,101.23
22521,73074,2024-01-19 11:04:12,100.92
22522,73075,2024-01-19 11:04:24,100.62
22523,73076,2024-01-19 11:04:36,100.35
22524,73077,2024-01-19 11:04:48,100.05
22525,73078,2024-01-19 11:05:00,99.83
22526,73079,2024-01-19 11:05:12,99.56
22527,73080,2024-01-19 11:05:24,99.3
22528,73081,2024-01-19 11:05:36,98.99
22529,73082,2024-01-19 11:05:48,98.73
22530,73083,2024-01-19 11:06:00,98.16
22531,73084,2024-01-19 11:06:12,100.0
22532,73085,2024-01-19 11:06:24,100.05
22533,73086,2024-01-19 11:06:36,100.05
22534,73087,2024-01-19 11:06:48,100.75
22535,73088,2024-01-19 11:07:00,101.05
22536,73089,2024-01-19 11:07:12,100.97
22537,73090,2024-01-19 11:07:24,100.84
22538,73091,2024-01-19 11:07:36,102.02
22539,73092,2024-01-19 11:07:48,102.46
22540,73093,2024-01-19 11:08:00,102.46
22541,73094,2024-01-19 11:08:12,102.94
22542,73095,2024-01-19 11:08:24,103.33
22543,73096,2024-01-19 11:08:36,104.08
22544,73097,2024-01-19 11:08:48,103.2
22545,73098,2024-01-19 11:09:00,103.51
22546,73099,2024-01-19 11:09:12,103.42
22547,73100,2024-01-19 11:09:24,105.04
22548,73101,2024-01-19 11:09:36,105.44
22549,73102,2024-01-19 11:09:48,105.13
22550,73103,2024-01-19 11:10:00,104.96
22551,73104,2024-01-19 11:10:12,105.0
22552,73105,2024-01-19 11:10:24,106.23
22553,73106,2024-01-19 11:10:36,105.83
22554,73107,2024-01-19 11:10:48,105.53
22555,73108,2024-01-19 11:11:00,107.19
22556,73109,2024-01-19 11:11:12,107.72
22557,73110,2024-01-19 11:11:24,107.37
22558,73111,2024-01-19 11:11:36,107.41
22559,73112,2024-01-19 11:11:48,108.16
22560,73113,2024-01-19 11:12:00,108.2
22561,73114,2024-01-19 11:12:12,108.29
22562,73115,2024-01-19 11:12:24,108.64
22563,73116,2024-01-19 11:12:36,108.16
22564,73117,2024-01-19 11:12:48,109.65
22565,73118,2024-01-19 11:13:00,109.3
22566,73119,2024-01-19 11:13:12,109.65
22567,73120,2024-01-19 11:13:24,109.69
22568,73121,2024-01-19 11:13:36,109.65
22569,73122,2024-01-19 11:13:48,110.13
22570,73123,2024-01-19 11:14:00,110.52
22571,73124,2024-01-19 11:14:12,110.87
22572,73125,2024-01-19 11:14:24,110.7
22573,73126,2024-01-19 11:14:36,110.22
22574,73127,2024-01-19 11:14:48,111.62
22575,73128,2024-01-19 11:15:00,112.1
22576,73129,2024-01-19 11:15:12,111.62
22577,73130,2024-01-19 11:15:24,111.62
22578,73131,2024-01-19 11:15:36,112.28
22579,73132,2024-01-19 11:15:48,111.79
22580,73133,2024-01-19 11:16:00,111.88
22581,73134,2024-01-19 11:16:12,112.93
22582,73135,2024-01-19 11:16:24,112.49
22583,73136,2024-01-19 11:16:36,113.15
22584,73137,2024-01-19 11:16:48,112.54
22585,73138,2024-01-19 11:17:00,113.2
22586,73139,2024-01-19 11:17:12,114.42
22587,73140,2024-01-19 11:17:24,113.46
22588,73141,2024-01-19 11:17:36,114.38
22589,73142,2024-01-19 11:17:48,114.86
22590,73143,2024-01-19 11:18:00,115.08
22591,73144,2024-01-19 11:18:12,114.77
22592,73145,2024-01-19 11:18:24,115.34
22593,73146,2024-01-19 11:18:36,114.64
22594,73147,2024-01-19 11:18:48,114.95
22595,73148,2024-01-19 11:19:00,115.34
22596,73149,2024-01-19 11:19:12,115.26
22597,73150,2024-01-19 11:19:24,115.56
22598,73151,2024-01-19 11:19:36,116.48
22599,73152,2024-01-19 11:19:48,116.0
22600,73153,2024-01-19 11:20:00,115.21
22601,73154,2024-01-19 11:20:12,116.53
22602,73155,2024-01-19 11:20:24,117.19
22603,73156,2024-01-19 11:20:36,117.32
22604,73157,2024-01-19 11:20:48,117.1
22605,73158,2024-01-19 11:21:00,117.4
22606,73159,2024-01-19 11:21:12,117.23
22607,73160,2024-01-19 11:21:24,118.37
22608,73161,2024-01-19 11:21:36,117.97
22609,73162,2024-01-19 11:21:48,117.97
22610,73163,2024-01-19 11:22:00,117.89
22611,73164,2024-01-19 11:22:12,118.19
22612,73165,2024-01-19 11:22:24,118.94
22613,73166,2024-01-19 11:22:36,118.46
22614,73167,2024-01-19 11:22:48,118.63
22615,73168,2024-01-19 11:23:00,118.94
22616,73169,2024-01-19 11:23:12,119.9
22617,73170,2024-01-19 11:23:24,119.82
22618,73171,2024-01-19 11:23:36,119.68
22619,73172,2024-01-19 11:23:48,119.95
22620,73173,2024-01-19 11:24:00,120.25
22621,73174,2024-01-19 11:24:12,120.12
22622,73175,2024-01-19 11:24:24,119.38
22623,73176,2024-01-19 11:24:36,120.21
22624,73177,2024-01-19 11:24:48,121.04
22625,73178,2024-01-19 11:25:00,121.44
22626,73179,2024-01-19 11:25:12,121.13
22627,73180,2024-01-19 11:25:24,120.95
22628,73181,2024-01-19 11:25:36,121.57
22629,73182,2024-01-19 11:25:48,121.61
22630,73183,2024-01-19 11:26:00,120.38
22631,73184,2024-01-19 11:26:12,121.44
22632,73185,2024-01-19 11:26:24,122.01
22633,73186,2024-01-19 11:26:36,122.75
22634,73187,2024-01-19 11:26:48,123.06
22635,73188,2024-01-19 11:27:00,122.84
22636,73189,2024-01-19 11:27:12,122.09
22637,73190,2024-01-19 11:27:24,122.58
22638,73191,2024-01-19 11:27:36,122.97
22639,73192,2024-01-19 11:27:48,123.32
22640,73193,2024-01-19 11:28:00,123.89
22641,73194,2024-01-19 11:28:12,123.72
22642,73195,2024-01-19 11:28:24,123.5
22643,73196,2024-01-19 11:28:36,124.02
22644,73197,2024-01-19 11:28:48,124.11
22645,73198,2024-01-19 11:29:00,124.51
22646,73199,2024-01-19 11:29:12,123.67
22647,73200,2024-01-19 11:29:24,123.19
22648,73201,2024-01-19 11:29:36,122.66
22649,73202,2024-01-19 11:29:48,122.18
22650,73203,2024-01-19 11:30:00,121.66
22651,73204,2024-01-19 11:30:12,121.26
22652,73205,2024-01-19 11:30:24,120.69
22653,73206,2024-01-19 11:30:36,120.34
22654,73207,2024-01-19 11:30:48,119.9
22655,73208,2024-01-19 11:31:00,119.42
22656,73209,2024-01-19 11:31:12,118.94
22657,73210,2024-01-19 11:31:24,118.46
22658,73211,2024-01-19 11:31:36,118.06
22659,73212,2024-01-19 11:31:48,117.67
22660,73213,2024-01-19 11:32:00,117.23
22661,73214,2024-01-19 11:32:12,116.83
22662,73215,2024-01-19 11:32:24,116.4
22663,73216,2024-01-19 11:32:36,116.0
22664,73217,2024-01-19 11:32:48,115.69
22665,73218,2024-01-19 11:33:00,115.26
22666,73219,2024-01-19 11:33:12,114.91
22667,73220,2024-01-19 11:33:24,114.51
22668,73221,2024-01-19 11:33:36,114.2
22669,73222,2024-01-19 11:33:48,113.81
22670,73223,2024-01-19 11:34:00,113.37
22671,73224,2024-01-19 11:34:12,113.06
22672,73225,2024-01-19 11:34:24,112.67
22673,73226,2024-01-19 11:34:36,112.32
22674,73227,2024-01-19 11:34:48,111.97
22675,73228,2024-01-19 11:35:00,111.62
22676,73229,2024-01-19 11:35:12,111.22
22677,73230,2024-01-19 11:35:24,110.96
22678,73231,2024-01-19 11:35:36,110.52
22679,73232,2024-01-19 11:35:48,110.26
22680,73233,2024-01-19 11:36:00,109.86
22681,73234,2024-01-19 11:36:12,109.56
22682,73235,2024-01-19 11:36:24,109.16
22683,73236,2024-01-19 11:36:36,108.9
22684,73237,2024-01-19 11:36:48,108.59
22685,73238,2024-01-19 11:37:00,108.2
22686,73239,2024-01-19 11:37:12,107.98
22687,73240,2024-01-19 11:37:24,107.54
22688,73241,2024-01-19 11:37:36,107.32
22689,73242,2024-01-19 11:37:48,106.93
22690,73243,2024-01-19 11:38:00,106.67
22691,73244,2024-01-19 11:38:12,106.36
22692,73245,2024-01-19 11:38:24,106.01
22693,73246,2024-01-19 11:38:36,105.7
22694,73247,2024-01-19 11:38:48,105.39
22695,73248,2024-01-19 11:39:00,105.09
22696,73249,2024-01-19 11:39:12,104.82
22697,73250,2024-01-19 11:39:24,104.52
22698,73251,2024-01-19 11:39:36,104.17
22699,73252,2024-01-19 11:39:48,103.9
22700,73253,2024-01-19 11:40:00,103.55
22701,73254,2024-01-19 11:40:12,103.29
22702,73255,2024-01-19 11:40:24,103.07
22703,73256,2024-01-19 11:40:36,102.68
22704,73257,2024-01-19 11:40:48,102.46
22705,73258,2024-01-19 11:41:00,102.06
22706,73259,2024-01-19 11:41:12,101.8
22707,73260,2024-01-19 11:41:24,101.49
22708,73261,2024-01-19 11:41:36,101.23
22709,73262,2024-01-19 11:41:48,100.92
22710,73263,2024-01-19 11:42:00,100.62
22711,73264,2024-01-19 11:42:12,100.35
22712,73265,2024-01-19 11:42:24,100.05
22713,73266,2024-01-19 11:42:36,99.87
22714,73267,2024-01-19 11:42:48,99.52
22715,73268,2024-01-19 11:43:00,99.48
22716,73269,2024-01-19 11:43:12,99.87
22717,73270,2024-01-19 11:43:24,100.31
22718,73271,2024-01-19 11:43:36,100.97
22719,73272,2024-01-19 11:43:48,101.49
22720,73273,2024-01-19 11:44:00,101.76
22721,73274,2024-01-19 11:44:12,101.84
22722,73275,2024-01-19 11:44:24,101.76
22723,73276,2024-01-19 11:44:36,102.63
22724,73277,2024-01-19 11:44:48,102.11
22725,73278,2024-01-19 11:45:00,103.03
22726,73279,2024-01-19 11:45:12,103.6
22727,73280,2024-01-19 11:45:24,103.86
22728,73281,2024-01-19 11:45:36,104.56
22729,73282,2024-01-19 11:45:48,104.21
22730,73283,2024-01-19 11:46:00,104.91
22731,73284,2024-01-19 11:46:12,104.87
22732,73285,2024-01-19 11:46:24,104.47
22733,73286,2024-01-19 11:46:36,105.17
22734,73287,2024-01-19 11:46:48,106.01
22735,73288,2024-01-19 11:47:00,106.27
22736,73289,2024-01-19 11:47:12,105.57
22737,73290,2024-01-19 11:47:24,105.66
22738,73291,2024-01-19 11:47:36,106.97
22739,73292,2024-01-19 11:47:48,107.32
22740,73293,2024-01-19 11:48:00,107.19
22741,73294,2024-01-19 11:48:12,107.19
22742,73295,2024-01-19 11:48:24,107.02
22743,73296,2024-01-19 11:48:36,108.37
22744,73297,2024-01-19 11:48:48,107.41
22745,73298,2024-01-19 11:49:00,108.94
22746,73299,2024-01-19 11:49:12,108.99
22747,73300,2024-01-19 11:49:24,108.99
22748,73301,2024-01-19 11:49:36,109.38
22749,73302,2024-01-19 11:49:48,109.6
22750,73303,2024-01-19 11:50:00,109.34
22751,73304,2024-01-19 11:50:12,109.69
22752,73305,2024-01-19 11:50:24,110.22
22753,73306,2024-01-19 11:50:36,109.51
22754,73307,2024-01-19 11:50:48,110.92
22755,73308,2024-01-19 11:51:00,110.74
22756,73309,2024-01-19 11:51:12,111.22
22757,73310,2024-01-19 11:51:24,111.0
22758,73311,2024-01-19 11:51:36,111.84
22759,73312,2024-01-19 11:51:48,111.62
22760,73313,2024-01-19 11:52:00,112.1
22761,73314,2024-01-19 11:52:12,112.14
22762,73315,2024-01-19 11:52:24,111.93
22763,73316,2024-01-19 11:52:36,112.32
22764,73317,2024-01-19 11:52:48,111.93
22765,73318,2024-01-19 11:53:00,112.89
22766,73319,2024-01-19 11:53:12,111.62
22767,73320,2024-01-19 11:53:24,112.67
22768,73321,2024-01-19 11:53:36,113.37
22769,73322,2024-01-19 11:53:48,113.85
22770,73323,2024-01-19 11:54:00,114.42
22771,73324,2024-01-19 11:54:12,113.81
22772,73325,2024-01-19 11:54:24,113.85
22773,73326,2024-01-19 11:54:36,114.38
22774,73327,2024-01-19 11:54:48,114.95
22775,73328,2024-01-19 11:55:00,114.42
22776,73329,2024-01-19 11:55:12,114.91
22777,73330,2024-01-19 11:55:24,115.12
22778,73331,2024-01-19 11:55:36,115.96
22779,73332,2024-01-19 11:55:48,115.56
22780,73333,2024-01-19 11:56:00,115.83
22781,73334,2024-01-19 11:56:12,115.87
22782,73335,2024-01-19 11:56:24,116.18
22783,73336,2024-01-19 11:56:36,116.53
22784,73337,2024-01-19 11:56:48,116.79
22785,73338,2024-01-19 11:57:00,116.57
22786,73339,2024-01-19 11:57:12,116.83
22787,73340,2024-01-19 11:57:24,116.92
22788,73341,2024-01-19 11:57:36,116.66
22789,73342,2024-01-19 11:57:48,117.93
22790,73343,2024-01-19 11:58:00,116.88
22791,73344,2024-01-19 11:58:12,117.58
22792,73345,2024-01-19 11:58:24,117.89
22793,73346,2024-01-19 11:58:36,117.75
22794,73347,2024-01-19 11:58:48,118.63
22795,73348,2024-01-19 11:59:00,118.54
22796,73349,2024-01-19 11:59:12,118.94
22797,73350,2024-01-19 11:59:24,118.81
22798,73351,2024-01-19 11:59:36,118.85
22799,73352,2024-01-19 11:59:48,118.46
22800,73353,2024-01-19 12:00:00,119.99
22801,73354,2024-01-19 12:00:12,119.46
22802,73355,2024-01-19 12:00:24,119.82
22803,73356,2024-01-19 12:00:36,120.52
22804,73357,2024-01-19 12:00:48,119.51
22805,73358,2024-01-19 12:01:00,120.17
22806,73359,2024-01-19 12:01:12,119.86
22807,73360,2024-01-19 12:01:24,120.6
22808,73361,2024-01-19 12:01:36,121.22
22809,73362,2024-01-19 12:01:48,120.87
22810,73363,2024-01-19 12:02:00,121.09
22811,73364,2024-01-19 12:02:12,121.74
22812,73365,2024-01-19 12:02:24,120.87
22813,73366,2024-01-19 12:02:36,121.52
22814,73367,2024-01-19 12:02:48,121.44
22815,73368,2024-01-19 12:03:00,122.09
22816,73369,2024-01-19 12:03:12,121.79
22817,73370,2024-01-19 12:03:24,122.49
22818,73371,2024-01-19 12:03:36,122.97
22819,73372,2024-01-19 12:03:48,122.84
22820,73373,2024-01-19 12:04:00,123.32
22821,73374,2024-01-19 12:04:12,122.45
22822,73375,2024-01-19 12:04:24,122.45
22823,73376,2024-01-19 12:04:36,123.37
22824,73377,2024-01-19 12:04:48,124.99
22825,73378,2024-01-19 12:05:00,123.89
22826,73379,2024-01-19 12:05:12,123.5
22827,73380,2024-01-19 12:05:24,123.85
22828,73381,2024-01-19 12:05:36,124.59
22829,73382,2024-01-19 12:05:48,124.46
22830,73383,2024-01-19 12:06:00,123.67
22831,73384,2024-01-19 12:06:12,123.1
22832,73385,2024-01-19 12:06:24,122.49
22833,73386,2024-01-19 12:06:36,122.09
22834,73387,2024-01-19 12:06:48,121.66
22835,73388,2024-01-19 12:07:00,121.17
22836,73389,2024-01-19 12:07:12,120.69
22837,73390,2024-01-19 12:07:24,120.21
22838,73391,2024-01-19 12:07:36,119.77
22839,73392,2024-01-19 12:07:48,119.42
22840,73393,2024-01-19 12:08:00,118.85
22841,73394,2024-01-19 12:08:12,118.54
22842,73395,2024-01-19 12:08:24,118.11
22843,73396,2024-01-19 12:08:36,117.67
22844,73397,2024-01-19 12:08:48,117.19
22845,73398,2024-01-19 12:09:00,116.79
22846,73399,2024-01-19 12:09:12,116.44
22847,73400,2024-01-19 12:09:24,116.09
22848,73401,2024-01-19 12:09:36,115.65
22849,73402,2024-01-19 12:09:48,115.3
22850,73403,2024-01-19 12:10:00,114.77
22851,73404,2024-01-19 12:10:12,114.56
22852,73405,2024-01-19 12:10:24,114.07
22853,73406,2024-01-19 12:10:36,113.77
22854,73407,2024-01-19 12:10:48,113.37
22855,73408,2024-01-19 12:11:00,112.98
22856,73409,2024-01-19 12:11:12,112.63
22857,73410,2024-01-19 12:11:24,112.32
22858,73411,2024-01-19 12:11:36,111.93
22859,73412,2024-01-19 12:11:48,111.57
22860,73413,2024-01-19 12:12:00,111.27
22861,73414,2024-01-19 12:12:12,110.92
22862,73415,2024-01-19 12:12:24,110.57
22863,73416,2024-01-19 12:12:36,110.22
22864,73417,2024-01-19 12:12:48,109.82
22865,73418,2024-01-19 12:13:00,109.56
22866,73419,2024-01-19 12:13:12,109.16
22867,73420,2024-01-19 12:13:24,108.9
22868,73421,2024-01-19 12:13:36,108.46
22869,73422,2024-01-19 12:13:48,108.29
22870,73423,2024-01-19 12:14:00,107.98
22871,73424,2024-01-19 12:14:12,107.59
22872,73425,2024-01-19 12:14:24,107.28
22873,73426,2024-01-19 12:14:36,106.93
22874,73427,2024-01-19 12:14:48,106.67
22875,73428,2024-01-19 12:15:00,106.27
22876,73429,2024-01-19 12:15:12,105.96
22877,73430,2024-01-19 12:15:24,105.74
22878,73431,2024-01-19 12:15:36,105.35
22879,73432,2024-01-19 12:15:48,105.09
22880,73433,2024-01-19 12:16:00,104.82
22881,73434,2024-01-19 12:16:12,104.52
22882,73435,2024-01-19 12:16:24,104.21
22883,73436,2024-01-19 12:16:36,103.9
22884,73437,2024-01-19 12:16:48,103.55
22885,73438,2024-01-19 12:17:00,103.29
22886,73439,2024-01-19 12:17:12,102.94
22887,73440,2024-01-19 12:17:24,102.68
22888,73441,2024-01-19 12:17:36,102.37
22889,73442,2024-01-19 12:17:48,102.11
22890,73443,2024-01-19 12:18:00,101.8
22891,73444,2024-01-19 12:18:12,101.49
22892,73445,2024-01-19 12:18:24,101.19
22893,73446,2024-01-19 12:18:36,100.97
22894,73447,2024-01-19 12:18:48,100.7
22895,73448,2024-01-19 12:19:00,100.35
22896,73449,2024-01-19 12:19:12,100.05
22897,73450,2024-01-19 12:19:24,99.83
22898,73451,2024-01-19 12:19:36,99.56
22899,73452,2024-01-19 12:19:48,99.21
22900,73453,2024-01-19 12:20:00,98.95
22901,73454,2024-01-19 12:20:12,98.64
22902,73455,2024-01-19 12:20:24,98.38
22903,73456,2024-01-19 12:20:36,98.38
22904,73457,2024-01-19 12:20:48,99.26
22905,73458,2024-01-19 12:21:00,99.17
22906,73459,2024-01-19 12:21:12,99.83
22907,73460,2024-01-19 12:21:24,99.7
22908,73461,2024-01-19 12:21:36,99.56
22909,73462,2024-01-19 12:21:48,100.92
22910,73463,2024-01-19 12:22:00,100.57
22911,73464,2024-01-19 12:22:12,101.41
22912,73465,2024-01-19 12:22:24,101.41
22913,73466,2024-01-19 12:22:36,102.24
22914,73467,2024-01-19 12:22:48,102.63
22915,73468,2024-01-19 12:23:00,102.37
22916,73469,2024-01-19 12:23:12,103.07
22917,73470,2024-01-19 12:23:24,102.9
22918,73471,2024-01-19 12:23:36,103.55
22919,73472,2024-01-19 12:23:48,103.99
22920,73473,2024-01-19 12:24:00,104.39
22921,73474,2024-01-19 12:24:12,104.87
22922,73475,2024-01-19 12:24:24,104.12
22923,73476,2024-01-19 12:24:36,105.35
22924,73477,2024-01-19 12:24:48,104.61
22925,73478,2024-01-19 12:25:00,105.04
22926,73479,2024-01-19 12:25:12,106.18
22927,73480,2024-01-19 12:25:24,105.83
22928,73481,2024-01-19 12:25:36,105.66
22929,73482,2024-01-19 12:25:48,107.15
22930,73483,2024-01-19 12:26:00,107.54
22931,73484,2024-01-19 12:26:12,106.88
22932,73485,2024-01-19 12:26:24,106.71
22933,73486,2024-01-19 12:26:36,107.54
22934,73487,2024-01-19 12:26:48,107.76
22935,73488,2024-01-19 12:27:00,107.5
22936,73489,2024-01-19 12:27:12,108.42
22937,73490,2024-01-19 12:27:24,108.77
22938,73491,2024-01-19 12:27:36,107.63
22939,73492,2024-01-19 12:27:48,108.94
22940,73493,2024-01-19 12:28:00,108.16
22941,73494,2024-01-19 12:28:12,109.16
22942,73495,2024-01-19 12:28:24,109.73
22943,73496,2024-01-19 12:28:36,110.26
22944,73497,2024-01-19 12:28:48,109.51
22945,73498,2024-01-19 12:29:00,110.17
22946,73499,2024-01-19 12:29:12,110.87
22947,73500,2024-01-19 12:29:24,110.22
22948,73501,2024-01-19 12:29:36,111.62
22949,73502,2024-01-19 12:29:48,111.0
22950,73503,2024-01-19 12:30:00,111.49
22951,73504,2024-01-19 12:30:12,112.01
22952,73505,2024-01-19 12:30:24,111.62
22953,73506,2024-01-19 12:30:36,112.28
22954,73507,2024-01-19 12:30:48,112.63
22955,73508,2024-01-19 12:31:00,112.63
22956,73509,2024-01-19 12:31:12,111.75
22957,73510,2024-01-19 12:31:24,112.45
22958,73511,2024-01-19 12:31:36,112.19
22959,73512,2024-01-19 12:31:48,113.2
22960,73513,2024-01-19 12:32:00,112.98
22961,73514,2024-01-19 12:32:12,114.12
22962,73515,2024-01-19 12:32:24,114.77
22963,73516,2024-01-19 12:32:36,113.63
22964,73517,2024-01-19 12:32:48,114.77
22965,73518,2024-01-19 12:33:00,114.07
22966,73519,2024-01-19 12:33:12,113.85
22967,73520,2024-01-19 12:33:24,114.82
22968,73521,2024-01-19 12:33:36,115.69
22969,73522,2024-01-19 12:33:48,114.91
22970,73523,2024-01-19 12:34:00,115.96
22971,73524,2024-01-19 12:34:12,115.34
22972,73525,2024-01-19 12:34:24,115.61
22973,73526,2024-01-19 12:34:36,116.62
22974,73527,2024-01-19 12:34:48,115.83
22975,73528,2024-01-19 12:35:00,115.74
22976,73529,2024-01-19 12:35:12,117.1
22977,73530,2024-01-19 12:35:24,116.7
22978,73531,2024-01-19 12:35:36,116.31
22979,73532,2024-01-19 12:35:48,116.4
22980,73533,2024-01-19 12:36:00,116.53
22981,73534,2024-01-19 12:36:12,117.23
22982,73535,2024-01-19 12:36:24,116.88
22983,73536,2024-01-19 12:36:36,118.68
22984,73537,2024-01-19 12:36:48,118.06
22985,73538,2024-01-19 12:37:00,118.5
22986,73539,2024-01-19 12:37:12,118.28
22987,73540,2024-01-19 12:37:24,119.03
22988,73541,2024-01-19 12:37:36,118.98
22989,73542,2024-01-19 12:37:48,118.98
22990,73543,2024-01-19 12:38:00,118.94
22991,73544,2024-01-19 12:38:12,119.42
22992,73545,2024-01-19 12:38:24,118.85
22993,73546,2024-01-19 12:38:36,120.25
22994,73547,2024-01-19 12:38:48,119.42
22995,73548,2024-01-19 12:39:00,119.86
22996,73549,2024-01-19 12:39:12,119.2
22997,73550,2024-01-19 12:39:24,120.21
22998,73551,2024-01-19 12:39:36,119.68
22999,73552,2024-01-19 12:39:48,120.82
23000,73553,2024-01-19 12:40:00,120.95
23001,73554,2024-01-19 12:40:12,121.13
23002,73555,2024-01-19 12:40:24,120.87
23003,73556,2024-01-19 12:40:36,121.92
23004,73557,2024-01-19 12:40:48,121.74
23005,73558,2024-01-19 12:41:00,123.01
23006,73559,2024-01-19 12:41:12,122.14
23007,73560,2024-01-19 12:41:24,121.88
23008,73561,2024-01-19 12:41:36,122.71
23009,73562,2024-01-19 12:41:48,122.23
23010,73563,2024-01-19 12:42:00,122.62
23011,73564,2024-01-19 12:42:12,122.58
23012,73565,2024-01-19 12:42:24,123.15
23013,73566,2024-01-19 12:42:36,123.01
23014,73567,2024-01-19 12:42:48,123.76
23015,73568,2024-01-19 12:43:00,123.94
23016,73569,2024-01-19 12:43:12,122.84
23017,73570,2024-01-19 12:43:24,124.64
23018,73571,2024-01-19 12:43:36,124.72
23019,73572,2024-01-19 12:43:48,124.33
23020,73573,2024-01-19 12:44:00,124.2
23021,73574,2024-01-19 12:44:12,124.33
23022,73575,2024-01-19 12:44:24,123.5
23023,73576,2024-01-19 12:44:36,123.01
23024,73577,2024-01-19 12:44:48,122.49
23025,73578,2024-01-19 12:45:00,122.09
23026,73579,2024-01-19 12:45:12,121.66
23027,73580,2024-01-19 12:45:24,121.09
23028,73581,2024-01-19 12:45:36,120.69
23029,73582,2024-01-19 12:45:48,120.21
23030,73583,2024-01-19 12:46:00,119.77
23031,73584,2024-01-19 12:46:12,119.29
23032,73585,2024-01-19 12:46:24,118.85
23033,73586,2024-01-19 12:46:36,118.41
23034,73587,2024-01-19 12:46:48,117.97
23035,73588,2024-01-19 12:47:00,117.58
23036,73589,2024-01-19 12:47:12,117.19
23037,73590,2024-01-19 12:47:24,116.79
23038,73591,2024-01-19 12:47:36,116.4
23039,73592,2024-01-19 12:47:48,115.96
23040,73593,2024-01-19 12:48:00,115.56
23041,73594,2024-01-19 12:48:12,115.21
23042,73595,2024-01-19 12:48:24,114.77
23043,73596,2024-01-19 12:48:36,114.42
23044,73597,2024-01-19 12:48:48,114.07
23045,73598,2024-01-19 12:49:00,113.72
23046,73599,2024-01-19 12:49:12,113.33
23047,73600,2024-01-19 12:49:24,112.98
23048,73601,2024-01-19 12:49:36,112.63
23049,73602,2024-01-19 12:49:48,112.23
23050,73603,2024-01-19 12:50:00,111.84
23051,73604,2024-01-19 12:50:12,111.57
23052,73605,2024-01-19 12:50:24,111.22
23053,73606,2024-01-19 12:50:36,110.92
23054,73607,2024-01-19 12:50:48,110.52
23055,73608,2024-01-19 12:51:00,110.17
23056,73609,2024-01-19 12:51:12,109.82
23057,73610,2024-01-19 12:51:24,109.56
23058,73611,2024-01-19 12:51:36,109.16
23059,73612,2024-01-19 12:51:48,108.81
23060,73613,2024-01-19 12:52:00,108.42
23061,73614,2024-01-19 12:52:12,108.24
23062,73615,2024-01-19 12:52:24,107.89
23063,73616,2024-01-19 12:52:36,107.54
23064,73617,2024-01-19 12:52:48,107.19
23065,73618,2024-01-19 12:53:00,106.93
23066,73619,2024-01-19 12:53:12,106.58
23067,73620,2024-01-19 12:53:24,106.23
23068,73621,2024-01-19 12:53:36,106.01
23069,73622,2024-01-19 12:53:48,105.7
23070,73623,2024-01-19 12:54:00,105.35
23071,73624,2024-01-19 12:54:12,105.04
23072,73625,2024-01-19 12:54:24,104.74
23073,73626,2024-01-19 12:54:36,104.43
23074,73627,2024-01-19 12:54:48,104.17
23075,73628,2024-01-19 12:55:00,103.82
23076,73629,2024-01-19 12:55:12,103.55
23077,73630,2024-01-19 12:55:24,103.29
23078,73631,2024-01-19 12:55:36,102.98
23079,73632,2024-01-19 12:55:48,102.63
23080,73633,2024-01-19 12:56:00,102.37
23081,73634,2024-01-19 12:56:12,102.06
23082,73635,2024-01-19 12:56:24,101.8
23083,73636,2024-01-19 12:56:36,101.45
23084,73637,2024-01-19 12:56:48,101.19
23085,73638,2024-01-19 12:57:00,100.88
23086,73639,2024-01-19 12:57:12,100.62
23087,73640,2024-01-19 12:57:24,100.35
23088,73641,2024-01-19 12:57:36,100.05
23089,73642,2024-01-19 12:57:48,99.78
23090,73643,2024-01-19 12:58:00,99.48
23091,73644,2024-01-19 12:58:12,99.83
23092,73645,2024-01-19 12:58:24,100.05
23093,73646,2024-01-19 12:58:36,100.48
23094,73647,2024-01-19 12:58:48,100.88
23095,73648,2024-01-19 12:59:00,100.97
23096,73649,2024-01-19 12:59:12,102.11
23097,73650,2024-01-19 12:59:24,101.76
23098,73651,2024-01-19 12:59:36,101.93
23099,73652,2024-01-19 12:59:48,102.28
23100,73653,2024-01-19 13:00:00,102.28
23101,73654,2024-01-19 13:00:12,103.16
23102,73655,2024-01-19 13:00:24,103.55
23103,73656,2024-01-19 13:00:36,103.82
23104,73657,2024-01-19 13:00:48,104.3
23105,73658,2024-01-19 13:01:00,104.52
23106,73659,2024-01-19 13:01:12,103.9
23107,73660,2024-01-19 13:01:24,104.12
23108,73661,2024-01-19 13:01:36,104.61
23109,73662,2024-01-19 13:01:48,105.44
23110,73663,2024-01-19 13:02:00,105.17
23111,73664,2024-01-19 13:02:12,106.53
23112,73665,2024-01-19 13:02:24,105.88
23113,73666,2024-01-19 13:02:36,106.71
23114,73667,2024-01-19 13:02:48,106.53
23115,73668,2024-01-19 13:03:00,107.02
23116,73669,2024-01-19 13:03:12,106.93
23117,73670,2024-01-19 13:03:24,107.89
23118,73671,2024-01-19 13:03:36,107.98
23119,73672,2024-01-19 13:03:48,107.8
23120,73673,2024-01-19 13:04:00,108.73
23121,73674,2024-01-19 13:04:12,108.11
23122,73675,2024-01-19 13:04:24,108.68
23123,73676,2024-01-19 13:04:36,108.81
23124,73677,2024-01-19 13:04:48,109.43
23125,73678,2024-01-19 13:05:00,109.43
23126,73679,2024-01-19 13:05:12,110.17
23127,73680,2024-01-19 13:05:24,109.56
23128,73681,2024-01-19 13:05:36,109.95
23129,73682,2024-01-19 13:05:48,110.52
23130,73683,2024-01-19 13:06:00,109.16
23131,73684,2024-01-19 13:06:12,110.17
23132,73685,2024-01-19 13:06:24,110.61
23133,73686,2024-01-19 13:06:36,111.57
23134,73687,2024-01-19 13:06:48,111.62
23135,73688,2024-01-19 13:07:00,111.88
23136,73689,2024-01-19 13:07:12,111.97
23137,73690,2024-01-19 13:07:24,111.71
23138,73691,2024-01-19 13:07:36,112.32
23139,73692,2024-01-19 13:07:48,112.28
23140,73693,2024-01-19 13:08:00,113.02
23141,73694,2024-01-19 13:08:12,113.02
23142,73695,2024-01-19 13:08:24,113.24
23143,73696,2024-01-19 13:08:36,113.59
23144,73697,2024-01-19 13:08:48,113.59
23145,73698,2024-01-19 13:09:00,113.99
23146,73699,2024-01-19 13:09:12,114.42
23147,73700,2024-01-19 13:09:24,113.63
23148,73701,2024-01-19 13:09:36,114.42
23149,73702,2024-01-19 13:09:48,114.42
23150,73703,2024-01-19 13:10:00,114.73
23151,73704,2024-01-19 13:10:12,114.77
23152,73705,2024-01-19 13:10:24,114.42
23153,73706,2024-01-19 13:10:36,115.17
23154,73707,2024-01-19 13:10:48,113.99
23155,73708,2024-01-19 13:11:00,115.96
23156,73709,2024-01-19 13:11:12,114.42
23157,73710,2024-01-19 13:11:24,115.91
23158,73711,2024-01-19 13:11:36,116.26
23159,73712,2024-01-19 13:11:48,115.96
23160,73713,2024-01-19 13:12:00,115.69
23161,73714,2024-01-19 13:12:12,116.79
23162,73715,2024-01-19 13:12:24,116.66
23163,73716,2024-01-19 13:12:36,117.01
23164,73717,2024-01-19 13:12:48,117.05
23165,73718,2024-01-19 13:13:00,117.67
23166,73719,2024-01-19 13:13:12,116.88
23167,73720,2024-01-19 13:13:24,117.01
23168,73721,2024-01-19 13:13:36,118.15
23169,73722,2024-01-19 13:13:48,118.06
23170,73723,2024-01-19 13:14:00,117.97
23171,73724,2024-01-19 13:14:12,118.41
23172,73725,2024-01-19 13:14:24,119.16
23173,73726,2024-01-19 13:14:36,118.89
23174,73727,2024-01-19 13:14:48,119.55
23175,73728,2024-01-19 13:15:00,119.2
23176,73729,2024-01-19 13:15:12,120.34
23177,73730,2024-01-19 13:15:24,119.42
23178,73731,2024-01-19 13:15:36,120.95
23179,73732,2024-01-19 13:15:48,119.86
23180,73733,2024-01-19 13:16:00,119.38
23181,73734,2024-01-19 13:16:12,120.03
23182,73735,2024-01-19 13:16:24,120.91
23183,73736,2024-01-19 13:16:36,120.69
23184,73737,2024-01-19 13:16:48,120.21
23185,73738,2024-01-19 13:17:00,121.57
23186,73739,2024-01-19 13:17:12,120.95
23187,73740,2024-01-19 13:17:24,121.39
23188,73741,2024-01-19 13:17:36,120.87
23189,73742,2024-01-19 13:17:48,121.04
23190,73743,2024-01-19 13:18:00,122.14
23191,73744,2024-01-19 13:18:12,122.05
23192,73745,2024-01-19 13:18:24,122.09
23193,73746,2024-01-19 13:18:36,122.93
23194,73747,2024-01-19 13:18:48,122.01
23195,73748,2024-01-19 13:19:00,123.01
23196,73749,2024-01-19 13:19:12,123.32
23197,73750,2024-01-19 13:19:24,122.84
23198,73751,2024-01-19 13:19:36,124.24
23199,73752,2024-01-19 13:19:48,123.32
23200,73753,2024-01-19 13:20:00,124.99
23201,73754,2024-01-19 13:20:12,124.59
23202,73755,2024-01-19 13:20:24,124.02
23203,73756,2024-01-19 13:20:36,124.24
23204,73757,2024-01-19 13:20:48,124.24
23205,73758,2024-01-19 13:21:00,123.94
23206,73759,2024-01-19 13:21:12,123.41
23207,73760,2024-01-19 13:21:24,122.88
23208,73761,2024-01-19 13:21:36,122.36
23209,73762,2024-01-19 13:21:48,121.88
23210,73763,2024-01-19 13:22:00,121.39
23211,73764,2024-01-19 13:22:12,120.95
23212,73765,2024-01-19 13:22:24,120.38
23213,73766,2024-01-19 13:22:36,120.03
23214,73767,2024-01-19 13:22:48,119.55
23215,73768,2024-01-19 13:23:00,119.11
23216,73769,2024-01-19 13:23:12,118.63
23217,73770,2024-01-19 13:23:24,118.24
23218,73771,2024-01-19 13:23:36,117.71
23219,73772,2024-01-19 13:23:48,117.32
23220,73773,2024-01-19 13:24:00,116.88
23221,73774,2024-01-19 13:24:12,116.53
23222,73775,2024-01-19 13:24:24,116.13
23223,73776,2024-01-19 13:24:36,115.78
23224,73777,2024-01-19 13:24:48,115.34
23225,73778,2024-01-19 13:25:00,114.95
23226,73779,2024-01-19 13:25:12,114.56
23227,73780,2024-01-19 13:25:24,114.29
23228,73781,2024-01-19 13:25:36,113.81
23229,73782,2024-01-19 13:25:48,113.46
23230,73783,2024-01-19 13:26:00,113.02
23231,73784,2024-01-19 13:26:12,112.76
23232,73785,2024-01-19 13:26:24,112.36
23233,73786,2024-01-19 13:26:36,112.06
23234,73787,2024-01-19 13:26:48,111.62
23235,73788,2024-01-19 13:27:00,111.31
23236,73789,2024-01-19 13:27:12,110.96
23237,73790,2024-01-19 13:27:24,110.61
23238,73791,2024-01-19 13:27:36,110.22
23239,73792,2024-01-19 13:27:48,109.91
23240,73793,2024-01-19 13:28:00,109.65
23241,73794,2024-01-19 13:28:12,109.34
23242,73795,2024-01-19 13:28:24,108.81
23243,73796,2024-01-19 13:28:36,108.59
23244,73797,2024-01-19 13:28:48,108.29
23245,73798,2024-01-19 13:29:00,108.02
23246,73799,2024-01-19 13:29:12,107.63
23247,73800,2024-01-19 13:29:24,107.28
23248,73801,2024-01-19 13:29:36,107.02
23249,73802,2024-01-19 13:29:48,106.71
23250,73803,2024-01-19 13:30:00,106.36
23251,73804,2024-01-19 13:30:12,106.05
23252,73805,2024-01-19 13:30:24,105.66
23253,73806,2024-01-19 13:30:36,105.44
23254,73807,2024-01-19 13:30:48,105.09
23255,73808,2024-01-19 13:31:00,104.82
23256,73809,2024-01-19 13:31:12,104.43
23257,73810,2024-01-19 13:31:24,104.21
23258,73811,2024-01-19 13:31:36,103.86
23259,73812,2024-01-19 13:31:48,103.64
23260,73813,2024-01-19 13:32:00,103.33
23261,73814,2024-01-19 13:32:12,103.07
23262,73815,2024-01-19 13:32:24,102.76
23263,73816,2024-01-19 13:32:36,102.41
23264,73817,2024-01-19 13:32:48,102.11
23265,73818,2024-01-19 13:33:00,101.84
23266,73819,2024-01-19 13:33:12,101.54
23267,73820,2024-01-19 13:33:24,101.27
23268,73821,2024-01-19 13:33:36,100.97
23269,73822,2024-01-19 13:33:48,100.66
23270,73823,2024-01-19 13:34:00,100.35
23271,73824,2024-01-19 13:34:12,100.13
23272,73825,2024-01-19 13:34:24,99.83
23273,73826,2024-01-19 13:34:36,99.56
23274,73827,2024-01-19 13:34:48,99.26
23275,73828,2024-01-19 13:35:00,98.99
23276,73829,2024-01-19 13:35:12,98.78
23277,73830,2024-01-19 13:35:24,98.42
23278,73831,2024-01-19 13:35:36,99.13
23279,73832,2024-01-19 13:35:48,99.17
23280,73833,2024-01-19 13:36:00,99.13
23281,73834,2024-01-19 13:36:12,100.0
23282,73835,2024-01-19 13:36:24,100.75
23283,73836,2024-01-19 13:36:36,100.7
23284,73837,2024-01-19 13:36:48,101.49
23285,73838,2024-01-19 13:37:00,101.45
23286,73839,2024-01-19 13:37:12,101.8
23287,73840,2024-01-19 13:37:24,101.41
23288,73841,2024-01-19 13:37:36,102.68
23289,73842,2024-01-19 13:37:48,102.98
23290,73843,2024-01-19 13:38:00,103.51
23291,73844,2024-01-19 13:38:12,102.98
23292,73845,2024-01-19 13:38:24,103.51
23293,73846,2024-01-19 13:38:36,103.29
23294,73847,2024-01-19 13:38:48,104.25
23295,73848,2024-01-19 13:39:00,104.21
23296,73849,2024-01-19 13:39:12,104.56
23297,73850,2024-01-19 13:39:24,105.13
23298,73851,2024-01-19 13:39:36,105.09
23299,73852,2024-01-19 13:39:48,105.48
23300,73853,2024-01-19 13:40:00,105.61
23301,73854,2024-01-19 13:40:12,105.92
23302,73855,2024-01-19 13:40:24,105.35
23303,73856,2024-01-19 13:40:36,106.53
23304,73857,2024-01-19 13:40:48,107.37
23305,73858,2024-01-19 13:41:00,106.97
23306,73859,2024-01-19 13:41:12,106.93
23307,73860,2024-01-19 13:41:24,107.5
23308,73861,2024-01-19 13:41:36,107.19
23309,73862,2024-01-19 13:41:48,108.2
23310,73863,2024-01-19 13:42:00,108.59
23311,73864,2024-01-19 13:42:12,108.77
23312,73865,2024-01-19 13:42:24,108.46
23313,73866,2024-01-19 13:42:36,109.21
23314,73867,2024-01-19 13:42:48,108.81
23315,73868,2024-01-19 13:43:00,109.65
23316,73869,2024-01-19 13:43:12,108.94
23317,73870,2024-01-19 13:43:24,110.0
23318,73871,2024-01-19 13:43:36,109.82
23319,73872,2024-01-19 13:43:48,110.22
23320,73873,2024-01-19 13:44:00,110.08
23321,73874,2024-01-19 13:44:12,110.57
23322,73875,2024-01-19 13:44:24,109.73
23323,73876,2024-01-19 13:44:36,110.57
23324,73877,2024-01-19 13:44:48,110.92
23325,73878,2024-01-19 13:45:00,111.22
23326,73879,2024-01-19 13:45:12,111.4
23327,73880,2024-01-19 13:45:24,112.36
23328,73881,2024-01-19 13:45:36,112.54
23329,73882,2024-01-19 13:45:48,111.88
23330,73883,2024-01-19 13:46:00,112.8
23331,73884,2024-01-19 13:46:12,112.54
23332,73885,2024-01-19 13:46:24,113.24
23333,73886,2024-01-19 13:46:36,113.24
23334,73887,2024-01-19 13:46:48,112.49
23335,73888,2024-01-19 13:47:00,112.8
23336,73889,2024-01-19 13:47:12,113.24
23337,73890,2024-01-19 13:47:24,114.16
23338,73891,2024-01-19 13:47:36,113.85
23339,73892,2024-01-19 13:47:48,114.34
23340,73893,2024-01-19 13:48:00,114.77
23341,73894,2024-01-19 13:48:12,114.95
23342,73895,2024-01-19 13:48:24,115.83
23343,73896,2024-01-19 13:48:36,114.86
23344,73897,2024-01-19 13:48:48,115.83
23345,73898,2024-01-19 13:49:00,114.95
23346,73899,2024-01-19 13:49:12,115.34
23347,73900,2024-01-19 13:49:24,116.05
23348,73901,2024-01-19 13:49:36,116.05
23349,73902,2024-01-19 13:49:48,116.7
23350,73903,2024-01-19 13:50:00,115.96
23351,73904,2024-01-19 13:50:12,116.31
23352,73905,2024-01-19 13:50:24,116.31
23353,73906,2024-01-19 13:50:36,117.23
23354,73907,2024-01-19 13:50:48,117.4
23355,73908,2024-01-19 13:51:00,117.49
23356,73909,2024-01-19 13:51:12,118.63
23357,73910,2024-01-19 13:51:24,118.02
23358,73911,2024-01-19 13:51:36,118.06
23359,73912,2024-01-19 13:51:48,117.75
23360,73913,2024-01-19 13:52:00,118.85
23361,73914,2024-01-19 13:52:12,118.59
23362,73915,2024-01-19 13:52:24,117.8
23363,73916,2024-01-19 13:52:36,118.89
23364,73917,2024-01-19 13:52:48,119.29
23365,73918,2024-01-19 13:53:00,118.63
23366,73919,2024-01-19 13:53:12,118.98
23367,73920,2024-01-19 13:53:24,120.03
23368,73921,2024-01-19 13:53:36,119.64
23369,73922,2024-01-19 13:53:48,119.6
23370,73923,2024-01-19 13:54:00,120.69
23371,73924,2024-01-19 13:54:12,120.65
23372,73925,2024-01-19 13:54:24,120.34
23373,73926,2024-01-19 13:54:36,120.47
23374,73927,2024-01-19 13:54:48,120.34
23375,73928,2024-01-19 13:55:00,120.82
23376,73929,2024-01-19 13:55:12,120.38
23377,73930,2024-01-19 13:55:24,121.26
23378,73931,2024-01-19 13:55:36,121.13
23379,73932,2024-01-19 13:55:48,122.45
23380,73933,2024-01-19 13:56:00,122.27
23381,73934,2024-01-19 13:56:12,121.83
23382,73935,2024-01-19 13:56:24,122.71
23383,73936,2024-01-19 13:56:36,122.23
23384,73937,2024-01-19 13:56:48,122.01
23385,73938,2024-01-19 13:57:00,122.05
23386,73939,2024-01-19 13:57:12,122.84
23387,73940,2024-01-19 13:57:24,123.28
23388,73941,2024-01-19 13:57:36,123.5
23389,73942,2024-01-19 13:57:48,122.62
23390,73943,2024-01-19 13:58:00,124.81
23391,73944,2024-01-19 13:58:12,124.24
23392,73945,2024-01-19 13:58:24,123.06
23393,73946,2024-01-19 13:58:36,124.2
23394,73947,2024-01-19 13:58:48,123.89
23395,73948,2024-01-19 13:59:00,124.15
23396,73949,2024-01-19 13:59:12,123.54
23397,73950,2024-01-19 13:59:24,123.01
23398,73951,2024-01-19 13:59:36,122.49
23399,73952,2024-01-19 13:59:48,122.09
23400,73953,2024-01-19 14:00:00,121.57
23401,73954,2024-01-19 14:00:12,121.17
23402,73955,2024-01-19 14:00:24,120.69
23403,73956,2024-01-19 14:00:36,120.21
23404,73957,2024-01-19 14:00:48,119.77
23405,73958,2024-01-19 14:01:00,119.38
23406,73959,2024-01-19 14:01:12,118.85
23407,73960,2024-01-19 14:01:24,118.41
23408,73961,2024-01-19 14:01:36,118.06
23409,73962,2024-01-19 14:01:48,117.67
23410,73963,2024-01-19 14:02:00,117.19
23411,73964,2024-01-19 14:02:12,116.79
23412,73965,2024-01-19 14:02:24,116.4
23413,73966,2024-01-19 14:02:36,115.96
23414,73967,2024-01-19 14:02:48,115.61
23415,73968,2024-01-19 14:03:00,115.26
23416,73969,2024-01-19 14:03:12,114.91
23417,73970,2024-01-19 14:03:24,114.47
23418,73971,2024-01-19 14:03:36,114.07
23419,73972,2024-01-19 14:03:48,113.72
23420,73973,2024-01-19 14:04:00,113.33
23421,73974,2024-01-19 14:04:12,112.98
23422,73975,2024-01-19 14:04:24,112.67
23423,73976,2024-01-19 14:04:36,112.32
23424,73977,2024-01-19 14:04:48,111.93
23425,73978,2024-01-19 14:05:00,111.53
23426,73979,2024-01-19 14:05:12,111.27
23427,73980,2024-01-19 14:05:24,110.92
23428,73981,2024-01-19 14:05:36,110.52
23429,73982,2024-01-19 14:05:48,110.17
23430,73983,2024-01-19 14:06:00,109.86
23431,73984,2024-01-19 14:06:12,109.47
23432,73985,2024-01-19 14:06:24,109.3
23433,73986,2024-01-19 14:06:36,108.9
23434,73987,2024-01-19 14:06:48,108.55
23435,73988,2024-01-19 14:07:00,108.29
23436,73989,2024-01-19 14:07:12,107.89
23437,73990,2024-01-19 14:07:24,107.54
23438,73991,2024-01-19 14:07:36,107.28
23439,73992,2024-01-19 14:07:48,106.97
23440,73993,2024-01-19 14:08:00,106.67
23441,73994,2024-01-19 14:08:12,106.31
23442,73995,2024-01-19 14:08:24,105.96
23443,73996,2024-01-19 14:08:36,105.7
23444,73997,2024-01-19 14:08:48,105.35
23445,73998,2024-01-19 14:09:00,105.13
23446,73999,2024-01-19 14:09:12,104.82
23447,74000,2024-01-19 14:09:24,104.47
23448,74001,2024-01-19 14:09:36,104.12
23449,74002,2024-01-19 14:09:48,103.9
23450,74003,2024-01-19 14:10:00,103.55
23451,74004,2024-01-19 14:10:12,103.29
23452,74005,2024-01-19 14:10:24,102.98
23453,74006,2024-01-19 14:10:36,102.68
23454,74007,2024-01-19 14:10:48,102.46
23455,74008,2024-01-19 14:11:00,102.11
23456,74009,2024-01-19 14:11:12,101.8
23457,74010,2024-01-19 14:11:24,101.54
23458,74011,2024-01-19 14:11:36,101.19
23459,74012,2024-01-19 14:11:48,100.92
23460,74013,2024-01-19 14:12:00,100.66
23461,74014,2024-01-19 14:12:12,100.4
23462,74015,2024-01-19 14:12:24,100.13
23463,74016,2024-01-19 14:12:36,99.83
23464,74017,2024-01-19 14:12:48,99.48
23465,74018,2024-01-19 14:13:00,99.21
23466,74019,2024-01-19 14:13:12,98.95
23467,74020,2024-01-19 14:13:24,98.69
23468,74021,2024-01-19 14:13:36,99.48
23469,74022,2024-01-19 14:13:48,99.87
23470,74023,2024-01-19 14:14:00,99.65
23471,74024,2024-01-19 14:14:12,100.09
23472,74025,2024-01-19 14:14:24,100.22
23473,74026,2024-01-19 14:14:36,100.97
23474,74027,2024-01-19 14:14:48,100.75
23475,74028,2024-01-19 14:15:00,101.49
23476,74029,2024-01-19 14:15:12,101.23
23477,74030,2024-01-19 14:15:24,102.15
23478,74031,2024-01-19 14:15:36,102.46
23479,74032,2024-01-19 14:15:48,102.33
23480,74033,2024-01-19 14:16:00,102.85
23481,74034,2024-01-19 14:16:12,103.33
23482,74035,2024-01-19 14:16:24,103.99
23483,74036,2024-01-19 14:16:36,104.21
23484,74037,2024-01-19 14:16:48,104.12
23485,74038,2024-01-19 14:17:00,104.39
23486,74039,2024-01-19 14:17:12,105.09
23487,74040,2024-01-19 14:17:24,105.0
23488,74041,2024-01-19 14:17:36,105.35
23489,74042,2024-01-19 14:17:48,105.57
23490,74043,2024-01-19 14:18:00,106.31
23491,74044,2024-01-19 14:18:12,106.14
23492,74045,2024-01-19 14:18:24,107.19
23493,74046,2024-01-19 14:18:36,106.8
23494,74047,2024-01-19 14:18:48,106.67
23495,74048,2024-01-19 14:19:00,107.45
23496,74049,2024-01-19 14:19:12,107.89
23497,74050,2024-01-19 14:19:24,107.85
23498,74051,2024-01-19 14:19:36,107.63
23499,74052,2024-01-19 14:19:48,108.46
23500,74053,2024-01-19 14:20:00,109.03
23501,74054,2024-01-19 14:20:12,108.81
23502,74055,2024-01-19 14:20:24,108.16
23503,74056,2024-01-19 14:20:36,108.94
23504,74057,2024-01-19 14:20:48,109.38
23505,74058,2024-01-19 14:21:00,109.43
23506,74059,2024-01-19 14:21:12,109.3
23507,74060,2024-01-19 14:21:24,110.26
23508,74061,2024-01-19 14:21:36,110.22
23509,74062,2024-01-19 14:21:48,110.3
23510,74063,2024-01-19 14:22:00,110.52
23511,74064,2024-01-19 14:22:12,111.14
23512,74065,2024-01-19 14:22:24,111.49
23513,74066,2024-01-19 14:22:36,111.18
23514,74067,2024-01-19 14:22:48,111.09
23515,74068,2024-01-19 14:23:00,111.62
23516,74069,2024-01-19 14:23:12,112.67
23517,74070,2024-01-19 14:23:24,112.58
23518,74071,2024-01-19 14:23:36,111.75
23519,74072,2024-01-19 14:23:48,112.41
23520,74073,2024-01-19 14:24:00,112.85
23521,74074,2024-01-19 14:24:12,113.02
23522,74075,2024-01-19 14:24:24,113.15
23523,74076,2024-01-19 14:24:36,112.67
23524,74077,2024-01-19 14:24:48,113.94
23525,74078,2024-01-19 14:25:00,114.38
23526,74079,2024-01-19 14:25:12,113.68
23527,74080,2024-01-19 14:25:24,114.91
23528,74081,2024-01-19 14:25:36,114.77
23529,74082,2024-01-19 14:25:48,114.34
23530,74083,2024-01-19 14:26:00,114.73
23531,74084,2024-01-19 14:26:12,115.3
23532,74085,2024-01-19 14:26:24,115.56
23533,74086,2024-01-19 14:26:36,115.74
23534,74087,2024-01-19 14:26:48,115.78
23535,74088,2024-01-19 14:27:00,115.69
23536,74089,2024-01-19 14:27:12,115.83
23537,74090,2024-01-19 14:27:24,116.48
23538,74091,2024-01-19 14:27:36,116.31
23539,74092,2024-01-19 14:27:48,116.7
23540,74093,2024-01-19 14:28:00,116.66
23541,74094,2024-01-19 14:28:12,117.14
23542,74095,2024-01-19 14:28:24,117.05
23543,74096,2024-01-19 14:28:36,117.71
23544,74097,2024-01-19 14:28:48,116.57
23545,74098,2024-01-19 14:29:00,117.36
23546,74099,2024-01-19 14:29:12,118.5
23547,74100,2024-01-19 14:29:24,117.32
23548,74101,2024-01-19 14:29:36,118.94
23549,74102,2024-01-19 14:29:48,118.15
23550,74103,2024-01-19 14:30:00,118.85
23551,74104,2024-01-19 14:30:12,118.81
23552,74105,2024-01-19 14:30:24,118.06
23553,74106,2024-01-19 14:30:36,119.77
23554,74107,2024-01-19 14:30:48,118.63
23555,74108,2024-01-19 14:31:00,119.38
23556,74109,2024-01-19 14:31:12,119.51
23557,74110,2024-01-19 14:31:24,119.55
23558,74111,2024-01-19 14:31:36,119.51
23559,74112,2024-01-19 14:31:48,120.52
23560,74113,2024-01-19 14:32:00,120.34
23561,74114,2024-01-19 14:32:12,120.52
23562,74115,2024-01-19 14:32:24,121.13
23563,74116,2024-01-19 14:32:36,120.47
23564,74117,2024-01-19 14:32:48,120.95
23565,74118,2024-01-19 14:33:00,121.35
23566,74119,2024-01-19 14:33:12,122.71
23567,74120,2024-01-19 14:33:24,121.44
23568,74121,2024-01-19 14:33:36,121.44
23569,74122,2024-01-19 14:33:48,121.83
23570,74123,2024-01-19 14:34:00,121.66
23571,74124,2024-01-19 14:34:12,122.71
23572,74125,2024-01-19 14:34:24,123.19
23573,74126,2024-01-19 14:34:36,123.01
23574,74127,2024-01-19 14:34:48,122.49
23575,74128,2024-01-19 14:35:00,123.45
23576,74129,2024-01-19 14:35:12,123.67
23577,74130,2024-01-19 14:35:24,123.98
23578,74131,2024-01-19 14:35:36,123.32
23579,74132,2024-01-19 14:35:48,124.64
23580,74133,2024-01-19 14:36:00,125.21
23581,74134,2024-01-19 14:36:12,123.72
23582,74135,2024-01-19 14:36:24,123.89
23583,74136,2024-01-19 14:36:36,123.37
23584,74137,2024-01-19 14:36:48,122.8
23585,74138,2024-01-19 14:37:00,122.36
23586,74139,2024-01-19 14:37:12,121.83
23587,74140,2024-01-19 14:37:24,121.35
23588,74141,2024-01-19 14:37:36,120.91
23589,74142,2024-01-19 14:37:48,120.43
23590,74143,2024-01-19 14:38:00,120.03
23591,74144,2024-01-19 14:38:12,119.55
23592,74145,2024-01-19 14:38:24,119.2
23593,74146,2024-01-19 14:38:36,118.68
23594,74147,2024-01-19 14:38:48,118.24
23595,74148,2024-01-19 14:39:00,117.84
23596,74149,2024-01-19 14:39:12,117.36
23597,74150,2024-01-19 14:39:24,117.05
23598,74151,2024-01-19 14:39:36,116.53
23599,74152,2024-01-19 14:39:48,116.18
23600,74153,2024-01-19 14:40:00,115.78
23601,74154,2024-01-19 14:40:12,115.39
23602,74155,2024-01-19 14:40:24,114.99
23603,74156,2024-01-19 14:40:36,114.64
23604,74157,2024-01-19 14:40:48,114.25
23605,74158,2024-01-19 14:41:00,113.9
23606,74159,2024-01-19 14:41:12,113.5
23607,74160,2024-01-19 14:41:24,113.15
23608,74161,2024-01-19 14:41:36,112.8
23609,74162,2024-01-19 14:41:48,112.45
23610,74163,2024-01-19 14:42:00,112.1
23611,74164,2024-01-19 14:42:12,111.75
23612,74165,2024-01-19 14:42:24,111.4
23613,74166,2024-01-19 14:42:36,111.0
23614,74167,2024-01-19 14:42:48,110.7
23615,74168,2024-01-19 14:43:00,110.3
23616,74169,2024-01-19 14:43:12,110.0
23617,74170,2024-01-19 14:43:24,109.65
23618,74171,2024-01-19 14:43:36,109.38
23619,74172,2024-01-19 14:43:48,109.03
23620,74173,2024-01-19 14:44:00,108.59
23621,74174,2024-01-19 14:44:12,108.37
23622,74175,2024-01-19 14:44:24,108.07
23623,74176,2024-01-19 14:44:36,107.67
23624,74177,2024-01-19 14:44:48,107.37
23625,74178,2024-01-19 14:45:00,107.02
23626,74179,2024-01-19 14:45:12,106.71
23627,74180,2024-01-19 14:45:24,106.45
23628,74181,2024-01-19 14:45:36,106.01
23629,74182,2024-01-19 14:45:48,105.79
23630,74183,2024-01-19 14:46:00,105.53
23631,74184,2024-01-19 14:46:12,105.22
23632,74185,2024-01-19 14:46:24,104.82
23633,74186,2024-01-19 14:46:36,104.61
23634,74187,2024-01-19 14:46:48,104.25
23635,74188,2024-01-19 14:47:00,103.95
23636,74189,2024-01-19 14:47:12,103.73
23637,74190,2024-01-19 14:47:24,103.38
23638,74191,2024-01-19 14:47:36,103.11
23639,74192,2024-01-19 14:47:48,102.81
23640,74193,2024-01-19 14:48:00,102.46
23641,74194,2024-01-19 14:48:12,102.15
23642,74195,2024-01-19 14:48:24,101.93
23643,74196,2024-01-19 14:48:36,101.62
23644,74197,2024-01-19 14:48:48,101.32
23645,74198,2024-01-19 14:49:00,101.05
23646,74199,2024-01-19 14:49:12,100.75
23647,74200,2024-01-19 14:49:24,100.48
23648,74201,2024-01-19 14:49:36,100.18
23649,74202,2024-01-19 14:49:48,99.91
23650,74203,2024-01-19 14:50:00,99.65
23651,74204,2024-01-19 14:50:12,99.35
23652,74205,2024-01-19 14:50:24,98.99
23653,74206,2024-01-19 14:50:36,99.52
23654,74207,2024-01-19 14:50:48,99.87
23655,74208,2024-01-19 14:51:00,100.53
23656,74209,2024-01-19 14:51:12,100.97
23657,74210,2024-01-19 14:51:24,101.14
23658,74211,2024-01-19 14:51:36,101.67
23659,74212,2024-01-19 14:51:48,101.45
23660,74213,2024-01-19 14:52:00,102.37
23661,74214,2024-01-19 14:52:12,102.24
23662,74215,2024-01-19 14:52:24,102.98
23663,74216,2024-01-19 14:52:36,102.24
23664,74217,2024-01-19 14:52:48,102.81
23665,74218,2024-01-19 14:53:00,103.38
23666,74219,2024-01-19 14:53:12,103.73
23667,74220,2024-01-19 14:53:24,104.08
23668,74221,2024-01-19 14:53:36,104.47
23669,74222,2024-01-19 14:53:48,104.21
23670,74223,2024-01-19 14:54:00,105.35
23671,74224,2024-01-19 14:54:12,105.22
23672,74225,2024-01-19 14:54:24,105.66
23673,74226,2024-01-19 14:54:36,105.74
23674,74227,2024-01-19 14:54:48,106.84
23675,74228,2024-01-19 14:55:00,106.93
23676,74229,2024-01-19 14:55:12,107.19
23677,74230,2024-01-19 14:55:24,106.71
23678,74231,2024-01-19 14:55:36,106.71
23679,74232,2024-01-19 14:55:48,107.1
23680,74233,2024-01-19 14:56:00,107.37
23681,74234,2024-01-19 14:56:12,107.85
23682,74235,2024-01-19 14:56:24,108.24
23683,74236,2024-01-19 14:56:36,108.16
23684,74237,2024-01-19 14:56:48,108.33
23685,74238,2024-01-19 14:57:00,108.42
23686,74239,2024-01-19 14:57:12,108.59
23687,74240,2024-01-19 14:57:24,109.08
23688,74241,2024-01-19 14:57:36,109.43
23689,74242,2024-01-19 14:57:48,109.69
23690,74243,2024-01-19 14:58:00,109.38
23691,74244,2024-01-19 14:58:12,110.04
23692,74245,2024-01-19 14:58:24,110.43
23693,74246,2024-01-19 14:58:36,110.57
23694,74247,2024-01-19 14:58:48,111.93
23695,74248,2024-01-19 14:59:00,111.62
23696,74249,2024-01-19 14:59:12,111.22
23697,74250,2024-01-19 14:59:24,111.97
23698,74251,2024-01-19 14:59:36,112.28
23699,74252,2024-01-19 14:59:48,111.62
23700,74253,2024-01-19 15:00:00,111.93
23701,74254,2024-01-19 15:00:12,112.54
23702,74255,2024-01-19 15:00:24,112.85
23703,74256,2024-01-19 15:00:36,112.67
23704,74257,2024-01-19 15:00:48,113.33
23705,74258,2024-01-19 15:01:00,112.98
23706,74259,2024-01-19 15:01:12,112.19
23707,74260,2024-01-19 15:01:24,112.76
23708,74261,2024-01-19 15:01:36,112.98
23709,74262,2024-01-19 15:01:48,114.29
23710,74263,2024-01-19 15:02:00,113.9
23711,74264,2024-01-19 15:02:12,114.34
23712,74265,2024-01-19 15:02:24,114.69
23713,74266,2024-01-19 15:02:36,114.6
23714,74267,2024-01-19 15:02:48,115.34
23715,74268,2024-01-19 15:03:00,115.17
23716,74269,2024-01-19 15:03:12,114.64
23717,74270,2024-01-19 15:03:24,115.56
23718,74271,2024-01-19 15:03:36,115.17
23719,74272,2024-01-19 15:03:48,115.87
23720,74273,2024-01-19 15:04:00,117.54
23721,74274,2024-01-19 15:04:12,116.83
23722,74275,2024-01-19 15:04:24,115.83
23723,74276,2024-01-19 15:04:36,116.44
23724,74277,2024-01-19 15:04:48,116.83
23725,74278,2024-01-19 15:05:00,117.05
23726,74279,2024-01-19 15:05:12,116.79
23727,74280,2024-01-19 15:05:24,117.32
23728,74281,2024-01-19 15:05:36,117.05
23729,74282,2024-01-19 15:05:48,118.37
23730,74283,2024-01-19 15:06:00,117.23
23731,74284,2024-01-19 15:06:12,118.37
23732,74285,2024-01-19 15:06:24,118.06
23733,74286,2024-01-19 15:06:36,118.46
23734,74287,2024-01-19 15:06:48,118.98
23735,74288,2024-01-19 15:07:00,118.81
23736,74289,2024-01-19 15:07:12,118.59
23737,74290,2024-01-19 15:07:24,119.33
23738,74291,2024-01-19 15:07:36,119.99
23739,74292,2024-01-19 15:07:48,119.73
23740,74293,2024-01-19 15:08:00,119.99
23741,74294,2024-01-19 15:08:12,119.82
23742,74295,2024-01-19 15:08:24,120.38
23743,74296,2024-01-19 15:08:36,120.69
23744,74297,2024-01-19 15:08:48,120.03
23745,74298,2024-01-19 15:09:00,120.17
23746,74299,2024-01-19 15:09:12,120.17
23747,74300,2024-01-19 15:09:24,121.0
23748,74301,2024-01-19 15:09:36,121.44
23749,74302,2024-01-19 15:09:48,121.48
23750,74303,2024-01-19 15:10:00,122.27
23751,74304,2024-01-19 15:10:12,120.69
23752,74305,2024-01-19 15:10:24,121.57
23753,74306,2024-01-19 15:10:36,121.04
23754,74307,2024-01-19 15:10:48,120.56
23755,74308,2024-01-19 15:11:00,120.12
23756,74309,2024-01-19 15:11:12,119.6
23757,74310,2024-01-19 15:11:24,119.11
23758,74311,2024-01-19 15:11:36,118.63
23759,74312,2024-01-19 15:11:48,118.19
23760,74313,2024-01-19 15:12:00,117.71
23761,74314,2024-01-19 15:12:12,117.32
23762,74315,2024-01-19 15:12:24,116.88
23763,74316,2024-01-19 15:12:36,116.44
23764,74317,2024-01-19 15:12:48,115.96
23765,74318,2024-01-19 15:13:00,115.65
23766,74319,2024-01-19 15:13:12,115.17
23767,74320,2024-01-19 15:13:24,114.77
23768,74321,2024-01-19 15:13:36,114.42
23769,74322,2024-01-19 15:13:48,114.03
23770,74323,2024-01-19 15:14:00,113.59
23771,74324,2024-01-19 15:14:12,113.2
23772,74325,2024-01-19 15:14:24,112.89
23773,74326,2024-01-19 15:14:36,112.49
23774,74327,2024-01-19 15:14:48,112.14
23775,74328,2024-01-19 15:15:00,111.75
23776,74329,2024-01-19 15:15:12,111.27
23777,74330,2024-01-19 15:15:24,111.09
23778,74331,2024-01-19 15:15:36,110.7
23779,74332,2024-01-19 15:15:48,110.3
23780,74333,2024-01-19 15:16:00,110.0
23781,74334,2024-01-19 15:16:12,109.6
23782,74335,2024-01-19 15:16:24,109.3
23783,74336,2024-01-19 15:16:36,108.94
23784,74337,2024-01-19 15:16:48,108.59
23785,74338,2024-01-19 15:17:00,108.29
23786,74339,2024-01-19 15:17:12,107.98
23787,74340,2024-01-19 15:17:24,107.59
23788,74341,2024-01-19 15:17:36,107.28
23789,74342,2024-01-19 15:17:48,106.97
23790,74343,2024-01-19 15:18:00,106.58
23791,74344,2024-01-19 15:18:12,106.31
23792,74345,2024-01-19 15:18:24,106.01
23793,74346,2024-01-19 15:18:36,105.66
23794,74347,2024-01-19 15:18:48,105.44
23795,74348,2024-01-19 15:19:00,105.09
23796,74349,2024-01-19 15:19:12,104.82
23797,74350,2024-01-19 15:19:24,104.47
23798,74351,2024-01-19 15:19:36,104.12
23799,74352,2024-01-19 15:19:48,103.82
23800,74353,2024-01-19 15:20:00,103.55
23801,74354,2024-01-19 15:20:12,103.25
23802,74355,2024-01-19 15:20:24,102.85
23803,74356,2024-01-19 15:20:36,102.72
23804,74357,2024-01-19 15:20:48,102.37
23805,74358,2024-01-19 15:21:00,102.06
23806,74359,2024-01-19 15:21:12,101.8
23807,74360,2024-01-19 15:21:24,101.49
23808,74361,2024-01-19 15:21:36,101.23
23809,74362,2024-01-19 15:21:48,100.88
23810,74363,2024-01-19 15:22:00,100.62
23811,74364,2024-01-19 15:22:12,100.31
23812,74365,2024-01-19 15:22:24,100.05
23813,74366,2024-01-19 15:22:36,99.78
23814,74367,2024-01-19 15:22:48,99.48
23815,74368,2024-01-19 15:23:00,99.26
23816,74369,2024-01-19 15:23:12,98.95
23817,74370,2024-01-19 15:23:24,98.69
23818,74371,2024-01-19 15:23:36,98.38
23819,74372,2024-01-19 15:23:48,98.16
23820,74373,2024-01-19 15:24:00,97.81
23821,74374,2024-01-19 15:24:12,97.55
23822,74375,2024-01-19 15:24:24,97.33
23823,74376,2024-01-19 15:24:36,97.02
23824,74377,2024-01-19 15:24:48,96.76
23825,74378,2024-01-19 15:25:00,96.5
23826,74379,2024-01-19 15:25:12,96.19
23827,74380,2024-01-19 15:25:24,95.97
23828,74381,2024-01-19 15:25:36,95.71
23829,74382,2024-01-19 15:25:48,95.44
23830,74383,2024-01-19 15:26:00,95.14
23831,74384,2024-01-19 15:26:12,94.87
23832,74385,2024-01-19 15:26:24,94.65
23833,74386,2024-01-19 15:26:36,94.39
23834,74387,2024-01-19 15:26:48,94.13
23835,74388,2024-01-19 15:27:00,93.87
23836,74389,2024-01-19 15:27:12,93.65
23837,74390,2024-01-19 15:27:24,93.38
23838,74391,2024-01-19 15:27:36,93.12
23839,74392,2024-01-19 15:27:48,92.9
23840,74393,2024-01-19 15:28:00,92.64
23841,74394,2024-01-19 15:28:12,92.38
23842,74395,2024-01-19 15:28:24,92.11
23843,74396,2024-01-19 15:28:36,91.89
23844,74397,2024-01-19 15:28:48,91.63
23845,74398,2024-01-19 15:29:00,91.32
23846,74399,2024-01-19 15:29:12,91.1
23847,74400,2024-01-19 15:29:24,90.89
23848,74401,2024-01-19 15:29:36,90.58
23849,74402,2024-01-19 15:29:48,90.45
